date,close,change_pct,trading_value
2017-07-17,27000,-4.929999828338623,14441047500
2017-07-18,27100,0.3700000047683716,3627841750
2017-07-19,27050,-0.18000000715255737,4991907400
2017-07-20,26700,-1.2899999618530273,4676539750
2017-07-21,26700,0.0,2164294500
2017-07-24,26200,-1.8700000047683716,5417146150
2017-07-25,26400,0.7599999904632568,3440132050
2017-07-26,26150,-0.949999988079071,4422480150
2017-07-27,26800,2.490000009536743,2873897850
2017-07-28,26550,-0.9300000071525574,2236041350
2017-07-31,26200,-1.3200000524520874,2782366650
2017-08-01,26250,0.1899999976158142,2117212150
2017-08-02,25550,-2.6700000762939453,6107550500
2017-08-03,24900,-2.5399999618530273,5314211100
2017-08-04,25350,1.809999942779541,2276614500
2017-08-07,25400,0.20000000298023224,1566795500
2017-08-08,25500,0.38999998569488525,1595479750
2017-08-09,26750,4.900000095367432,10399155500
2017-08-10,27050,1.1200000047683716,9549510700
2017-08-11,27200,0.550000011920929,8832316400
2017-08-14,26100,-4.039999961853027,10509790700
2017-08-16,26350,0.9599999785423279,9942674700
2017-08-17,25100,-4.739999771118164,9913655350
2017-08-18,25000,-0.4000000059604645,5637900550
2017-08-21,24000,-4.0,10365713200
2017-08-22,24300,1.25,5698752100
2017-08-23,24750,1.850000023841858,5275398000
2017-08-24,24800,0.20000000298023224,2357908100
2017-08-25,25350,2.2200000286102295,2931655850
2017-08-28,25500,0.5899999737739563,2013029500
2017-08-29,25100,-1.5700000524520874,2879835850
2017-08-30,24850,-1.0,2512254850
2017-08-31,25100,1.0099999904632568,1616691950
2017-09-01,24500,-2.390000104904175,3606628250
2017-09-04,24550,0.20000000298023224,1641145150
2017-09-05,24400,-0.6100000143051147,1390160300
2017-09-06,24800,1.6399999856948853,2135369450
2017-09-07,25600,3.2300000190734863,5059513350
2017-09-08,24850,-2.930000066757202,2921399750
2017-09-11,25600,3.0199999809265137,3670160300
2017-09-12,25700,0.38999998569488525,1612456350
2017-09-13,25800,0.38999998569488525,4499552600
2017-09-14,25850,0.1899999976158142,3099362850
2017-09-15,26300,1.7400000095367432,4896339200
2017-09-18,25300,-3.799999952316284,2664018050
2017-09-19,25150,-0.5899999737739563,2133325400
2017-09-20,24500,-2.5799999237060547,4545818600
2017-09-21,24450,-0.20000000298023224,2589686650
2017-09-22,24150,-1.2300000190734863,2333268650
2017-09-25,23950,-0.8299999833106995,2587139200
2017-09-26,24200,1.0399999618530273,3126640750
2017-09-27,23850,-1.4500000476837158,3457829950
2017-09-28,23600,-1.0499999523162842,3609682150
2017-09-29,24300,2.9700000286102295,2766433400
2017-10-10,23950,-1.440000057220459,2628287850
2017-10-11,24050,0.41999998688697815,2817479200
2017-10-12,23450,-2.490000009536743,3830387150
2017-10-13,23050,-1.7100000381469727,4669519950
2017-10-16,23100,0.2199999988079071,3726154850
2017-10-17,23150,0.2199999988079071,2444737800
2017-10-18,22750,-1.7300000190734863,3241256950
2017-10-19,23450,3.0799999237060547,3124022150
2017-10-20,25100,7.039999961853027,13743728650
2017-10-23,26650,6.179999828338623,14303286000
2017-10-24,26900,0.9399999976158142,15609506350
2017-10-25,27000,0.3700000047683716,5970746650
2017-10-26,26900,-0.3700000047683716,6470383050
2017-10-27,27150,0.9300000071525574,4219715000
2017-10-30,27750,2.2100000381469727,6609209600
2017-10-31,26050,-6.130000114440918,13104634400
2017-11-01,26350,1.149999976158142,8517670950
2017-11-02,26050,-1.1399999856948853,14641120550
2017-11-03,26100,0.1899999976158142,4066571950
2017-11-06,25900,-0.7699999809265137,2466252300
2017-11-07,26050,0.5799999833106995,2555745750
2017-11-08,25650,-1.5399999618530273,2488154550
2017-11-09,26150,1.9500000476837158,2567201100
2017-11-10,26200,0.1899999976158142,2817540550
2017-11-13,26000,-0.7599999904632568,2781696000
2017-11-14,27650,6.349999904632568,13895397500
2017-11-15,25900,-6.329999923706055,9661923800
2017-11-16,26700,3.0899999141693115,4047057050
2017-11-17,27950,4.679999828338623,18351462950
2017-11-20,29600,5.900000095367432,32593702800
2017-11-21,29600,0.0,10255684250
2017-11-22,29300,-1.0099999904632568,9803604800
2017-11-23,28600,-2.390000104904175,9999738850
2017-11-24,28250,-1.2200000286102295,9026432650
2017-11-27,28050,-0.7099999785423279,4957542000
2017-11-28,28450,1.4299999475479126,6831039050
2017-11-29,28600,0.5299999713897705,4709345250
2017-11-30,28500,-0.3499999940395355,8218926450
2017-12-01,29050,1.9299999475479126,3909399200
2017-12-04,29100,0.17000000178813934,5200246500
2017-12-05,29300,0.6899999976158142,4009878500
2017-12-06,28800,-1.7100000381469727,5269580250
2017-12-07,28350,-1.559999942779541,3567062750
2017-12-08,27950,-1.409999966621399,3382514250
2017-12-11,28400,1.6100000143051147,1609137650
2017-12-12,28450,0.18000000715255737,2702013550
2017-12-13,29100,2.2799999713897705,3761417450
2017-12-14,28700,-1.3700000047683716,4204762500
2017-12-15,29350,2.259999990463257,6546501000
2017-12-18,28750,-2.0399999618530273,4329566250
2017-12-19,28450,-1.0399999618530273,1904412750
2017-12-20,29100,2.2799999713897705,2071854550
2017-12-21,28000,-3.7799999713897705,10090823975
2017-12-22,26850,-4.110000133514404,8182861600
2017-12-26,26650,-0.7400000095367432,4154283900
2017-12-27,27050,1.5,2527536000
2017-12-28,26950,-0.3700000047683716,3621701000
2018-01-02,26700,-0.9300000071525574,3396972450
2018-01-03,26600,-0.3700000047683716,4320603400
2018-01-04,26200,-1.5,4141595250
2018-01-05,26000,-0.7599999904632568,4686058250
2018-01-08,25750,-0.9599999785423279,3062814850
2018-01-09,26200,1.75,5486355200
2018-01-10,26950,2.859999895095825,5693237000
2018-01-11,27450,1.8600000143051147,4867823100
2018-01-12,27650,0.7300000190734863,4829880000
2018-01-15,27100,-1.9900000095367432,5099158950
2018-01-16,27500,1.4800000190734863,2787787900
2018-01-17,26800,-2.549999952316284,6197125050
2018-01-18,27250,1.6799999475479126,3953729650
2018-01-19,27300,0.18000000715255737,6975119900
2018-01-22,27700,1.4700000286102295,4594213550
2018-01-23,28050,1.2599999904632568,3922937000
2018-01-24,28050,0.0,4100682250
2018-01-25,27800,-0.8899999856948853,6589137950
2018-01-26,28400,2.1600000858306885,6335764950
2018-01-29,28400,0.0,6298219500
2018-01-30,27750,-2.2899999618530273,5829696250
2018-01-31,27300,-1.6200000047683716,3745810700
2018-02-01,27250,-0.18000000715255737,3163874600
2018-02-02,26900,-1.2799999713897705,3737087850
2018-02-05,26100,-2.9700000286102295,4429821450
2018-02-06,25450,-2.490000009536743,5480068450
2018-02-07,24650,-3.140000104904175,6112591800
2018-02-08,24750,0.4099999964237213,5508953800
2018-02-09,24500,-1.0099999904632568,3000125000
2018-02-12,23850,-2.6500000953674316,4935692700
2018-02-13,23600,-1.0499999523162842,3487071800
2018-02-14,22800,-3.390000104904175,6451152650
2018-02-19,23100,1.3200000524520874,4009529000
2018-02-20,22500,-2.5999999046325684,3559473650
2018-02-21,22550,0.2199999988079071,2836094600
2018-02-22,22750,0.8899999856948853,2059060350
2018-02-23,22900,0.6600000262260437,2499691750
2018-02-26,22800,-0.4399999976158142,2273861500
2018-02-27,22500,-1.3200000524520874,4500299850
2018-02-28,22450,-0.2199999988079071,1561030650
2018-03-02,21900,-2.450000047683716,3534958100
2018-03-05,21900,0.0,2993275550
2018-03-06,21800,-0.46000000834465027,2461639200
2018-03-07,21450,-1.6100000143051147,2717183600
2018-03-08,21800,1.6299999952316284,2817175800
2018-03-09,22050,1.149999976158142,3834069600
2018-03-12,22400,1.590000033378601,4180142150
2018-03-13,22250,-0.6700000166893005,2777789700
2018-03-14,22100,-0.6700000166893005,2383320650
2018-03-15,22750,2.940000057220459,4496347800
2018-03-16,22650,-0.4399999976158142,4454617600
2018-03-19,22250,-1.7699999809265137,2363232350
2018-03-20,22250,0.0,2834215350
2018-03-21,22150,-0.44999998807907104,1809597400
2018-03-22,22300,0.6800000071525574,1687073750
2018-03-23,21250,-4.710000038146973,3456760850
2018-03-26,21550,1.409999966621399,1702002550
2018-03-27,21900,1.6200000047683716,1388142350
2018-03-28,21700,-0.9100000262260437,1335734150
2018-03-29,21450,-1.149999976158142,1301233250
2018-03-30,22400,4.429999828338623,2201653600
2018-04-02,22600,0.8899999856948853,1935595400
2018-04-03,22300,-1.3300000429153442,1347331950
2018-04-04,21800,-2.240000009536743,1366763850
2018-04-05,21650,-0.6899999976158142,880390550
2018-04-06,21450,-0.9200000166893005,1599968500
2018-04-09,21550,0.4699999988079071,1324877400
2018-04-10,21600,0.23000000417232513,1264349300
2018-04-11,21400,-0.9300000071525574,1266723000
2018-04-12,22400,4.670000076293945,2335692900
2018-04-13,22250,-0.6700000166893005,3564788850
2018-04-16,21950,-1.350000023841858,1581761250
2018-04-17,22050,0.46000000834465027,1462951350
2018-04-18,22050,0.0,1251557250
2018-04-19,22600,2.490000009536743,2891612350
2018-04-20,22400,-0.8799999952316284,1084848400
2018-04-23,22800,1.7899999618530273,2333122100
2018-04-24,22850,0.2199999988079071,1510148100
2018-04-25,22450,-1.75,2611121850
2018-04-26,22600,0.6700000166893005,2526823500
2018-04-27,22550,-0.2199999988079071,1576607300
2018-04-30,22600,0.2199999988079071,2355251500
2018-05-02,22650,0.2199999988079071,1794332650
2018-05-03,22650,0.0,2472794100
2018-05-04,21500,-5.079999923706055,5790350500
2018-05-08,20250,-5.809999942779541,6166376800
2018-05-09,20400,0.7400000095367432,2770944250
2018-05-10,20650,1.2300000190734863,2557364350
2018-05-11,21100,2.180000066757202,2351828500
2018-05-14,20800,-1.4199999570846558,2877839750
2018-05-15,20750,-0.23999999463558197,1607808450
2018-05-16,17550,-15.420000076293945,21562498000
2018-05-17,17000,-3.130000114440918,8505832800
2018-05-18,17050,0.28999999165534973,5701092200
2018-05-21,16850,-1.1699999570846558,3583604550
2018-05-23,16400,-2.6700000762939453,6394468250
2018-05-24,16550,0.9100000262260437,2906898600
2018-05-25,15750,-4.829999923706055,6409266800
2018-05-28,15950,1.2699999809265137,4660889800
2018-05-29,15700,-1.5700000524520874,4722275750
2018-05-30,15500,-1.2699999809265137,3780298800
2018-05-31,15400,-0.6499999761581421,5083957650
2018-06-01,15850,2.9200000762939453,2714039700
2018-06-04,16450,3.7899999618530273,5060258100
2018-06-05,16450,0.0,4490147250
2018-06-07,16100,-2.130000114440918,3575941900
2018-06-08,16000,-0.6200000047683716,1781081450
2018-06-11,16450,2.809999942779541,3434380900
2018-06-12,16450,0.0,2540461450
2018-06-14,17050,3.6500000953674316,13278826300
2018-06-15,17850,4.690000057220459,15108104850
2018-06-18,17400,-2.5199999809265137,5964099750
2018-06-19,16750,-3.740000009536743,4020626400
2018-06-20,17500,4.480000019073486,5917176850
2018-06-21,16650,-4.860000133514404,3532791500
2018-06-22,16350,-1.7999999523162842,2593402950
2018-06-25,16700,2.140000104904175,1009894400
2018-06-26,16400,-1.7999999523162842,1291960250
2018-06-27,16100,-1.8300000429153442,1485653250
2018-06-28,16400,1.8600000143051147,1315011300
2018-06-29,16350,-0.30000001192092896,3135066250
2018-07-02,16400,0.3100000023841858,3034840650
2018-07-03,15950,-2.740000009536743,2527236150
2018-07-04,15400,-3.450000047683716,2536443950
2018-07-05,14350,-6.820000171661377,6595140350
2018-07-06,14700,2.440000057220459,1648293450
2018-07-09,14550,-1.0199999809265137,2078675600
2018-07-10,15000,3.0899999141693115,2438968700
2018-07-11,14950,-0.33000001311302185,3027493650
2018-07-12,15250,2.009999990463257,2536728650
2018-07-13,15700,2.950000047683716,2320892500
2018-07-16,16250,3.5,2610194500
2018-07-17,15600,-4.0,1834124750
2018-07-18,16350,4.809999942779541,3208767600
2018-07-19,16100,-1.5299999713897705,1916640850
2018-07-20,16000,-0.6200000047683716,2280734250
2018-07-23,16500,3.130000114440918,3822608500
2018-07-24,16700,1.2100000381469729,2936183200
2018-07-25,16900,1.2000000476837158,3304121100
2018-07-26,16900,0.0,1483832000
2018-07-27,16650,-1.4800000190734863,1871634250
2018-07-30,16850,1.2000000476837158,2137626800
2018-07-31,16650,-1.190000057220459,1641308400
2018-08-01,16950,1.7999999523162842,2037388300
2018-08-02,16700,-1.4700000286102295,1471151400
2018-08-03,16500,-1.2000000476837158,1201231700
2018-08-06,16250,-1.5199999809265137,1342835150
2018-08-07,16150,-0.6200000047683716,1015348850
2018-08-08,15950,-1.2400000095367432,942676000
2018-08-09,16600,4.079999923706055,3819847050
2018-08-10,15500,-6.630000114440918,2232017100
2018-08-13,15300,-1.2899999618530271,1496694650
2018-08-14,17600,15.029999732971191,12265660700
2018-08-16,18200,3.4100000858306885,18444585500
2018-08-17,18100,-0.550000011920929,6995609850
2018-08-20,18250,0.8299999833106995,4267828800
2018-08-21,18050,-1.100000023841858,2894413100
2018-08-22,17300,-4.159999847412109,5340279550
2018-08-23,18450,6.650000095367432,8005839450
2018-08-24,18350,-0.5400000214576721,2911771600
2018-08-27,17650,-3.809999942779541,5734667600
2018-08-28,17350,-1.7000000476837158,3723600650
2018-08-29,17700,2.0199999809265137,5791676500
2018-08-30,17950,1.409999966621399,4333163600
2018-08-31,18650,3.900000095367432,6061820450
2018-09-03,19400,4.019999980926514,6673628950
2018-09-04,19550,0.7699999809265137,4699701100
2018-09-05,19050,-2.559999942779541,2210171950
2018-09-06,18600,-2.359999895095825,3835132450
2018-09-07,19050,2.4200000762939453,3036509450
2018-09-10,18800,-1.309999942779541,1881542900
2018-09-11,20000,6.380000114440918,6240841250
2018-09-12,21000,5.0,17684733450
2018-09-13,21200,0.949999988079071,5378311900
2018-09-14,20700,-2.359999895095825,5995384400
2018-09-17,20650,-0.2399999946355819,3323431600
2018-09-18,20600,-0.2399999946355819,3237865650
2018-09-19,20250,-1.7000000476837158,1915062700
2018-09-20,20800,2.720000028610229,3631840050
2018-09-21,21100,1.440000057220459,4792084950
2018-09-27,21600,2.369999885559082,6616374050
2018-09-28,21750,0.6899999976158142,2549128250
2018-10-01,21100,-2.990000009536743,3720673150
2018-10-02,21800,3.319999933242798,3941599500
2018-10-04,21300,-2.289999961853028,4874138350
2018-10-05,20750,-2.5799999237060547,5507456100
2018-10-08,20750,0.0,2975345500
2018-10-10,21000,1.2000000476837158,7433066450
2018-10-11,19750,-5.949999809265137,5930651100
2018-10-12,20350,3.039999961853028,3799769750
2018-10-15,20550,0.9800000190734864,2734793600
2018-10-16,20550,0.0,1896644250
2018-10-17,20550,0.0,3078616100
2018-10-18,20300,-1.2200000286102295,2923149400
2018-10-19,20250,-0.25,3906221200
2018-10-22,20000,-1.2300000190734863,1902933450
2018-10-23,19500,-2.5,2388337200
2018-10-24,19000,-2.559999942779541,3022995000
2018-10-25,18800,-1.0499999523162842,2892939850
2018-10-26,18400,-2.130000114440918,2692831250
2018-10-29,16950,-7.880000114440918,5158724900
2018-10-30,17350,2.359999895095825,3336152800
2018-10-31,18550,6.920000076293945,5768570200
2018-11-01,18600,0.270000010728836,3100923200
2018-11-02,19050,2.4200000762939453,2128582600
2018-11-05,18900,-0.7900000214576721,1802005600
2018-11-06,18900,0.0,1824165950
2018-11-07,17950,-5.03000020980835,7936926250
2018-11-08,18350,2.2300000190734863,4142986150
2018-11-09,19350,5.449999809265137,3291860550
2018-11-12,18900,-2.3299999237060547,2401782050
2018-11-13,18600,-1.590000033378601,2273684450
2018-11-14,18050,-2.9600000381469727,3287681350
2018-11-15,17550,-2.7699999809265137,5580044200
2018-11-16,16900,-3.700000047683716,6038637650
2018-11-19,17050,0.8899999856948853,4157302750
2018-11-20,18250,7.039999961853027,16164726900
2018-11-21,18950,3.839999914169312,7555609050
2018-11-22,19900,5.010000228881836,9709895200
2018-11-23,19800,-0.5,4065725650
2018-11-26,19900,0.5099999904632568,2146516000
2018-11-27,19800,-0.5,2674322000
2018-11-28,19750,-0.25,2265065900
2018-11-29,19600,-0.7599999904632568,2215027800
2018-11-30,18600,-5.099999904632568,6524581650
2018-12-03,18550,-0.270000010728836,3292957800
2018-12-04,18450,-0.5400000214576721,1771111900
2018-12-05,18700,1.3600000143051147,3355730600
2018-12-06,18150,-2.940000057220459,3058781050
2018-12-07,18150,0.0,1320030650
2018-12-10,17100,-5.789999961853027,4171438600
2018-12-11,16650,-2.630000114440918,3960965750
2018-12-12,17600,5.710000038146973,4035758650
2018-12-13,17650,0.2800000011920929,3102706450
2018-12-14,17350,-1.7000000476837158,2613686850
2018-12-17,17350,0.0,2866500450
2018-12-18,17550,1.149999976158142,2297821100
2018-12-19,17700,0.8500000238418579,2401014100
2018-12-20,18200,2.819999933242798,3298079700
2018-12-21,18150,-0.270000010728836,2112988400
2018-12-24,18700,3.0299999713897705,2946570800
2018-12-26,18650,-0.270000010728836,2740340050
2018-12-27,18750,0.5400000214576721,5249729250
2018-12-28,19850,5.869999885559082,3740288050
2019-01-02,19700,-0.7599999904632568,2119019200
2019-01-03,18950,-3.809999942779541,1785642250
2019-01-04,19550,3.1700000762939453,3307219150
2019-01-07,20650,5.630000114440918,5534142150
2019-01-08,21750,5.329999923706055,8554270250
2019-01-09,21650,-0.4600000083446502,7425747900
2019-01-10,21600,-0.2300000041723251,2901882950
2019-01-11,20400,-5.559999942779541,8325026650
2019-01-14,20300,-0.4900000095367431,1709398850
2019-01-15,19900,-1.9700000286102293,2724428500
2019-01-16,19850,-0.25,2652351650
2019-01-17,21000,5.789999961853027,7733052350
2019-01-18,21450,2.140000104904175,4430026000
2019-01-21,21500,0.2300000041723251,1788574600
2019-01-22,21250,-1.159999966621399,2290601700
2019-01-23,22250,4.710000038146973,6556807850
2019-01-24,21500,-3.369999885559082,3374341450
2019-01-25,21150,-1.6299999952316284,2467719600
2019-01-28,21100,-0.2399999946355819,2198009100
2019-01-29,20850,-1.1799999475479126,3399048650
2019-01-30,20600,-1.2000000476837158,4968368000
2019-01-31,20450,-0.7300000190734863,2565742550
2019-02-01,20500,0.2399999946355819,2260467750
2019-02-07,21150,3.1700000762939453,3663583500
2019-02-08,20700,-2.130000114440918,2267976000
2019-02-11,20150,-2.6600000858306885,2332959150
2019-02-12,20100,-0.25,1263026500
2019-02-13,21750,8.210000038146973,6116120200
2019-02-14,23900,9.890000343322754,14258204200
2019-02-15,23600,-1.2599999904632568,7293268600
2019-02-18,24500,3.809999942779541,11107433350
2019-02-19,24700,0.8199999928474426,5351303550
2019-02-20,24200,-2.0199999809265137,4361449450
2019-02-21,24150,-0.209999993443489,4381340450
2019-02-22,24450,1.2400000095367432,2261694600
2019-02-25,24300,-0.6100000143051147,2671910600
2019-02-26,23900,-1.649999976158142,3412037100
2019-02-27,24100,0.8399999737739563,2980273200
2019-02-28,24150,0.209999993443489,6618535850
2019-03-04,25550,5.800000190734863,8493463050
2019-03-05,24400,-4.5,4643451100
2019-03-06,25100,2.869999885559082,6429434000
2019-03-07,25400,1.2000000476837158,4462103100
2019-03-08,24850,-2.1700000762939453,4274975900
2019-03-11,24950,0.4000000059604645,3338724550
2019-03-12,25900,3.809999942779541,4384957850
2019-03-13,25750,-0.5799999833106995,2941482800
2019-03-14,25350,-1.5499999523162842,4287302350
2019-03-15,26050,2.759999990463257,5581185650
2019-03-18,26300,0.959999978542328,2561115800
2019-03-19,27100,3.039999961853028,6321462700
2019-03-20,27450,1.2899999618530271,4964710800
2019-03-21,25750,-6.190000057220459,8537751250
2019-03-22,25550,-0.7799999713897705,6430176550
2019-03-25,25100,-1.7599999904632568,3871254400
2019-03-26,26450,5.380000114440918,5478109150
2019-03-27,28400,7.369999885559082,15649541900
2019-03-28,27750,-2.289999961853028,4762545250
2019-03-29,28500,2.700000047683716,4783143550
2019-04-01,28350,-0.5299999713897705,7216417000
2019-04-02,27750,-2.119999885559082,4814734350
2019-04-03,27950,0.7200000286102295,2288265500
2019-04-04,28200,0.8899999856948853,3733685800
2019-04-05,27800,-1.4199999570846558,2913634700
2019-04-08,29050,4.5,5547460500
2019-04-09,28950,-0.3400000035762787,3371576800
2019-04-10,29250,1.0399999618530271,3110282700
2019-04-11,29450,0.6800000071525574,8467132900
2019-04-12,30650,4.070000171661377,7980850050
2019-04-15,30600,-0.1599999964237213,3751223900
2019-04-16,29650,-3.0999999046325684,4032877800
2019-04-17,28600,-3.539999961853028,4980037700
2019-04-18,29050,1.5700000524520874,3208254300
2019-04-19,28400,-2.240000009536743,2417306100
2019-04-22,27600,-2.819999933242798,5140287800
2019-04-23,27900,1.090000033378601,5412472800
2019-04-24,27750,-0.5400000214576721,3496895550
2019-04-25,28950,4.320000171661377,7283107200
2019-04-26,28350,-2.069999933242798,3095738650
2019-04-29,29050,2.470000028610229,4382062600
2019-04-30,28950,-0.3400000035762787,3640177250
2019-05-02,30250,4.489999771118164,6375618350
2019-05-03,30200,-0.1700000017881393,5088027600
2019-05-07,30800,1.9900000095367432,5068295850
2019-05-08,31050,0.8100000023841858,7024786000
2019-05-09,30200,-2.740000009536743,5913209650
2019-05-10,30100,-0.3300000131130218,6428283450
2019-05-13,30200,0.3300000131130218,5671728100
2019-05-14,29150,-3.4800000190734863,6564240300
2019-05-15,28300,-2.9200000762939453,6794953800
2019-05-16,25150,-11.130000114440918,28072690250
2019-05-17,24850,-1.190000057220459,6169260450
2019-05-20,24300,-2.2100000381469727,6881793450
2019-05-21,24000,-1.2300000190734863,7076318350
2019-05-22,23450,-2.289999961853028,4068982150
2019-05-23,23000,-1.919999957084656,5724662800
2019-05-24,23400,1.7400000095367432,5144608300
2019-05-27,23850,1.919999957084656,4093152850
2019-05-28,23700,-0.6299999952316284,5168670150
2019-05-29,23950,1.0499999523162842,3995366300
2019-05-30,22000,-8.140000343322754,18139748100
2019-05-31,22350,1.590000033378601,6369308050
2019-06-03,22100,-1.1200000047683716,5029454250
2019-06-04,22250,0.6800000071525574,3645850300
2019-06-05,23000,3.369999885559082,4541985150
2019-06-07,22900,-0.4300000071525574,2680185100
2019-06-10,23150,1.090000033378601,2033689200
2019-06-11,23650,2.1600000858306885,3704469500
2019-06-12,23100,-2.3299999237060547,3357937900
2019-06-13,23400,1.2999999523162842,3697908150
2019-06-14,23500,0.4300000071525574,4164852000
2019-06-17,22850,-2.7699999809265137,2272640650
2019-06-18,22550,-1.309999942779541,2176590150
2019-06-19,22250,-1.3300000429153442,3831221500
2019-06-20,22700,2.0199999809265137,3687510700
2019-06-21,23000,1.3200000524520874,4078420650
2019-06-24,22550,-1.9600000381469729,2529150000
2019-06-25,22250,-1.3300000429153442,2196557400
2019-06-26,22050,-0.8999999761581421,2615881950
2019-06-27,21600,-2.039999961853028,3301471250
2019-06-28,20950,-3.009999990463257,8911210750
2019-07-01,21050,0.4799999892711639,3509080600
2019-07-02,20700,-1.659999966621399,2390602400
2019-07-03,20250,-2.1700000762939453,2902414050
2019-07-04,21100,4.199999809265137,2780830750
2019-07-05,20650,-2.130000114440918,2691267900
2019-07-08,20150,-2.4200000762939453,1328509500
2019-07-09,19850,-1.4900000095367432,2891797050
2019-07-10,20250,2.0199999809265137,2234115150
2019-07-11,20350,0.4900000095367431,1635765100
2019-07-12,20450,0.4900000095367431,1679810300
2019-07-15,19600,-4.159999847412109,4638716700
2019-07-16,19650,0.2599999904632568,1456300600
2019-07-17,19650,0.0,1820968350
2019-07-18,19700,0.25,2013356450
2019-07-19,20350,3.299999952316284,2032497550
2019-07-22,19800,-2.700000047683716,1906865850
2019-07-23,19600,-1.0099999904632568,1435447100
2019-07-24,19050,-2.809999942779541,3298128750
2019-07-25,19050,0.0,2424362800
2019-07-26,18850,-1.0499999523162842,1611318150
2019-07-29,18500,-1.8600000143051147,2187439000
2019-07-30,18850,1.8899999856948853,1378195750
2019-07-31,18850,0.0,1390120450
2019-08-01,18600,-1.3300000429153442,1623936650
2019-08-02,18900,1.6100000143051147,2467907200
2019-08-05,18300,-3.1700000762939453,2554561800
2019-08-06,18250,-0.270000010728836,2734610950
2019-08-07,18550,1.6399999856948853,2070354900
2019-08-08,18450,-0.5400000214576721,2605414100
2019-08-09,19250,4.340000152587891,3126491900
2019-08-12,19150,-0.5199999809265137,1989173100
2019-08-13,19800,3.390000104904175,3759303350
2019-08-14,19900,0.5099999904632568,2771541950
2019-08-16,18900,-5.03000020980835,4869909750
2019-08-19,18850,-0.2599999904632568,3445458950
2019-08-20,18200,-3.450000047683716,5802971250
2019-08-21,18050,-0.8199999928474426,4058929900
2019-08-22,18250,1.1100000143051147,2940758350
2019-08-23,18050,-1.100000023841858,2115603400
2019-08-26,18700,3.5999999046325684,5138790100
2019-08-27,18150,-2.940000057220459,3922634650
2019-08-28,18050,-0.550000011920929,2458052200
2019-08-29,18050,0.0,1773079250
2019-08-30,17700,-1.940000057220459,4668796350
2019-09-02,18700,5.650000095367432,5255041450
2019-09-03,18350,-1.870000004768372,3892337250
2019-09-04,18650,1.6299999952316284,2142022650
2019-09-05,18550,-0.5400000214576721,2673203450
2019-09-06,19200,3.5,6216866650
2019-09-09,18650,-2.859999895095825,3903593950
2019-09-10,18500,-0.800000011920929,3338321600
2019-09-11,18800,1.6200000047683716,3715759050
2019-09-16,18700,-0.5299999713897705,2511016650
2019-09-17,18850,0.800000011920929,2170930450
2019-09-18,18900,0.270000010728836,2021010700
2019-09-19,18850,-0.2599999904632568,1819928150
2019-09-20,19300,2.390000104904175,4500180600
2019-09-23,19700,2.069999933242798,4076642850
2019-09-24,19600,-0.5099999904632568,2157131150
2019-09-25,19150,-2.299999952316284,2320626650
2019-09-26,19300,0.7799999713897705,1884318200
2019-09-27,19050,-1.2999999523162842,1371992500
2019-09-30,19300,1.309999942779541,2360518100
2019-10-01,19400,0.5199999809265137,2060982450
2019-10-02,19000,-2.059999942779541,2035479600
2019-10-04,18350,-3.4200000762939453,2580453150
2019-10-07,18700,1.909999966621399,1128143000
2019-10-08,18700,0.0,1526600650
2019-10-10,18500,-1.0700000524520874,3091646300
2019-10-11,18200,-1.6200000047683716,3298062700
2019-10-14,18350,0.8199999928474426,1891155750
2019-10-15,19500,6.269999980926514,4788567800
2019-10-16,19450,-0.2599999904632568,3389354500
2019-10-17,19350,-0.5099999904632568,1413080700
2019-10-18,19350,0.0,2264762900
2019-10-21,19100,-1.2899999618530271,1088150300
2019-10-22,18900,-1.0499999523162842,1517650850
2019-10-23,18650,-1.3200000524520874,1325759500
2019-10-24,18550,-0.5400000214576721,1788250650
2019-10-25,18600,0.270000010728836,1588241750
2019-10-28,18450,-0.8100000023841858,1007623150
2019-10-29,18550,0.5400000214576721,1545661400
2019-10-30,18200,-1.8899999856948853,1572987950
2019-10-31,18100,-0.550000011920929,2686462200
2019-11-01,18350,1.3799999952316284,1187093800
2019-11-04,19000,3.539999961853028,2994466150
2019-11-05,18750,-1.3200000524520874,1561335950
2019-11-06,19050,1.600000023841858,2105154300
2019-11-07,18800,-1.309999942779541,2389490750
2019-11-08,19200,2.130000114440918,3440695450
2019-11-11,19100,-0.5199999809265137,2337230850
2019-11-12,18600,-2.619999885559082,3157837500
2019-11-13,18750,0.8100000023841858,1253994900
2019-11-14,18800,0.270000010728836,1428361400
2019-11-15,19650,4.519999980926514,8238692750
2019-11-18,18850,-4.070000171661377,5703811650
2019-11-19,18400,-2.390000104904175,4157192250
2019-11-20,17850,-2.990000009536743,5111779700
2019-11-21,17850,0.0,5401511400
2019-11-22,17800,-0.2800000011920929,2243172750
2019-11-25,18150,1.9700000286102293,1445861250
2019-11-26,18200,0.2800000011920929,1918254100
2019-11-27,17950,-1.3700000047683716,1488228100
2019-11-28,17600,-1.950000047683716,2181502000
2019-11-29,17800,1.1399999856948853,2763085350
2019-12-02,17650,-0.8399999737739563,1472437450
2019-12-03,17350,-1.7000000476837158,2337456600
2019-12-04,17250,-0.5799999833106995,2342751800
2019-12-05,17200,-0.2899999916553497,956071700
2019-12-06,17100,-0.5799999833106995,1344691200
2019-12-09,16650,-2.630000114440918,2843673550
2019-12-10,16850,1.2000000476837158,1468969150
2019-12-11,16700,-0.8899999856948853,1316069500
2019-12-12,17050,2.0999999046325684,4468552350
2019-12-13,17200,0.8799999952316284,2690831250
2019-12-16,17050,-0.8700000047683716,1511081500
2019-12-17,16900,-0.8799999952316284,1839792900
2019-12-18,16850,-0.3000000119209289,1257944100
2019-12-19,17000,0.8899999856948853,2981312950
2019-12-20,17100,0.5899999737739563,3081866400
2019-12-23,16950,-0.8799999952316284,2230863850
2019-12-24,17350,2.359999895095825,2748844900
2019-12-26,17500,0.8600000143051147,2532028350
2019-12-27,17300,-1.1399999856948853,1597593000
2019-12-30,17300,0.0,2022509200
2020-01-02,17350,0.2899999916553497,2004078000
2020-01-03,17250,-0.5799999833106995,2814848800
2020-01-06,16950,-1.7400000095367432,2715864600
2020-01-07,17300,2.059999942779541,1454539350
2020-01-08,16400,-5.199999809265137,3897634750
2020-01-09,16900,3.049999952316284,2904670300
2020-01-10,16750,-0.8899999856948853,1747825950
2020-01-13,16750,0.0,1710359300
2020-01-14,17200,2.690000057220459,3187437300
2020-01-15,17000,-1.159999966621399,1526932500
2020-01-16,16950,-0.2899999916553497,1815346050
2020-01-17,16950,0.0,1758061450
2020-01-20,16800,-0.8799999952316284,2856342300
2020-01-21,16650,-0.8899999856948853,1753025850
2020-01-22,16650,0.0,1459778900
2020-01-23,16350,-1.7999999523162842,2654773400
2020-01-28,15500,-5.199999809265137,3941950900
2020-01-29,15400,-0.6499999761581421,1954692850
2020-01-30,15500,0.6499999761581421,2614064650
2020-01-31,15150,-2.259999990463257,1355293600
2020-02-03,14950,-1.3200000524520874,3067802700
2020-02-04,14750,-1.340000033378601,2321063000
2020-02-05,14800,0.3400000035762787,2769232800
2020-02-06,15100,2.0299999713897705,2395820700
2020-02-07,15050,-0.3300000131130218,3082913750
2020-02-10,15150,0.6600000262260437,1087850000
2020-02-11,15450,1.9800000190734863,1817376450
2020-02-12,15500,0.3199999928474426,1355710100
2020-02-13,15750,1.6100000143051147,2546043300
2020-02-14,15550,-1.2699999809265137,1085443200
2020-02-17,15350,-1.2899999618530271,1048713200
2020-02-18,15050,-1.950000047683716,1867205400
2020-02-19,14900,-1.0,2195719550
2020-02-20,14600,-2.009999990463257,1567257750
2020-02-21,14100,-3.4200000762939453,1628683150
2020-02-24,13200,-6.380000114440918,2779802550
2020-02-25,13800,4.550000190734863,2140386100
2020-02-26,13850,0.3600000143051147,2470345950
2020-02-27,14300,3.25,2719966500
2020-02-28,13600,-4.900000095367432,3068261650
2020-03-02,13500,-0.7400000095367432,1280599750
2020-03-03,13650,1.1100000143051147,1501519400
2020-03-04,13750,0.7300000190734863,1228445700
2020-03-05,13850,0.7300000190734863,1633694050
2020-03-06,13550,-2.1700000762939453,1035690000
2020-03-09,12550,-7.380000114440918,3324611250
2020-03-10,12450,-0.800000011920929,2336134800
2020-03-11,12150,-2.4100000858306885,1296269550
2020-03-12,11250,-7.409999847412109,4698752300
2020-03-13,10800,-4.0,3135507170
2020-03-16,10000,-7.409999847412109,2432619630
2020-03-17,9470,-5.300000190734863,2773636860
2020-03-18,8530,-9.93000030517578,2932910320
2020-03-19,6810,-20.15999984741211,3260686660
2020-03-20,7950,16.739999771118164,2215816690
2020-03-23,7020,-11.699999809265137,1619187610
2020-03-24,7500,6.840000152587891,1709778330
2020-03-25,8310,10.800000190734863,2408197980
2020-03-26,8620,3.7300000190734863,3346401310
2020-03-27,9040,4.869999885559082,2443784840
2020-03-30,9010,-0.3300000131130218,1618416370
2020-03-31,9000,-0.1099999994039535,2257500970
2020-04-01,8910,-1.0,2350694220
2020-04-02,9000,1.0099999904632568,1321406250
2020-04-03,9090,1.0,1368140030
2020-04-06,9440,3.849999904632568,1679728970
2020-04-07,10150,7.519999980926514,3472964680
2020-04-08,10250,0.9900000095367432,2249660440
2020-04-09,10650,3.900000095367432,2632246000
2020-04-10,11150,4.690000057220459,3635634700
2020-04-13,10700,-4.039999961853027,1795947600
2020-04-14,10600,-0.9300000071525574,1564472900
2020-04-16,10600,0.0,2185716350
2020-04-17,10850,2.359999895095825,2106963350
2020-04-20,11000,1.3799999952316284,2260804550
2020-04-21,10900,-0.9100000262260436,1746143950
2020-04-22,10850,-0.4600000083446502,1107748900
2020-04-23,11150,2.759999990463257,1458826500
2020-04-24,10950,-1.7899999618530271,1155795300
2020-04-27,11900,8.680000305175781,4032462200
2020-04-28,12450,4.619999885559082,4033120000
2020-04-29,11950,-4.019999980926514,2300656100
2020-05-04,11300,-5.440000057220459,2698960800
2020-05-06,11300,0.0,1503622200
2020-05-07,11700,3.539999961853028,2124116450
2020-05-08,11850,1.2799999713897705,1701715200
2020-05-11,12050,1.690000057220459,2018249900
2020-05-12,11500,-4.559999942779541,2142056800
2020-05-13,11250,-2.1700000762939453,2008223500
2020-05-14,11200,-0.4399999976158142,1524320500
2020-05-15,11050,-1.340000033378601,1294483450
2020-05-18,11050,0.0,1337864300
2020-05-19,11700,5.880000114440918,2351708450
2020-05-20,12800,9.399999618530272,6040562100
2020-05-21,13250,3.5199999809265137,6157550900
2020-05-22,12950,-2.259999990463257,4467806900
2020-05-25,12950,0.0,2628392500
2020-05-26,13250,2.319999933242798,2149256500
2020-05-27,13950,5.28000020980835,11486166200
2020-05-28,13200,-5.380000114440918,4685942100
2020-05-29,13300,0.7599999904632568,4113429800
2020-06-01,13450,1.1299999952316284,2194848350
2020-06-02,13650,1.4900000095367432,2012747300
2020-06-03,14100,3.299999952316284,4695426200
2020-06-04,13600,-3.549999952316284,2973471500
2020-06-05,13750,1.100000023841858,1071298400
2020-06-08,13650,-0.7300000190734863,2229308800
2020-06-09,13350,-2.200000047683716,2469621900
2020-06-10,13000,-2.619999885559082,2562999500
2020-06-11,12400,-4.619999885559082,4574658800
2020-06-12,11900,-4.03000020980835,4902659900
2020-06-15,10850,-8.819999694824219,2817797850
2020-06-16,11400,5.070000171661377,2833336350
2020-06-17,11750,3.069999933242798,3597234150
2020-06-18,11550,-1.7000000476837158,1835129500
2020-06-19,11450,-0.8700000047683716,2092665650
2020-06-22,11100,-3.059999942779541,1614963150
2020-06-23,10750,-3.150000095367432,2025971150
2020-06-24,10850,0.9300000071525574,1195510800
2020-06-25,10700,-1.3799999952316284,1508108550
2020-06-26,10650,-0.4699999988079071,1136575850
2020-06-29,10200,-4.230000019073486,1497399700
2020-06-30,10550,3.430000066757202,1361409000
2020-07-01,10450,-0.949999988079071,787912800
2020-07-02,10900,4.309999942779541,1000001600
2020-07-03,10850,-0.4600000083446502,1282516400
2020-07-06,11250,3.690000057220459,1325749900
2020-07-07,11100,-1.3300000429153442,1044419650
2020-07-08,11100,0.0,1092695150
2020-07-09,10950,-1.350000023841858,1181479050
2020-07-10,10550,-3.650000095367432,1320722050
2020-07-13,10650,0.949999988079071,597885900
2020-07-14,10600,-0.4699999988079071,1022714000
2020-07-15,10700,0.9399999976158142,1816845050
2020-07-16,11300,5.610000133514404,4115583000
2020-07-17,11300,0.0,878278900
2020-07-20,10900,-3.539999961853028,2563424950
2020-07-21,10950,0.4600000083446502,1383124300
2020-07-22,11000,0.4600000083446502,1263544050
2020-07-23,10850,-1.3600000143051147,997324150
2020-07-24,10800,-0.4600000083446502,1006039550
2020-07-27,10600,-1.850000023841858,1274530750
2020-07-28,10600,0.0,1073982250
2020-07-29,10600,0.0,774431200
2020-07-30,10800,1.8899999856948853,726737500
2020-07-31,10600,-1.850000023841858,907360100
2020-08-03,10450,-1.4199999570846558,810662100
2020-08-04,10500,0.4799999892711639,883486300
2020-08-05,10450,-0.4799999892711639,1074226000
2020-08-06,10650,1.909999966621399,1086845350
2020-08-07,10550,-0.9399999976158142,1167906350
2020-08-10,11950,13.270000457763672,9309343200
2020-08-11,12100,1.2599999904632568,6723895800
2020-08-12,12750,5.369999885559082,7369480800
2020-08-13,13150,3.140000104904175,7142775900
2020-08-14,14350,9.130000114440918,17111284600
2020-08-18,14050,-2.0899999141693115,10040241550
2020-08-19,14850,5.690000057220459,7515189600
2020-08-20,13750,-7.409999847412109,7346217900
2020-08-21,15400,12.0,18740910100
2020-08-24,15500,0.6499999761581421,9076087200
2020-08-25,15400,-0.6499999761581421,4845088500
2020-08-26,14900,-3.25,7601761350
2020-08-27,14700,-1.340000033378601,3727158150
2020-08-28,15750,7.139999866485596,7916186100
2020-08-31,17400,10.479999542236328,17509726600
2020-09-01,17400,0.0,5266587950
2020-09-02,17550,0.8600000143051147,11343150450
2020-09-03,16950,-3.4200000762939453,4480950000
2020-09-04,16950,0.0,4622674800
2020-09-07,18150,7.079999923706055,7336571350
2020-09-08,17250,-4.960000038146973,5095334400
2020-09-09,16900,-2.0299999713897705,4281669000
2020-09-10,17550,3.849999904632568,5825548600
2020-09-11,17350,-1.1399999856948853,2303595650
2020-09-14,17450,0.5799999833106995,2615337900
2020-09-15,17200,-1.4299999475479126,2897129050
2020-09-16,17000,-1.159999966621399,3251920600
2020-09-17,17000,0.0,3810905400
2020-09-18,17150,0.8799999952316284,3204378950
2020-09-21,17550,2.3299999237060547,5442771050
2020-09-22,16250,-7.409999847412109,4103021600
2020-09-23,16450,1.2300000190734863,3449763700
2020-09-24,15950,-3.039999961853028,3034891300
2020-09-25,16200,1.5700000524520874,1910188400
2020-09-28,17150,5.860000133514404,1888625550
2020-09-29,18000,4.960000038146973,5696013000
2020-10-05,18050,0.2800000011920929,3121726900
2020-10-06,17600,-2.490000009536743,3475223650
2020-10-07,19100,8.520000457763672,21213947500
2020-10-08,18700,-2.0899999141693115,9442203250
2020-10-12,19400,3.740000009536743,4956204650
2020-10-13,18800,-3.0899999141693115,3425797800
2020-10-14,18450,-1.8600000143051147,4280869250
2020-10-15,17900,-2.9800000190734863,2175215050
2020-10-16,18150,1.399999976158142,3179803050
2020-10-19,18850,3.859999895095825,9445935750
2020-10-20,18650,-1.059999942779541,2982895550
2020-10-21,19450,4.289999961853027,11349086050
2020-10-22,19750,1.5399999618530271,31294177350
2020-10-23,20150,2.0299999713897705,16329500900
2020-10-26,18800,-6.699999809265137,6290733550
2020-10-27,17550,-6.650000095367432,9853219700
2020-10-28,17950,2.2799999713897705,4131356300
2020-10-29,17800,-0.8399999737739563,3633105650
2020-10-30,17700,-0.5600000023841858,5811459800
2020-11-02,17100,-3.390000104904175,3901296650
2020-11-03,17350,1.4600000381469729,4660344400
2020-11-04,16800,-3.1700000762939453,5889867500
2020-11-05,17450,3.869999885559082,4248155800
2020-11-06,16600,-4.869999885559082,7109446150
2020-11-09,17700,6.630000114440918,10737022300
2020-11-10,18250,3.109999895095825,8055633600
2020-11-11,18350,0.550000011920929,6042663800
2020-11-12,17750,-3.2699999809265137,4128895500
2020-11-13,17650,-0.5600000023841858,3840391300
2020-11-16,17600,-0.2800000011920929,4514157000
2020-11-17,17850,1.4199999570846558,5561218550
2020-11-18,17150,-3.920000076293945,4278320900
2020-11-19,17200,0.2899999916553497,2583472450
2020-11-20,17250,0.2899999916553497,1633481700
2020-11-23,17300,0.2899999916553497,2910727400
2020-11-24,17350,0.2899999916553497,2418914300
2020-11-25,17050,-1.7300000190734863,6062670600
2020-11-26,16300,-4.400000095367432,6478950350
2020-11-27,16700,2.450000047683716,5122894900
2020-11-30,16700,0.0,3153557450
2020-12-01,16450,-1.5,4555509250
2020-12-02,16450,0.0,2070088350
2020-12-03,16600,0.9100000262260436,3499030150
2020-12-04,16600,0.0,2904390550
2020-12-07,16100,-3.009999990463257,3516600200
2020-12-08,16400,1.8600000143051147,2238450900
2020-12-09,16550,0.9100000262260436,2502404000
2020-12-10,16600,0.3000000119209289,3761602650
2020-12-11,17200,3.609999895095825,5569454100
2020-12-14,16950,-1.4500000476837158,3303114400
2020-12-15,17100,0.8799999952316284,2381103950
2020-12-16,17000,-0.5799999833106995,2351617900
2020-12-17,17000,0.0,2069691400
2020-12-18,17450,2.650000095367432,5967183450
2020-12-21,18100,3.7200000286102295,7876434350
2020-12-22,17200,-4.96999979019165,8912943750
2020-12-23,17150,-0.2899999916553497,2858083650
2020-12-24,18000,4.960000038146973,4629859500
2020-12-28,17950,-0.2800000011920929,5124415700
2020-12-29,17850,-0.5600000023841858,5772363600
2020-12-30,17500,-1.9600000381469729,4992630050
2021-01-04,16750,-4.289999961853027,6783766100
2021-01-05,16550,-1.190000057220459,4873968700
2021-01-06,16200,-2.109999895095825,4682688900
2021-01-07,16200,0.0,6665741050
2021-01-08,15850,-2.1600000858306885,8478553100
2021-01-11,15150,-4.420000076293945,6989724900
2021-01-12,15300,0.9900000095367432,4593750450
2021-01-13,15900,3.920000076293945,6486645350
2021-01-14,15900,0.0,5339300750
2021-01-15,15600,-1.8899999856948853,5235083450
2021-01-18,15300,-1.919999957084656,2259927950
2021-01-19,15350,0.3300000131130218,7491150200
2021-01-20,16050,4.559999942779541,8051164250
2021-01-21,16100,0.3100000023841858,4068479650
2021-01-22,16850,4.659999847412109,20563210500
2021-01-25,16850,0.0,7290363200
2021-01-26,16950,0.5899999737739563,4833259300
2021-01-27,16500,-2.650000095367432,4017619150
2021-01-28,16400,-0.6100000143051147,3066348750
2021-01-29,15800,-3.660000085830689,3844296850
2021-02-01,15850,0.3199999928474426,1948342100
2021-02-02,15750,-0.6299999952316284,3222637950
2021-02-03,15700,-0.3199999928474426,4038210300
2021-02-04,16100,2.549999952316284,4557316250
2021-02-05,16150,0.3100000023841858,1965198650
2021-02-08,17450,8.050000190734863,16666107450
2021-02-09,18200,4.300000190734863,19100255900
2021-02-10,18650,2.470000028610229,15846366150
2021-02-15,18750,0.5400000214576721,7073208400
2021-02-16,18300,-2.400000095367432,7219811900
2021-02-17,18350,0.270000010728836,9219501400
2021-02-18,19300,5.179999828338623,20392878150
2021-02-19,19300,0.0,10240005000
2021-02-22,19450,0.7799999713897705,19420552350
2021-02-23,20700,6.429999828338623,19254722000
2021-02-24,19000,-8.210000038146973,14395787050
2021-02-25,19900,4.739999771118164,11171646650
2021-02-26,20600,3.5199999809265137,11677728650
2021-03-02,20700,0.4900000095367431,16068455550
2021-03-03,21150,2.1700000762939453,12032284150
2021-03-04,21150,0.0,8152711650
2021-03-05,21600,2.130000114440918,13111620300
2021-03-08,20600,-4.630000114440918,7928876400
2021-03-09,21200,2.9100000858306885,8940686200
2021-03-10,21300,0.4699999988079071,5030276550
2021-03-11,20200,-5.159999847412109,9742868550
2021-03-12,20500,1.4900000095367432,5075370550
2021-03-15,20150,-1.7100000381469729,4186749850
2021-03-16,21400,6.199999809265137,12208204700
2021-03-17,22300,4.210000038146973,7676654500
2021-03-18,21150,-5.159999847412109,9815468350
2021-03-19,21450,1.4199999570846558,5586650650
2021-03-22,21900,2.0999999046325684,5389375550
2021-03-23,22300,1.830000042915344,13035656100
2021-03-24,21850,-2.0199999809265137,8013205450
2021-03-25,21850,0.0,3686859550
2021-03-26,20950,-4.119999885559082,7592446200
2021-03-29,21200,1.190000057220459,5695427450
2021-03-30,20900,-1.4199999570846558,3532818300
2021-03-31,20050,-4.070000171661377,9818196150
2021-04-01,20000,-0.25,5671779300
2021-04-02,19550,-2.25,5638102200
2021-04-05,19850,1.5299999713897705,4464652200
2021-04-06,20600,3.7799999713897705,7867809350
2021-04-07,20750,0.7300000190734863,4776474800
2021-04-08,20300,-2.1700000762939453,3979909200
2021-04-09,20500,0.9900000095367432,3134609500
2021-04-12,21150,3.1700000762939453,5611310000
2021-04-13,21650,2.359999895095825,7855894950
2021-04-14,21850,0.9200000166893004,6126385050
2021-04-15,21100,-3.430000066757202,6402098700
2021-04-16,20800,-1.4199999570846558,5174895400
2021-04-19,20850,0.2399999946355819,2633636450
2021-04-20,23400,12.229999542236328,35515868150
2021-04-21,23050,-1.5,9147443550
2021-04-22,22550,-2.1700000762939453,4704578050
2021-04-23,22100,-2.0,4223490500
2021-04-26,22100,0.0,3214640400
2021-04-27,22100,0.0,4484596750
2021-04-28,22350,1.1299999952316284,6554614900
2021-04-29,22900,2.4600000381469727,10134346650
2021-04-30,24400,6.550000190734863,22918937250
2021-05-03,22500,-7.789999961853027,11529963250
2021-05-04,23350,3.7799999713897705,13823039050
2021-05-06,23250,-0.4300000071525574,6313323400
2021-05-07,24350,4.730000019073486,13272946900
2021-05-10,25950,6.570000171661377,24852722150
2021-05-11,27000,4.050000190734863,15243302150
2021-05-12,27100,0.3700000047683716,13307653850
2021-05-13,25650,-5.349999904632568,17615778150
2021-05-14,27550,7.409999847412109,19966640300
2021-05-17,25650,-6.900000095367432,22850746200
2021-05-18,25350,-1.1699999570846558,11281593650
2021-05-20,25500,0.5899999737739563,7907370200
2021-05-21,24400,-4.309999942779541,15635188150
2021-05-24,25100,2.869999885559082,13472996700
2021-05-25,24650,-1.7899999618530271,6870856550
2021-05-26,24100,-2.2300000190734863,11245936450
2021-05-27,25500,5.809999942779541,20792019900
2021-05-28,26550,4.119999885559082,18907258350
2021-05-31,26300,-0.9399999976158142,7356609800
2021-06-01,25550,-2.8499999046325684,9413117950
2021-06-02,25550,0.0,6518400650
2021-06-03,24750,-3.130000114440918,10725828000
2021-06-04,24700,-0.2000000029802322,7737412600
2021-06-07,24700,0.0,4839199650
2021-06-08,24100,-2.430000066757202,5202377700
2021-06-09,24450,1.4500000476837158,5821368450
2021-06-10,23850,-2.450000047683716,8618551750
2021-06-11,23800,-0.209999993443489,6800097150
2021-06-14,24200,1.6799999475479126,7749128500
2021-06-15,23900,-1.2400000095367432,7386092250
2021-06-16,23600,-1.2599999904632568,8897151983
2021-06-17,23750,0.6399999856948853,11089317400
2021-06-18,24400,2.740000009536743,23676575950
2021-06-21,23650,-3.069999933242798,7799761100
2021-06-22,23850,0.8500000238418579,5804023250
2021-06-23,23250,-2.5199999809265137,7239119900
2021-06-24,23000,-1.0800000429153442,5516304300
2021-06-25,23350,1.5199999809265137,5892921450
2021-06-28,24100,3.2100000381469727,6769410850
2021-06-29,24350,1.0399999618530271,5000021650
2021-06-30,24450,0.4099999964237213,3834285000
2021-07-01,24100,-1.4299999475479126,2795757500
2021-07-02,23350,-3.109999895095825,6929746650
2021-07-05,23200,-0.6399999856948853,8141045300
2021-07-06,23350,0.6499999761581421,4722518850
2021-07-07,22700,-2.7799999713897705,6472099450
2021-07-08,22450,-1.100000023841858,3991232550
2021-07-09,21900,-2.450000047683716,11761054650
2021-07-12,22400,2.2799999713897705,4846662400
2021-07-13,22600,0.8899999856948853,5032039800
2021-07-14,22350,-1.1100000143051147,3971123600
2021-07-15,22650,1.340000033378601,5699258300
2021-07-16,22700,0.2199999988079071,5473182550
2021-07-19,21650,-4.630000114440918,8189388900
2021-07-20,21450,-0.9200000166893004,6947669850
2021-07-21,21400,-0.2300000041723251,3866757650
2021-07-22,21550,0.699999988079071,3354618350
2021-07-23,21550,0.0,3749849550
2021-07-26,21450,-0.4600000083446502,3747243350
2021-07-27,21450,0.0,4181964450
2021-07-28,21200,-1.1699999570846558,4740789350
2021-07-29,21200,0.0,2796881550
2021-07-30,21000,-0.9399999976158142,2930553150
2021-08-02,21050,0.2399999946355819,2435314300
2021-08-03,20500,-2.609999895095825,4205992500
2021-08-04,21850,6.590000152587891,11931635750
2021-08-05,22000,0.6899999976158142,7797851250
2021-08-06,21600,-1.820000052452088,4127416850
2021-08-09,21000,-2.7799999713897705,3972826300
2021-08-10,21050,0.2399999946355819,4403695950
2021-08-11,21100,0.2399999946355819,4037035750
2021-08-12,21150,0.2399999946355819,3490786350
2021-08-13,21000,-0.7099999785423279,5911816350
2021-08-17,19850,-5.480000019073486,19063329200
2021-08-18,19900,0.25,7770061800
2021-08-19,20100,1.0099999904632568,9837762200
2021-08-20,19500,-2.990000009536743,5610177450
2021-08-23,20050,2.819999933242798,4243475850
2021-08-24,20950,4.489999771118164,5722660400
2021-08-25,20500,-2.150000095367432,3727977850
2021-08-26,21150,3.1700000762939453,6247419550
2021-08-27,21100,-0.2399999946355819,3555148750
2021-08-30,20900,-0.949999988079071,2451595100
2021-08-31,20650,-1.2000000476837158,3260023650
2021-09-01,20900,1.2100000381469729,2280221550
2021-09-02,20950,0.2399999946355819,2499946500
2021-09-03,21550,2.859999895095825,8772425850
2021-09-06,21700,0.699999988079071,6443627000
2021-09-07,22100,1.840000033378601,6103022950
2021-09-08,21500,-2.7100000381469727,4397108400
2021-09-09,21850,1.6299999952316284,7943234300
2021-09-10,22800,4.349999904632568,14367921700
2021-09-13,24450,7.239999771118164,50896331700
2021-09-14,24900,1.840000033378601,47167636900
2021-09-15,24500,-1.6100000143051147,15217968000
2021-09-16,23650,-3.470000028610229,15768676950
2021-09-17,23400,-1.059999942779541,7843093100
2021-09-23,23200,-0.8500000238418579,7327127950
2021-09-24,22750,-1.940000057220459,10523146250
2021-09-27,23550,3.5199999809265137,12728968700
2021-09-28,22500,-4.460000038146973,9571032050
2021-09-29,22550,0.2199999988079071,6802066050
2021-09-30,23200,2.880000114440918,7347809550
2021-10-01,22650,-2.369999885559082,7914613850
2021-10-05,23650,4.420000076293945,12835541200
2021-10-06,23300,-1.4800000190734863,12215197850
2021-10-07,23750,1.9299999475479128,15619802700
2021-10-08,24850,4.630000114440918,25065877950
2021-10-12,24350,-2.009999990463257,12447431000
2021-10-13,24650,1.2300000190734863,9604206200
2021-10-14,24100,-2.2300000190734863,12628480450
2021-10-15,26050,8.09000015258789,30710708550
2021-10-18,25550,-1.919999957084656,11870442150
2021-10-19,25150,-1.5700000524520874,11454119950
2021-10-20,24700,-1.7899999618530271,6045510800
2021-10-21,25600,3.640000104904175,20621641950
2021-10-22,24550,-4.099999904632568,14255374750
2021-10-25,24700,0.6100000143051147,5736201050
2021-10-26,24550,-0.6100000143051147,4172795100
2021-10-27,24700,0.6100000143051147,3625204500
2021-10-28,23450,-5.059999942779541,11594686100
2021-10-29,23200,-1.0700000524520874,4973070950
2021-11-01,22850,-1.5099999904632568,4987503900
2021-11-02,23100,1.090000033378601,4494172700
2021-11-03,23500,1.7300000190734863,8816825300
2021-11-04,23450,-0.209999993443489,5789643500
2021-11-05,23900,1.919999957084656,5929602850
2021-11-08,25250,5.650000095367432,14500292650
2021-11-09,25200,-0.2000000029802322,5802122900
2021-11-10,24900,-1.190000057220459,9040047050
2021-11-11,23950,-3.819999933242798,8544134650
2021-11-12,24900,3.9700000286102295,6406608400
2021-11-15,25200,1.2000000476837158,9959668950
2021-11-16,25600,1.590000033378601,9277246900
2021-11-17,24600,-3.910000085830689,15526318400
2021-11-18,24000,-2.440000057220459,8514410600
2021-11-19,24200,0.8299999833106995,3876047000
2021-11-22,23300,-3.7200000286102295,5444779400
2021-11-23,23400,0.4300000071525574,5544255500
2021-11-24,22650,-3.2100000381469727,8358315650
2021-11-25,21600,-4.639999866485596,9279281200
2021-11-26,20900,-3.240000009536743,7073403450
2021-11-29,20250,-3.109999895095825,7337065550
2021-11-30,19950,-1.4800000190734863,6456278600
2021-12-01,19950,0.0,6495257250
2021-12-02,20000,0.25,4903900400
2021-12-03,21000,5.0,8444940400
2021-12-06,20600,-1.899999976158142,3091462450
2021-12-07,22450,8.979999542236328,20284299550
2021-12-08,21850,-2.6700000762939453,7963171000
2021-12-09,22850,4.579999923706055,11616637550
2021-12-10,22550,-1.309999942779541,6137377250
2021-12-13,21650,-3.990000009536743,6392386150
2021-12-14,21350,-1.3899999856948853,3963091600
2021-12-15,21200,-0.699999988079071,2840820350
2021-12-16,20950,-1.1799999475479126,4442600800
2021-12-17,21250,1.4299999475479126,5886815350
2021-12-20,21350,0.4699999988079071,4184536750
2021-12-21,21250,-0.4699999988079071,3742467400
2021-12-22,21650,1.8799999952316284,4669239800
2021-12-23,21650,0.0,2612419050
2021-12-24,21650,0.0,2558928200
2021-12-27,21600,-0.2300000041723251,2220884250
2021-12-28,21950,1.6200000047683716,4225661400
2021-12-29,21550,-1.820000052452088,2861804350
2021-12-30,21950,1.8600000143051147,3537129150
2022-01-03,21900,-0.2300000041723251,2885500300
2022-01-04,22050,0.6800000071525574,3297916200
2022-01-05,22150,0.449999988079071,5571219950
2022-01-06,23350,5.420000076293945,17636339950
2022-01-07,23250,-0.4300000071525574,8943834200
2022-01-10,23350,0.4300000071525574,8382603800
2022-01-11,22500,-3.640000104904175,4876611450
2022-01-12,22650,0.6700000166893005,4481120200
2022-01-13,24050,6.179999828338623,22964656550
2022-01-14,23300,-3.119999885559082,8174640100
2022-01-17,23500,0.8600000143051147,4283331900
2022-01-18,24850,5.739999771118164,19485782650
2022-01-19,24650,-0.800000011920929,9031273000
2022-01-20,24600,-0.2000000029802322,5978779050
2022-01-21,24400,-0.8100000023841858,5549934750
2022-01-24,24050,-1.4299999475479126,7390525900
2022-01-25,24150,0.4199999868869781,8972280650
2022-01-26,23500,-2.690000057220459,5583991350
2022-01-27,23500,0.0,9261147650
2022-01-28,24800,5.53000020980835,8470525800
2022-02-03,24700,-0.4000000059604645,6703345550
2022-02-04,25100,1.6200000047683716,7221142700
2022-02-07,25800,2.789999961853028,18590705000
2022-02-08,25950,0.5799999833106995,13084624400
2022-02-09,26400,1.7300000190734863,6693999450
2022-02-10,26150,-0.949999988079071,16039850700
2022-02-11,25150,-3.819999933242798,7572563200
2022-02-14,25000,-0.6000000238418579,6254876800
2022-02-15,23400,-6.400000095367432,15249306050
2022-02-16,23400,0.0,9138125550
2022-02-17,23150,-1.0700000524520874,11514503250
2022-02-18,23200,0.2199999988079071,9327354800
2022-02-21,22700,-2.1600000858306885,6090197700
2022-02-22,22050,-2.859999895095825,8725717900
2022-02-23,22650,2.720000028610229,3900011700
2022-02-24,21700,-4.190000057220459,7436609150
2022-02-25,21800,0.4600000083446502,5185179650
2022-02-28,22650,3.900000095367432,6762541300
2022-03-02,23050,1.7699999809265137,5595828450
2022-03-03,23000,-0.2199999988079071,6517900300
2022-03-04,22800,-0.8700000047683716,7751828650
2022-03-07,21950,-3.7300000190734863,6096640550
2022-03-08,20700,-5.690000057220459,8656593050
2022-03-10,21100,1.9299999475479128,3485173250
2022-03-11,21750,3.0799999237060547,8350676350
2022-03-14,21500,-1.149999976158142,5675421050
2022-03-15,23700,10.229999542236328,33202307700
2022-03-16,24350,2.740000009536743,10890954350
2022-03-17,24600,1.0299999713897705,11994740650
2022-03-18,24450,-0.6100000143051147,8176002650
2022-03-21,24800,1.4299999475479126,5873737300
2022-03-22,24650,-0.6000000238418579,4350513600
2022-03-23,24550,-0.4099999964237213,7796753150
2022-03-24,26000,5.909999847412109,16855479200
2022-03-25,25550,-1.7300000190734863,11766794150
2022-03-28,26850,5.090000152587891,16817030150
2022-03-29,26700,-0.5600000023841858,9687642950
2022-03-30,26950,0.9399999976158142,19037248900
2022-03-31,26650,-1.1100000143051147,6101661700
2022-04-01,26750,0.3799999952316284,7055437000
2022-04-04,27900,4.300000190734863,11365388100
2022-04-05,29500,5.730000019073486,19378119750
2022-04-06,27900,-5.420000076293945,13690393850
2022-04-07,27850,-0.1800000071525573,11459298350
2022-04-08,27150,-2.509999990463257,10000373450
2022-04-11,27200,0.1800000071525573,6400872350
2022-04-12,27000,-0.7400000095367432,6390080550
2022-04-13,27550,2.039999961853028,5611079350
2022-04-14,28000,1.6299999952316284,11401473450
2022-04-15,27050,-3.390000104904175,13901967400
2022-04-18,27450,1.4800000190734863,6981594650
2022-04-19,27100,-1.2799999713897705,8738891850
2022-04-20,26900,-0.7400000095367432,7240791550
2022-04-21,26950,0.1899999976158142,4546286400
2022-04-22,26300,-2.4100000858306885,15155825450
2022-04-25,24650,-6.269999980926514,29238588950
2022-04-26,25500,3.450000047683716,11653363100
2022-04-27,25500,0.0,7207869250
2022-04-28,25450,-0.2000000029802322,5408372200
2022-04-29,26100,2.549999952316284,9060409650
2022-05-02,26700,2.299999952316284,12036522000
2022-05-03,26550,-0.5600000023841858,8666547850
2022-05-04,26300,-0.9399999976158142,4246564650
2022-05-06,25450,-3.2300000190734863,9589042250
2022-05-09,24950,-1.9600000381469729,9822285450
2022-05-10,25300,1.399999976158142,5552846100
2022-05-11,25300,0.0,4355196750
2022-05-12,24700,-2.369999885559082,6324973950
2022-05-13,24650,-0.2000000029802322,9566689050
2022-05-16,25800,4.670000076293945,12670091700
2022-05-17,24800,-3.880000114440918,15459865550
2022-05-18,25050,1.0099999904632568,7274585100
2022-05-19,22700,-9.380000114440918,32286216500
2022-05-20,22950,1.100000023841858,16540495150
2022-05-23,22650,-1.309999942779541,7988663700
2022-05-24,22300,-1.5499999523162842,6012086900
2022-05-25,22350,0.2199999988079071,9869978550
2022-05-26,21950,-1.7899999618530271,9109142450
2022-05-27,22150,0.9100000262260436,7730101800
2022-05-30,22400,1.1299999952316284,7810942050
2022-05-31,21850,-2.4600000381469727,12248077700
2022-06-02,22050,0.9200000166893004,8679900600
2022-06-03,21950,-0.449999988079071,4831191350
2022-06-07,21750,-0.9100000262260436,5034365100
2022-06-08,21650,-0.4600000083446502,4730481100
2022-06-09,21400,-1.149999976158142,7886104300
2022-06-10,21250,-0.699999988079071,5843422700
2022-06-13,19900,-6.349999904632568,10898100350
2022-06-14,19700,-1.0099999904632568,7991367050
2022-06-15,19200,-2.539999961853028,4679564500
2022-06-16,18950,-1.2999999523162842,8197197700
2022-06-17,18750,-1.059999942779541,6030128450
2022-06-20,17900,-4.53000020980835,7513994600
2022-06-21,18100,1.1200000047683716,5224198400
2022-06-22,17350,-4.139999866485596,4879123600
2022-06-23,16600,-4.320000171661377,5508310050
2022-06-24,17600,6.019999980926514,5744589850
2022-06-27,17650,0.2800000011920929,4180353550
2022-06-28,17900,1.4199999570846558,4030516450
2022-06-29,17400,-2.789999961853028,4583836350
2022-06-30,16950,-2.5899999141693115,3562091800
2022-07-01,16600,-2.059999942779541,3504014950
2022-07-04,16350,-1.5099999904632568,3240272300
2022-07-05,17000,3.9800000190734863,4405629900
2022-07-06,16900,-0.5899999737739563,4733161900
2022-07-07,17050,0.8899999856948853,2333164800
2022-07-08,16900,-0.8799999952316284,3012028900
2022-07-11,16650,-1.4800000190734863,1575028600
2022-07-12,15800,-5.110000133514404,7321557900
2022-07-13,16100,1.899999976158142,2708500700
2022-07-14,15750,-2.1700000762939453,4846178350
2022-07-15,15650,-0.6299999952316284,3099048000
2022-07-18,16000,2.240000009536743,3492788650
2022-07-19,16450,2.809999942779541,3715817450
2022-07-20,16700,1.5199999809265137,5057507150
2022-07-21,16750,0.3000000119209289,2996252100
2022-07-22,16600,-0.8999999761581421,1521270150
2022-07-25,16700,0.6000000238418579,1374266150
2022-07-26,16450,-1.5,4370313100
2022-07-27,16600,0.9100000262260436,3208740450
2022-07-28,16250,-2.109999895095825,4909772600
2022-07-29,16750,3.0799999237060547,5162388650
2022-08-01,16700,-0.3000000119209289,4305673850
2022-08-02,16300,-2.400000095367432,5376992950
2022-08-03,16550,1.5299999713897705,3600620050
2022-08-04,16750,1.2100000381469729,4780545100
2022-08-05,18000,7.460000038146973,20668219400
2022-08-08,17550,-2.5,5726187600
2022-08-09,17950,2.2799999713897705,5879420400
2022-08-10,16950,-5.570000171661377,8285381300
2022-08-11,17150,1.1799999475479126,4754504550
2022-08-12,17550,2.3299999237060547,7683440050
2022-08-16,17250,-1.7100000381469729,9300116250
2022-08-17,18100,4.929999828338623,29135812600
2022-08-18,17900,-1.100000023841858,7777522300
2022-08-19,16800,-6.150000095367432,12254667350
2022-08-22,16700,-0.6000000238418579,4278938900
2022-08-23,16250,-2.690000057220459,4997237000
2022-08-24,16250,0.0,4248720850
2022-08-25,16600,2.150000095367432,4419000250
2022-08-26,16350,-1.5099999904632568,4223461850
2022-08-29,15450,-5.5,8025565100
2022-08-30,15650,1.2899999618530271,4386720700
2022-08-31,15850,1.2799999713897705,3212129500
2022-09-01,15050,-5.050000190734863,7080237300
2022-09-02,15150,0.6600000262260437,4108115950
2022-09-05,15350,1.3200000524520874,2815319850
2022-09-06,15300,-0.3300000131130218,2304057250
2022-09-07,15000,-1.9600000381469729,2923293600
2022-09-08,15250,1.6699999570846558,2815388850
2022-09-13,15650,2.619999885559082,3113229300
2022-09-14,15150,-3.190000057220459,4636127900
2022-09-15,15600,2.970000028610229,5742509800
2022-09-16,16300,4.489999771118164,10151735400
2022-09-19,16350,0.3100000023841858,6767981300
2022-09-20,16800,2.75,10080457950
2022-09-21,16550,-1.4900000095367432,6877868550
2022-09-22,17000,2.720000028610229,8046423500
2022-09-23,16700,-1.7599999904632568,9313350000
2022-09-26,15550,-6.889999866485596,7905043650
2022-09-27,15500,-0.3199999928474426,4397875100
2022-09-28,14600,-5.809999942779541,7775598350
2022-09-29,14550,-0.3400000035762787,4533264000
2022-09-30,13400,-7.900000095367432,13751431900
2022-10-04,13800,2.990000009536743,4950833800
2022-10-05,13650,-1.090000033378601,3982232050
2022-10-06,14100,3.299999952316284,2508252100
2022-10-07,14100,0.0,3740981150
2022-10-11,14000,-0.7099999785423279,3805482300
2022-10-12,14600,4.289999961853027,5689047100
2022-10-13,14150,-3.0799999237060547,2885257450
2022-10-14,14550,2.8299999237060547,1857619200
2022-10-17,14550,0.0,1871388700
2022-10-18,15100,3.7799999713897705,2121504050
2022-10-19,15200,0.6600000262260437,2651533300
2022-10-20,14850,-2.299999952316284,1525503600
2022-10-21,14700,-1.0099999904632568,2337892150
2022-10-24,14650,-0.3400000035762787,2172673600
2022-10-25,14500,-1.0199999809265137,1533309800
2022-10-26,14600,0.6899999976158142,1543890100
2022-10-27,14850,1.7100000381469729,3671502300
2022-10-28,14850,0.0,2396392150
2022-10-31,14750,-0.6700000166893005,2724782600
2022-11-01,15000,1.690000057220459,1384744250
2022-11-02,14800,-1.3300000429153442,6394540600
2022-11-03,14600,-1.350000023841858,2952085100
2022-11-04,15300,4.789999961853027,3670865000
2022-11-07,15500,1.309999942779541,3087071750
2022-11-08,15450,-0.3199999928474426,2909627350
2022-11-09,15550,0.6499999761581421,2906833000
2022-11-10,15150,-2.569999933242798,3095335250
2022-11-11,15600,2.970000028610229,3620452200
2022-11-14,16950,8.649999618530273,23212625150
2022-11-15,16750,-1.1799999475479126,9249247650
2022-11-16,16850,0.6000000238418579,7581709250
2022-11-17,15850,-5.929999828338623,10032386800
2022-11-18,15750,-0.6299999952316284,4084823750
2022-11-21,15650,-0.6299999952316284,3030982050
2022-11-22,15850,1.2799999713897705,3711055200
2022-11-23,16100,1.5800000429153442,4600404950
2022-11-24,15800,-1.8600000143051147,3307597600
2022-11-25,15700,-0.6299999952316284,2267636100
2022-11-28,15350,-2.2300000190734863,2211525450
2022-11-29,15750,2.609999895095825,1415596600
2022-11-30,15850,0.6299999952316284,2785931300
2022-12-01,15950,0.6299999952316284,2220959750
2022-12-02,16050,0.6299999952316284,3008483500
2022-12-05,16350,1.870000004768372,3857675000
2022-12-06,15950,-2.450000047683716,2396931600
2022-12-07,15500,-2.819999933242798,3357102150
2022-12-08,15450,-0.3199999928474426,2936715500
2022-12-09,15850,2.5899999141693115,2658159600
2022-12-12,15750,-0.6299999952316284,2334243400
2022-12-13,15900,0.949999988079071,1858236850
2022-12-14,16250,2.200000047683716,2915717750
2022-12-15,16250,0.0,2564250850
2022-12-16,16200,-0.3100000023841858,2747491050
2022-12-19,16000,-1.2300000190734863,1144663350
2022-12-20,15600,-2.5,1569709950
2022-12-21,16550,6.090000152587891,7289489800
2022-12-22,16900,2.109999895095825,6794514300
2022-12-23,16350,-3.25,3745371100
2022-12-26,16200,-0.9200000166893004,3211787050
2022-12-27,16650,2.7799999713897705,3963619450
2022-12-28,15900,-4.5,3410862850
2022-12-29,15400,-3.140000104904175,3206813950
2023-01-02,14750,-4.21999979019165,3301895700
2023-01-03,14450,-2.0299999713897705,3261724050
2023-01-04,15150,4.840000152587891,2589757050
2023-01-05,14700,-2.970000028610229,3002242600
2023-01-06,14850,1.0199999809265137,1203994950
2023-01-09,15500,4.380000114440918,2931907350
2023-01-10,16100,3.869999885559082,5948512700
2023-01-11,16150,0.3100000023841858,2125204100
2023-01-12,15650,-3.0999999046325684,2664778150
2023-01-13,15950,1.919999957084656,1774705050
2023-01-16,16150,1.25,1875314000
2023-01-17,15850,-1.8600000143051147,2202319600
2023-01-18,16350,3.150000095367432,3285068000
2023-01-19,16300,-0.3100000023841858,2792704100
2023-01-20,16500,1.2300000190734863,1592150800
2023-01-25,16090,-2.4800000190734863,2136406630
2023-01-26,16050,-0.25,1652686950
2023-01-27,16460,2.549999952316284,2433923920
2023-01-30,16120,-2.069999933242798,1101791870
2023-01-31,16240,0.7400000095367432,1713191750
2023-02-01,16100,-0.8600000143051147,1600382580
2023-02-02,16150,0.3100000023841858,2377315200
2023-02-03,16860,4.400000095367432,5288085730
2023-02-06,16630,-1.3600000143051147,4715718220
2023-02-07,17300,4.03000020980835,8232431470
2023-02-08,17260,-0.2300000041723251,3360765400
2023-02-09,16950,-1.7999999523162842,1806381670
2023-02-10,17000,0.2899999916553497,2461878420
2023-02-13,16690,-1.820000052452088,1573259390
2023-02-14,16690,0.0,1244061240
2023-02-15,17350,3.950000047683716,9925119910
2023-02-16,18510,6.690000057220459,16852797280
2023-02-17,18130,-2.049999952316284,4536777270
2023-02-20,17930,-1.100000023841858,3702604470
2023-02-21,17600,-1.840000033378601,3055752000
2023-02-22,17370,-1.309999942779541,3717150120
2023-02-23,17180,-1.090000033378601,2179001050
2023-02-24,17330,0.8700000047683716,2012473630
2023-02-27,17050,-1.6200000047683716,2699152630
2023-02-28,16680,-2.1700000762939453,2735348470
2023-03-02,17080,2.400000095367432,3418755770
2023-03-03,16670,-2.400000095367432,5778288640
2023-03-06,16790,0.7200000286102295,4014667000
2023-03-07,17780,5.900000095367432,6264184340
2023-03-08,17380,-2.25,4146292830
2023-03-09,17700,1.840000033378601,4127807970
2023-03-10,17240,-2.5999999046325684,3825892680
2023-03-13,16880,-2.0899999141693115,2478915050
2023-03-14,16480,-2.369999885559082,2690233030
2023-03-15,16400,-0.4900000095367431,3136658560
2023-03-16,15790,-3.7200000286102295,4228668100
2023-03-17,15930,0.8899999856948853,1805758670
2023-03-20,15610,-2.009999990463257,2291814070
2023-03-21,15680,0.449999988079071,1260427860
2023-03-22,15360,-2.039999961853028,3634247500
2023-03-23,15160,-1.2999999523162842,2245486620
2023-03-24,15090,-0.4600000083446502,2568658840
2023-03-27,15080,-0.0700000002980232,1507911940
2023-03-28,15270,1.2599999904632568,1964464820
2023-03-29,15300,0.2000000029802322,2273183080
2023-03-30,15530,1.5,2114373440
2023-03-31,15530,0.0,1282527280
2023-04-03,15530,0.0,1659599570
2023-04-04,15650,0.7699999809265137,1797154590
2023-04-05,15410,-1.5299999713897705,3076046500
2023-04-06,15060,-2.2699999809265137,3343962230
2023-04-07,15110,0.3300000131130218,1443320750
2023-04-10,16210,7.28000020980835,7664304100
2023-04-11,17520,8.079999923706055,38455994940
2023-04-12,17180,-1.940000057220459,6030078210
2023-04-13,17280,0.5799999833106995,3748766450
2023-04-14,17110,-0.9800000190734864,3050164770
2023-04-17,17100,-0.0599999986588954,4993150370
2023-04-18,17390,1.7000000476837158,4815534820
2023-04-19,17420,0.1700000017881393,4812644780
2023-04-20,17550,0.75,6075138970
2023-04-21,17410,-0.800000011920929,4980745180
2023-04-24,17480,0.4000000059604645,2583008010
2023-04-25,17590,0.6299999952316284,6351731020
2023-04-26,17660,0.4000000059604645,4676128570
2023-04-27,17860,1.1299999952316284,5463027890
2023-04-28,16940,-5.150000095367432,3110879070
2023-05-02,17400,2.720000028610229,1096150100
2023-05-03,16950,-2.5899999141693115,1642077040
2023-05-04,16650,-1.7699999809265137,7246567430
2023-05-08,16700,0.3000000119209289,3272584880
2023-05-09,17270,3.4100000858306885,3810578000
2023-05-10,16880,-2.259999990463257,4735865060
2023-05-11,18160,7.579999923706055,13910948820
2023-05-12,17660,-2.75,3354498380
2023-05-15,17750,0.5099999904632568,6019978510
2023-05-16,17140,-3.440000057220459,3760401690
2023-05-17,16720,-2.450000047683716,3135315930
2023-05-18,16690,-0.1800000071525573,1168441110
2023-05-19,16550,-0.8399999737739563,1820167400
2023-05-22,16490,-0.3600000143051147,2950322670
2023-05-23,16340,-0.9100000262260436,2008484720
2023-05-24,15980,-2.200000047683716,3393067670
2023-05-25,15740,-1.5,2717038640
2023-05-26,15890,0.949999988079071,2943830420
2023-05-30,15930,0.25,1883421980
2023-05-31,15910,-0.1299999952316284,2061560800
2023-06-01,15800,-0.6899999976158142,1246458460
2023-06-02,15680,-0.7599999904632568,1609812640
2023-06-05,16330,4.150000095367432,2891412440
2023-06-07,16120,-1.2899999618530271,1819145140
2023-06-08,16410,1.7999999523162842,2597824220
2023-06-09,16280,-0.7900000214576721,2025630130
2023-06-12,16310,0.1800000071525573,1443622890
2023-06-13,16300,-0.0599999986588954,981848400
2023-06-14,16600,1.840000033378601,2369372140
2023-06-15,16400,-1.2000000476837158,1934640720
2023-06-16,17880,9.020000457763672,14484833920
2023-06-19,18620,4.139999866485596,9191851500
2023-06-20,18760,0.75,4866218760
2023-06-21,18450,-1.649999976158142,3083864590
2023-06-22,18640,1.0299999713897705,2221138470
2023-06-23,18400,-1.2899999618530271,2806738230
2023-06-26,18410,0.050000000745058,1872987230
2023-06-27,19800,7.550000190734863,11856383670
2023-06-28,20950,5.809999942779541,15090504380
2023-06-29,21000,0.2399999946355819,8934145400
2023-06-30,21450,2.140000104904175,7353595650
2023-07-03,20850,-2.799999952316284,6118368250
2023-07-04,20850,0.0,5019416650
2023-07-05,20600,-1.2000000476837158,3696024100
2023-07-06,19750,-4.130000114440918,8308052100
2023-07-07,19760,0.050000000745058,3390170750
2023-07-10,18970,-4.0,3139954860
2023-07-11,19030,0.3199999928474426,3863036610
2023-07-12,19710,3.569999933242798,3530364740
2023-07-13,18900,-4.110000133514404,5042728050
2023-07-14,18950,0.2599999904632568,2339683980
2023-07-17,18680,-1.4199999570846558,1730745490
2023-07-18,18440,-1.2799999713897705,2163150140
2023-07-19,18100,-1.840000033378601,1778967200
2023-07-20,18220,0.6600000262260437,1566385070
2023-07-21,18480,1.4299999475479126,2902541500
2023-07-24,18150,-1.7899999618530271,2189606580
2023-07-25,18000,-0.8299999833106995,1210424250
2023-07-26,17380,-3.440000057220459,2594592720
2023-07-27,17910,3.049999952316284,2605455820
2023-07-28,18190,1.559999942779541,2196004790
2023-07-31,17930,-1.4299999475479126,1898752840
2023-08-01,18000,0.3899999856948852,1442842270
2023-08-02,17740,-1.440000057220459,2195884400
2023-08-03,17760,0.1099999994039535,1515975440
2023-08-04,19390,9.18000030517578,11722735370
2023-08-07,20000,3.150000095367432,7301910370
2023-08-08,19210,-3.950000047683716,3401614150
2023-08-09,19200,-0.050000000745058,1207422400
2023-08-10,20050,4.429999828338623,8039253400
2023-08-11,20300,1.25,5182761920
2023-08-14,21800,7.389999866485596,8945646400
2023-08-16,21150,-2.9800000190734863,6990567400
2023-08-17,20950,-0.949999988079071,2042452600
2023-08-18,20950,0.0,1843610250
2023-08-21,20650,-1.4299999475479126,1569616600
2023-08-22,20350,-1.4500000476837158,3021310000
2023-08-23,18950,-6.880000114440918,8189991300
2023-08-24,18890,-0.3199999928474426,2977536740
2023-08-25,18930,0.209999993443489,4017931630
2023-08-28,19330,2.109999895095825,5237485450
2023-08-29,19470,0.7200000286102295,2731937150
2023-08-30,19480,0.050000000745058,2939570060
2023-08-31,19520,0.209999993443489,1564614720
2023-09-01,20150,3.2300000190734863,3141333440
2023-09-04,20200,0.25,2380251170
2023-09-05,21150,4.699999809265137,5920419750
2023-09-06,20350,-3.7799999713897705,3324532350
2023-09-07,20850,2.4600000381469727,3445649150
2023-09-08,20800,-0.2399999946355819,1835936600
2023-09-11,21600,3.849999904632568,3838579550
2023-09-12,21200,-1.850000023841858,4116537200
2023-09-13,20600,-2.8299999237060547,1828999550
2023-09-14,22050,7.039999961853027,5589856250
2023-09-15,21250,-3.630000114440918,3705209250
2023-09-18,21000,-1.1799999475479126,1231200500
2023-09-19,20750,-1.190000057220459,2735493050
2023-09-20,20800,0.2399999946355819,2083006500
2023-09-21,20400,-1.919999957084656,1602110400
2023-09-22,20200,-0.9800000190734864,2292370870
2023-09-25,20900,3.470000028610229,2993845250
2023-09-26,19760,-5.449999809265137,2777187010
2023-09-27,19700,-0.3000000119209289,1620839040
2023-10-04,19440,-1.3200000524520874,1921974470
2023-10-05,19060,-1.950000047683716,3348378150
2023-10-06,19130,0.3700000047683716,698876830
2023-10-10,18770,-1.8799999952316284,1292072060
2023-10-11,19500,3.890000104904175,2178616450
2023-10-12,19500,0.0,1634254430
2023-10-13,19280,-1.1299999952316284,1284499280
2023-10-16,19120,-0.8299999833106995,1012740800
2023-10-17,19270,0.7799999713897705,1132482260
2023-10-18,20600,6.900000095367432,6854733260
2023-10-19,21100,2.430000066757202,3764191050
2023-10-20,20250,-4.03000020980835,3341890310
2023-10-23,20750,2.470000028610229,4757580110
2023-10-24,21100,1.690000057220459,3234074800
2023-10-25,21700,2.8399999141693115,3709413850
2023-10-26,21300,-1.840000033378601,1790716400
2023-10-27,20850,-2.109999895095825,1282603000
2023-10-30,20950,0.4799999892711639,892480900
2023-10-31,22850,9.06999969482422,30719127950
2023-11-01,22600,-1.090000033378601,7494108750
2023-11-02,22600,0.0,9931085900
2023-11-03,22200,-1.7699999809265137,4327037850
2023-11-06,22900,3.150000095367432,5976488800
2023-11-07,22700,-0.8700000047683716,3129987750
2023-11-08,22950,1.100000023841858,1913342400
2023-11-09,24000,4.579999923706055,9004901650
2023-11-10,23050,-3.9600000381469727,2375689700
2023-11-13,23200,0.6499999761581421,6773506200
2023-11-14,22250,-4.090000152587891,6256197650
2023-11-15,22350,0.449999988079071,4097438100
2023-11-16,23000,2.9100000858306885,7630707350
2023-11-17,23350,1.5199999809265137,9320677900
2023-11-20,23050,-1.2799999713897705,2664115700
2023-11-21,23550,2.1700000762939453,2464533250
2023-11-22,22950,-2.549999952316284,2534349250
2023-11-23,22200,-3.2699999809265137,3771199600
2023-11-24,22100,-0.449999988079071,1727416150
2023-11-27,22050,-0.2300000041723251,1991011700
2023-11-28,21850,-0.9100000262260436,1777165950
2023-11-29,21250,-2.75,3401588550
2023-11-30,20750,-2.3499999046325684,4001480050
2023-12-01,20950,0.959999978542328,3316216950
2023-12-04,21650,3.3399999141693115,2323326400
2023-12-05,21600,-0.2300000041723251,2692243850
2023-12-06,21650,0.2300000041723251,1773812400
2023-12-07,21100,-2.539999961853028,2587278550
2023-12-08,21100,0.0,1654428000
2023-12-11,22350,5.920000076293945,3888242850
2023-12-12,22300,-0.2199999988079071,1666705650
2023-12-13,22150,-0.6700000166893005,1934473350
2023-12-14,21700,-2.0299999713897705,4269672450
2023-12-15,21700,0.0,1096406000
2023-12-18,21900,0.9200000166893004,814581700
2023-12-19,22400,2.2799999713897705,1941285500
2023-12-20,22350,-0.2199999988079071,1658805100
2023-12-21,21900,-2.009999990463257,1267898300
2023-12-22,21950,0.2300000041723251,834413750
2023-12-26,22150,0.9100000262260436,1388236800
2023-12-27,21150,-4.510000228881836,6809573050
2023-12-28,21050,-0.4699999988079071,2438330700
2024-01-02,20600,-2.140000104904175,1957607550
2024-01-03,20250,-1.7000000476837158,2053363900
2024-01-04,20350,0.4900000095367431,2633933900
2024-01-05,19830,-2.559999942779541,2610771180
2024-01-08,20050,1.1100000143051147,3137929960
2024-01-09,20500,2.240000009536743,1487170150
2024-01-10,20050,-2.200000047683716,1990918520
2024-01-11,20150,0.5,1303130900
2024-01-12,20100,-0.25,916832240
2024-01-15,20000,-0.5,680563100
2024-01-16,19370,-3.150000095367432,3019406700
2024-01-17,19720,1.809999942779541,1688404730
2024-01-18,20100,1.9299999475479128,1830134170
2024-01-19,19860,-1.190000057220459,1386443500
2024-01-22,20000,0.699999988079071,775136090
2024-01-23,19720,-1.399999976158142,1422538350
2024-01-24,19590,-0.6600000262260437,969904870
2024-01-25,19960,1.8899999856948853,1110787660
2024-01-26,19670,-1.4500000476837158,1039763900
2024-01-29,19670,0.0,2058600190
2024-01-30,20450,3.9700000286102295,2232021040
2024-01-31,20600,0.7300000190734863,1514812300
2024-02-01,20350,-1.2100000381469729,1234256850
2024-02-02,20500,0.7400000095367432,1536741200
2024-02-05,20650,0.7300000190734863,1194780650
2024-02-06,20600,-0.2399999946355819,820709000
2024-02-07,20600,0.0,905041650
2024-02-08,20150,-2.180000066757202,1923869200
2024-02-13,20450,1.4900000095367432,556882500
2024-02-14,21450,4.889999866485596,9466719350
2024-02-15,21550,0.4699999988079071,1848253150
2024-02-16,21250,-1.3899999856948853,1157127800
2024-02-19,21200,-0.2399999946355819,1207111400
2024-02-20,21000,-0.9399999976158142,1122712100
2024-02-21,21400,1.899999976158142,1282263950
2024-02-22,21450,0.2300000041723251,1099057350
2024-02-23,21700,1.1699999570846558,1173357850
2024-02-26,21100,-2.759999990463257,972292000
2024-02-27,21200,0.4699999988079071,1444397300
2024-02-28,21050,-0.7099999785423279,1341478000
2024-02-29,20400,-3.0899999141693115,5789378750
2024-03-04,19850,-2.700000047683716,5330173840
2024-03-05,19260,-2.970000028610229,3982017430
2024-03-06,19070,-0.9900000095367432,2998464500
2024-03-07,18220,-4.460000038146973,5910172820
2024-03-08,18560,1.870000004768372,2552913950
2024-03-11,19250,3.7200000286102295,3020986530
2024-03-12,19160,-0.4699999988079071,1859059840
2024-03-13,19340,0.9399999976158142,1960758280
2024-03-14,19590,1.2899999618530271,1249848200
2024-03-15,19350,-1.2300000190734863,2333148190
2024-03-18,19760,2.119999885559082,1409889550
2024-03-19,20300,2.7300000190734863,2725571340
2024-03-20,20100,-0.9900000095367432,2322422590
2024-03-21,20750,3.2300000190734863,2532191000
2024-03-22,20250,-2.4100000858306885,1856445000
2024-03-25,20000,-1.2300000190734863,1180871390
2024-03-26,19840,-0.800000011920929,1848693410
2024-03-27,20000,0.8100000023841858,1186931760
2024-03-28,20000,0.0,819983510
2024-03-29,19990,-0.050000000745058,4920420740
2024-04-01,21100,5.550000190734863,4988108140
2024-04-02,21200,0.4699999988079071,3975860300
2024-04-03,21350,0.7099999785423279,5347175500
2024-04-04,20950,-1.870000004768372,2509671350
2024-04-05,20450,-2.390000104904175,3312388150
2024-04-08,20500,0.2399999946355819,1132667800
2024-04-09,20450,-0.2399999946355819,788089950
2024-04-11,20100,-1.7100000381469729,1391481900
2024-04-12,19610,-2.440000057220459,4715967780
2024-04-15,19270,-1.7300000190734863,784466050
2024-04-16,19110,-0.8299999833106995,2043077300
2024-04-17,20400,6.75,3154932050
2024-04-18,20700,1.4700000286102295,2148656350
2024-04-19,20550,-0.7200000286102295,1965756400
2024-04-22,21350,3.890000104904175,2719187850
2024-04-23,20950,-1.870000004768372,1455730250
2024-04-24,20950,0.0,1454125150
2024-04-25,20850,-0.4799999892711639,797665150
2024-04-26,20800,-0.2399999946355819,653042400
2024-04-29,21850,5.050000190734863,1950900800
2024-04-30,21650,-0.9200000166893004,1177222900
2024-05-02,21400,-1.149999976158142,996125900
2024-05-03,21500,0.4699999988079071,642036250
2024-05-07,21600,0.4699999988079071,1972187150
2024-05-08,21800,0.9300000071525574,2620559000
2024-05-09,21750,-0.2300000041723251,3403721850
2024-05-10,21800,0.2300000041723251,1086922100
2024-05-13,21500,-1.3799999952316284,1075601100
2024-05-14,21650,0.699999988079071,955708600
2024-05-16,22200,2.539999961853028,2672626500
2024-05-17,22300,0.449999988079071,1702114300
2024-05-20,22250,-0.2199999988079071,999062850
2024-05-21,21450,-3.5999999046325684,821998050
2024-05-22,20650,-3.7300000190734863,2313507050
2024-05-23,20050,-2.9100000858306885,1783968250
2024-05-24,20150,0.5,2366272320
2024-05-27,20250,0.5,1026595250
2024-05-28,20300,0.25,991482350
2024-05-29,20250,-0.25,1229363000
2024-05-30,20250,0.0,1631604950
2024-05-31,23600,16.540000915527344,67707211050
2024-06-03,23150,-1.909999966621399,12048812050
2024-06-04,22050,-4.75,6434360550
2024-06-05,21000,-4.760000228881836,4945552850
2024-06-07,21300,1.4299999475479126,3881069250
2024-06-10,20650,-3.049999952316284,3151735150
2024-06-11,20900,1.2100000381469729,2313565100
2024-06-12,21000,0.4799999892711639,1471238400
2024-06-13,20850,-0.7099999785423279,1584382100
2024-06-14,20900,0.2399999946355819,3595510400
2024-06-17,21700,3.829999923706055,2527107600
2024-06-18,21050,-3.0,4620584850
2024-06-19,20800,-1.190000057220459,2045793050
2024-06-20,20900,0.4799999892711639,1560910350
2024-06-21,20500,-1.909999966621399,2267356400
2024-06-24,20100,-1.950000047683716,2420662850
2024-06-25,20450,1.7400000095367432,2066858550
2024-06-26,20050,-1.9600000381469729,1590189550
2024-06-27,19200,-4.239999771118164,3911804760
2024-06-28,20150,4.949999809265137,3004027700
2024-07-01,19700,-2.2300000190734863,2199506850
2024-07-02,19460,-1.2200000286102295,2192755420
2024-07-03,18750,-3.650000095367432,4493392410
2024-07-04,19060,1.649999976158142,1514642570
2024-07-05,19380,1.6799999475479126,2770403290
2024-07-08,19400,0.1000000014901161,2654384410
2024-07-09,20000,3.0899999141693115,2235354880
2024-07-10,20300,1.5,2129663650
2024-07-11,20650,1.7200000286102295,5229646750
2024-07-12,21600,4.599999904632568,5699755300
2024-07-15,21400,-0.9300000071525574,1445238850
2024-07-16,21300,-0.4699999988079071,1885981200
2024-07-17,21500,0.9399999976158142,4113576200
2024-07-18,21050,-2.0899999141693115,3761818400
2024-07-19,20450,-2.8499999046325684,1155189000
2024-07-22,19950,-2.440000057220459,2066920200
2024-07-23,20100,0.75,1770509150
2024-07-24,20350,1.2400000095367432,994002130
2024-07-25,20000,-1.7200000286102295,702454130
2024-07-26,20250,1.25,788199620
2024-07-29,19920,-1.6299999952316284,1064178530
2024-07-30,19550,-1.8600000143051147,1159384560
2024-07-31,19650,0.5099999904632568,1480802680
2024-08-01,20000,1.7799999713897705,1251548140
2024-08-02,19780,-1.100000023841858,2087880800
2024-08-05,17310,-12.489999771118164,4765739920
2024-08-06,17800,2.8299999237060547,2050247120
2024-08-07,17940,0.7900000214576721,1104786550
2024-08-08,17830,-0.6100000143051147,1466435800
2024-08-09,18320,2.75,841298930
2024-08-12,18800,2.619999885559082,697686280
2024-08-13,18230,-3.0299999713897705,2134600640
2024-08-14,17730,-2.740000009536743,3694033890
2024-08-16,17660,-0.3899999856948852,2515506110
2024-08-19,17260,-2.2699999809265137,2180303380
2024-08-20,16920,-1.9700000286102293,2327055050
2024-08-21,16950,0.1800000071525573,873099640
2024-08-22,17220,1.590000033378601,2637970980
2024-08-23,17300,0.4600000083446502,1189942700
2024-08-26,17280,-0.1199999973177909,802796710
2024-08-27,17410,0.75,2407466490
2024-08-28,16800,-3.5,5366919680
2024-08-29,16610,-1.1299999952316284,2644689410
2024-08-30,16460,-0.8999999761581421,2518096610
2024-09-02,15890,-3.4600000381469727,4062494020
2024-09-03,15790,-0.6299999952316284,2189652480
2024-09-04,15080,-4.5,3151075470
2024-09-05,15340,1.7200000286102295,1443534600
2024-09-06,14860,-3.130000114440918,1405776850
2024-09-09,14970,0.7400000095367432,1064390450
2024-09-10,14630,-2.2699999809265137,1330305990
2024-09-11,14500,-0.8899999856948853,706295230
2024-09-12,14650,1.0299999713897705,1764977900
2024-09-13,15010,2.4600000381469727,1129833940
2024-09-19,14780,-1.5299999713897705,1125565250
2024-09-20,14790,0.0700000002980232,948189180
2024-09-23,14990,1.350000023841858,832099150
2024-09-24,15350,2.400000095367432,2105134520
2024-09-25,15630,1.820000052452088,2331442070
2024-09-26,15760,0.8299999833106995,1296437990
2024-09-27,15910,0.949999988079071,3580881410
2024-09-30,16000,0.5699999928474426,1951683980
2024-10-02,15700,-1.8799999952316284,1666080090
2024-10-04,15450,-1.590000033378601,1766648350
2024-10-07,15720,1.75,769025620
2024-10-08,15550,-1.0800000429153442,973110320
2024-10-10,15650,0.6399999856948853,1913014470
2024-10-11,15800,0.959999978542328,1177678210
2024-10-14,16480,4.300000190734863,2910265940
2024-10-15,16460,-0.1199999973177909,2127456570
2024-10-16,16840,2.309999942779541,2042801650
2024-10-17,16190,-3.859999895095825,1718413780
2024-10-18,15810,-2.3499999046325684,1318144920
2024-10-21,15950,0.8899999856948853,940559160
2024-10-22,15600,-2.190000057220459,1145478720
2024-10-23,15460,-0.8999999761581421,843064950
2024-10-24,15800,2.200000047683716,1735666620
2024-10-25,15250,-3.4800000190734863,1409615770
2024-10-28,15550,1.9700000286102293,458563650
2024-10-29,15260,-1.8600000143051147,626053340
2024-10-30,15090,-1.1100000143051147,955881060
2024-10-31,15390,1.9900000095367432,1449244560
2024-11-01,15240,-0.9700000286102296,751608500
2024-11-04,15390,0.9800000190734864,551383210
2024-11-05,15370,-0.1299999952316284,410794260
2024-11-06,15330,-0.2599999904632568,757314790
2024-11-07,15200,-0.8500000238418579,1029427150
2024-11-08,15050,-0.9900000095367432,889533820
2024-11-11,14510,-3.5899999141693115,1724008910
2024-11-12,13800,-4.889999866485596,1532301760
2024-11-13,13620,-1.2999999523162842,1059833050
2024-11-14,13260,-2.640000104904175,1237804830
2024-11-15,13940,5.130000114440918,1078978270
2024-11-18,13500,-3.1600000858306885,1240709540
2024-11-19,13580,0.5899999737739563,553824870
2024-11-20,13320,-1.909999966621399,863387350
2024-11-21,13360,0.3000000119209289,556180930
2024-11-22,14070,5.309999942779541,2117508340
2024-11-25,14070,0.0,834879880
2024-11-26,14080,0.0700000002980232,702257990
2024-11-27,14190,0.7799999713897705,688297300
2024-11-28,14240,0.3499999940395355,348050920
2024-11-29,14160,-0.5600000023841858,565496080
2024-12-02,13860,-2.119999885559082,515535560
2024-12-03,14290,3.0999999046325684,593364200
2024-12-04,14200,-0.6299999952316284,1525979470
2024-12-05,14060,-0.9900000095367432,1131365660
2024-12-06,14200,1.0,992984720
2024-12-09,13690,-3.5899999141693115,1017224580
2024-12-10,13920,1.6799999475479126,1198032500
2024-12-11,14350,3.0899999141693115,604766320
2024-12-12,14500,1.0499999523162842,1169435090
2024-12-13,14530,0.209999993443489,1021488320
2024-12-16,14090,-3.0299999713897705,902542250
2024-12-17,14240,1.059999942779541,589424700
2024-12-18,14340,0.699999988079071,413519540
2024-12-19,14300,-0.2800000011920929,687079880
2024-12-20,13900,-2.799999952316284,995114680
2024-12-23,14480,4.170000076293945,694440090
2024-12-24,14350,-0.8999999761581421,781632560
2024-12-26,14300,-0.3499999940395355,496800550
2024-12-27,14050,-1.75,799982750
2024-12-30,14170,0.8500000238418579,370841310
2025-01-02,13750,-2.9600000381469727,923415150
2025-01-03,13800,0.3600000143051147,794697850
2025-01-06,13870,0.5099999904632568,811077980
2025-01-07,13700,-1.2300000190734863,1182073800
2025-01-08,13810,0.800000011920929,819958100
2025-01-09,13800,-0.0700000002980232,1795094570
2025-01-10,13690,-0.800000011920929,1034505840
2025-01-13,13360,-2.4100000858306885,1899158770
2025-01-14,13460,0.75,579490140
2025-01-15,13340,-0.8899999856948853,769703830
2025-01-16,13230,-0.8199999928474426,1125333570
2025-01-17,13240,0.0799999982118606,881430210
2025-01-20,13280,0.3000000119209289,509946110
2025-01-21,13200,-0.6000000238418579,1074374490
2025-01-22,13310,0.8299999833106995,719562760
2025-01-23,13120,-1.4299999475479126,715826970
2025-01-24,13320,1.5199999809265137,598476040
2025-01-31,13150,-1.2799999713897705,556220920
2025-02-03,12700,-3.4200000762939453,1266538410
2025-02-04,12960,2.049999952316284,619062140
2025-02-05,13020,0.4600000083446502,319577900
2025-02-06,13550,4.070000171661377,1363310160
2025-02-07,13410,-1.0299999713897705,1262547100
2025-02-10,13790,2.8299999237060547,1324953750
2025-02-11,13090,-5.079999923706055,2559035070
2025-02-12,12960,-0.9900000095367432,1150263540
2025-02-13,12930,-0.2300000041723251,1060434580
2025-02-14,12630,-2.319999933242798,2944151030
2025-02-17,12640,0.0799999982118606,1539278740
2025-02-18,12600,-0.3199999928474426,1466690750
2025-02-19,12590,-0.0799999982118606,2271798170
2025-02-20,12780,1.5099999904632568,1867690670
2025-02-21,12690,-0.699999988079071,1112230930
2025-02-24,12760,0.550000011920929,1017024400
2025-02-25,12460,-2.3499999046325684,1727888900
2025-02-26,12630,1.3600000143051147,1228352050
2025-02-27,12660,0.2399999946355819,906836000
2025-02-28,11660,-7.900000095367432,7169326200
2025-03-04,11720,0.5099999904632568,1410279445
2025-03-05,11870,1.2799999713897705,1588015255
2025-03-06,12060,1.600000023841858,1190739915
2025-03-07,12320,2.1600000858306885,3527531770
2025-03-10,12320,0.0,2148031490
2025-03-11,12370,0.4099999964237213,942719730
2025-03-12,12170,-1.6200000047683716,923966065
2025-03-13,11860,-2.549999952316284,2069298480
2025-03-14,12000,1.1799999475479126,1127479920
2025-03-17,12130,1.0800000429153442,1064986730
2025-03-18,12120,-0.0799999982118606,571243580
2025-03-19,12210,0.7400000095367432,864249060
2025-03-20,12110,-0.8199999928474426,1047161715
2025-03-21,12070,-0.3300000131130218,603779620
2025-03-24,11970,-0.8299999833106995,763727245
2025-03-25,12040,0.5799999833106995,735667030
2025-03-26,11970,-0.5799999833106995,930249800
2025-03-27,12000,0.25,1072304000
2025-03-28,11510,-4.079999923706055,1240918125
2025-03-31,11130,-3.299999952316284,1141552500
2025-04-01,11030,-0.8999999761581421,997675550
2025-04-02,10770,-2.359999895095825,1295344530
2025-04-03,9850,-8.539999961853027,4839021040
2025-04-04,10210,3.650000095367432,2499676540
2025-04-07,10070,-1.3700000047683716,1128384685
2025-04-08,9870,-1.9900000095367432,1004048245
2025-04-09,9990,1.2200000286102295,2066759095
2025-04-10,10820,8.3100004196167,2321329085
2025-04-11,10720,-0.9200000166893004,696768980
2025-04-14,10660,-0.5600000023841858,686784620
2025-04-15,10830,1.590000033378601,683467010
2025-04-16,10500,-3.049999952316284,796020600
2025-04-17,10730,2.190000057220459,512785355
2025-04-18,10740,0.0900000035762786,257459190
2025-04-21,10580,-1.4900000095367432,280316930
2025-04-22,10600,0.1899999976158142,256812155
2025-04-23,10890,2.740000009536743,755641300
2025-04-24,10770,-1.100000023841858,799168185
2025-04-25,11140,3.440000057220459,1196980905
2025-04-28,11090,-0.449999988079071,569889840
2025-04-29,11200,0.9900000095367432,406869595
2025-04-30,11150,-0.449999988079071,331586745
2025-05-02,11200,0.449999988079071,677286280
2025-05-07,11070,-1.159999966621399,444879570
2025-05-08,11200,1.1699999570846558,696394960
2025-05-09,11120,-0.7099999785423279,423806565
2025-05-12,11310,1.7100000381469729,636285115
2025-05-13,11460,1.3300000429153442,851183160
2025-05-14,11370,-0.7900000214576721,812133330
2025-05-15,11050,-2.809999942779541,1053695915
2025-05-16,10630,-3.799999952316284,1297332955
2025-05-19,10230,-3.759999990463257,1359402655
2025-05-20,10350,1.1699999570846558,694148735
2025-05-21,10090,-2.509999990463257,1581082210
2025-05-22,10060,-0.3000000119209289,1299298420
2025-05-23,10110,0.5,1135135620
2025-05-26,10360,2.470000028610229,595591180
2025-05-27,10400,0.3899999856948852,881173620
2025-05-28,10430,0.2899999916553497,1360850370
2025-05-29,11780,12.9399995803833,11180920355
2025-05-30,11100,-5.769999980926514,2869950930
2025-06-02,10720,-3.4200000762939453,1991373595
2025-06-04,10900,1.6799999475479126,1843659185
2025-06-05,10870,-0.2800000011920929,1495828430
2025-06-09,10900,0.2800000011920929,1332122825
2025-06-10,11020,1.100000023841858,1670638755
2025-06-11,11130,1.0,2865267135
2025-06-12,11070,-0.5400000214576721,5368430570
2025-06-13,10730,-3.069999933242798,2136821965
2025-06-16,10540,-1.7699999809265137,1875438535
2025-06-17,10390,-1.4199999570846558,2194125095
2025-06-18,10440,0.4799999892711639,1469175820
2025-06-19,10580,1.340000033378601,1191518535
2025-06-20,10740,1.5099999904632568,1522645645
2025-06-23,10450,-2.700000047683716,1303256630
2025-06-24,10670,2.109999895095825,1163652690
2025-06-25,10720,0.4699999988079071,887501955
2025-06-26,10640,-0.75,1115551085
2025-06-27,10450,-1.7899999618530271,1374683330
2025-06-30,10430,-0.1899999976158142,960911450
2025-07-01,10610,1.7300000190734863,1096871260
2025-07-02,10870,2.450000047683716,1993194605
2025-07-03,11620,6.900000095367432,15697551395
2025-07-04,11020,-5.159999847412109,4948349625
2025-07-07,10860,-1.4500000476837158,1445110340
2025-07-08,10880,0.1800000071525573,1564873030
2025-07-09,11090,1.9299999475479128,1236042415
2025-07-10,11230,1.2599999904632568,2484480365
2025-07-11,11310,0.7099999785423279,2257437040
2025-07-14,11260,-0.4399999976158142,1179410120
2025-07-15,11090,-1.5099999904632568,1703159170
2025-07-16,10920,-1.5299999713897705,1980130485
2025-07-17,10930,0.0900000035762786,1823620765
2025-07-18,11080,1.3700000047683716,1621554700
2025-07-21,11070,-0.0900000035762786,1556283620
2025-07-22,10920,-1.3600000143051147,2128756745
2025-07-23,11100,1.649999976158142,1028108180
2025-07-24,10830,-2.430000066757202,1707670155
2025-07-25,10690,-1.2899999618530271,1371861630
2025-07-28,10620,-0.6499999761581421,1000710965
2025-07-29,10480,-1.3200000524520874,1237409315
2025-07-30,10530,0.4799999892711639,492065730
2025-07-31,10530,0.0,1079710895
2025-08-01,10150,-3.609999895095825,1814999480
2025-08-04,10250,0.9900000095367432,912075455
2025-08-05,10290,0.3899999856948852,972317090
2025-08-06,10460,1.649999976158142,717972575
2025-08-07,10520,0.5699999928474426,381099875
2025-08-08,10460,-0.5699999928474426,656242880
2025-08-11,10380,-0.7599999904632568,436768820
2025-08-12,10330,-0.4799999892711639,756406065
2025-08-13,10240,-0.8700000047683716,976612965
2025-08-14,10190,-0.4900000095367431,786944960
2025-08-18,9850,-3.3399999141693115,2657591220
2025-08-19,9770,-0.8100000023841858,811830670
2025-08-20,9660,-1.1299999952316284,1118192380
2025-08-21,9610,-0.5199999809265137,674787800
2025-08-22,9650,0.4199999868869781,1140348360
2025-08-25,9630,-0.209999993443489,1041300410
2025-08-26,9360,-2.799999952316284,1732524215
2025-08-27,9300,-0.6399999856948853,696579365
2025-08-28,9360,0.6499999761581421,433159945
2025-08-29,9300,-0.6399999856948853,627702115
2025-09-01,9200,-1.0800000429153442,451822600
2025-09-02,9090,-1.2000000476837158,646994990
2025-09-03,9220,1.4299999475479126,579982680
2025-09-04,9380,1.7400000095367432,391815475
2025-09-05,9400,0.209999993443489,353985110
2025-09-08,9500,1.059999942779541,572787555
2025-09-09,9810,3.259999990463257,1990107740
2025-09-10,10330,5.300000190734863,2890526955
2025-09-11,10360,0.2899999916553497,1416368405
2025-09-12,10520,1.5399999618530271,1553515830
2025-09-15,10610,0.8600000143051147,943358170
2025-09-16,10690,0.75,2209959500
2025-09-17,10770,0.75,1638586555
2025-09-18,10890,1.1100000143051147,1853737805
2025-09-19,10780,-1.0099999904632568,971780720
2025-09-22,10860,0.7400000095367432,1198545270
2025-09-23,10960,0.9200000166893004,1100483845
2025-09-24,10900,-0.550000011920929,1620016455
2025-09-25,10920,0.1800000071525573,1527180230
2025-09-26,10620,-2.75,1299519345
2025-09-29,10790,1.600000023841858,742985120
2025-09-30,10630,-1.4800000190734863,497458495
2025-10-01,10200,-4.050000190734863,1439533900
2025-10-02,10450,2.450000047683716,1182680360
2025-10-10,10190,-2.490000009536743,1654909260
2025-10-13,10110,-0.7900000214576721,948289830
2025-10-14,10190,0.7900000214576721,1494231460
2025-10-15,10420,2.259999990463257,1872760020
2025-10-16,10450,0.2899999916553497,1212653430
2025-10-17,10670,2.109999895095825,1903382620
2025-10-20,10540,-1.2200000286102295,639738465
2025-10-21,10430,-1.0399999618530271,725095260
2025-10-22,10540,1.0499999523162842,1139596645
2025-10-23,10510,-0.2800000011920929,913986220
2025-10-24,10530,0.1899999976158142,698964745
2025-10-27,11250,6.840000152587891,5658825655
2025-10-28,10850,-3.559999942779541,1891806445
2025-10-29,10650,-1.840000033378601,1211883765
2025-10-30,10460,-1.7799999713897705,1071504120
2025-10-31,10570,1.0499999523162842,1200467055
2025-11-03,10400,-1.6100000143051147,648286220
2025-11-04,10370,-0.2899999916553497,391716965
2025-11-05,10350,-0.1899999976158142,1122537830
2025-11-06,10600,2.4200000762939453,1161437550
2025-11-07,10850,2.359999895095825,2402295960
2025-11-10,11420,5.25,4498665120
2025-11-11,11740,2.799999952316284,4257250165
2025-11-12,11950,1.7899999618530271,3642724625
2025-11-13,12070,1.0,3784291990
2025-11-14,12580,4.230000019073486,9142193605
2025-11-17,12820,1.909999966621399,3877719440
2025-11-18,12760,-0.4699999988079071,2200590775
2025-11-19,12940,1.409999966621399,2562770635
2025-11-20,13030,0.699999988079071,1413058405
2025-11-21,13230,1.5299999713897705,2765215870
2025-11-24,13310,0.6000000238418579,3196187595
2025-11-25,13080,-1.7300000190734863,4046423820
2025-11-26,13450,2.8299999237060547,2315101390
2025-11-27,13570,0.8899999856948853,1660284750
2025-11-28,12900,-4.940000057220459,3305555170
2025-12-01,13070,1.3200000524520874,1007641010
2025-12-02,13500,3.289999961853028,1602730300
2025-12-03,13340,-1.190000057220459,1293087750
2025-12-04,13360,0.1500000059604644,1399325885
2025-12-05,13230,-0.9700000286102296,1429536600
2025-12-08,13140,-0.6800000071525574,1325562495
2025-12-09,13000,-1.0700000524520874,905238765
2025-12-10,12890,-0.8500000238418579,1104838685
2025-12-11,12900,0.0799999982118606,941058345
2025-12-12,13170,2.0899999141693115,1028616855
2025-12-15,13760,4.480000019073486,3081952920
2025-12-16,13620,-1.0199999809265137,1883281540
2025-12-17,15030,10.350000381469728,14511381100
2025-12-18,15000,-0.2000000029802322,4567417520
2025-12-19,14940,-0.4000000059604645,3391010500
2025-12-22,14700,-1.6100000143051147,3510354780
2025-12-23,14390,-2.109999895095825,2504897370
2025-12-24,14230,-1.1100000143051147,1344087310
2025-12-26,13930,-2.109999895095825,2396570255
2025-12-29,13280,-4.670000076293945,2656640555
2025-12-30,13300,0.1500000059604644,1736705325
2026-01-02,13080,-1.649999976158142,1666847390
2026-01-05,13060,-0.1500000059604644,1139606695
2026-01-06,13150,0.6899999976158142,1715612060
2026-01-07,13960,6.159999847412109,4641452705
2026-01-08,13900,-0.4300000071525574,2284106185
2026-01-09,13970,0.5,2884977205
2026-01-12,13840,-0.9300000071525574,1918269970
2026-01-13,13930,0.6499999761581421,1148235665
2026-01-14,14200,1.940000057220459,1200854385
2026-01-15,14030,-1.2000000476837158,908591615
2026-01-16,14040,0.0700000002980232,983473280
2026-01-19,14350,2.2100000381469727,1716574000
2026-01-20,14590,1.6699999570846558,1652975460
2026-01-21,14190,-2.740000009536743,2895658450
2026-01-22,14190,0.0,2093535950
2026-01-23,13890,-2.109999895095825,2406556640
2026-01-26,13310,-4.179999828338623,3286410645
2026-01-27,13580,2.0299999713897705,2793350330
2026-01-28,14100,3.829999923706055,2898248385
2026-01-29,13950,-1.059999942779541,3251947780
2026-01-30,13980,0.2199999988079071,2262694215
2026-02-02,14320,2.430000066757202,2799862625
2026-02-03,14920,4.190000057220459,3616271400
2026-02-04,15120,1.340000033378601,2395091505
2026-02-05,15510,2.5799999237060547,3570646410
2026-02-06,15150,-2.319999933242798,2729526930
2026-02-09,12870,-15.050000190734863,18773654895
2026-02-10,12980,0.8500000238418579,4529789470
2026-02-11,12960,-0.1500000059604644,2644795370
2026-02-12,12990,0.2300000041723251,2403217605
2026-02-13,12660,-2.539999961853028,3504553155
2026-02-19,12780,0.949999988079071,2187563380
2026-02-20,12950,1.3300000429153442,2985437565
2026-02-23,14040,8.420000076293945,11026571535
2026-02-24,14330,2.069999933242798,6142533615
2026-02-25,14500,1.190000057220459,2559767860
2026-02-26,14330,-1.1699999570846558,2876861660
2026-02-27,14290,-0.2800000011920929,2800882380
2026-03-03,13710,-4.059999942779541,1742086495
2026-03-04,12290,-10.359999656677246,2776595670
2026-03-05,13070,6.349999904632568,1654363285
2026-03-06,12810,-1.9900000095367432,2457943230
2026-03-09,12440,-2.890000104904175,1061940665
2026-03-10,12540,0.800000011920929,744956820
2026-03-11,12600,0.4799999892711639,2150310060
2026-03-12,12700,0.7900000214576721,461964770
2026-03-13,12280,-3.309999942779541,1741380160
2026-03-16,12230,-0.4099999964237213,361622135
2026-03-17,12210,-0.1599999964237213,1448921220
2026-03-18,12260,0.4099999964237213,1045638415
2026-03-19,12140,-0.9800000190734864,888681420
2026-03-20,12340,1.649999976158142,680211485
2026-03-23,11880,-3.7300000190734863,757800935
2026-03-24,12000,1.0099999904632568,641961325
2026-03-25,12220,1.830000042915344,507366295
2026-03-26,12130,-0.7400000095367432,906494630
2026-03-27,12200,0.5799999833106995,841967410
2026-03-30,11370,-6.800000190734863,1197068605
2026-03-31,11030,-2.990000009536743,578399670
2026-04-01,11320,2.630000114440918,1172936670
2026-04-02,10940,-3.359999895095825,811767980
2026-04-03,10980,0.3700000047683716,573510660
2026-04-06,10800,-1.6399999856948853,1222128055
2026-04-07,11180,3.5199999809265137,784225225
2026-04-08,11410,2.059999942779541,329248655
2026-04-09,11440,0.2599999904632568,293542620
2026-04-10,11550,0.959999978542328,1001533110
2026-04-13,11230,-2.7699999809265137,906748310
2026-04-14,11370,1.25,414372045
2026-04-15,11510,1.2300000190734863,536488205
2026-04-16,11690,1.559999942779541,828249340
2026-04-17,11660,-0.2599999904632568,823972305
2026-04-20,11830,1.4600000381469729,958627130
2026-04-21,11870,0.3400000035762787,515005200
2026-04-22,11710,-1.350000023841858,536911635
2026-04-23,11620,-0.7699999809265137,754889750
2026-04-24,11700,0.6899999976158142,443146200
2026-04-27,11660,-0.3400000035762787,635333250
2026-04-28,11810,1.2899999618530271,488743640
2026-04-29,11860,0.4199999868869781,299705090
2026-04-30,11540,-2.700000047683716,653125700
2026-05-04,11610,0.6100000143051147,352716080
2026-05-06,11280,-2.8399999141693115,1394360100
2026-05-07,11360,0.7099999785423279,910002675
2026-05-08,11060,-2.640000104904175,2097395095
2026-05-11,10480,-5.239999771118164,1927556240
2026-05-12,10630,1.4299999475479126,1139840665
2026-05-13,10280,-3.289999961853028,1087990500
2026-05-14,10450,1.649999976158142,765275450
2026-05-15,10650,1.909999966621399,802712390
2026-05-18,9750,-8.449999809265137,2012513875
2026-05-19,9710,-0.4099999964237213,685673720
2026-05-20,9260,-4.630000114440918,1899126100
2026-05-21,9330,0.7599999904632568,1547365275
2026-05-22,9450,1.2899999618530271,1127612300
2026-05-26,9270,-1.899999976158142,1148095325
2026-05-27,9090,-1.940000057220459,1248474885
2026-05-28,9190,1.100000023841858,886530450
2026-05-29,8860,-3.5899999141693115,1315842760
2026-06-01,8650,-2.369999885559082,1062777080
2026-06-02,8780,1.5,756302820
2026-06-04,8480,-3.4200000762939453,519383440
2026-06-05,8850,4.360000133514404,1448922025
2026-06-08,8350,-5.650000095367432,723211760
2026-06-09,8760,4.909999847412109,422059735
2026-06-10,8520,-2.740000009536743,476784345
2026-06-11,8490,-0.3499999940395355,450668930
2026-06-12,8690,2.359999895095825,551359710
2026-06-15,8950,2.990000009536743,446094060
2026-06-16,9110,1.7899999618530271,499815025
2026-06-17,9040,-0.7699999809265137,490934515
2026-06-18,8650,-4.309999942779541,541605155
2026-06-19,8570,-0.9200000166893004,751150515
2026-06-22,8590,0.2300000041723251,310204850
2026-06-23,8220,-4.309999942779541,735189780
2026-06-24,8190,-0.3600000143051147,306204310
2026-06-25,8010,-2.200000047683716,466163745
2026-06-26,7900,-1.3700000047683716,638961755
2026-06-29,8370,5.949999809265137,309551760
2026-06-30,8100,-3.2300000190734863,428849120
2026-07-01,8220,1.4800000190734863,179583610
2026-07-02,8990,9.369999885559082,3445821235
2026-07-03,8720,-3.0,1134125025
2026-07-06,8870,1.72,457703930
2026-07-07,9020,1.69,774947740
2026-07-08,8800,-2.44,416811100
2026-07-09,9000,2.27,634829070
2026-07-10,9100,1.11,356844180
2026-07-13,9050,-0.55,750482730
2026-07-14,9120,0.77,741950250
2026-07-15,9100,-0.22,484639300
2026-07-16,9500,4.4,1044196290
2026-07-20,9190,-3.26,486636225
2026-07-21,8940,-2.72,351097280
2026-07-22,8870,-0.78,295223995
2026-07-23,9560,7.78,958909285
2026-07-24,9270,-3.03,228658020
2026-07-27,9330,0.65,191683600
2026-07-28,9060,-2.89,498287755
2026-07-29,8900,-1.77,677874285
2026-07-30,9000,1.12,515884275
2026-07-31,9120,1.33,403006090
2026-08-03,9000,-1.32,244558300
2026-08-04,9230,2.56,415078800
2026-08-05,9210,-0.22,240067085
2026-08-06,9190,-0.22,298935230
2026-08-07,9170,-0.22,295313245
2026-08-10,9170,0.0,406437535
2026-08-11,9120,-0.55,409068370
2026-08-12,9020,-1.1,379758770
2026-08-13,8980,-0.44,340298605
2026-08-14,9140,1.78,412795875
2026-08-18,9970,9.08,3992482670
2026-08-19,9230,-7.42,1674447915
2026-08-20,9050,-1.95,852811085
2026-08-21,8840,-2.32,750818325
2026-08-24,9050,2.38,572263300
2026-08-25,8930,-1.33,582470205
2026-08-26,8970,0.45,361861895
2026-08-27,8870,-1.11,632474355
2026-08-28,8930,0.68,555107190
2026-08-31,8930,0.0,244627410
2026-09-01,9100,1.9,438659355
2026-09-02,9200,1.1,1419083630
2026-09-03,9010,-2.07,386709160
2026-09-04,9110,1.11,511571210
2026-09-07,9140,0.33,224573740
2026-09-08,9110,-0.33,241490590
2026-09-09,9030,-0.88,207127425
2026-09-10,8980,-0.55,192114735
2026-09-11,9080,1.11,226016050
2026-09-14,9060,-0.22,286809990
2026-09-15,8990,-0.77,94786070
2026-09-16,8950,-0.44,131236365
2026-09-17,8930,-0.22,72307060
2026-09-18,8810,-1.34,3116260870
2026-09-21,8670,-1.59,410906980
2026-09-22,8600,-0.81,336567060
2026-09-23,8550,-0.58,398787465
2026-09-28,8550,0.0,359496140
2026-09-29,8540,-0.12,129058720
2026-09-30,8540,0.0,189828970
2026-10-01,8630,1.05,125018970
2026-10-02,8810,2.09,297156740
