date,close,change_pct,trading_value
2017-07-17,463500,0.3199999928474426,13515339500
2017-07-18,457000,-1.399999976158142,15389375500
2017-07-19,454500,-0.550000011920929,20302817997
2017-07-20,453500,-0.2199999988079071,20845409500
2017-07-21,445000,-1.8700000047683716,36985266000
2017-07-24,446500,0.3400000035762787,31854241000
2017-07-25,467500,4.699999809265137,64180209380
2017-07-26,483000,3.319999933242798,68912223500
2017-07-27,491500,1.7599999904632568,47134236000
2017-07-28,492500,0.20000000298023224,23551022000
2017-07-31,493500,0.20000000298023224,25980753500
2017-08-01,493500,0.0,27644596000
2017-08-02,486500,-1.4199999570846558,27477626500
2017-08-03,487000,0.10000000149011612,16930664868
2017-08-04,491500,0.9200000166893005,25458075500
2017-08-07,495000,0.7099999785423279,22285072000
2017-08-08,496000,0.20000000298023224,30603650000
2017-08-09,498500,0.5,35840259500
2017-08-10,488500,-2.009999990463257,25435376500
2017-08-11,479500,-1.840000033378601,24098994500
2017-08-14,482000,0.5199999809265137,11459074000
2017-08-16,477500,-0.9300000071525574,17042735000
2017-08-17,500000,4.710000038146973,40052658000
2017-08-18,501000,0.20000000298023224,17715261500
2017-08-21,501000,0.0,20244012000
2017-08-22,501000,0.0,18604136000
2017-08-23,491000,-2.0,21463436500
2017-08-24,500000,1.8300000429153442,21243242000
2017-08-25,494500,-1.100000023841858,14144822000
2017-08-28,503000,1.7200000286102295,19174613981
2017-08-29,512000,1.7899999618530273,33104563016
2017-08-30,516000,0.7799999713897705,22707359000
2017-08-31,516000,0.0,15987333000
2017-09-01,510000,-1.159999966621399,13948501000
2017-09-04,510000,0.0,22951312000
2017-09-05,517000,1.3700000047683716,26732174000
2017-09-06,517000,0.0,21958159000
2017-09-07,520000,0.5799999833106995,15097230700
2017-09-08,524000,0.7699999809265137,19017369000
2017-09-11,511000,-2.4800000190734863,31414191000
2017-09-12,523000,2.3499999046325684,25460665000
2017-09-13,519000,-0.7599999904632568,14732637000
2017-09-14,515000,-0.7699999809265137,24590073000
2017-09-15,504000,-2.140000104904175,27289733000
2017-09-18,503000,-0.20000000298023224,16681757000
2017-09-19,504000,0.20000000298023224,15026055000
2017-09-20,502000,-0.4000000059604645,15878952500
2017-09-21,490000,-2.390000104904175,28612383500
2017-09-22,482500,-1.5299999713897705,23304503500
2017-09-25,481500,-0.20999999344348907,17984659000
2017-09-26,490500,1.8700000047683716,21774489500
2017-09-27,484500,-1.2200000286102295,21466526276
2017-09-28,490500,1.2400000095367432,20030663500
2017-09-29,495500,1.0199999809265137,18451649000
2017-10-10,520000,4.940000057220459,39660088000
2017-10-11,530000,1.9199999570846558,38050548000
2017-10-12,534000,0.75,20035584987
2017-10-13,532000,-0.3700000047683716,14097365000
2017-10-16,545000,2.440000057220459,35491375000
2017-10-17,546000,0.18000000715255737,16553591000
2017-10-18,534000,-2.200000047683716,14934246000
2017-10-19,536000,0.3700000047683716,11493510000
2017-10-20,541000,0.9300000071525574,9642987000
2017-10-23,526000,-2.7699999809265137,13524661000
2017-10-24,535000,1.7100000381469727,9812268000
2017-10-25,522000,-2.430000066757202,12855581000
2017-10-26,490000,-6.130000114440918,66487605000
2017-10-27,524000,6.940000057220459,48242834522
2017-10-30,526000,0.3799999952316284,29604369000
2017-10-31,512000,-2.6600000858306885,19752146000
2017-11-01,512000,0.0,13463047000
2017-11-02,515000,0.5899999737739563,15756245000
2017-11-03,514000,-0.1899999976158142,12924096500
2017-11-06,517000,0.5799999833106995,11692175000
2017-11-07,521000,0.7699999809265137,15430816000
2017-11-08,519000,-0.3799999952316284,14647277000
2017-11-09,520000,0.1899999976158142,12864633000
2017-11-10,521000,0.1899999976158142,34038767000
2017-11-13,517000,-0.7699999809265137,10496212000
2017-11-14,517000,0.0,32077042000
2017-11-15,503000,-2.7100000381469727,20335469000
2017-11-16,500000,-0.6000000238418579,24324975500
2017-11-17,498500,-0.30000001192092896,39590554386
2017-11-20,492500,-1.2000000476837158,23311841000
2017-11-21,494000,0.30000001192092896,14406473000
2017-11-22,498000,0.8100000023841858,12414909000
2017-11-23,493500,-0.8999999761581421,17295059000
2017-11-24,494000,0.10000000149011612,9958797500
2017-11-27,497000,0.6100000143051147,10667722500
2017-11-28,496000,-0.20000000298023224,13387806500
2017-11-29,490000,-1.2100000381469727,11012424000
2017-11-30,486500,-0.7099999785423279,30596953820
2017-12-01,480000,-1.340000033378601,20393904000
2017-12-04,479000,-0.20999999344348907,21532308500
2017-12-05,485000,1.25,23334378500
2017-12-06,470500,-2.990000009536743,24108617500
2017-12-07,470500,0.0,12760967000
2017-12-08,464000,-1.3799999952316284,16148260500
2017-12-11,469500,1.190000057220459,9257279000
2017-12-12,470500,0.20999999344348907,10946628600
2017-12-13,475000,0.9599999785423279,11861888500
2017-12-14,476000,0.20999999344348907,22411200500
2017-12-15,482000,1.2599999904632568,19327184000
2017-12-18,485000,0.6200000047683716,11310392000
2017-12-19,481500,-0.7200000286102295,11743289500
2017-12-20,490000,1.7699999809265137,13294916000
2017-12-21,487000,-0.6100000143051147,16571036000
2017-12-22,483000,-0.8199999928474426,11008108500
2017-12-26,489500,1.350000023841858,14548373500
2017-12-27,489500,0.0,7770536500
2017-12-28,493000,0.7200000286102295,5971639220
2018-01-02,499500,1.3200000524520874,12505736000
2018-01-03,487500,-2.4000000953674316,15932061500
2018-01-04,481000,-1.3300000429153442,18381361600
2018-01-05,489500,1.7699999809265137,18528043301
2018-01-08,499000,1.940000057220459,16661493000
2018-01-09,529000,6.010000228881836,45304668000
2018-01-10,537000,1.5099999904632568,31205963000
2018-01-11,521000,-2.9800000190734863,18370541000
2018-01-12,526000,0.9599999785423279,12652114000
2018-01-15,521000,-0.949999988079071,10526721000
2018-01-16,521000,0.0,13047624000
2018-01-17,516000,-0.9599999785423279,14191522000
2018-01-18,509000,-1.3600000143051147,12238793000
2018-01-19,515000,1.1799999475479126,12537912000
2018-01-22,511000,-0.7799999713897705,11666868240
2018-01-23,511000,0.0,14797180000
2018-01-24,519000,1.5700000524520874,30039896000
2018-01-25,522000,0.5799999833106995,40219518000
2018-01-26,523000,0.1899999976158142,25601561000
2018-01-29,529000,1.149999976158142,23038677000
2018-01-30,530000,0.1899999976158142,25938157000
2018-01-31,515000,-2.8299999237060547,21773582000
2018-02-01,514000,-0.1899999976158142,15816286000
2018-02-02,494500,-3.7899999618530273,27369474500
2018-02-05,496000,0.30000001192092896,20183030500
2018-02-06,496000,0.0,25595043000
2018-02-07,495500,-0.10000000149011612,30895792500
2018-02-08,499500,0.8100000023841858,22932517000
2018-02-09,491000,-1.7000000476837158,25560904000
2018-02-12,494000,0.6100000143051147,22953838616
2018-02-13,493500,-0.10000000149011612,14768135500
2018-02-14,505000,2.3299999237060547,20343918500
2018-02-19,511000,1.190000057220459,18572648000
2018-02-20,520000,1.7599999904632568,25256187000
2018-02-21,525000,0.9599999785423279,24095811000
2018-02-22,520000,-0.949999988079071,16561016657
2018-02-23,518000,-0.3799999952316284,16755583000
2018-02-26,516000,-0.38999998569488525,22564904000
2018-02-27,517000,0.1899999976158142,21358090000
2018-02-28,512000,-0.9700000286102295,17323018000
2018-03-02,501000,-2.1500000953674316,13410892500
2018-03-05,491500,-1.899999976158142,7744315500
2018-03-06,491500,0.0,17111292000
2018-03-07,507000,3.1500000953674316,20824408000
2018-03-08,500000,-1.3799999952316284,20468269210
2018-03-09,497500,-0.5,14330475000
2018-03-12,495500,-0.4000000059604645,14221175500
2018-03-13,489500,-1.2100000381469727,26037158000
2018-03-14,485500,-0.8199999928474426,21884302000
2018-03-15,484000,-0.3100000023841858,24385704664
2018-03-16,480000,-0.8299999833106995,22793162500
2018-03-19,476000,-0.8299999833106995,25518875500
2018-03-20,478000,0.41999998688697815,10317596500
2018-03-21,486500,1.7799999713897705,17403720676
2018-03-22,488500,0.4099999964237213,14360688000
2018-03-23,477000,-2.3499999046325684,14601180500
2018-03-26,475500,-0.3100000023841858,10841661000
2018-03-27,483500,1.6799999475479126,10507334500
2018-03-28,481000,-0.5199999809265137,11938926000
2018-03-29,482000,0.20999999344348907,9479001500
2018-03-30,479000,-0.6200000047683716,13279723500
2018-04-02,471000,-1.6699999570846558,13335421500
2018-04-03,462500,-1.7999999523162842,20341680000
2018-04-04,461000,-0.3199999928474426,12717415500
2018-04-05,463500,0.5400000214576721,6448649500
2018-04-06,455500,-1.7300000190734863,19125971500
2018-04-09,454000,-0.33000001311302185,11872397500
2018-04-10,458000,0.8799999952316284,11543282000
2018-04-11,452000,-1.309999942779541,15911023100
2018-04-12,461000,1.9900000095367432,13417081000
2018-04-13,451000,-2.1700000762939453,14014040784
2018-04-16,444000,-1.5499999523162842,12658186500
2018-04-17,437500,-1.4600000381469727,22480463500
2018-04-18,431500,-1.3700000047683716,42498316000
2018-04-19,429000,-0.5799999833106995,29124271000
2018-04-20,441000,2.799999952316284,21032257500
2018-04-23,440500,-0.10999999940395355,17682256500
2018-04-24,442000,0.3400000035762787,24546669397
2018-04-25,427000,-3.390000104904175,26074314000
2018-04-26,431500,1.0499999523162842,19678434000
2018-04-27,428500,-0.699999988079071,19006820500
2018-04-30,433500,1.1699999570846558,14877888500
2018-05-02,430000,-0.8100000023841858,27735545824
2018-05-03,434000,0.9300000071525574,12990017500
2018-05-04,443500,2.190000057220459,43301338500
2018-05-08,433000,-2.369999885559082,23272066000
2018-05-09,429000,-0.9200000166893005,13450871000
2018-05-10,435000,1.399999976158142,11483647000
2018-05-11,437500,0.5699999928474426,10672573500
2018-05-14,455000,4.0,24621021000
2018-05-15,449000,-1.3200000524520874,15573036500
2018-05-16,446500,-0.5600000023841858,10611279000
2018-05-17,446000,-0.10999999940395355,8873466500
2018-05-18,443500,-0.5600000023841858,8765066466
2018-05-21,438500,-1.1299999952316284,8783846500
2018-05-23,429500,-2.049999952316284,16984880065
2018-05-24,431500,0.4699999988079071,6060619000
2018-05-25,429000,-0.5799999833106995,11441052300
2018-05-28,426500,-0.5799999833106995,12532719500
2018-05-29,418000,-1.9900000095367432,15927185000
2018-05-30,405500,-2.990000009536743,23792965933
2018-05-31,405500,0.0,27892984000
2018-06-01,418500,3.2100000381469727,14873456924
2018-06-04,421500,0.7200000286102295,8818023000
2018-06-05,416500,-1.190000057220459,7954737500
2018-06-07,431000,3.4800000190734863,18567822500
2018-06-08,428500,-0.5799999833106995,10494039000
2018-06-11,428500,0.0,7220458000
2018-06-12,428000,-0.11999999731779099,9456971000
2018-06-14,411500,-3.859999895095825,19660153520
2018-06-15,407500,-0.9700000286102295,15658157000
2018-06-18,405500,-0.49000000953674316,11715141500
2018-06-19,393500,-2.9600000381469727,19101439500
2018-06-20,390500,-0.7599999904632568,18567690500
2018-06-21,376500,-3.5899999141693115,28017228000
2018-06-22,378000,0.4000000059604645,13849164000
2018-06-25,392000,3.700000047683716,13668253000
2018-06-26,388500,-0.8899999856948853,7045832000
2018-06-27,375000,-3.4700000286102295,15346320000
2018-06-28,374000,-0.27000001072883606,9670460500
2018-06-29,386000,3.2100000381469727,18279627000
2018-07-02,381000,-1.2999999523162842,9648229000
2018-07-03,367500,-3.5399999618530273,14767211000
2018-07-04,371000,0.949999988079071,5240110500
2018-07-05,372000,0.27000001072883606,8792203500
2018-07-06,370000,-0.5400000214576721,13602521000
2018-07-09,371500,0.4099999964237213,6631605000
2018-07-10,387500,4.309999942779541,15131833000
2018-07-11,381000,-1.6799999475479126,11597115500
2018-07-12,389000,2.0999999046325684,13276597500
2018-07-13,383500,-1.409999966621399,7088605500
2018-07-16,378000,-1.4299999475479126,5993958500
2018-07-17,379000,0.2599999904632568,6044485500
2018-07-18,378500,-0.1299999952316284,5825004500
2018-07-19,372500,-1.590000033378601,10998351000
2018-07-20,374500,0.5400000214576721,8645414000
2018-07-23,374500,0.0,9952304000
2018-07-24,393000,4.940000057220459,26333783989
2018-07-25,386000,-1.7799999713897705,18929910500
2018-07-26,397000,2.8499999046325684,17747940500
2018-07-27,396000,-0.25,12123533000
2018-07-30,404500,2.150000095367432,15876678000
2018-07-31,412500,1.9800000190734863,23239330500
2018-08-01,407500,-1.2100000381469729,20567624000
2018-08-02,395000,-3.069999933242798,11661495000
2018-08-03,396000,0.25,14918134124
2018-08-06,400500,1.1399999856948853,13334723000
2018-08-07,406500,1.5,13584269000
2018-08-08,403000,-0.8600000143051147,8931812000
2018-08-09,397500,-1.3600000143051147,16490017000
2018-08-10,401000,0.8799999952316284,11323399000
2018-08-13,389000,-2.990000009536743,14964197000
2018-08-14,386000,-0.7699999809265137,14576201000
2018-08-16,380500,-1.4199999570846558,12856329518
2018-08-17,379000,-0.3899999856948852,9855757500
2018-08-20,391000,3.1700000762939453,12241665500
2018-08-21,392500,0.3799999952316284,12544626000
2018-08-22,392000,-0.1299999952316284,11780703500
2018-08-23,389000,-0.7699999809265137,7110814500
2018-08-24,395500,1.6699999570846558,9258541650
2018-08-27,411000,3.920000076293945,29643663000
2018-08-28,418500,1.8200000524520876,21558724000
2018-08-29,418500,0.0,15021814000
2018-08-30,417000,-0.3600000143051147,11832087000
2018-08-31,405500,-2.759999990463257,20299259000
2018-09-03,411000,1.3600000143051147,9800409000
2018-09-04,403500,-1.8200000524520876,12272666500
2018-09-05,396500,-1.7300000190734863,13684690500
2018-09-06,406000,2.400000095367432,21163274500
2018-09-07,410500,1.1100000143051147,10954418000
2018-09-10,406500,-0.9700000286102296,7774565500
2018-09-11,400000,-1.600000023841858,13307281500
2018-09-12,397000,-0.75,13678715000
2018-09-13,413500,4.159999847412109,28001614000
2018-09-14,416500,0.7300000190734863,12622471500
2018-09-17,407000,-2.2799999713897705,9186899500
2018-09-18,409000,0.4900000095367431,12147672012
2018-09-19,424500,3.7899999618530273,31284319000
2018-09-20,422000,-0.5899999737739563,15145016500
2018-09-21,425500,0.8299999833106995,27926721500
2018-09-27,439500,3.289999961853028,42389794500
2018-09-28,436000,-0.800000011920929,20348409500
2018-10-01,432500,-0.800000011920929,16467623500
2018-10-02,425000,-1.7300000190734863,13673674000
2018-10-04,421000,-0.9399999976158142,16081559500
2018-10-05,422000,0.2399999946355819,15329291000
2018-10-08,411000,-2.609999895095825,10782008000
2018-10-10,407500,-0.8500000238418579,19107874000
2018-10-11,392500,-3.680000066757202,21524640000
2018-10-12,394000,0.3799999952316284,16632124500
2018-10-15,388000,-1.5199999809265137,8627359000
2018-10-16,392500,1.159999966621399,9731862000
2018-10-17,398000,1.399999976158142,11083603500
2018-10-18,391500,-1.6299999952316284,9264957000
2018-10-19,389500,-0.5099999904632568,6195583000
2018-10-22,392000,0.6399999856948853,12253424000
2018-10-23,390000,-0.5099999904632568,9350230500
2018-10-24,393500,0.8999999761581421,16429241000
2018-10-25,397500,1.0199999809265137,18867955500
2018-10-26,385500,-3.0199999809265137,17984132500
2018-10-29,390500,1.2999999523162842,17190888500
2018-10-30,386500,-1.0199999809265137,16460870500
2018-10-31,379000,-1.940000057220459,24462863500
2018-11-01,374500,-1.190000057220459,21484333000
2018-11-02,395000,5.46999979019165,14161040000
2018-11-05,389500,-1.3899999856948853,8693791000
2018-11-06,396000,1.6699999570846558,6486944000
2018-11-07,396500,0.1299999952316284,10426867000
2018-11-08,401500,1.2599999904632568,15029184500
2018-11-09,404500,0.75,9359886000
2018-11-12,409500,1.2400000095367432,18125790079
2018-11-13,426000,4.03000020980835,44647452000
2018-11-14,431500,1.2899999618530271,21773778500
2018-11-15,434500,0.699999988079071,12156509000
2018-11-16,434000,-0.1199999973177909,15989319000
2018-11-19,436500,0.5799999833106995,14038238500
2018-11-20,438000,0.3400000035762787,17805282000
2018-11-21,442000,0.9100000262260436,15407872000
2018-11-22,440500,-0.3400000035762787,8514600500
2018-11-23,439000,-0.3400000035762787,8247659000
2018-11-26,431500,-1.7100000381469729,12359462500
2018-11-27,433000,0.3499999940395355,15769913500
2018-11-28,424000,-2.0799999237060547,19639371000
2018-11-29,433500,2.240000009536743,22907989500
2018-11-30,425500,-1.850000023841858,17502616500
2018-12-03,432500,1.649999976158142,12510369639
2018-12-04,439500,1.6200000047683716,12930992500
2018-12-05,438500,-0.2300000041723251,13428414500
2018-12-06,437000,-0.3400000035762787,10614091000
2018-12-07,433500,-0.800000011920929,6200615000
2018-12-10,443500,2.309999942779541,22331431500
2018-12-11,442500,-0.2300000041723251,12649025000
2018-12-12,442500,0.0,17956450000
2018-12-13,453500,2.490000009536743,25530708000
2018-12-14,448500,-1.100000023841858,14417933000
2018-12-17,445500,-0.6700000166893005,10846875500
2018-12-18,449000,0.7900000214576721,12956172000
2018-12-19,451000,0.449999988079071,12031011000
2018-12-20,449500,-0.3300000131130218,18653331000
2018-12-21,437500,-2.6700000762939453,21032142500
2018-12-24,448500,2.509999990463257,12565358500
2018-12-26,443500,-1.1100000143051147,10393280000
2018-12-27,443000,-0.1099999994039535,12142862000
2018-12-28,432500,-2.369999885559082,13563403000
2019-01-02,424000,-1.9700000286102293,14110042000
2019-01-03,441500,4.130000114440918,21968092500
2019-01-04,453500,2.720000028610229,29851121000
2019-01-07,441000,-2.759999990463257,19503195000
2019-01-08,444500,0.7900000214576721,10577211500
2019-01-09,442000,-0.5600000023841858,17636417500
2019-01-10,447500,1.2400000095367432,18630237500
2019-01-11,448000,0.1099999994039535,10657156500
2019-01-14,434000,-3.130000114440918,19126902000
2019-01-15,434000,0.0,20790293500
2019-01-16,429000,-1.149999976158142,21604099500
2019-01-17,425000,-0.9300000071525574,21179816000
2019-01-18,424000,-0.2399999946355819,17083036500
2019-01-21,431000,1.649999976158142,15197932000
2019-01-22,429000,-0.4600000083446502,11026969000
2019-01-23,431500,0.5799999833106995,14575901500
2019-01-24,421500,-2.319999933242798,23961417500
2019-01-25,427500,1.4199999570846558,12375298000
2019-01-28,425000,-0.5799999833106995,12445722000
2019-01-29,432500,1.7599999904632568,12009562000
2019-01-30,436000,0.8100000023841858,14482071500
2019-01-31,440500,1.0299999713897705,18665785500
2019-02-01,438500,-0.449999988079071,20204244500
2019-02-07,448000,2.1700000762939453,20224051500
2019-02-08,443000,-1.1200000047683716,17878407500
2019-02-11,433000,-2.259999990463257,17679138000
2019-02-12,435500,0.5799999833106995,26319497000
2019-02-13,431000,-1.0299999713897705,12972402500
2019-02-14,435500,1.0399999618530271,14821243262
2019-02-15,433000,-0.5699999928474426,9854302500
2019-02-18,434500,0.3499999940395355,13277144500
2019-02-19,435500,0.2300000041723251,16942973520
2019-02-20,446000,2.4100000858306885,32006476000
2019-02-21,451000,1.1200000047683716,13156281500
2019-02-22,454000,0.6700000166893005,18495600500
2019-02-25,460000,1.3200000524520874,16718480500
2019-02-26,467000,1.5199999809265137,16621796000
2019-02-27,464500,-0.5400000214576721,13314303000
2019-02-28,456500,-1.7200000286102295,18514959000
2019-03-04,458500,0.4399999976158142,16683094250
2019-03-05,451500,-1.5299999713897705,10570690000
2019-03-06,452500,0.2199999988079071,9814606500
2019-03-07,452500,0.0,6806228000
2019-03-08,437000,-3.430000066757202,13093509500
2019-03-11,442500,1.2599999904632568,8233322500
2019-03-12,443500,0.2300000041723251,10056012000
2019-03-13,451500,1.7999999523162842,14181066456
2019-03-14,456000,1.0,15554840000
2019-03-15,460500,0.9900000095367432,20101709500
2019-03-18,462000,0.3300000131130218,7726435500
2019-03-19,455500,-1.409999966621399,7566423000
2019-03-20,461500,1.3200000524520874,9887915500
2019-03-21,459500,-0.4300000071525574,14026549500
2019-03-22,461500,0.4399999976158142,11128828000
2019-03-25,462500,0.2199999988079071,14175989500
2019-03-26,454000,-1.840000033378601,16819733000
2019-03-27,456000,0.4399999976158142,8948000500
2019-03-28,459000,0.6600000262260437,7709327500
2019-03-29,465000,1.309999942779541,12794578500
2019-04-01,469500,0.9700000286102296,14101278000
2019-04-02,473500,0.8500000238418579,29008522000
2019-04-03,485000,2.430000066757202,21521889500
2019-04-04,489000,0.8199999928474426,21771829000
2019-04-05,486500,-0.5099999904632568,13600918000
2019-04-08,480500,-1.2300000190734863,18919863500
2019-04-09,480500,0.0,17795771500
2019-04-10,482500,0.4199999868869781,14626106810
2019-04-11,481500,-0.209999993443489,15128754416
2019-04-12,477500,-0.8299999833106995,19045944500
2019-04-15,466000,-2.4100000858306885,28714818500
2019-04-16,471000,1.0700000524520874,18242115200
2019-04-17,464000,-1.4900000095367432,20614685750
2019-04-18,457000,-1.5099999904632568,19746216500
2019-04-19,457500,0.1099999994039535,8355522000
2019-04-22,453000,-0.9800000190734864,8008502000
2019-04-23,450500,-0.550000011920929,11505822500
2019-04-24,447000,-0.7799999713897705,23935656096
2019-04-25,450000,0.6700000166893005,12537068292
2019-04-26,445000,-1.1100000143051147,18998907000
2019-04-29,452500,1.690000057220459,15646118000
2019-04-30,452500,0.0,19885631500
2019-05-02,447000,-1.2200000286102295,19369446000
2019-05-03,441500,-1.2300000190734863,20255168443
2019-05-07,437500,-0.9100000262260436,27499811500
2019-05-08,435000,-0.5699999928474426,10803546000
2019-05-09,424500,-2.4100000858306885,19996877260
2019-05-10,433000,2.0,18230501000
2019-05-13,427500,-1.2699999809265137,9216035000
2019-05-14,431000,0.8199999928474426,16138821550
2019-05-15,435500,1.0399999618530271,12733668006
2019-05-16,422000,-3.0999999046325684,15617652000
2019-05-17,421500,-0.1199999973177909,13622933500
2019-05-20,424000,0.5899999737739563,6171848500
2019-05-21,424500,0.1199999973177909,6236966500
2019-05-22,433500,2.119999885559082,15858570500
2019-05-23,435500,0.4600000083446502,13376621000
2019-05-24,438500,0.6899999976158142,9730251000
2019-05-27,439500,0.2300000041723251,4842414000
2019-05-28,435500,-0.9100000262260436,20148569500
2019-05-29,434000,-0.3400000035762787,12116121000
2019-05-30,438000,0.9200000166893004,10660309500
2019-05-31,437000,-0.2300000041723251,11659948000
2019-06-03,451500,3.319999933242798,18004098500
2019-06-04,448500,-0.6600000262260437,10999463500
2019-06-05,447000,-0.3300000131130218,12180649500
2019-06-07,449000,0.449999988079071,19323708000
2019-06-10,457500,1.8899999856948853,9668703500
2019-06-11,462000,0.9800000190734864,14243866500
2019-06-12,461500,-0.1099999994039535,10259769500
2019-06-13,469000,1.6299999952316284,23667295500
2019-06-14,473000,0.8500000238418579,17346109000
2019-06-17,470000,-0.6299999952316284,14832538000
2019-06-18,467000,-0.6399999856948853,17985681000
2019-06-19,468000,0.209999993443489,12301075500
2019-06-20,472000,0.8500000238418579,9997738000
2019-06-21,474000,0.4199999868869781,17205214000
2019-06-24,469500,-0.949999988079071,11397946500
2019-06-25,479000,2.0199999809265137,19199686500
2019-06-26,481500,0.5199999809265137,14972802500
2019-06-27,470000,-2.390000104904175,25373180000
2019-06-28,476000,1.2799999713897705,15522232500
2019-07-01,455000,-4.409999847412109,30969846500
2019-07-02,457000,0.4399999976158142,21746192000
2019-07-03,458500,0.3300000131130218,16209296500
2019-07-04,456000,-0.550000011920929,8617646500
2019-07-05,454000,-0.4399999976158142,9907424500
2019-07-08,447500,-1.4299999475479126,9408769000
2019-07-09,442000,-1.2300000190734863,6929055500
2019-07-10,439500,-0.5699999928474426,18369216000
2019-07-11,443500,0.9100000262260436,14371857500
2019-07-12,447000,0.7900000214576721,14970925500
2019-07-15,443000,-0.8899999856948853,11245899000
2019-07-16,451000,1.809999942779541,12355305500
2019-07-17,454000,0.6700000166893005,13163738500
2019-07-18,451500,-0.550000011920929,12791629500
2019-07-19,459000,1.659999966621399,12434780500
2019-07-22,463000,0.8700000047683716,12660403000
2019-07-23,463000,0.0,15369246500
2019-07-24,460000,-0.6499999761581421,11643885000
2019-07-25,458000,-0.4300000071525574,16876499000
2019-07-26,439500,-4.039999961853027,26729992500
2019-07-29,437500,-0.4600000083446502,14381943500
2019-07-30,436000,-0.3400000035762787,10177867500
2019-07-31,442500,1.4900000095367432,17125867500
2019-08-01,436000,-1.4700000286102295,11995311500
2019-08-02,430000,-1.3799999952316284,15740542500
2019-08-05,430500,0.1199999973177909,13363735500
2019-08-06,423500,-1.6299999952316284,15621608500
2019-08-07,425500,0.4699999988079071,15258339000
2019-08-08,447000,5.050000190734863,25155743000
2019-08-09,444000,-0.6700000166893005,14296342000
2019-08-12,440000,-0.8999999761581421,21204599500
2019-08-13,442000,0.449999988079071,14296175200
2019-08-14,438500,-0.7900000214576721,16512355000
2019-08-16,440000,0.3400000035762787,9586485000
2019-08-19,442500,0.5699999928474426,8533077500
2019-08-20,444000,0.3400000035762787,10964271000
2019-08-21,442000,-0.449999988079071,12184211000
2019-08-22,437000,-1.1299999952316284,18667235500
2019-08-23,432000,-1.1399999856948853,10726616000
2019-08-26,427500,-1.0399999618530271,7357235500
2019-08-27,428000,0.1199999973177909,18556259500
2019-08-28,431000,0.699999988079071,10718203000
2019-08-29,434500,0.8100000023841858,8705443500
2019-08-30,435000,0.1199999973177909,10344481500
2019-09-02,441000,1.3799999952316284,6390039000
2019-09-03,437000,-0.9100000262260436,11263023500
2019-09-04,444000,1.600000023841858,12905304500
2019-09-05,445500,0.3400000035762787,14884262500
2019-09-06,437500,-1.7999999523162842,12166805000
2019-09-09,439000,0.3400000035762787,11392727500
2019-09-10,438500,-0.1099999994039535,7693094500
2019-09-11,443500,1.1399999856948853,17465405000
2019-09-16,450000,1.4700000286102295,12406261500
2019-09-17,443500,-1.440000057220459,6128090500
2019-09-18,444000,0.1099999994039535,6809593000
2019-09-19,435000,-2.0299999713897705,12937671500
2019-09-20,439000,0.9200000166893004,11121729000
2019-09-23,435000,-0.9100000262260436,5563025000
2019-09-24,441500,1.4900000095367432,10017821500
2019-09-25,446000,1.0199999809265137,10075126500
2019-09-26,445500,-0.1099999994039535,5358140000
2019-09-27,443000,-0.5600000023841858,6871575500
2019-09-30,448000,1.1299999952316284,10051518000
2019-10-01,446500,-0.3300000131130218,8476924000
2019-10-02,435000,-2.5799999237060547,9889723500
2019-10-04,435500,0.1099999994039535,7478333500
2019-10-07,431000,-1.0299999713897705,5983874500
2019-10-08,433500,0.5799999833106995,9314151000
2019-10-10,433500,0.0,16366728000
2019-10-11,443500,2.309999942779541,11460772000
2019-10-14,447000,0.7900000214576721,6493754500
2019-10-15,442500,-1.0099999904632568,6255827000
2019-10-16,445500,0.6800000071525574,8107466300
2019-10-17,443000,-0.5600000023841858,10409832500
2019-10-18,437500,-1.2400000095367432,11066101250
2019-10-21,442000,1.0299999713897705,5444963000
2019-10-22,450500,1.919999957084656,14682600000
2019-10-23,433000,-3.880000114440918,23207298000
2019-10-24,439500,1.5,10362991500
2019-10-25,443500,0.9100000262260436,9024343000
2019-10-28,439500,-0.8999999761581421,7277633000
2019-10-29,439000,-0.1099999994039535,6038248980
2019-10-30,438500,-0.1099999994039535,9102934814
2019-10-31,434500,-0.9100000262260436,13410413500
2019-11-01,432000,-0.5799999833106995,7328870500
2019-11-04,438000,1.3899999856948853,7745703500
2019-11-05,442500,1.0299999713897705,10513919000
2019-11-06,435000,-1.690000057220459,9829873500
2019-11-07,434000,-0.2300000041723251,8432856500
2019-11-08,434500,0.1199999973177909,12807906000
2019-11-11,432000,-0.5799999833106995,11061107000
2019-11-12,433000,0.2300000041723251,12393603740
2019-11-13,426000,-1.6200000047683716,17178427500
2019-11-14,425500,-0.1199999973177909,15217555500
2019-11-15,427500,0.4699999988079071,10797713000
2019-11-18,424500,-0.699999988079071,14143621000
2019-11-19,424000,-0.1199999973177909,11067326500
2019-11-20,415500,-2.0,18736264000
2019-11-21,415000,-0.1199999973177909,15336169000
2019-11-22,413000,-0.4799999892711639,12869605000
2019-11-25,413500,0.1199999973177909,15360570000
2019-11-26,414500,0.2399999946355819,25827964500
2019-11-27,413000,-0.3600000143051147,11369589500
2019-11-28,412000,-0.2399999946355819,5843737000
2019-11-29,406000,-1.4600000381469729,13241330500
2019-12-02,409500,0.8600000143051147,17273097442
2019-12-03,404000,-1.340000033378601,18862285810
2019-12-04,411500,1.8600000143051147,17004166500
2019-12-05,411000,-0.1199999973177909,11762224000
2019-12-06,407000,-0.9700000286102296,12531977000
2019-12-09,404000,-0.7400000095367432,8975067000
2019-12-10,406500,0.6200000047683716,10848083000
2019-12-11,417000,2.5799999237060547,18054071000
2019-12-12,423500,1.559999942779541,31200244000
2019-12-13,428000,1.059999942779541,20281311000
2019-12-16,430000,0.4699999988079071,12535446000
2019-12-17,431000,0.2300000041723251,14054536500
2019-12-18,427000,-0.9300000071525574,9274890116
2019-12-19,425500,-0.3499999940395355,12418787500
2019-12-20,430500,1.1799999475479126,13500312000
2019-12-23,429000,-0.3499999940395355,7634455500
2019-12-24,429500,0.1199999973177909,11057470000
2019-12-26,427500,-0.4699999988079071,7351537500
2019-12-27,425500,-0.4699999988079071,13224677000
2019-12-30,425000,-0.1199999973177909,13125529000
2020-01-02,424000,-0.2399999946355819,9824743500
2020-01-03,425500,0.3499999940395355,12431189500
2020-01-06,421500,-0.9399999976158142,8847430500
2020-01-07,428000,1.5399999618530271,11492343500
2020-01-08,435000,1.6399999856948853,25709625000
2020-01-09,427500,-1.7200000286102295,16677050000
2020-01-10,421500,-1.399999976158142,14548876500
2020-01-13,422500,0.2399999946355819,10878107500
2020-01-14,422000,-0.1199999973177909,13286803500
2020-01-15,423000,0.2399999946355819,9587294379
2020-01-16,419500,-0.8299999833106995,15655627500
2020-01-17,416000,-0.8299999833106995,9594779000
2020-01-20,418000,0.4799999892711639,9691001250
2020-01-21,414500,-0.8399999737739563,5506852000
2020-01-22,411000,-0.8399999737739563,12519550500
2020-01-23,407000,-0.9700000286102296,11322120500
2020-01-28,395000,-2.950000047683716,16620416000
2020-01-29,396500,0.3799999952316284,9743207000
2020-01-30,389000,-1.8899999856948853,13648089500
2020-01-31,380000,-2.309999942779541,19023079500
2020-02-03,376500,-0.9200000166893004,15113759500
2020-02-04,382000,1.4600000381469729,13972262500
2020-02-05,387500,1.440000057220459,14653397500
2020-02-06,420500,8.520000457763672,65613870500
2020-02-07,433000,2.970000028610229,57542458500
2020-02-10,437000,0.9200000166893004,28916631000
2020-02-11,431000,-1.3700000047683716,28974903000
2020-02-12,423000,-1.8600000143051147,32295795500
2020-02-13,422000,-0.2399999946355819,20969059000
2020-02-14,430500,2.009999990463257,24029043000
2020-02-17,443500,3.0199999809265137,32241136500
2020-02-18,437000,-1.4700000286102295,18659657500
2020-02-19,461000,5.489999771118164,50462705500
2020-02-20,448000,-2.819999933242798,29218396000
2020-02-21,440000,-1.7899999618530271,21053435000
2020-02-24,426000,-3.180000066757202,21022376000
2020-02-25,427500,0.3499999940395355,19822337500
2020-02-26,427000,-0.1199999973177909,17345326500
2020-02-27,428500,0.3499999940395355,15907986000
2020-02-28,414500,-3.2699999809265137,24393284500
2020-03-02,410500,-0.9700000286102296,19400936500
2020-03-03,408500,-0.4900000095367431,22667866000
2020-03-04,413500,1.2200000286102295,16563806000
2020-03-05,418500,1.2100000381469729,18846375000
2020-03-06,409500,-2.150000095367432,19634910000
2020-03-09,392000,-4.269999980926514,26763400000
2020-03-10,393000,0.2599999904632568,20377097500
2020-03-11,384500,-2.1600000858306885,19986734500
2020-03-12,379500,-1.2999999523162842,29453342000
2020-03-13,374000,-1.4500000476837158,33923041000
2020-03-16,362500,-3.069999933242798,21586665000
2020-03-17,353500,-2.4800000190734863,18370110000
2020-03-18,317000,-10.329999923706056,37943512000
2020-03-19,293500,-7.409999847412109,27327748500
2020-03-20,295000,0.5099999904632568,25995608000
2020-03-23,295000,0.0,22808202500
2020-03-24,337000,14.239999771118164,24000537500
2020-03-25,358500,6.380000114440918,30835607500
2020-03-26,360000,0.4199999868869781,21446567000
2020-03-27,361500,0.4199999868869781,23524468000
2020-03-30,360000,-0.4099999964237213,20794074500
2020-03-31,356000,-1.1100000143051147,20463580500
2020-04-01,345500,-2.950000047683716,21708495500
2020-04-02,365500,5.789999961853027,20042597500
2020-04-03,371000,1.5,20201579500
2020-04-06,374500,0.9399999976158142,15279168500
2020-04-07,386500,3.200000047683716,27134978000
2020-04-08,386000,-0.1299999952316284,26223919500
2020-04-09,390500,1.1699999570846558,23169601000
2020-04-10,385500,-1.2799999713897705,20642538500
2020-04-13,382500,-0.7799999713897705,14459451500
2020-04-14,390000,1.9600000381469729,26653268500
2020-04-16,412000,5.639999866485596,31236215500
2020-04-17,404000,-1.940000057220459,25113065000
2020-04-20,399500,-1.1100000143051147,20337401000
2020-04-21,396000,-0.8799999952316284,19620625000
2020-04-22,395500,-0.1299999952316284,15218621500
2020-04-23,392500,-0.7599999904632568,16763785500
2020-04-24,390000,-0.6399999856948853,13467194000
2020-04-27,395000,1.2799999713897705,14257738500
2020-04-28,386500,-2.150000095367432,26187948500
2020-04-29,386000,-0.1299999952316284,19335124500
2020-05-04,368500,-4.53000020980835,42324246500
2020-05-06,371500,0.8100000023841858,15988762500
2020-05-07,373500,0.5400000214576721,12322343500
2020-05-08,374500,0.270000010728836,14992569000
2020-05-11,372500,-0.5299999713897705,13720612500
2020-05-12,369500,-0.8100000023841858,13235926500
2020-05-13,372500,0.8100000023841858,13496084500
2020-05-14,369500,-0.8100000023841858,14197070000
2020-05-15,368500,-0.270000010728836,10922665000
2020-05-18,374000,1.4900000095367432,10954239500
2020-05-19,385000,2.940000057220459,23682592500
2020-05-20,386000,0.2599999904632568,10864565500
2020-05-21,381000,-1.2999999523162842,13711192500
2020-05-22,374000,-1.840000033378601,13222220000
2020-05-25,372500,-0.4000000059604645,11393520500
2020-05-26,382000,2.549999952316284,19028369000
2020-05-27,380000,-0.5199999809265137,16254816000
2020-05-28,374000,-1.5800000429153442,17134244500
2020-05-29,378000,1.0700000524520874,18882694000
2020-06-01,378500,0.1299999952316284,13783720500
2020-06-02,379500,0.2599999904632568,17817428000
2020-06-03,388500,2.369999885559082,42526203000
2020-06-04,393000,1.159999966621399,28342604500
2020-06-05,386500,-1.649999976158142,18894842500
2020-06-08,382500,-1.0299999713897705,27515045500
2020-06-09,378000,-1.1799999475479126,27950594500
2020-06-10,380000,0.5299999713897705,18592331500
2020-06-11,373000,-1.840000033378601,29329814000
2020-06-12,366500,-1.7400000095367432,19915289500
2020-06-15,342000,-6.679999828338623,30124684500
2020-06-16,366000,7.019999980926514,17346904000
2020-06-17,359500,-1.7799999713897705,19333771000
2020-06-18,355000,-1.25,8713687500
2020-06-19,355000,0.0,23730465000
2020-06-22,349500,-1.5499999523162842,13396315000
2020-06-23,346000,-1.0,17840626500
2020-06-24,351000,1.4500000476837158,10397991500
2020-06-25,343000,-2.2799999713897705,13866055000
2020-06-26,346000,0.8700000047683716,12897774000
2020-06-29,334500,-3.319999933242798,18409266500
2020-06-30,335000,0.1500000059604644,14016669000
2020-07-01,353000,5.369999885559082,25238800000
2020-07-02,360500,2.119999885559082,28168997000
2020-07-03,364000,0.9700000286102296,12322471500
2020-07-06,370500,1.7899999618530271,23643831500
2020-07-07,366500,-1.0800000429153442,15583973000
2020-07-08,370000,0.949999988079071,13167215000
2020-07-09,378000,2.1600000858306885,24088887500
2020-07-10,373500,-1.190000057220459,16504911500
2020-07-13,375000,0.4000000059604645,14711203500
2020-07-14,376500,0.4000000059604645,11825046000
2020-07-15,369000,-1.9900000095367432,22123386500
2020-07-16,364500,-1.2200000286102295,13558746500
2020-07-17,368000,0.959999978542328,12523179500
2020-07-20,363500,-1.2200000286102295,13010394000
2020-07-21,369000,1.5099999904632568,12209679000
2020-07-22,398500,7.989999771118164,101627078000
2020-07-23,403500,1.25,42845289500
2020-07-24,395500,-1.9800000190734863,24191939500
2020-07-27,430500,8.850000381469727,73463206000
2020-07-28,433500,0.699999988079071,79351686000
2020-07-29,433000,-0.1199999973177909,33329429500
2020-07-30,421500,-2.6600000858306885,27021284500
2020-07-31,414000,-1.7799999713897705,32474105500
2020-08-03,413500,-0.1199999973177909,30196779500
2020-08-04,410500,-0.7300000190734863,30055258500
2020-08-05,427000,4.019999980926514,42277260500
2020-08-06,450000,5.389999866485596,46010011500
2020-08-07,454000,0.8899999856948853,59401558000
2020-08-10,450000,-0.8799999952316284,38539997500
2020-08-11,450500,0.1099999994039535,37342693000
2020-08-12,432000,-4.110000133514404,57336405000
2020-08-13,429000,-0.6899999976158142,37879737500
2020-08-14,429000,0.0,20842661000
2020-08-18,419500,-2.2100000381469727,31343406000
2020-08-19,418000,-0.3600000143051147,13797237000
2020-08-20,405500,-2.990000009536743,20205412000
2020-08-21,411500,1.4800000190734863,13679348000
2020-08-24,403500,-1.940000057220459,18422385000
2020-08-25,410000,1.6100000143051147,13851443500
2020-08-26,404000,-1.4600000381469729,12411092000
2020-08-27,400000,-0.9900000095367432,17024817000
2020-08-28,398500,-0.3799999952316284,20767913000
2020-08-31,398500,0.0,26455889500
2020-09-01,402000,0.8799999952316284,14470391000
2020-09-02,403500,0.3700000047683716,12677842500
2020-09-03,402000,-0.3700000047683716,16963332500
2020-09-04,398000,-1.0,19282544000
2020-09-07,404000,1.5099999904632568,18175478000
2020-09-08,406000,0.5,13518439000
2020-09-09,401000,-1.2300000190734863,18425049500
2020-09-10,403000,0.5,14081769000
2020-09-11,400000,-0.7400000095367432,11303944500
2020-09-14,405000,1.25,11982721500
2020-09-15,401500,-0.8600000143051147,13835450500
2020-09-16,397500,-1.0,17351777500
2020-09-17,394500,-0.75,14068985500
2020-09-18,392000,-0.6299999952316284,15193436000
2020-09-21,388500,-0.8899999856948853,15266794500
2020-09-22,377500,-2.8299999237060547,20927922000
2020-09-23,374500,-0.7900000214576721,17733657000
2020-09-24,363000,-3.069999933242798,17505856000
2020-09-25,364500,0.4099999964237213,11669512500
2020-09-28,380000,4.25,13971208000
2020-09-29,376500,-0.9200000166893004,12973327000
2020-10-05,382500,1.590000033378601,29913238000
2020-10-06,388000,1.440000057220459,9839743000
2020-10-07,387000,-0.2599999904632568,7909663500
2020-10-08,386000,-0.2599999904632568,20476950000
2020-10-12,377000,-2.3299999237060547,26786144000
2020-10-13,378500,0.4000000059604645,14300559000
2020-10-14,374000,-1.190000057220459,15623555000
2020-10-15,375500,0.4000000059604645,11693840500
2020-10-16,373000,-0.6700000166893005,10876161500
2020-10-19,374000,0.270000010728836,8312542000
2020-10-20,370500,-0.9399999976158142,14581838500
2020-10-21,370500,0.0,14135363500
2020-10-22,386000,4.179999828338623,40242498000
2020-10-23,389000,0.7799999713897705,15773088500
2020-10-26,378000,-2.8299999237060547,14820847500
2020-10-27,378000,0.0,33244908500
2020-10-28,380500,0.6600000262260437,11260127000
2020-10-29,381500,0.2599999904632568,17121802500
2020-10-30,382500,0.2599999904632568,21110872500
2020-11-02,384000,0.3899999856948852,14267921000
2020-11-03,389000,1.2999999523162842,16679993000
2020-11-04,387500,-0.3899999856948852,14375593000
2020-11-05,388000,0.1299999952316284,14859971500
2020-11-06,394000,1.5499999523162842,20886545500
2020-11-09,394000,0.0,18962545500
2020-11-10,390000,-1.0199999809265137,22677601000
2020-11-11,392500,0.6399999856948853,21577272000
2020-11-12,392000,-0.1299999952316284,14639909500
2020-11-13,385000,-1.7899999618530271,19877581000
2020-11-16,386000,0.2599999904632568,23765477500
2020-11-17,385000,-0.2599999904632568,28634984036
2020-11-18,385000,0.0,16962212000
2020-11-19,383500,-0.3899999856948852,10511365000
2020-11-20,388000,1.1699999570846558,12399774000
2020-11-23,393500,1.4199999570846558,19038846000
2020-11-24,394500,0.25,26481041000
2020-11-25,392500,-0.5099999904632568,27156735500
2020-11-26,390000,-0.6399999856948853,20547905000
2020-11-27,388500,-0.3799999952316284,11657964000
2020-11-30,379000,-2.450000047683716,46129029000
2020-12-01,390000,2.900000095367432,23087447000
2020-12-02,392500,0.6399999856948853,19366745500
2020-12-03,392000,-0.1299999952316284,21508178000
2020-12-04,398000,1.5299999713897705,28421632000
2020-12-07,397000,-0.25,18682299000
2020-12-08,392000,-1.2599999904632568,14981211500
2020-12-09,395000,0.7699999809265137,13904484000
2020-12-10,389500,-1.3899999856948853,29126249000
2020-12-11,392000,0.6399999856948853,20776207500
2020-12-14,394000,0.5099999904632568,22816023000
2020-12-15,398000,1.0199999809265137,19455552500
2020-12-16,399500,0.3799999952316284,14562924000
2020-12-17,407000,1.8799999952316284,24888265000
2020-12-18,405500,-0.3700000047683716,25153497500
2020-12-21,423000,4.320000171661377,41453997000
2020-12-22,413500,-2.25,25947279000
2020-12-23,412500,-0.2399999946355819,18862245000
2020-12-24,413000,0.1199999973177909,60995628500
2020-12-28,416000,0.7300000190734863,29631655000
2020-12-29,403000,-3.130000114440918,27029322500
2020-12-30,401500,-0.3700000047683716,24926081500
2021-01-04,401000,-0.1199999973177909,23158135500
2021-01-05,452000,12.720000267028809,174839309500
2021-01-06,439500,-2.7699999809265137,79736994000
2021-01-07,442500,0.6800000071525574,55075946500
2021-01-08,439500,-0.6800000071525574,47707311000
2021-01-11,421500,-4.099999904632568,83984265844
2021-01-12,418500,-0.7099999785423279,35427155500
2021-01-13,423000,1.0800000429153442,30420681500
2021-01-14,420500,-0.5899999737739563,33939413500
2021-01-15,412500,-1.899999976158142,36950650500
2021-01-18,407000,-1.3300000429153442,21498633000
2021-01-19,418000,2.700000047683716,25254185500
2021-01-20,420000,0.4799999892711639,27946341000
2021-01-21,435500,3.690000057220459,58342508000
2021-01-22,427000,-1.950000047683716,36727854000
2021-01-25,428500,0.3499999940395355,23383389500
2021-01-26,413500,-3.5,42811185000
2021-01-27,411500,-0.4799999892711639,19990810000
2021-01-28,404000,-1.820000052452088,24830262500
2021-01-29,406000,0.5,41092145500
2021-02-01,433500,6.769999980926514,77693475500
2021-02-02,427000,-1.5,65539481000
2021-02-03,420500,-1.5199999809265137,35513520500
2021-02-04,409000,-2.7300000190734863,46499234500
2021-02-05,414500,1.340000033378601,28963186000
2021-02-08,412500,-0.4799999892711639,22961804000
2021-02-09,415000,0.6100000143051147,20291743500
2021-02-10,413000,-0.4799999892711639,18986836500
2021-02-15,415000,0.4799999892711639,22644251024
2021-02-16,421500,1.5700000524520874,80157409660
2021-02-17,422000,0.1199999973177909,30344775000
2021-02-18,415000,-1.659999966621399,23588577000
2021-02-19,413500,-0.3600000143051147,26393183500
2021-02-22,428500,3.630000114440918,60687232000
2021-02-23,433000,1.0499999523162842,53051281000
2021-02-24,415500,-4.039999961853027,34936932500
2021-02-25,416000,0.1199999973177909,30216987000
2021-02-26,403500,-3.0,46400592000
2021-03-02,407000,0.8700000047683716,25141787000
2021-03-03,412000,1.2300000190734863,17351855500
2021-03-04,408000,-0.9700000286102296,19990896500
2021-03-05,407000,-0.25,17247817500
2021-03-08,403500,-0.8600000143051147,18203269500
2021-03-09,397500,-1.4900000095367432,26324447500
2021-03-10,402000,1.1299999952316284,18193160500
2021-03-11,402500,0.1199999973177909,26966984000
2021-03-12,403500,0.25,24746364000
2021-03-15,403500,0.0,10632063500
2021-03-16,404000,0.1199999973177909,12129943000
2021-03-17,412000,1.9800000190734863,23006969500
2021-03-18,411500,-0.1199999973177909,16751823000
2021-03-19,402000,-2.309999942779541,27448948000
2021-03-22,404500,0.6200000047683716,14189778660
2021-03-23,406000,0.3700000047683716,15254713500
2021-03-24,402500,-0.8600000143051147,18238244500
2021-03-25,401000,-0.3700000047683716,15324000000
2021-03-26,405500,1.1200000047683716,14092548500
2021-03-29,409500,0.9900000095367432,13307506500
2021-03-30,406500,-0.7300000190734863,12454797500
2021-03-31,408500,0.4900000095367431,16997632000
2021-04-01,405000,-0.8600000143051147,15671218500
2021-04-02,405500,0.1199999973177909,11639805000
2021-04-05,406500,0.25,7784648000
2021-04-06,404500,-0.4900000095367431,12579145500
2021-04-07,413500,2.220000028610229,25497697500
2021-04-08,411000,-0.6000000238418579,20473757000
2021-04-09,412000,0.2399999946355819,11932867500
2021-04-12,413000,0.2399999946355819,11025644500
2021-04-13,417500,1.090000033378601,16619474500
2021-04-14,413000,-1.0800000429153442,19658055500
2021-04-15,418000,1.2100000381469729,20915129500
2021-04-16,421500,0.8399999737739563,31614318000
2021-04-19,420000,-0.3600000143051147,17917363500
2021-04-20,418500,-0.3600000143051147,12925220500
2021-04-21,418000,-0.1199999973177909,27745344500
2021-04-22,437000,4.550000190734863,62192457500
2021-04-23,439000,0.4600000083446502,38937347500
2021-04-26,438000,-0.2300000041723251,26096573500
2021-04-27,434500,-0.800000011920929,25854182000
2021-04-28,427000,-1.7300000190734863,27381680000
2021-04-29,454500,6.440000057220459,141303548500
2021-04-30,446000,-1.870000004768372,62264982500
2021-05-03,442500,-0.7799999713897705,34655940000
2021-05-04,443500,0.2300000041723251,29720141000
2021-05-06,464000,4.619999885559082,57792255500
2021-05-07,455500,-1.830000042915344,37647038000
2021-05-10,474000,4.059999942779541,56187840000
2021-05-11,481500,1.5800000429153442,69961866000
2021-05-12,478500,-0.6200000047683716,53632529000
2021-05-13,469500,-1.8799999952316284,51359380500
2021-05-14,459000,-2.240000009536743,41402498000
2021-05-17,455000,-0.8700000047683716,31887619000
2021-05-18,477500,4.949999809265137,32411910000
2021-05-20,468000,-1.9900000095367432,30151932000
2021-05-21,464000,-0.8500000238418579,22503193000
2021-05-24,461500,-0.5400000214576721,15410745000
2021-05-25,464500,0.6499999761581421,14140262000
2021-05-26,453000,-2.4800000190734863,25358701000
2021-05-27,451500,-0.3300000131130218,23304645500
2021-05-28,461000,2.0999999046325684,21392677500
2021-05-31,451500,-2.059999942779541,21774375000
2021-06-01,447500,-0.8899999856948853,27170140000
2021-06-02,445500,-0.449999988079071,24097716500
2021-06-03,441000,-1.0099999904632568,24178962000
2021-06-04,440000,-0.2300000041723251,19620532000
2021-06-07,436500,-0.800000011920929,16079994500
2021-06-08,436000,-0.1099999994039535,13996161500
2021-06-09,430000,-1.3799999952316284,15704644000
2021-06-10,435500,1.2799999713897705,27095190000
2021-06-11,436500,0.2300000041723251,11856922000
2021-06-14,437500,0.2300000041723251,10609533000
2021-06-15,441000,0.800000011920929,16034455500
2021-06-16,439000,-0.449999988079071,13686283000
2021-06-17,434500,-1.0299999713897705,18366902500
2021-06-18,434000,-0.1199999973177909,16213618000
2021-06-21,423500,-2.4200000762939453,27932743500
2021-06-22,430000,1.5299999713897705,12268787500
2021-06-23,430500,0.1199999973177909,12144176500
2021-06-24,435000,1.0499999523162842,11913483000
2021-06-25,445000,2.299999952316284,24645055500
2021-06-28,440000,-1.1200000047683716,12940663500
2021-06-29,436500,-0.800000011920929,10823301000
2021-06-30,431500,-1.149999976158142,14051746500
2021-07-01,430000,-0.3499999940395355,10267110500
2021-07-02,431500,0.3499999940395355,9755917500
2021-07-05,434500,0.699999988079071,10569256000
2021-07-06,436500,0.4600000083446502,11233307500
2021-07-07,436000,-0.1099999994039535,9238003000
2021-07-08,434000,-0.4600000083446502,22071788000
2021-07-09,426500,-1.7300000190734863,23928581500
2021-07-12,429000,0.5899999737739563,16115343000
2021-07-13,430000,0.2300000041723251,20993259500
2021-07-14,477500,11.050000190734863,215856157500
2021-07-15,495000,3.660000085830689,98613513500
2021-07-16,489000,-1.2100000381469729,37587830000
2021-07-19,473000,-3.2699999809265137,52521923000
2021-07-20,478500,1.159999966621399,64566224000
2021-07-21,510000,6.579999923706055,85981202000
2021-07-22,510000,0.0,69045686000
2021-07-23,539000,5.690000057220459,83673225000
2021-07-26,541000,0.3700000047683716,56182397000
2021-07-27,538000,-0.550000011920929,56255737000
2021-07-28,533000,-0.9300000071525574,44418865000
2021-07-29,538000,0.9399999976158142,32425691000
2021-07-30,547000,1.6699999570846558,57872658000
2021-08-02,540000,-1.2799999713897705,30803076000
2021-08-03,530000,-1.850000023841858,38261091000
2021-08-04,530000,0.0,28168116000
2021-08-05,525000,-0.9399999976158142,22851756000
2021-08-06,527000,0.3799999952316284,15806025000
2021-08-09,522000,-0.949999988079071,24648936000
2021-08-10,521000,-0.1899999976158142,25739988000
2021-08-11,515000,-1.149999976158142,35335643000
2021-08-12,532000,3.299999952316284,51185896000
2021-08-13,525000,-1.3200000524520874,27997058000
2021-08-17,517000,-1.5199999809265137,25717349000
2021-08-18,513000,-0.7699999809265137,20330486000
2021-08-19,499500,-2.630000114440918,29116285000
2021-08-20,486000,-2.700000047683716,31932014500
2021-08-23,492000,1.2300000190734863,18785498000
2021-08-24,508000,3.25,24613213000
2021-08-25,516000,1.5700000524520874,21280370000
2021-08-26,508000,-1.5499999523162842,16310397000
2021-08-27,507000,-0.2000000029802322,13522243000
2021-08-30,506000,-0.2000000029802322,14019258500
2021-08-31,532000,5.139999866485596,56310324000
2021-09-01,521000,-2.069999933242798,19135153000
2021-09-02,517000,-0.7699999809265137,19823708000
2021-09-03,517000,0.0,13049117000
2021-09-06,518000,0.1899999976158142,12145936000
2021-09-07,512000,-1.159999966621399,16920140000
2021-09-08,511000,-0.2000000029802322,16120932000
2021-09-09,506000,-0.9800000190734864,21714656000
2021-09-10,508000,0.4000000059604645,19320466000
2021-09-13,528000,3.940000057220459,41025413000
2021-09-14,521000,-1.3300000429153442,16792054000
2021-09-15,519000,-0.3799999952316284,19720963000
2021-09-16,524000,0.959999978542328,23573327000
2021-09-17,518000,-1.149999976158142,25747332000
2021-09-23,510000,-1.5399999618530271,17567792000
2021-09-24,512000,0.3899999856948852,18841615000
2021-09-27,511000,-0.2000000029802322,20748538000
2021-09-28,507000,-0.7799999713897705,54073916000
2021-09-29,502000,-0.9900000095367432,28864359000
2021-09-30,503000,0.2000000029802322,18514130500
2021-10-01,499000,-0.800000011920929,23107829500
2021-10-05,505000,1.2000000476837158,29192052500
2021-10-06,503000,-0.4000000059604645,31651164000
2021-10-07,512000,1.7899999618530271,27330528000
2021-10-08,531000,3.7100000381469727,55436665000
2021-10-12,552000,3.950000047683716,111258587000
2021-10-13,564000,2.1700000762939453,65285159000
2021-10-14,574000,1.7699999809265137,84195932000
2021-10-15,590000,2.789999961853028,51801507000
2021-10-18,607000,2.880000114440918,84486698000
2021-10-19,607000,0.0,52399191000
2021-10-20,578000,-4.78000020980835,79610572000
2021-10-21,576000,-0.3499999940395355,48580887000
2021-10-22,571000,-0.8700000047683716,39909791000
2021-10-25,572000,0.1800000071525573,27557030000
2021-10-26,565000,-1.2200000286102295,28935047000
2021-10-27,560000,-0.8799999952316284,24773988000
2021-10-28,532000,-5.0,57948306000
2021-10-29,537000,0.9399999976158142,40688616000
2021-11-01,528000,-1.6799999475479126,31521783000
2021-11-02,512000,-3.0299999713897705,60946647000
2021-11-03,512000,0.0,35937014000
2021-11-04,510000,-0.3899999856948852,26304371000
2021-11-05,505000,-0.9800000190734864,29431646000
2021-11-08,500000,-0.9900000095367432,19683971500
2021-11-09,501000,0.2000000029802322,20640982000
2021-11-10,490500,-2.0999999046325684,22548252000
2021-11-11,487000,-0.7099999785423279,21608631500
2021-11-12,505000,3.700000047683716,32847035000
2021-11-15,504000,-0.2000000029802322,18588977500
2021-11-16,505000,0.2000000029802322,17035674000
2021-11-17,493500,-2.2799999713897705,23870449000
2021-11-18,490000,-0.7099999785423279,17254962500
2021-11-19,490500,0.1000000014901161,18350903500
2021-11-22,486000,-0.9200000166893004,22041085000
2021-11-23,503000,3.5,26786428000
2021-11-24,502000,-0.2000000029802322,24318035000
2021-11-25,499000,-0.6000000238418579,18355688000
2021-11-26,520000,4.210000038146973,54901634000
2021-11-29,503000,-3.2699999809265137,30722394000
2021-11-30,493500,-1.8899999856948853,35309866000
2021-12-01,490500,-0.6100000143051147,19352266500
2021-12-02,497500,1.4299999475479126,22962405500
2021-12-03,493500,-0.800000011920929,19601832000
2021-12-06,500000,1.3200000524520874,15946936000
2021-12-07,494000,-1.2000000476837158,22912378000
2021-12-08,500000,1.2100000381469729,25900105500
2021-12-09,504000,0.800000011920929,29898423000
2021-12-10,513000,1.7899999618530271,17270092000
2021-12-13,506000,-1.3600000143051147,16285377000
2021-12-14,513000,1.3799999952316284,19799154000
2021-12-15,509000,-0.7799999713897705,29551227000
2021-12-16,513000,0.7900000214576721,12778726000
2021-12-17,524000,2.140000104904175,33619130000
2021-12-20,520000,-0.7599999904632568,23102422000
2021-12-21,516000,-0.7699999809265137,13867156000
2021-12-22,524000,1.5499999523162842,14219107000
2021-12-23,542000,3.440000057220459,41854817000
2021-12-24,535000,-1.2899999618530271,19447452000
2021-12-27,533000,-0.3700000047683716,12169710000
2021-12-28,532000,-0.1899999976158142,25394063000
2021-12-29,523000,-1.690000057220459,15948750000
2021-12-30,511000,-2.289999961853028,15917927000
2022-01-03,510000,-0.2000000029802322,10352714000
2022-01-04,511000,0.2000000029802322,13073850000
2022-01-05,503000,-1.5700000524520874,16382584000
2022-01-06,509000,1.190000057220459,22511251000
2022-01-07,514000,0.9800000190734864,14787150000
2022-01-10,514000,0.0,13416726000
2022-01-11,517000,0.5799999833106995,17210699000
2022-01-12,535000,3.4800000190734863,32161168000
2022-01-13,551000,2.990000009536743,46987769000
2022-01-14,546000,-0.9100000262260436,23588383000
2022-01-17,548000,0.3700000047683716,24501640000
2022-01-18,550000,0.3600000143051147,26953825000
2022-01-19,555000,0.9100000262260436,53438064000
2022-01-20,548000,-1.2599999904632568,30753850000
2022-01-21,557000,1.6399999856948853,30780587000
2022-01-24,528000,-5.210000038146973,29162095000
2022-01-25,517000,-2.0799999237060547,28017874000
2022-01-26,521000,0.7699999809265137,17195507000
2022-01-27,500000,-4.03000020980835,33739106500
2022-01-28,509000,1.7999999523162842,22598312500
2022-02-03,522000,2.549999952316284,17153940000
2022-02-04,538000,3.069999933242798,23933876000
2022-02-07,537000,-0.1899999976158142,22302163000
2022-02-08,523000,-2.609999895095825,33290067000
2022-02-09,536000,2.490000009536743,18766353000
2022-02-10,530000,-1.1200000047683716,21089149000
2022-02-11,531000,0.1899999976158142,21795601000
2022-02-14,532000,0.1899999976158142,22940632000
2022-02-15,519000,-2.440000057220459,16663806000
2022-02-16,529000,1.9299999475479128,20857382000
2022-02-17,526000,-0.5699999928474426,17099886000
2022-02-18,535000,1.7100000381469729,18134278000
2022-02-21,530000,-0.9300000071525574,9415156000
2022-02-22,526000,-0.75,12145244000
2022-02-23,529000,0.5699999928474426,11440054000
2022-02-24,526000,-0.5699999928474426,11438390000
2022-02-25,528000,0.3799999952316284,18546823000
2022-02-28,550000,4.170000076293945,34393580000
2022-03-02,569000,3.450000047683716,44828088000
2022-03-03,552000,-2.990000009536743,33639244000
2022-03-04,570000,3.259999990463257,35804241000
2022-03-07,577000,1.2300000190734863,41255469000
2022-03-08,552000,-4.329999923706055,41743829000
2022-03-10,573000,3.799999952316284,43007764000
2022-03-11,569000,-0.699999988079071,19279246000
2022-03-14,590000,3.690000057220459,70039882000
2022-03-15,583000,-1.190000057220459,39151204000
2022-03-16,572000,-1.8899999856948853,44109958000
2022-03-17,572000,0.0,43402842346
2022-03-18,569000,-0.5199999809265137,30332971000
2022-03-21,569000,0.0,13258110000
2022-03-22,575000,1.0499999523162842,22933534000
2022-03-23,588000,2.259999990463257,19401796000
2022-03-24,590000,0.3400000035762787,20597996000
2022-03-25,592000,0.3400000035762787,14787736000
2022-03-28,589000,-0.5099999904632568,14286422000
2022-03-29,593000,0.6800000071525574,16966032000
2022-03-30,576000,-2.869999885559082,34060177000
2022-03-31,585000,1.559999942779541,28215678000
2022-04-01,590000,0.8500000238418579,17526392000
2022-04-04,602000,2.0299999713897705,25206878500
2022-04-05,605000,0.5,23620854000
2022-04-06,631000,4.300000190734863,74673951000
2022-04-07,630000,-0.1599999964237213,36831452000
2022-04-08,628000,-0.3199999928474426,20096646000
2022-04-11,619000,-1.4299999475479126,25798303000
2022-04-12,617000,-0.3199999928474426,19580047000
2022-04-13,625000,1.2999999523162842,18482811000
2022-04-14,634000,1.440000057220459,17009077000
2022-04-15,626000,-1.2599999904632568,11796370000
2022-04-18,638000,1.919999957084656,25481295000
2022-04-19,657000,2.9800000190734863,22860712000
2022-04-20,650000,-1.0700000524520874,38305698000
2022-04-21,630000,-3.0799999237060547,33172293600
2022-04-22,621000,-1.4299999475479126,27866396000
2022-04-25,621000,0.0,32837609000
2022-04-26,590000,-4.989999771118164,59792244000
2022-04-27,592000,0.3400000035762787,27176597000
2022-04-28,592000,0.0,28958774000
2022-04-29,576000,-2.700000047683716,47521035000
2022-05-02,577000,0.1700000017881393,20164016000
2022-05-03,568000,-1.559999942779541,25092809000
2022-05-04,564000,-0.699999988079071,14568712000
2022-05-06,554000,-1.7699999809265137,17895500000
2022-05-09,552000,-0.3600000143051147,13381601000
2022-05-10,551000,-0.1800000071525573,23600117000
2022-05-11,538000,-2.359999895095825,21164549000
2022-05-12,540000,0.3700000047683716,32827156000
2022-05-13,544000,0.7400000095367432,19243141000
2022-05-16,552000,1.4700000286102295,16719889000
2022-05-17,552000,0.0,16283254000
2022-05-18,557000,0.9100000262260436,22191891000
2022-05-19,561000,0.7200000286102295,28903852000
2022-05-20,573000,2.140000104904175,23345721000
2022-05-23,576000,0.5199999809265137,12285935000
2022-05-24,564000,-2.0799999237060547,21676238000
2022-05-25,567000,0.5299999713897705,15404048000
2022-05-26,576000,1.590000033378601,11789789000
2022-05-27,576000,0.0,13796556000
2022-05-30,581000,0.8700000047683716,11946164000
2022-05-31,595000,2.4100000858306885,54122726000
2022-06-02,585000,-1.6799999475479126,28607948000
2022-06-03,572000,-2.220000028610229,42630497000
2022-06-07,577000,0.8700000047683716,17791954000
2022-06-08,570000,-1.2100000381469729,17177564000
2022-06-09,565000,-0.8799999952316284,17871316000
2022-06-10,557000,-1.4199999570846558,17522064000
2022-06-13,546000,-1.9700000286102293,19039651000
2022-06-14,535000,-2.009999990463257,28722230000
2022-06-15,517000,-3.359999895095825,23755762000
2022-06-16,525000,1.5499999523162842,17878255000
2022-06-17,530000,0.949999988079071,18507665000
2022-06-20,515000,-2.8299999237060547,14901416000
2022-06-21,520000,0.9700000286102296,10854139000
2022-06-22,509000,-2.119999885559082,12193686000
2022-06-23,494000,-2.950000047683716,20320733500
2022-06-24,493000,-0.2000000029802322,22815634000
2022-06-27,500000,1.4199999570846558,19095709000
2022-06-28,499500,-0.1000000014901161,16472858500
2022-06-29,494500,-1.0,15485882000
2022-06-30,487500,-1.4199999570846558,17104133000
2022-07-01,481000,-1.3300000429153442,17478418000
2022-07-04,481000,0.0,12694277500
2022-07-05,490500,1.9800000190734863,13976713500
2022-07-06,452000,-7.849999904632568,41394748500
2022-07-07,459500,1.659999966621399,19453521500
2022-07-08,463000,0.7599999904632568,16592616000
2022-07-11,463500,0.1099999994039535,9586630000
2022-07-12,453500,-2.1600000858306885,12161711000
2022-07-13,454500,0.2199999988079071,17682246500
2022-07-14,452000,-0.550000011920929,10363706000
2022-07-15,450000,-0.4399999976158142,9006297500
2022-07-18,460000,2.220000028610229,16698501250
2022-07-19,456500,-0.7599999904632568,10645990500
2022-07-20,457500,0.2199999988079071,17839447500
2022-07-21,459500,0.4399999976158142,17112946500
2022-07-22,463500,0.8700000047683716,16931187250
2022-07-25,468500,1.0800000429153442,16023389000
2022-07-26,471500,0.6399999856948853,10737552500
2022-07-27,467000,-0.949999988079071,13596975500
2022-07-28,472500,1.1799999475479126,13874864000
2022-07-29,477500,1.059999942779541,19656215500
2022-08-01,487000,1.9900000095367432,31835073000
2022-08-02,479500,-1.5399999618530271,13353779000
2022-08-03,478000,-0.3100000023841858,19131739000
2022-08-04,481000,0.6299999952316284,13655468000
2022-08-05,516000,7.28000020980835,54415097500
2022-08-08,553000,7.170000076293945,107029056000
2022-08-09,562000,1.6299999952316284,55119761000
2022-08-10,563000,0.1800000071525573,31453417000
2022-08-11,586000,4.090000152587891,55474519000
2022-08-12,588000,0.3400000035762787,31669546000
2022-08-16,596000,1.3600000143051147,27141964000
2022-08-17,597000,0.1700000017881393,39624921000
2022-08-18,589000,-1.340000033378601,24798995000
2022-08-19,587000,-0.3400000035762787,22386681000
2022-08-22,581000,-1.0199999809265137,30854252458
2022-08-23,571000,-1.7200000286102295,28104837000
2022-08-24,580000,1.5800000429153442,26602494000
2022-08-25,586000,1.0299999713897705,21552094000
2022-08-26,585000,-0.1700000017881393,22608089000
2022-08-29,618000,5.639999866485596,88759797000
2022-08-30,619000,0.1599999964237213,89909665000
2022-08-31,672000,8.5600004196167,180913510000
2022-09-01,644000,-4.170000076293945,90590904000
2022-09-02,618000,-4.039999961853027,94908090000
2022-09-05,612000,-0.9700000286102296,47568117000
2022-09-06,627000,2.450000047683716,46659585000
2022-09-07,627000,0.0,40768969000
2022-09-08,615000,-1.909999966621399,61478395000
2022-09-13,620000,0.8100000023841858,53479036000
2022-09-14,624000,0.6499999761581421,58895292000
2022-09-15,634000,1.600000023841858,50116680000
2022-09-16,618000,-2.5199999809265137,48228224000
2022-09-19,588000,-4.849999904632568,62735857000
2022-09-20,601000,2.2100000381469727,27130598000
2022-09-21,600000,-0.1700000017881393,25342241772
2022-09-22,604000,0.6700000166893005,28238861860
2022-09-23,614000,1.659999966621399,52725712412
2022-09-26,591000,-3.75,38053873000
2022-09-27,591000,0.0,26397234000
2022-09-28,569000,-3.7200000286102295,32231173000
2022-09-29,581000,2.109999895095825,25579366000
2022-09-30,595000,2.4100000858306885,45626493000
2022-10-04,597000,0.3400000035762787,38124556000
2022-10-05,621000,4.019999980926514,81145094000
2022-10-06,621000,0.0,41251115000
2022-10-07,610000,-1.7699999809265137,34291484000
2022-10-11,609000,-0.1599999964237213,35119050000
2022-10-12,608000,-0.1599999964237213,32712126000
2022-10-13,604000,-0.6600000262260437,36736956000
2022-10-14,613000,1.4900000095367432,31806549000
2022-10-17,616000,0.4900000095367431,18790816000
2022-10-18,605000,-1.7899999618530271,36651040000
2022-10-19,618000,2.150000095367432,41121702000
2022-10-20,613000,-0.8100000023841858,24106340000
2022-10-21,587000,-4.239999771118164,44894475000
2022-10-24,602000,2.559999942779541,27243918000
2022-10-25,607000,0.8299999833106995,21532353000
2022-10-26,608000,0.1599999964237213,26748432000
2022-10-27,627000,3.130000114440918,31988441000
2022-10-28,622000,-0.800000011920929,21961004000
2022-10-31,640000,2.890000104904175,79162140000
2022-11-01,626000,-2.190000057220459,29636374000
2022-11-02,621000,-0.800000011920929,22320192000
2022-11-03,586000,-5.639999866485596,123939863000
2022-11-04,579000,-1.190000057220459,69737622000
2022-11-07,595000,2.759999990463257,56010995000
2022-11-08,589000,-1.0099999904632568,39924994000
2022-11-09,620000,5.260000228881836,77796566000
2022-11-10,610000,-1.6100000143051147,45650649000
2022-11-11,622000,1.9700000286102293,48363242500
2022-11-14,631000,1.4500000476837158,49161781000
2022-11-15,634000,0.4799999892711639,40730194000
2022-11-16,639000,0.7900000214576721,40640254000
2022-11-17,642000,0.4699999988079071,30025564000
2022-11-18,648000,0.9300000071525574,56669313000
2022-11-21,648000,0.0,38772750000
2022-11-22,656000,1.2300000190734863,43349192000
2022-11-23,658000,0.3000000119209289,122551911000
2022-11-24,617000,-6.230000019073486,146217567000
2022-11-25,657000,6.480000019073486,362008515000
2022-11-28,646000,-1.6699999570846558,54977545000
2022-11-29,633000,-2.009999990463257,39648102000
2022-11-30,630000,-0.4699999988079071,63130590000
2022-12-01,627000,-0.4799999892711639,51006129000
2022-12-02,611000,-2.549999952316284,42342672000
2022-12-05,603000,-1.309999942779541,42883758000
2022-12-06,599000,-0.6600000262260437,30434196000
2022-12-07,605000,1.0,26815967000
2022-12-08,604000,-0.1700000017881393,40585531000
2022-12-09,602000,-0.3300000131130218,30807815000
2022-12-12,609000,1.159999966621399,20802317000
2022-12-13,608000,-0.1599999964237213,16650359000
2022-12-14,608000,0.0,22067526000
2022-12-15,591000,-2.799999952316284,32987601000
2022-12-16,596000,0.8500000238418579,45821347000
2022-12-19,587000,-1.5099999904632568,20081850000
2022-12-20,580000,-1.190000057220459,25041040000
2022-12-21,578000,-0.3400000035762787,16610546000
2022-12-22,580000,0.3499999940395355,28330035000
2022-12-23,571000,-1.5499999523162842,36744407000
2022-12-26,564000,-1.2300000190734863,36901222000
2022-12-27,565000,0.1800000071525573,57056458000
2022-12-28,575000,1.7699999809265137,60666467000
2022-12-29,564000,-1.909999966621399,27589122000
2023-01-02,539000,-4.429999828338623,34419283000
2023-01-03,526000,-2.4100000858306885,35141156000
2023-01-04,522000,-0.7599999904632568,24997880000
2023-01-05,518000,-0.7699999809265137,42948390000
2023-01-06,522000,0.7699999809265137,32861964000
2023-01-09,546000,4.599999904632568,27099189000
2023-01-10,547000,0.1800000071525573,19321867000
2023-01-11,547000,0.0,20876318000
2023-01-12,550000,0.550000011920929,29817562000
2023-01-13,559000,1.6399999856948853,27111890000
2023-01-16,559000,0.0,14434706000
2023-01-17,550000,-1.6100000143051147,17639104000
2023-01-18,547000,-0.550000011920929,12121869000
2023-01-19,555000,1.4600000381469729,23687488000
2023-01-20,566000,1.9800000190734863,15805581000
2023-01-25,564000,-0.3499999940395355,15038334000
2023-01-26,573000,1.600000023841858,17412734000
2023-01-27,570000,-0.5199999809265137,17996102000
2023-01-30,564000,-1.0499999523162842,22440439000
2023-01-31,541000,-4.079999923706055,40892630000
2023-02-01,550000,1.659999966621399,26539091000
2023-02-02,544000,-1.090000033378601,19395099000
2023-02-03,537000,-1.2899999618530271,47982374000
2023-02-06,533000,-0.7400000095367432,25352460000
2023-02-07,531000,-0.3799999952316284,23831224000
2023-02-08,536000,0.9399999976158142,14496128000
2023-02-09,535000,-0.1899999976158142,21073729775
2023-02-10,542000,1.309999942779541,23339749000
2023-02-13,536000,-1.1100000143051147,17052386000
2023-02-14,538000,0.3700000047683716,11928784000
2023-02-15,551000,2.4200000762939453,45457797000
2023-02-16,553000,0.3600000143051147,22365490000
2023-02-17,561000,1.4500000476837158,33559945000
2023-02-20,579000,3.2100000381469727,48666695000
2023-02-21,610000,5.349999904632568,85060161000
2023-02-22,609000,-0.1599999964237213,78963701000
2023-02-23,596000,-2.130000114440918,47099645000
2023-02-24,588000,-1.340000033378601,29060428000
2023-02-27,596000,1.3600000143051147,37119171000
2023-02-28,584000,-2.009999990463257,30221897000
2023-03-02,592000,1.3700000047683716,35540541000
2023-03-03,591000,-0.1700000017881393,21392383000
2023-03-06,583000,-1.350000023841858,39418379000
2023-03-07,586000,0.5099999904632568,25472201000
2023-03-08,554000,-5.460000038146973,55805078000
2023-03-09,544000,-1.809999942779541,42184694000
2023-03-10,532000,-2.2100000381469727,37536357000
2023-03-13,545000,2.440000057220459,33181089000
2023-03-14,534000,-2.0199999809265137,23270544000
2023-03-15,542000,1.5,16364219000
2023-03-16,535000,-1.2899999618530271,16530974000
2023-03-17,527000,-1.5,31073542000
2023-03-20,526000,-0.1899999976158142,16780665000
2023-03-21,534000,1.5199999809265137,14135317000
2023-03-22,536000,0.3700000047683716,20362336000
2023-03-23,540000,0.75,20405528000
2023-03-24,527000,-2.4100000858306885,26930889000
2023-03-27,527000,0.0,17322325000
2023-03-28,534000,1.3300000429153442,16006501000
2023-03-29,533000,-0.1899999976158142,17464246000
2023-03-30,533000,0.0,20016929000
2023-03-31,553000,3.75,50841688000
2023-04-03,555000,0.3600000143051147,32065547000
2023-04-04,548000,-1.2599999904632568,22505077000
2023-04-05,537000,-2.009999990463257,43110734000
2023-04-06,531000,-1.1200000047683716,22135695000
2023-04-07,528000,-0.5600000023841858,25000251000
2023-04-10,535000,1.3300000429153442,43303780000
2023-04-11,540000,0.9300000071525574,33979839000
2023-04-12,544000,0.7400000095367432,31540480000
2023-04-13,535000,-1.649999976158142,27129080000
2023-04-14,547000,2.240000009536743,34880627000
2023-04-17,556000,1.649999976158142,53110550000
2023-04-18,546000,-1.7999999523162842,26528286000
2023-04-19,554000,1.4700000286102295,28265479000
2023-04-20,548000,-1.0800000429153442,21841851000
2023-04-21,545000,-0.550000011920929,19750363000
2023-04-24,537000,-1.4700000286102295,19037255000
2023-04-25,524000,-2.4200000762939453,34404999000
2023-04-26,518000,-1.149999976158142,16136842000
2023-04-27,517000,-0.1899999976158142,19694745000
2023-04-28,513000,-0.7699999809265137,56724531000
2023-05-02,521000,1.559999942779541,15354282000
2023-05-03,512000,-1.7300000190734863,14620876000
2023-05-04,508000,-0.7799999713897705,17078625000
2023-05-08,509000,0.2000000029802322,15439784000
2023-05-09,509000,0.0,13118946000
2023-05-10,494500,-2.8499999046325684,37065499000
2023-05-11,497500,0.6100000143051147,17470039500
2023-05-12,491000,-1.309999942779541,21868259000
2023-05-15,490500,-0.1000000014901161,13430736500
2023-05-16,487500,-0.6100000143051147,15899159000
2023-05-17,484000,-0.7200000286102295,20000110500
2023-05-18,491500,1.5499999523162842,13357888500
2023-05-19,490000,-0.3100000023841858,17241985500
2023-05-22,497000,1.4299999475479126,14465749500
2023-05-23,494000,-0.6000000238418579,16163887500
2023-05-24,492000,-0.4000000059604645,10407117500
2023-05-25,482500,-1.9299999475479128,28459250500
2023-05-26,484000,0.3100000023841858,18190838500
2023-05-30,475000,-1.8600000143051147,32467049500
2023-05-31,480500,1.159999966621399,79777103000
2023-06-01,471500,-1.870000004768372,21155223000
2023-06-02,483500,2.549999952316284,23672871500
2023-06-05,487000,0.7200000286102295,20880166000
2023-06-07,488000,0.209999993443489,18230023500
2023-06-08,495500,1.5399999618530271,67179343500
2023-06-09,496000,0.1000000014901161,22437057500
2023-06-12,496500,0.1000000014901161,15893825500
2023-06-13,492500,-0.8100000023841858,18179455000
2023-06-14,503000,2.130000114440918,37940125500
2023-06-15,504000,0.2000000029802322,19883697000
2023-06-16,507000,0.6000000238418579,32148210000
2023-06-19,501000,-1.1799999475479126,19643172000
2023-06-20,495500,-1.100000023841858,20287381500
2023-06-21,489000,-1.309999942779541,21591690500
2023-06-22,491500,0.5099999904632568,13847766500
2023-06-23,486500,-1.0199999809265137,19436465000
2023-06-26,493000,1.340000033378601,14372798000
2023-06-27,494000,0.2000000029802322,16043059000
2023-06-28,483500,-2.130000114440918,22826569924
2023-06-29,478500,-1.0299999713897705,13994452000
2023-06-30,487500,1.8799999952316284,13853179000
2023-07-03,490000,0.5099999904632568,21434565500
2023-07-04,475000,-3.059999942779541,32644185500
2023-07-05,465000,-2.109999895095825,43674886000
2023-07-06,463000,-0.4300000071525574,22941838500
2023-07-07,444500,-4.0,48072647000
2023-07-10,451500,1.5700000524520874,22688878500
2023-07-11,455000,0.7799999713897705,12608873000
2023-07-12,453500,-0.3300000131130218,19016435500
2023-07-13,462500,1.9800000190734863,26298211500
2023-07-14,472500,2.1600000858306885,18439426500
2023-07-17,464500,-1.690000057220459,11440257000
2023-07-18,464000,-0.1099999994039535,9762216500
2023-07-19,462500,-0.3199999928474426,15754649000
2023-07-20,469000,1.409999966621399,21094635500
2023-07-21,466000,-0.6399999856948853,13110341500
2023-07-24,469500,0.75,24595843500
2023-07-25,538000,14.59000015258789,153284954000
2023-07-26,499000,-7.25,149263180500
2023-07-27,491000,-1.600000023841858,45707954000
2023-07-28,490000,-0.2000000029802322,23703493500
2023-07-31,494000,0.8199999928474426,30297814500
2023-08-01,496500,0.5099999904632568,18712110000
2023-08-02,497000,0.1000000014901161,34839888000
2023-08-03,501000,0.800000011920929,45880867500
2023-08-04,494000,-1.399999976158142,15335249500
2023-08-07,490000,-0.8100000023841858,17401520500
2023-08-08,505000,3.059999942779541,31731176000
2023-08-09,504000,-0.2000000029802322,24704726000
2023-08-10,500000,-0.7900000214576721,14399459500
2023-08-11,501000,0.2000000029802322,10911701500
2023-08-14,488000,-2.5899999141693115,14484270500
2023-08-16,472500,-3.180000066757202,21536988500
2023-08-17,472500,0.0,13732836500
2023-08-18,465500,-1.4800000190734863,15392367500
2023-08-21,468000,0.5400000214576721,9442643000
2023-08-22,473500,1.1799999475479126,11423645500
2023-08-23,470000,-0.7400000095367432,8270889500
2023-08-24,479000,1.909999966621399,11986982500
2023-08-25,499000,4.179999828338623,36584566000
2023-08-28,520000,4.210000038146973,52171366000
2023-08-29,515000,-0.959999978542328,22155569000
2023-08-30,545000,5.829999923706055,100434366000
2023-08-31,527000,-3.299999952316284,122163796000
2023-09-01,519000,-1.5199999809265137,47291873000
2023-09-04,541000,4.239999771118164,51963093000
2023-09-05,543000,0.3700000047683716,47517888000
2023-09-06,544000,0.1800000071525573,35695883000
2023-09-07,534000,-1.840000033378601,33262046000
2023-09-08,540000,1.1200000047683716,29346572000
2023-09-11,538000,-0.3700000047683716,17280574000
2023-09-12,534000,-0.7400000095367432,21810647000
2023-09-13,544000,1.870000004768372,44654092000
2023-09-14,542000,-0.3700000047683716,25128282000
2023-09-15,557000,2.7699999809265137,57753819000
2023-09-18,552000,-0.8999999761581421,22425463000
2023-09-19,546000,-1.090000033378601,27559763000
2023-09-20,546000,0.0,13237884000
2023-09-21,522000,-4.400000095367432,33682496000
2023-09-22,523000,0.1899999976158142,14174111000
2023-09-25,521000,-0.3799999952316284,19955400000
2023-09-26,515000,-1.149999976158142,19704376000
2023-09-27,506000,-1.75,27313087000
2023-10-04,487500,-3.660000085830689,29879356500
2023-10-05,492500,1.0299999713897705,19204702500
2023-10-06,488500,-0.8100000023841858,23147864000
2023-10-10,487000,-0.3100000023841858,19650061000
2023-10-11,482000,-1.0299999713897705,67338762000
2023-10-12,483500,0.3100000023841858,20056896500
2023-10-13,484500,0.209999993443489,10788441500
2023-10-16,479500,-1.0299999713897705,12128495000
2023-10-17,487500,1.6699999570846558,12660365500
2023-10-18,491000,0.7200000286102295,12502896000
2023-10-19,483500,-1.5299999713897705,15825686500
2023-10-20,476500,-1.4500000476837158,16551066000
2023-10-23,467500,-1.8899999856948853,13208338000
2023-10-24,473000,1.1799999475479126,18033168500
2023-10-25,476500,0.7400000095367432,17759323000
2023-10-26,463500,-2.7300000190734863,14463088500
2023-10-27,466000,0.5400000214576721,13455178000
2023-10-30,490000,5.150000095367432,30188536500
2023-10-31,469000,-4.289999961853027,48786395000
2023-11-01,457000,-2.559999942779541,45317932000
2023-11-02,465000,1.75,21116842250
2023-11-03,470500,1.1799999475479126,7298081500
2023-11-06,493500,4.889999866485596,21649430500
2023-11-07,490000,-0.7099999785423279,18970558500
2023-11-08,487500,-0.5099999904632568,9547357500
2023-11-09,480000,-1.5399999618530271,28063728000
2023-11-10,479500,-0.1000000014901161,21226968500
2023-11-13,480500,0.209999993443489,12171302500
2023-11-14,480000,-0.1000000014901161,11875348500
2023-11-15,489000,1.8799999952316284,15593925500
2023-11-16,483500,-1.1200000047683716,16017928500
2023-11-17,488500,1.0299999713897705,14666465000
2023-11-20,496500,1.6399999856948853,16248197000
2023-11-21,495000,-0.3000000119209289,13929717000
2023-11-22,497000,0.4000000059604645,12299996000
2023-11-23,491500,-1.1100000143051147,9471520000
2023-11-24,491500,0.0,9069574000
2023-11-27,489000,-0.5099999904632568,8161300500
2023-11-28,494000,1.0199999809265137,10836682500
2023-11-29,493000,-0.2000000029802322,9652495000
2023-11-30,491500,-0.3000000119209289,19821832500
2023-12-01,497000,1.1200000047683716,18359324500
2023-12-04,518000,4.230000019073486,71040008000
2023-12-05,526000,1.5399999618530271,40817674000
2023-12-06,530000,0.7599999904632568,40936053946
2023-12-07,522000,-1.5099999904632568,26047189840
2023-12-08,498500,-4.5,58754164500
2023-12-11,484000,-2.9100000858306885,41786403000
2023-12-12,485500,0.3100000023841858,27089444000
2023-12-13,485000,-0.1000000014901161,16007842000
2023-12-14,487500,0.5199999809265137,25231202500
2023-12-15,495000,1.5399999618530271,38246389500
2023-12-18,497500,0.5099999904632568,12002109500
2023-12-19,495500,-0.4000000059604645,10733517000
2023-12-20,501000,1.1100000143051147,13616629500
2023-12-21,500000,-0.2000000029802322,9933543000
2023-12-22,501000,0.2000000029802322,9045567000
2023-12-26,500000,-0.2000000029802322,15345454500
2023-12-27,495500,-0.8999999761581421,16081877500
2023-12-28,498000,0.5,16799209000
2024-01-02,486000,-2.4100000858306885,22219475500
2024-01-03,477000,-1.850000023841858,16615254000
2024-01-04,484500,1.5700000524520874,13626877000
2024-01-05,487500,0.6200000047683716,13716745500
2024-01-08,487000,-0.1000000014901161,11450317500
2024-01-09,487500,0.1000000014901161,9170135000
2024-01-10,480500,-1.440000057220459,7160324500
2024-01-11,472500,-1.659999966621399,14504904500
2024-01-12,470000,-0.5299999713897705,10233426000
2024-01-15,470000,0.0,6583675000
2024-01-16,464000,-1.2799999713897705,10367932500
2024-01-17,451500,-2.690000057220459,18399104000
2024-01-18,450500,-0.2199999988079071,9854460500
2024-01-19,458000,1.659999966621399,15408717500
2024-01-22,457500,-0.1099999994039535,5475101500
2024-01-23,460000,0.550000011920929,6499015500
2024-01-24,460500,0.1099999994039535,10420440500
2024-01-25,460500,0.0,14413107500
2024-01-26,462000,0.3300000131130218,14117672000
2024-01-29,467000,1.0800000429153442,17708216500
2024-01-30,470000,0.6399999856948853,13767596500
2024-01-31,473500,0.7400000095367432,22454028000
2024-02-01,475000,0.3199999928474426,12513548000
2024-02-02,475500,0.1099999994039535,15555573000
2024-02-05,471000,-0.949999988079071,16937758500
2024-02-06,462000,-1.909999966621399,18037649500
2024-02-07,471500,2.059999942779541,15964057000
2024-02-08,466500,-1.059999942779541,19733461000
2024-02-13,473000,1.3899999856948853,14976658000
2024-02-14,460500,-2.640000104904175,19795441500
2024-02-15,461500,0.2199999988079071,10162162000
2024-02-16,464500,0.6499999761581421,16047220500
2024-02-19,468500,0.8600000143051147,10237270500
2024-02-20,460000,-1.809999942779541,22097715500
2024-02-21,467000,1.5199999809265137,21757550500
2024-02-22,461000,-1.2799999713897705,19402915000
2024-02-23,463500,0.5400000214576721,13304895500
2024-02-26,459000,-0.9700000286102296,11144140500
2024-02-27,457000,-0.4399999976158142,12305382500
2024-02-28,458000,0.2199999988079071,8644922500
2024-02-29,447500,-2.289999961853028,29738269000
2024-03-04,445500,-0.449999988079071,15789331500
2024-03-05,443500,-0.449999988079071,14468144500
2024-03-06,436000,-1.690000057220459,26358399000
2024-03-07,444500,1.950000047683716,14926545500
2024-03-08,457000,2.809999942779541,22805662000
2024-03-11,451000,-1.309999942779541,11115107000
2024-03-12,454500,0.7799999713897705,9044332000
2024-03-13,450000,-0.9900000095367432,9159210500
2024-03-14,454500,1.0,28212980000
2024-03-15,450500,-0.8799999952316284,14260258000
2024-03-18,452500,0.4399999976158142,13078040000
2024-03-19,448000,-0.9900000095367432,15048718500
2024-03-20,439500,-1.899999976158142,21410723000
2024-03-21,441500,0.4600000083446502,18035501500
2024-03-22,440000,-0.3400000035762787,15339888000
2024-03-25,456000,3.640000104904175,61485412000
2024-03-26,450000,-1.3200000524520874,20086842500
2024-03-27,460000,2.220000028610229,25161430500
2024-03-28,454500,-1.2000000476837158,12653645500
2024-03-29,452000,-0.550000011920929,9884359500
2024-04-01,451000,-0.2199999988079071,11852397500
2024-04-02,446500,-1.0,11771599500
2024-04-03,444000,-0.5600000023841858,11257856000
2024-04-04,463000,4.28000020980835,27656133000
2024-04-05,460000,-0.6499999761581421,13480695500
2024-04-08,461000,0.2199999988079071,15658000000
2024-04-09,469000,1.7400000095367432,26188280500
2024-04-11,472000,0.6399999856948853,24446231976
2024-04-12,470500,-0.3199999928474426,19640202500
2024-04-15,485000,3.0799999237060547,48065896000
2024-04-16,480500,-0.9300000071525574,43531292000
2024-04-17,477500,-0.6200000047683716,17536929000
2024-04-18,472000,-1.149999976158142,25474766000
2024-04-19,472000,0.0,17352438000
2024-04-22,471000,-0.209999993443489,15057331000
2024-04-23,461500,-2.0199999809265137,18449043500
2024-04-24,455500,-1.2999999523162842,24766010000
2024-04-25,452500,-0.6600000262260437,12390853500
2024-04-26,454500,0.4399999976158142,7444648500
2024-04-29,466500,2.640000104904175,18499386500
2024-04-30,463500,-0.6399999856948853,27357506000
2024-05-02,460000,-0.7599999904632568,9742315500
2024-05-03,463000,0.6499999761581421,7822473000
2024-05-07,473000,2.1600000858306885,25284042000
2024-05-08,493000,4.230000019073486,54614360000
2024-05-09,495000,0.4099999964237213,35936150500
2024-05-10,496500,0.3000000119209289,18410211500
2024-05-13,494000,-0.5,14002997000
2024-05-14,489500,-0.9100000262260436,12473458000
2024-05-16,514000,5.010000228881836,50170310500
2024-05-17,512000,-0.3899999856948852,28127570000
2024-05-20,528000,3.130000114440918,57313057000
2024-05-21,537000,1.7000000476837158,59544316000
2024-05-22,529000,-1.4900000095367432,27041272000
2024-05-23,514000,-2.8399999141693115,42783498000
2024-05-24,514000,0.0,24287966000
2024-05-27,520000,1.1699999570846558,21599573000
2024-05-28,511000,-1.7300000190734863,17275842000
2024-05-29,522000,2.150000095367432,34862688000
2024-05-30,517000,-0.959999978542328,20434786000
2024-05-31,527000,1.9299999475479128,29658626000
2024-06-03,498000,-5.5,39420011000
2024-06-04,502000,0.800000011920929,25856549500
2024-06-05,489000,-2.5899999141693115,20586005500
2024-06-07,499000,2.039999961853028,17373751500
2024-06-10,488000,-2.200000047683716,22429983000
2024-06-11,498000,2.049999952316284,17214727500
2024-06-12,491000,-1.409999966621399,9524737000
2024-06-13,487500,-0.7099999785423279,24388889500
2024-06-14,479500,-1.6399999856948853,17184787500
2024-06-17,482500,0.6299999952316284,15508223500
2024-06-18,488500,1.2400000095367432,18019797000
2024-06-19,496000,1.5399999618530271,13201861500
2024-06-20,496000,0.0,14956158500
2024-06-21,498000,0.4000000059604645,17689908500
2024-06-24,492000,-1.2000000476837158,7498602000
2024-06-25,510000,3.660000085830689,24766640000
2024-06-26,525000,2.940000057220459,37534169000
2024-06-27,518000,-1.3300000429153442,25377854000
2024-06-28,515000,-0.5799999833106995,19183179000
2024-07-01,511000,-0.7799999713897705,10294419000
2024-07-02,522000,2.150000095367432,39254104000
2024-07-03,518000,-0.7699999809265137,24159786000
2024-07-04,534000,3.0899999141693115,24892590000
2024-07-05,532000,-0.3700000047683716,17726957000
2024-07-08,530000,-0.3799999952316284,14481424000
2024-07-09,532000,0.3799999952316284,12702071000
2024-07-10,530000,-0.3799999952316284,12535594000
2024-07-11,539000,1.7000000476837158,21538758000
2024-07-12,541000,0.3700000047683716,15635102000
2024-07-15,533000,-1.4800000190734863,17352459000
2024-07-16,533000,0.0,13392930000
2024-07-17,537000,0.75,13077148000
2024-07-18,518000,-3.539999961853028,13919048000
2024-07-19,520000,0.3899999856948852,12892899000
2024-07-22,514000,-1.149999976158142,9362253000
2024-07-23,505000,-1.75,11717546000
2024-07-24,490500,-2.869999885559082,19312508000
2024-07-25,488500,-0.4099999964237213,14640423000
2024-07-26,495000,1.3300000429153442,10779707000
2024-07-29,495000,0.0,14152199000
2024-07-30,485000,-2.0199999809265137,14516573000
2024-07-31,484000,-0.209999993443489,25735458036
2024-08-01,489000,1.0299999713897705,26226676000
2024-08-02,482000,-1.4299999475479126,10934395000
2024-08-05,454500,-5.710000038146973,21238719500
2024-08-06,467500,2.859999895095825,17767296500
2024-08-07,508000,8.65999984741211,40894183000
2024-08-08,515000,1.3799999952316284,45722842000
2024-08-09,514000,-0.1899999976158142,20015888000
2024-08-12,518000,0.7799999713897705,13471731000
2024-08-13,510000,-1.5399999618530271,20521707000
2024-08-14,512000,0.3899999856948852,15129935000
2024-08-16,519000,1.3700000047683716,16985619000
2024-08-19,526000,1.350000023841858,17719921000
2024-08-20,532000,1.1399999856948853,15250418000
2024-08-21,533000,0.1899999976158142,13476027000
2024-08-22,535000,0.3799999952316284,11079253000
2024-08-23,534000,-0.1899999976158142,12573631000
2024-08-26,542000,1.5,20103101000
2024-08-27,545000,0.550000011920929,25208162000
2024-08-28,539000,-1.100000023841858,18207618000
2024-08-29,547000,1.4800000190734863,17960314000
2024-08-30,535000,-2.190000057220459,21714824000
2024-09-02,542000,1.309999942779541,13638519000
2024-09-03,548000,1.1100000143051147,14221655000
2024-09-04,535000,-2.369999885559082,12153664000
2024-09-05,539000,0.75,15021217000
2024-09-06,531000,-1.4800000190734863,10967377000
2024-09-09,529000,-0.3799999952316284,11571840000
2024-09-10,535000,1.1299999952316284,13977851000
2024-09-11,548000,2.430000066757202,34912372000
2024-09-12,556000,1.4600000381469729,47650810000
2024-09-13,666000,19.780000686645508,392258844000
2024-09-19,707000,6.159999847412109,361212476000
2024-09-20,735000,3.9600000381469727,282738764000
2024-09-23,723000,-1.6299999952316284,203667864000
2024-09-24,699000,-3.319999933242798,142855010000
2024-09-25,704000,0.7200000286102295,132215770000
2024-09-26,713000,1.2799999713897705,284541997000
2024-09-27,711000,-0.2800000011920929,149836555000
2024-09-30,688000,-3.2300000190734863,221543009000
2024-10-02,713000,3.630000114440918,560686669000
2024-10-04,776000,8.84000015258789,942359157000
2024-10-07,780000,0.5199999809265137,119301433000
2024-10-08,776000,-0.5099999904632568,90148979000
2024-10-10,789000,1.6799999475479126,142574342000
2024-10-11,794000,0.6299999952316284,277074080000
2024-10-14,793000,-0.1299999952316284,315232638736
2024-10-15,817000,3.0299999713897705,207520827000
2024-10-16,809000,-0.9800000190734864,112473352860
2024-10-17,794000,-1.850000023841858,143111844000
2024-10-18,824000,3.7799999713897705,219258645000
2024-10-21,877000,6.429999828338623,553742244000
2024-10-22,874000,-0.3400000035762787,90960000000
2024-10-23,876000,0.2300000041723251,92645169000
2024-10-24,1138000,29.90999984741211,151914182000
2024-10-25,1253000,10.109999656677246,450798663000
2024-10-28,1301000,3.829999923706055,161798774000
2024-10-29,1543000,18.600000381469727,169866620000
2024-10-30,1081000,-29.940000534057617,264078086000
2024-10-31,998000,-7.679999828338623,625703152000
2024-11-01,1004000,0.6000000238418579,152138884000
2024-11-04,1085000,8.069999694824219,111170451000
2024-11-05,1257000,15.850000381469728,182988612000
2024-11-06,1230000,-2.150000095367432,139987659000
2024-11-07,1246000,1.2999999523162842,60170053000
2024-11-08,1146000,-8.029999732971191,107795526000
2024-11-11,1125000,-1.830000042915344,76090991000
2024-11-12,1142000,1.5099999904632568,68391762000
2024-11-13,981000,-14.100000381469728,133660380000
2024-11-14,1025000,4.489999771118164,184345304000
2024-11-15,1033000,0.7799999713897705,36654256000
2024-11-18,1006000,-2.609999895095825,33980212000
2024-11-19,1002000,-0.4000000059604645,31593549000
2024-11-20,1008000,0.6000000238418579,19024759000
2024-11-21,957000,-5.059999942779541,35098542000
2024-11-22,946000,-1.149999976158142,27710614000
2024-11-25,903000,-4.550000190734863,73538472000
2024-11-26,941000,4.210000038146973,35239137000
2024-11-27,1019000,8.289999961853027,52285374000
2024-11-28,1143000,12.170000076293944,98346843000
2024-11-29,1180000,3.240000009536743,58315805000
2024-12-02,1411000,19.57999992370605,192227683000
2024-12-03,1542000,9.279999732971191,174855083000
2024-12-04,1671000,8.369999885559082,141237525000
2024-12-05,2000000,19.690000534057617,174160189000
2024-12-06,1813000,-9.350000381469728,524696751000
2024-12-09,1535000,-15.329999923706056,202329005000
2024-12-10,1532000,-0.2000000029802322,171757921000
2024-12-11,1402000,-8.489999771118164,106750819000
2024-12-12,1361000,-2.9200000762939453,237029766000
2024-12-13,1225000,-9.989999771118164,111514261000
2024-12-16,1166000,-4.820000171661377,74593427000
2024-12-17,1112000,-4.630000114440918,59228921000
2024-12-18,1066000,-4.139999866485596,56260089000
2024-12-19,1066000,0.0,54954376000
2024-12-20,991000,-7.039999961853027,158232186000
2024-12-23,1102000,11.199999809265137,94565176000
2024-12-24,1134000,2.900000095367432,102716450000
2024-12-26,1219000,7.5,120354126000
2024-12-27,1027000,-15.75,66591090000
2024-12-30,1006000,-2.039999961853028,54780796000
2025-01-02,957000,-4.869999885559082,37917422000
2025-01-03,948000,-0.9399999976158142,35127982000
2025-01-06,931000,-1.7899999618530271,38964665000
2025-01-07,932000,0.1099999994039535,27260475000
2025-01-08,902000,-3.220000028610229,43039280000
2025-01-09,927000,2.7699999809265137,77465411000
2025-01-10,875000,-5.610000133514404,33174156000
2025-01-13,843000,-3.660000085830689,35291141000
2025-01-14,837000,-0.7099999785423279,30941419000
2025-01-15,829000,-0.959999978542328,25388747000
2025-01-16,817000,-1.4500000476837158,24543886000
2025-01-17,840000,2.819999933242798,57642419000
2025-01-20,830000,-1.190000057220459,94590167000
2025-01-21,759000,-8.550000190734863,46549528000
2025-01-22,759000,0.0,63499836000
2025-01-23,757000,-0.2599999904632568,44694283000
2025-01-24,845000,11.619999885559082,81314037000
2025-01-31,824000,-2.490000009536743,29292426000
2025-02-03,789000,-4.25,17265648000
2025-02-04,799000,1.2699999809265137,27316870000
2025-02-05,795000,-0.5,16895464000
2025-02-06,790000,-0.6299999952316284,18621341000
2025-02-07,784000,-0.7599999904632568,18480016000
2025-02-10,760000,-3.059999942779541,17240533000
2025-02-11,789000,3.819999933242798,20127798000
2025-02-12,790000,0.1299999952316284,28685979000
2025-02-13,778000,-1.5199999809265137,60809387000
2025-02-14,796000,2.309999942779541,16141491000
2025-02-17,813000,2.140000104904175,27240031000
2025-02-18,814000,0.1199999973177909,24198195000
2025-02-19,840000,3.190000057220459,29770376000
2025-02-20,840000,0.0,18408643000
2025-02-21,816000,-2.859999895095825,24713119000
2025-02-24,817000,0.1199999973177909,14026821000
2025-02-25,775000,-5.139999866485596,19448962000
2025-02-26,782000,0.8999999761581421,12103121000
2025-02-27,774000,-1.0199999809265137,11681241000
2025-02-28,743000,-4.010000228881836,66757271000
2025-03-04,739000,-0.5400000214576721,11230225000
2025-03-05,727000,-1.6200000047683716,14942421500
2025-03-06,720000,-0.959999978542328,17571621500
2025-03-07,726000,0.8299999833106995,15579077000
2025-03-10,829000,14.1899995803833,113514095000
2025-03-11,845000,1.9299999475479128,107345620000
2025-03-12,1065000,26.040000915527344,164253176000
2025-03-13,955000,-10.329999923706056,164405950500
2025-03-14,913000,-4.400000095367432,69169206000
2025-03-17,893000,-2.190000057220459,37938360500
2025-03-18,882000,-1.2300000190734863,18539398500
2025-03-19,827000,-6.239999771118164,38872439000
2025-03-20,847000,2.4200000762939453,38228690000
2025-03-21,848000,0.1199999973177909,85632790000
2025-03-24,819000,-3.4200000762939453,11326228500
2025-03-25,824000,0.6100000143051147,11574776500
2025-03-26,849000,3.0299999713897705,17212637000
2025-03-27,839000,-1.1799999475479126,24569698000
2025-03-28,766000,-8.699999809265137,52611467000
2025-03-31,778000,1.5700000524520874,15373518500
2025-04-01,772000,-0.7699999809265137,11743156500
2025-04-02,742000,-3.890000104904175,19193852000
2025-04-03,711000,-4.179999828338623,17239314500
2025-04-04,705000,-0.8399999737739563,11703179000
2025-04-07,673000,-4.539999961853027,11460941000
2025-04-08,666000,-1.0399999618530271,11659721000
2025-04-09,653000,-1.950000047683716,11027055500
2025-04-10,700000,7.199999809265137,26441277000
2025-04-11,683000,-2.430000066757202,11128180500
2025-04-14,682000,-0.1500000059604644,13647963500
2025-04-15,694000,1.7599999904632568,5961806500
2025-04-16,691000,-0.4300000071525574,4871448000
2025-04-17,690000,-0.1400000005960464,5498655000
2025-04-18,679000,-1.590000033378601,6294859000
2025-04-21,684000,0.7400000095367432,4959163500
2025-04-22,712000,4.090000152587891,14913635000
2025-04-23,706000,-0.8399999737739563,10229656000
2025-04-24,721000,2.119999885559082,9743350000
2025-04-25,714000,-0.9700000286102296,7817891500
2025-04-28,772000,8.119999885559082,33987603000
2025-04-29,786000,1.809999942779541,18190584000
2025-04-30,798000,1.5299999713897705,40990100500
2025-05-02,783000,-1.8799999952316284,12579816000
2025-05-07,771000,-1.5299999713897705,19358325500
2025-05-08,791000,2.5899999141693115,26463343500
2025-05-09,848000,7.210000038146973,45492708500
2025-05-12,858000,1.1799999475479126,14773659000
2025-05-13,818000,-4.659999847412109,12775920500
2025-05-14,839000,2.569999933242798,9604715000
2025-05-15,815000,-2.859999895095825,7131392000
2025-05-16,821000,0.7400000095367432,6415176500
2025-05-19,794000,-3.289999961853028,10468366500
2025-05-20,796000,0.25,7591226000
2025-05-21,797000,0.1299999952316284,7745996500
2025-05-22,780000,-2.130000114440918,9474796000
2025-05-23,778000,-0.2599999904632568,8764710000
2025-05-26,776000,-0.2599999904632568,9799265500
2025-05-27,743000,-4.25,16358917000
2025-05-28,748000,0.6700000166893005,15270926000
2025-05-29,750000,0.270000010728836,10647509500
2025-05-30,731000,-2.5299999713897705,21145273500
2025-06-02,730000,-0.1400000005960464,12052818000
2025-06-04,770000,5.480000019073486,21348877000
2025-06-05,758000,-1.559999942779541,13186955000
2025-06-09,770000,1.5800000429153442,17416938000
2025-06-10,765000,-0.6499999761581421,13615264500
2025-06-11,761000,-0.5199999809265137,11867813500
2025-06-12,783000,2.890000104904175,32344757000
2025-06-13,788000,0.6399999856948853,16079901500
2025-06-16,794000,0.7599999904632568,17947277000
2025-06-17,836000,5.289999961853027,29477487500
2025-06-18,836000,0.0,18641971500
2025-06-19,833000,-0.3600000143051147,16832702500
2025-06-20,816000,-2.039999961853028,131631590000
2025-06-23,818000,0.25,27622773500
2025-06-24,819000,0.1199999973177909,14957401500
2025-06-25,790000,-3.539999961853028,20057048000
2025-06-26,793000,0.3799999952316284,13892627000
2025-06-27,844000,6.429999828338623,69852844000
2025-06-30,819000,-2.9600000381469727,27133642000
2025-07-01,809000,-1.2200000286102295,14342239000
2025-07-02,820000,1.3600000143051147,16070634000
2025-07-03,821000,0.1199999973177909,11897097500
2025-07-04,799000,-2.680000066757202,9898544000
2025-07-07,826000,3.380000114440918,12296716500
2025-07-08,879000,6.420000076293945,31065691500
2025-07-09,853000,-2.9600000381469727,16556629500
2025-07-10,849000,-0.4699999988079071,17298297500
2025-07-11,854000,0.5899999737739563,9163433500
2025-07-14,853000,-0.1199999973177909,10137507760
2025-07-15,840000,-1.5199999809265137,12162314300
2025-07-16,820000,-2.380000114440918,15611084000
2025-07-17,825000,0.6100000143051147,12517005500
2025-07-18,809000,-1.940000057220459,11789429500
2025-07-21,834000,3.0899999141693115,13144456500
2025-07-22,834000,0.0,8994526000
2025-07-23,826000,-0.959999978542328,10028892000
2025-07-24,816000,-1.2100000381469729,9650379500
2025-07-25,817000,0.1199999973177909,4646353000
2025-07-28,815000,-0.2399999946355819,6438929500
2025-07-29,800000,-1.840000033378601,12718416000
2025-07-30,833000,4.130000114440918,40126187000
2025-07-31,800000,-3.9600000381469727,31916663500
2025-08-01,759000,-5.130000114440918,23255168000
2025-08-04,759000,0.0,7475130500
2025-08-05,763000,0.5299999713897705,8281179000
2025-08-06,767000,0.5199999809265137,7986527000
2025-08-07,815000,6.260000228881836,36619115000
2025-08-08,790000,-3.069999933242798,9998457000
2025-08-11,796000,0.7599999904632568,7486632000
2025-08-12,775000,-2.640000104904175,9737957500
2025-08-13,795000,2.5799999237060547,8310356000
2025-08-14,807000,1.5099999904632568,15201207000
2025-08-18,782000,-3.0999999046325684,9100960000
2025-08-19,786000,0.5099999904632568,5563631000
2025-08-20,786000,0.0,6211408500
2025-08-21,788000,0.25,8532015000
2025-08-22,811000,2.9200000762939453,34113215000
2025-08-25,817000,0.7400000095367432,12328080000
2025-08-26,792000,-3.059999942779541,53702604500
2025-08-27,809000,2.150000095367432,17029938500
2025-08-28,804000,-0.6200000047683716,8318214500
2025-08-29,821000,2.109999895095825,18604779000
2025-09-01,816000,-0.6100000143051147,9052889500
2025-09-02,824000,0.9800000190734864,15464400500
2025-09-03,900000,9.220000267028809,63244398500
2025-09-04,902000,0.2199999988079071,22956921500
2025-09-05,901000,-0.1099999994039535,14574594500
2025-09-08,891000,-1.1100000143051147,11348756500
2025-09-09,891000,0.0,10686583000
2025-09-10,893000,0.2199999988079071,13951129000
2025-09-11,914000,2.3499999046325684,41043851000
2025-09-12,1042000,14.0,57063606000
2025-09-15,1053000,1.059999942779541,37433315500
2025-09-16,1027000,-2.470000028610229,16189144000
2025-09-17,1013000,-1.3600000143051147,13113013000
2025-09-18,970000,-4.239999771118164,25723825000
2025-09-19,940000,-3.0899999141693115,37744854000
2025-09-22,943000,0.3199999928474426,13192715500
2025-09-23,942000,-0.1099999994039535,16436048000
2025-09-24,935000,-0.7400000095367432,9730639000
2025-09-25,943000,0.8600000143051147,10283405000
2025-09-26,916000,-2.859999895095825,11339922000
2025-09-29,917000,0.1099999994039535,10491563500
2025-09-30,921000,0.4399999976158142,14865794500
2025-10-01,919000,-0.2199999988079071,8389223000
2025-10-02,919000,0.0,22280650500
2025-10-10,965000,5.010000228881836,48045772500
2025-10-13,1153000,19.479999542236328,143808235500
2025-10-14,1386000,20.209999084472656,279776619500
2025-10-15,1386000,0.0,190034908000
2025-10-16,1290000,-6.929999828338623,98192567000
2025-10-17,1223000,-5.190000057220459,56582410000
2025-10-20,1224000,0.0799999982118606,56761701000
2025-10-21,1207000,-1.3899999856948853,37989457500
2025-10-22,1184000,-1.909999966621399,46150017000
2025-10-23,1175000,-0.7599999904632568,45995425500
2025-10-24,1166000,-0.7699999809265137,32254105500
2025-10-27,1109000,-4.889999866485596,72686753500
2025-10-28,1075000,-3.069999933242798,35003365500
2025-10-29,1140000,6.050000190734863,90407498000
2025-10-30,1071000,-6.050000190734863,61533895500
2025-10-31,1033000,-3.549999952316284,70280635000
2025-11-03,1043000,0.9700000286102296,28470717500
2025-11-04,1011000,-3.069999933242798,26328017000
2025-11-05,1002000,-0.8899999856948853,26197116000
2025-11-06,1001000,-0.1000000014901161,22665500500
2025-11-07,1024000,2.299999952316284,29505657500
2025-11-10,1026000,0.2000000029802322,25340000500
2025-11-11,1042000,1.559999942779541,28515283000
2025-11-12,1114000,6.909999847412109,53584012500
2025-11-13,1200000,7.71999979019165,67618973000
2025-11-14,1135000,-5.420000076293945,36329198500
2025-11-17,1103000,-2.819999933242798,21073700500
2025-11-18,1070000,-2.990000009536743,16494731000
2025-11-19,1140000,6.539999961853027,46004644000
2025-11-20,1125000,-1.3200000524520874,25118084000
2025-11-21,1128000,0.270000010728836,24831559000
2025-11-24,1078000,-4.429999828338623,43631771000
2025-11-25,1138000,5.570000171661377,35897681000
2025-11-26,1160000,1.9299999475479128,19685553500
2025-11-27,1325000,14.220000267028809,96950273000
2025-11-28,1342000,1.2799999713897705,63126681500
2025-12-01,1368000,1.940000057220459,46909205000
2025-12-02,1319000,-3.5799999237060547,53358094500
2025-12-03,1311000,-0.6100000143051147,23718692000
2025-12-04,1298000,-0.9900000095367432,27140343000
2025-12-05,1359000,4.699999809265137,36230410000
2025-12-08,1411000,3.829999923706055,42677614500
2025-12-09,1477000,4.679999828338623,48116297000
2025-12-10,1480000,0.2000000029802322,29811851500
2025-12-11,1536000,3.7799999713897705,79136392500
2025-12-12,1518000,-1.1699999570846558,31019979000
2025-12-15,1592000,4.869999885559082,197165785000
2025-12-16,1370000,-13.9399995803833,186748559500
2025-12-17,1385000,1.090000033378601,61450034000
2025-12-18,1306000,-5.699999809265137,57003311000
2025-12-19,1310000,0.3100000023841858,40021316000
2025-12-22,1383000,5.570000171661377,70048845000
2025-12-23,1356000,-1.950000047683716,38813813000
2025-12-24,1316000,-2.950000047683716,107158521000
2025-12-26,1288000,-2.130000114440918,44192944000
2025-12-29,1372000,6.519999980926514,76420821000
2025-12-30,1316000,-4.079999923706055,37059633000
2026-01-02,1287000,-2.200000047683716,49440036500
2026-01-05,1307000,1.5499999523162842,29650669500
2026-01-06,1192000,-8.800000190734863,138886875000
2026-01-07,1239000,3.940000057220459,50289834000
2026-01-08,1203000,-2.9100000858306885,134595504000
2026-01-09,1142000,-5.070000171661377,486193700500
2026-01-12,1208000,5.78000020980835,186850686500
2026-01-13,1330000,10.100000381469728,225356932500
2026-01-14,1290000,-3.009999990463257,152386554000
2026-01-15,1438000,11.470000267028809,216319502000
2026-01-16,1585000,10.220000267028809,224045481500
2026-01-19,1584000,-0.0599999986588954,158608878500
2026-01-20,1621000,2.3399999141693115,136419110500
2026-01-21,1657000,2.220000028610229,134572551500
2026-01-22,1555000,-6.159999847412109,169586464500
2026-01-23,1580000,1.6100000143051147,106914605500
2026-01-26,1807000,14.369999885559082,280691228500
2026-01-27,1831000,1.3300000429153442,122580236500
2026-01-28,1801000,-1.6399999856948853,97188412500
2026-01-29,1959000,8.770000457763672,217390907000
2026-01-30,1884000,-3.829999923706055,161847054000
2026-02-02,1650000,-12.420000076293944,164613156000
2026-02-03,1716000,4.0,82271674500
2026-02-04,1829000,6.590000152587891,102278796000
2026-02-05,1709000,-6.559999942779541,81493107500
2026-02-06,1641000,-3.9800000190734863,65346342000
2026-02-09,1709000,4.139999866485596,50266804000
2026-02-10,1701000,-0.4699999988079071,42479428000
2026-02-11,1678000,-1.350000023841858,48866292000
2026-02-12,1732000,3.220000028610229,90741457500
2026-02-13,1670000,-3.5799999237060547,58984049500
2026-02-19,1669000,-0.0599999986588954,59806433000
2026-02-20,1663000,-0.3600000143051147,39883088000
2026-02-23,1723000,3.609999895095825,81673355500
2026-02-24,1871000,8.59000015258789,164635132500
2026-02-25,2115000,13.039999961853027,195028509000
2026-02-26,2055000,-2.8399999141693115,106773648500
2026-02-27,2030000,-1.2200000286102295,56377649500
2026-03-03,1983000,-2.319999933242798,80715864000
2026-03-04,1632000,-17.700000762939453,91374904000
2026-03-05,1759000,7.78000020980835,58401429500
2026-03-06,1752000,-0.4000000059604645,38595945500
2026-03-09,1596000,-8.899999618530273,76375314500
2026-03-10,1625000,1.820000052452088,54802263000
2026-03-11,1666000,2.5199999809265137,41620748500
2026-03-12,1674000,0.4799999892711639,35008493500
2026-03-13,1628000,-2.75,37195043500
2026-03-16,1600000,-1.7200000286102295,32107079000
2026-03-17,1612000,0.75,28154958000
2026-03-18,1695000,5.150000095367432,45051858000
2026-03-19,1612000,-4.900000095367432,55900364000
2026-03-20,1587000,-1.5499999523162842,76602675500
2026-03-23,1486000,-6.360000133514404,58754207000
2026-03-24,1543000,3.839999914169312,38894349000
2026-03-25,1593000,3.240000009536743,35288866500
2026-03-26,1546000,-2.950000047683716,24914465000
2026-03-27,1483000,-4.079999923706055,44069932500
2026-03-30,1478000,-0.3400000035762787,34691087000
2026-03-31,1422000,-3.7899999618530273,34596878500
2026-04-01,1517000,6.679999828338623,38053380000
2026-04-02,1468000,-3.2300000190734863,38348276000
2026-04-03,1484000,1.090000033378601,18238659500
2026-04-06,1481000,-0.2000000029802322,20524985500
2026-04-07,1473000,-0.5400000214576721,21416446500
2026-04-08,1585000,7.599999904632568,560261681814
2026-04-09,1526000,-3.7200000286102295,45355705000
2026-04-10,1581000,3.5999999046325684,38472587000
2026-04-13,1663000,5.190000057220459,70684938000
2026-04-14,1649000,-0.8399999737739563,35995173000
2026-04-15,1660000,0.6700000166893005,45604557500
2026-04-16,1694000,2.049999952316284,41752195500
2026-04-17,1679000,-0.8899999856948853,24258027500
2026-04-20,1665000,-0.8299999833106995,21437739000
2026-04-21,1670000,0.3000000119209289,26881769000
2026-04-22,1698000,1.6799999475479126,31330834000
2026-04-23,1674000,-1.409999966621399,59579218500
2026-04-24,1642000,-1.909999966621399,39957449500
2026-04-27,1642000,0.0,35499262500
2026-04-28,1627000,-0.9100000262260436,58348852500
2026-04-29,1604000,-1.409999966621399,68307916000
2026-04-30,1579000,-1.559999942779541,218730072500
2026-05-04,1629000,3.1700000762939453,56229507000
2026-05-06,1747000,7.239999771118164,146870913500
2026-05-07,1560000,-10.699999809265137,203696747000
2026-05-08,1559000,-0.0599999986588954,51661800500
2026-05-11,1528000,-1.9900000095367432,50607266000
2026-05-12,1512000,-1.0499999523162842,66325701000
2026-05-13,1501000,-0.7300000190734863,35365254000
2026-05-14,1511000,0.6700000166893005,55837259000
2026-05-15,1426000,-5.630000114440918,42598420500
2026-05-18,1420000,-0.4199999868869781,24792112500
2026-05-19,1374000,-3.240000009536743,28445121000
2026-05-20,1314000,-4.369999885559082,40760360500
2026-05-21,1405000,6.929999828338623,34506889500
2026-05-22,1430000,1.7799999713897705,31968134500
2026-05-26,1444000,0.9800000190734864,27309889500
2026-05-27,1396000,-3.319999933242798,26670686000
2026-05-28,1365000,-2.220000028610229,39837637500
2026-05-29,1373000,0.5899999737739563,31976999500
2026-06-01,1375000,0.1500000059604644,31980790500
2026-06-02,1322000,-3.849999904632568,37369193000
2026-06-04,1316000,-0.449999988079071,25825531500
2026-06-05,1265000,-3.880000114440918,19065999000
2026-06-08,1149000,-9.170000076293944,28808638500
2026-06-09,1212000,5.480000019073486,26652477000
2026-06-10,1186000,-2.150000095367432,22453655500
2026-06-11,1164000,-1.850000023841858,35954075000
2026-06-12,1201000,3.180000066757202,25992274500
2026-06-15,1253000,4.329999923706055,18114088000
2026-06-16,1293000,3.190000057220459,23440529500
2026-06-17,1261000,-2.470000028610229,16789426500
2026-06-18,1209000,-4.119999885559082,25745748500
2026-06-19,1192000,-1.409999966621399,54841698500
2026-06-22,1147000,-3.7799999713897705,19948356000
2026-06-23,1084000,-5.489999771118164,33208500000
2026-06-24,1098000,1.2899999618530271,26871473500
2026-06-25,1110000,1.090000033378601,20375252500
2026-06-26,1056000,-4.860000133514404,23039035500
2026-06-29,1125000,6.53000020980835,21073708500
2026-06-30,1080000,-4.0,24111286500
2026-07-01,1095000,1.3899999856948853,22307313000
2026-07-02,1084000,-1.0,18313706000
2026-07-03,1115000,2.859999895095825,19093915000
2026-07-06,1113000,-0.18,15405140500
2026-07-07,1094000,-1.71,15614292500
2026-07-08,1034000,-5.48,17636636000
2026-07-09,1003000,-3.0,23992809000
2026-07-10,1043000,3.99,17233258000
2026-07-13,1025000,-1.73,14622401000
2026-07-14,1015000,-0.98,18767726500
2026-07-15,1020000,0.49,13809205000
2026-07-16,1029000,0.88,13122426500
2026-07-20,956000,-7.09,14438376500
2026-07-21,955000,-0.1,11804966000
2026-07-22,994000,4.08,14354878500
2026-07-23,1043000,4.93,14767517500
2026-07-24,1075000,3.07,20680530000
2026-07-27,1029000,-4.28,15720682500
2026-07-28,950000,-7.68,16751408000
2026-07-29,923000,-2.84,18615200000
2026-07-30,925000,0.22,19239230500
2026-07-31,999000,8.0,25242491000
2026-08-03,1020000,2.1,19043509000
2026-08-04,1044000,2.35,14852695500
2026-08-05,1095000,4.89,16980299500
2026-08-06,1234000,12.69,106046254500
2026-08-07,1106000,-10.37,38327627500
2026-08-10,1235000,11.66,66204635000
2026-08-11,1229000,-0.49,59084595500
2026-08-12,1215000,-1.14,27984994000
2026-08-13,1233000,1.48,31614848000
2026-08-14,1196000,-3.0,25118717500
2026-08-18,1219000,1.92,28746037500
2026-08-19,1145000,-6.07,20887418000
2026-08-20,1238000,8.12,69520687000
2026-08-21,1237000,-0.08,56590683500
2026-08-24,1344000,8.65,78608399000
2026-08-25,1427000,6.18,94472584500
2026-08-26,1372000,-3.85,33550152000
2026-08-27,1372000,0.0,23872716500
2026-08-28,1375000,0.22,28787750000
2026-08-31,1277000,-7.13,51177090000
2026-09-01,1251000,-2.04,27290820500
2026-09-02,1216000,-2.8,35688203500
2026-09-03,1224000,0.66,24091113500
2026-09-04,1222000,-0.16,16852873500
2026-09-07,1224000,0.16,19707186000
2026-09-08,1213000,-0.9,14823504000
2026-09-09,1227000,1.15,33142028500
2026-09-10,1224000,-0.24,38070418000
2026-09-11,1179000,-3.68,13063435500
2026-09-14,1163000,-1.36,17464441000
2026-09-15,1138000,-2.15,14509698000
2026-09-16,1134000,-0.35,13003610500
2026-09-17,1123000,-0.97,14820125000
2026-09-18,1124000,0.09,28418315000
2026-09-21,1123000,-0.09,10029458500
2026-09-22,1110000,-1.16,21452041500
2026-09-23,1116000,0.54,9331559000
2026-09-28,1102000,-1.25,15081374500
2026-09-29,1064000,-3.45,26172590000
2026-09-30,1070000,0.56,16821632500
2026-10-01,1069000,-0.09,13042825500
2026-10-02,1080000,1.03,10090388000
