date,close,change_pct,trading_value
2015-01-02,303000,-1.14,11762600000
2015-01-05,315500,4.13,18400706500
2015-01-06,321000,1.74,24285811500
2015-01-07,320000,-0.31,14188869000
2015-01-08,323000,0.94,18288577500
2015-01-09,331500,2.63,25775450500
2015-01-12,335500,1.21,21958507000
2015-01-13,336000,0.15,13879380000
2015-01-14,336500,0.15,21119517000
2015-01-15,347000,3.12,28871658000
2015-01-16,343000,-1.15,14248103500
2015-01-19,342000,-0.29,9237872000
2015-01-20,351000,2.63,21171448000
2015-01-21,354000,0.85,19169427500
2015-01-22,357500,0.99,15562027000
2015-01-23,358000,0.14,16132311500
2015-01-26,357000,-0.28,10955904500
2015-01-27,363000,1.68,14496322500
2015-01-28,357000,-1.65,16788504500
2015-01-29,353500,-0.98,14789806500
2015-01-30,352000,-0.42,18789153000
2015-02-02,354000,0.57,9374029500
2015-02-03,359500,1.55,20701932500
2015-02-04,369500,2.78,41738021000
2015-02-05,371500,0.54,21634896500
2015-02-06,373500,0.54,25797905988
2015-02-09,381000,2.01,26979218500
2015-02-10,375000,-1.57,18345714500
2015-02-11,372500,-0.67,13589860000
2015-02-12,364000,-2.28,13182676500
2015-02-13,367000,0.82,12013168998
2015-02-16,357500,-2.59,16851519500
2015-02-17,360000,0.7,9271288500
2015-02-23,358000,-0.56,10861475500
2015-02-24,355000,-0.84,12406714500
2015-02-25,363000,2.25,11762840500
2015-02-26,349500,-3.72,21730888000
2015-02-27,357500,2.29,14405504000
2015-03-02,351000,-1.82,12799287000
2015-03-03,348000,-0.85,12769624500
2015-03-04,349500,0.43,13261353000
2015-03-05,346500,-0.86,28307464000
2015-03-06,345000,-0.43,9796934000
2015-03-09,339500,-1.59,13985065000
2015-03-10,334000,-1.62,14556062500
2015-03-11,321500,-3.74,23275666000
2015-03-12,331000,2.95,22300932000
2015-03-13,332500,0.45,8395886500
2015-03-16,343500,3.31,23672642500
2015-03-17,345000,0.44,15781076500
2015-03-18,358500,3.91,35957500000
2015-03-19,369000,2.93,22713692500
2015-03-20,366500,-0.68,16165568000
2015-03-23,360500,-1.64,11082935500
2015-03-24,372500,3.33,22037762000
2015-03-25,389000,4.43,34631957500
2015-03-26,389500,0.13,31423573000
2015-03-27,385000,-1.16,11488908000
2015-03-30,386500,0.39,11473937500
2015-03-31,378000,-2.2,20658603000
2015-04-01,372000,-1.59,15885432000
2015-04-02,387000,4.03,21742222500
2015-04-03,391000,1.03,12223257000
2015-04-06,391500,0.13,10838922000
2015-04-07,394500,0.77,10869973000
2015-04-08,388500,-1.52,15692115500
2015-04-09,383500,-1.29,8315260000
2015-04-10,392500,2.35,13741648500
2015-04-13,383000,-2.42,19110428500
2015-04-14,384000,0.26,15910808000
2015-04-15,396500,3.26,47560822500
2015-04-16,402000,1.39,30536645500
2015-04-17,408500,1.62,29839100000
2015-04-20,414500,1.47,35841421500
2015-04-21,416500,0.48,16899458500
2015-04-22,410000,-1.56,23759294000
2015-04-23,419500,2.32,21329228000
2015-04-24,407000,-2.98,25405809000
2015-04-27,415000,1.97,14801452000
2015-04-28,409000,-1.45,10899829500
2015-04-29,408500,-0.12,11298767500
2015-04-30,418500,2.45,28962938500
2015-05-04,421000,0.6,14804755000
2015-05-06,421500,0.12,13090072500
2015-05-07,419000,-0.59,32539604500
2015-05-08,443500,5.85,48291277000
2015-05-11,455500,2.71,29366678000
2015-05-12,451500,-0.88,16984098000
2015-05-13,450500,-0.22,13758331500
2015-05-14,447000,-0.78,18404813500
2015-05-15,443500,-0.78,15117607500
2015-05-18,447000,0.79,16552434500
2015-05-19,445000,-0.45,20021867000
2015-05-20,447500,0.56,19587629500
2015-05-21,458500,2.46,21477749500
2015-05-22,444500,-3.05,35680850000
2015-05-26,425500,-4.27,39555382500
2015-05-27,424500,-0.24,34072298000
2015-05-28,418500,-1.41,13906876500
2015-05-29,410000,-2.03,23203684500
2015-06-01,420500,2.56,20675825500
2015-06-02,404000,-3.92,31404133000
2015-06-03,406000,0.5,20988718000
2015-06-04,395500,-2.59,28356577500
2015-06-05,402000,1.64,17314342000
2015-06-08,403000,0.25,14536190500
2015-06-09,408500,1.36,19669169000
2015-06-10,398000,-2.57,24494424000
2015-06-11,395500,-0.63,14432377000
2015-06-12,401500,1.52,21100113500
2015-06-15,404000,0.62,20537915500
2015-06-16,402000,-0.5,22650387000
2015-06-17,412000,2.49,27093062500
2015-06-18,421000,2.18,24207749000
2015-06-19,425000,0.95,31487558000
2015-06-22,420500,-1.06,22572986000
2015-06-23,426000,1.31,13644003500
2015-06-24,417000,-2.11,21832329500
2015-06-25,441000,5.76,32550517000
2015-06-26,443500,0.57,20268227500
2015-06-29,433000,-2.37,18874679500
2015-06-30,441000,1.85,19322397500
2015-07-01,406500,-7.82,88813981000
2015-07-02,416000,2.34,39931421500
2015-07-03,405500,-2.52,18441524731
2015-07-06,395500,-2.47,18627325500
2015-07-07,396500,0.25,18299649000
2015-07-08,402500,1.51,21287239500
2015-07-09,399500,-0.75,17707208500
2015-07-10,410500,2.75,11956458500
2015-07-13,413000,0.61,11230478000
2015-07-14,434000,5.08,28670275000
2015-07-15,441000,1.61,30229934500
2015-07-16,439000,-0.45,14841755000
2015-07-17,430000,-2.05,15084551500
2015-07-20,440000,2.33,11498140500
2015-07-21,436500,-0.8,16951274500
2015-07-22,432000,-1.03,13976209500
2015-07-23,430000,-0.46,22001110500
2015-07-24,431500,0.35,13999283000
2015-07-27,420500,-2.55,23189829500
2015-07-28,417500,-0.71,17413473500
2015-07-29,416500,-0.24,13804790000
2015-07-30,409000,-1.8,22691310000
2015-07-31,411000,0.49,18414714000
2015-08-03,414000,0.73,12566253500
2015-08-04,400000,-3.38,41564477500
2015-08-05,410000,2.5,29653251000
2015-08-06,420000,2.44,35246924500
2015-08-07,432500,2.98,29361095000
2015-08-10,446500,3.24,32459049500
2015-08-11,429500,-3.81,36651698000
2015-08-12,403000,-6.17,58928513500
2015-08-13,410000,1.74,22955572500
2015-08-17,411500,0.37,15633788500
2015-08-18,399500,-2.92,22999552500
2015-08-19,391500,-2.0,25762688000
2015-08-20,390500,-0.26,20469262500
2015-08-21,391000,0.13,19729410500
2015-08-24,375000,-4.09,21773354000
2015-08-25,372000,-0.8,20374774000
2015-08-26,390000,4.84,20483459000
2015-08-27,393000,0.77,28114247000
2015-08-28,398500,1.4,18354993000
2015-08-31,393000,-1.38,15182955000
2015-09-01,386500,-1.65,10233688000
2015-09-02,387000,0.13,9056936500
2015-09-03,382000,-1.29,9636619000
2015-09-04,372000,-2.62,21985681500
2015-09-07,363500,-2.28,10314906500
2015-09-08,362000,-0.41,13022682500
2015-09-09,376000,3.87,24321960000
2015-09-10,382000,1.6,11509045000
2015-09-11,376000,-1.57,7386428500
2015-09-14,373500,-0.66,8856618500
2015-09-15,371500,-0.54,7431674320
2015-09-16,375500,1.08,10341639000
2015-09-17,377000,0.4,12186052500
2015-09-18,393500,4.38,38734748500
2015-09-21,384500,-2.29,11530642500
2015-09-22,386000,0.39,9479982000
2015-09-23,372000,-3.63,17855557000
2015-09-24,375500,0.94,10321985000
2015-09-25,371500,-1.07,8961825500
2015-09-30,380500,2.42,13848238500
2015-10-01,384000,0.92,9775332000
2015-10-02,374000,-2.6,12263306336
2015-10-05,391500,4.68,19683856500
2015-10-06,404000,3.19,27889164500
2015-10-07,386500,-4.33,19056449000
2015-10-08,385000,-0.39,17375571000
2015-10-12,391500,1.69,18486165000
2015-10-13,394000,0.64,14655777000
2015-10-14,381000,-3.3,22300985000
2015-10-15,376000,-1.31,18536417500
2015-10-16,384000,2.13,16870804000
2015-10-19,383500,-0.13,10252649500
2015-10-20,374500,-2.35,26248175000
2015-10-21,370500,-1.07,20883529000
2015-10-22,359000,-3.1,39207552500
2015-10-23,361500,0.7,24413753500
2015-10-26,367000,1.52,16284878500
2015-10-27,367500,0.14,10855621000
2015-10-28,371000,0.95,13899949500
2015-10-29,360500,-2.83,17325646500
2015-10-30,350000,-2.91,30222265000
2015-11-02,354500,1.29,10388778000
2015-11-03,358500,1.13,11853574000
2015-11-04,360000,0.42,10100900500
2015-11-05,355000,-1.39,13471659000
2015-11-06,362000,1.97,21913534500
2015-11-09,345000,-4.7,25497118500
2015-11-10,336500,-2.46,20641247500
2015-11-11,339500,0.89,13137424500
2015-11-12,334500,-1.47,13061520500
2015-11-13,338000,1.05,10139132000
2015-11-16,334000,-1.18,9375081500
2015-11-17,343500,2.84,11300428000
2015-11-18,338000,-1.6,8441628500
2015-11-19,348000,2.96,13383686000
2015-11-20,348000,0.0,8187779000
2015-11-23,348000,0.0,7030913000
2015-11-24,352500,1.29,12687543500
2015-11-25,358500,1.7,17190380500
2015-11-26,363500,1.39,13920648000
2015-11-27,361000,-0.69,12321717500
2015-11-30,360500,-0.14,16750947500
2015-12-01,368500,2.22,10488548500
2015-12-02,361000,-2.04,12783016000
2015-12-03,359500,-0.42,9876357000
2015-12-04,354000,-1.53,9260052500
2015-12-07,353500,-0.14,6560170000
2015-12-08,349500,-1.13,13320733000
2015-12-09,348500,-0.29,10064608500
2015-12-10,348500,0.0,8474743500
2015-12-11,351500,0.86,9980690500
2015-12-14,344000,-2.13,10616000000
2015-12-15,341000,-0.87,9373477000
2015-12-16,348500,2.2,12384109000
2015-12-17,360000,3.3,18285626500
2015-12-18,359000,-0.28,11067259500
2015-12-21,366000,1.95,10874346000
2015-12-22,364500,-0.41,5515847500
2015-12-23,366000,0.41,9150632000
2015-12-24,363000,-0.82,8850635000
2015-12-28,374500,3.17,24061456500
2015-12-29,383000,2.27,20389095500
2015-12-30,377500,-1.44,12450068500
2016-01-04,371000,-1.72,11632038500
2016-01-05,371000,0.0,23553435000
2016-01-06,384000,3.5,24494984500
2016-01-07,388000,1.04,27862021000
2016-01-08,390500,0.64,19426868000
2016-01-11,391500,0.26,18483986000
2016-01-12,396500,1.28,27817767000
2016-01-13,422500,6.56,58164988500
2016-01-14,421000,-0.36,38558930000
2016-01-15,409500,-2.73,25262565500
2016-01-18,417000,1.83,20034832500
2016-01-19,416500,-0.12,21726361500
2016-01-20,415500,-0.24,28292875500
2016-01-21,417000,0.36,13693494500
2016-01-22,413500,-0.84,15191438500
2016-01-25,410000,-0.85,22825502500
2016-01-26,412500,0.61,16179419500
2016-01-27,400500,-2.91,31612127710
2016-01-28,403500,0.75,17327026500
2016-01-29,411500,1.98,25224864500
2016-02-01,412500,0.24,16898780000
2016-02-02,409000,-0.85,18997314000
2016-02-03,405000,-0.98,17260273500
2016-02-04,399500,-1.36,28619745000
2016-02-05,374500,-6.26,84802189000
2016-02-11,368000,-1.74,29384502500
2016-02-12,356000,-3.26,30684803000
2016-02-15,355500,-0.14,16250599000
2016-02-16,364000,2.39,18841456500
2016-02-17,355000,-2.47,24098702000
2016-02-18,354000,-0.28,29464835500
2016-02-19,365500,3.25,21724600000
2016-02-22,365000,-0.14,12575607500
2016-02-23,364500,-0.14,14284513500
2016-02-24,365500,0.27,10396046500
2016-02-25,359500,-1.64,18891982500
2016-02-26,360500,0.28,10514244000
2016-02-29,362000,0.42,17100222500
2016-03-02,362500,0.14,26767926000
2016-03-03,362000,-0.14,15043275000
2016-03-04,357000,-1.38,19969271000
2016-03-07,361500,1.26,26416168500
2016-03-08,366000,1.24,18741736000
2016-03-09,381000,4.1,32969099500
2016-03-10,382500,0.39,20061908000
2016-03-11,377500,-1.31,14400104000
2016-03-14,376000,-0.4,13460741000
2016-03-15,379500,0.93,8240431500
2016-03-16,377000,-0.66,11443054000
2016-03-17,377000,0.0,17714715000
2016-03-18,388000,2.92,28986292000
2016-03-21,374500,-3.48,30041775000
2016-03-22,367000,-2.0,24999022000
2016-03-23,368500,0.41,13274216500
2016-03-24,360500,-2.17,28533504000
2016-03-25,359000,-0.42,13333069000
2016-03-28,357000,-0.56,15546908000
2016-03-29,352500,-1.26,40455487000
2016-03-30,353000,0.14,21447025000
2016-03-31,347500,-1.56,28216289500
2016-04-01,345500,-0.58,16186811100
2016-04-04,341500,-1.16,20579007000
2016-04-05,345500,1.17,13741374000
2016-04-06,361500,4.63,32607738500
2016-04-07,360500,-0.28,17805250000
2016-04-08,357500,-0.83,14723244000
2016-04-11,357500,0.0,9548216000
2016-04-12,358000,0.14,7254694000
2016-04-14,357000,-0.28,20937970500
2016-04-15,361500,1.26,14028187000
2016-04-18,368000,1.8,15826638500
2016-04-19,365000,-0.82,19657441000
2016-04-20,365500,0.14,9226831500
2016-04-21,369500,1.09,11536140000
2016-04-22,371000,0.41,10082136500
2016-04-25,370000,-0.27,9781169500
2016-04-26,373000,0.81,8680113000
2016-04-27,374000,0.27,9846156500
2016-04-28,378000,1.07,24318341000
2016-04-29,380000,0.53,10352124000
2016-05-02,375000,-1.32,11382694000
2016-05-03,376000,0.27,9827036000
2016-05-04,379000,0.8,14477490500
2016-05-09,380000,0.26,17952256500
2016-05-10,387000,1.84,35506883500
2016-05-11,397500,2.71,33322471500
2016-05-12,393500,-1.01,20370632000
2016-05-13,399500,1.52,17789451000
2016-05-16,398000,-0.38,12269448500
2016-05-17,399500,0.38,13279226500
2016-05-18,389500,-2.5,16847841000
2016-05-19,389500,0.0,13817713000
2016-05-20,391500,0.51,11225681500
2016-05-23,387500,-1.02,9339536500
2016-05-24,382000,-1.42,42463759500
2016-05-25,391000,2.36,20928971500
2016-05-26,387500,-0.9,8793153500
2016-05-27,385500,-0.52,7135022500
2016-05-30,386500,0.26,8427225000
2016-05-31,382500,-1.03,19888473226
2016-06-01,384000,0.39,9392086000
2016-06-02,380000,-1.04,11508215500
2016-06-03,380000,0.0,7924882000
2016-06-07,379000,-0.26,14130067156
2016-06-08,383500,1.19,13026293500
2016-06-09,378000,-1.43,18950451500
2016-06-10,380500,0.66,8953274500
2016-06-13,373000,-1.97,10762211500
2016-06-14,367000,-1.61,17890663000
2016-06-15,364500,-0.68,10118447500
2016-06-16,361500,-0.82,10895378000
2016-06-17,365000,0.97,9395473500
2016-06-20,379000,3.84,23015112000
2016-06-21,381500,0.66,30017668000
2016-06-22,391000,2.49,23736197500
2016-06-23,390000,-0.26,15601646500
2016-06-24,385000,-1.28,35200894500
2016-06-27,391000,1.56,14627689000
2016-06-28,391000,0.0,11490850000
2016-06-29,392000,0.26,12910028500
2016-06-30,388500,-0.89,11910217500
2016-07-01,386500,-0.51,9261139500
2016-07-04,389500,0.78,11754698500
2016-07-05,389500,0.0,5853473500
2016-07-06,391000,0.39,14419302000
2016-07-07,386000,-1.28,10813286000
2016-07-08,386500,0.13,9424091000
2016-07-11,390500,1.03,9155292000
2016-07-12,402000,2.94,29768843500
2016-07-13,403000,0.25,17263055500
2016-07-14,406500,0.87,14499825000
2016-07-15,399000,-1.85,18817659500
2016-07-18,396000,-0.75,11144018000
2016-07-19,396000,0.0,10795611500
2016-07-20,399000,0.76,11366834500
2016-07-21,402500,0.88,17906150000
2016-07-22,400000,-0.62,8808281500
2016-07-25,397500,-0.63,12329249500
2016-07-26,394500,-0.75,12566378500
2016-07-27,395000,0.13,8185016000
2016-07-28,392500,-0.63,13453737500
2016-07-29,393500,0.25,12872856768
2016-08-01,387000,-1.65,21882173500
2016-08-02,384500,-0.65,11474238500
2016-08-03,378500,-1.56,8101403000
2016-08-04,376500,-0.53,19753645000
2016-08-05,380500,1.06,11627789500
2016-08-08,393500,3.42,39400854500
2016-08-09,395500,0.51,11621059500
2016-08-10,405500,2.53,27210690500
2016-08-11,406500,0.25,23624373500
2016-08-12,398500,-1.97,15117669000
2016-08-16,403000,1.13,9377016500
2016-08-17,399500,-0.87,14055983500
2016-08-18,394500,-1.25,9767547500
2016-08-19,385500,-2.28,20299106500
2016-08-22,383500,-0.52,9023903000
2016-08-23,383000,-0.13,10831109000
2016-08-24,384000,0.26,10925125500
2016-08-25,380000,-1.04,14634721000
2016-08-26,385000,1.32,9797926396
2016-08-29,387500,0.65,13672757000
2016-08-30,383500,-1.03,9882644000
2016-08-31,389500,1.56,14158496000
2016-09-01,391500,0.51,15092055000
2016-09-02,385000,-1.66,12415546500
2016-09-05,385500,0.13,21267154500
2016-09-06,385000,-0.13,18951045000
2016-09-07,370000,-3.9,71037990500
2016-09-08,371500,0.41,17096741500
2016-09-09,370000,-0.4,11899192500
2016-09-12,367000,-0.81,10267949000
2016-09-13,366500,-0.14,14651668000
2016-09-19,366000,-0.14,12011538000
2016-09-20,365000,-0.27,8047930500
2016-09-21,369500,1.23,10830767500
2016-09-22,374500,1.35,10716837000
2016-09-23,377500,0.8,9810100500
2016-09-26,371000,-1.72,13787638000
2016-09-27,371500,0.13,12816096000
2016-09-28,370500,-0.27,12127409000
2016-09-29,367500,-0.81,16327980500
2016-09-30,363000,-1.22,16475779500
2016-10-04,367500,1.24,11549008500
2016-10-05,362500,-1.36,15463860000
2016-10-06,356000,-1.79,20012839500
2016-10-07,354000,-0.56,20341266500
2016-10-10,356000,0.56,11442645000
2016-10-11,352500,-0.98,21869495500
2016-10-12,356000,0.99,12867501000
2016-10-13,350000,-1.69,15938577000
2016-10-14,347000,-0.86,13195079000
2016-10-17,349500,0.72,11259759000
2016-10-18,361500,3.43,20939180500
2016-10-19,356500,-1.38,8881100000
2016-10-20,363000,1.82,16132174000
2016-10-21,362000,-0.28,10207435500
2016-10-24,363500,0.41,14158546000
2016-10-25,357500,-1.65,14014025500
2016-10-26,358000,0.14,13331964000
2016-10-27,356500,-0.42,9251481500
2016-10-28,357500,0.28,7745628500
2016-10-31,349500,-2.24,12104776000
2016-11-01,344000,-1.57,17350215500
2016-11-02,338500,-1.6,14844829500
2016-11-03,362000,6.94,33102968500
2016-11-04,364500,0.69,13602867500
2016-11-07,364000,-0.14,8661453000
2016-11-08,371500,2.06,19216726000
2016-11-09,365500,-1.62,28494537500
2016-11-10,373500,2.19,22885186000
2016-11-11,368000,-1.47,12906638500
2016-11-14,368000,0.0,11323885000
2016-11-15,370000,0.54,16460905500
2016-11-16,374500,1.22,23337499000
2016-11-17,378000,0.93,13373854000
2016-11-18,380000,0.53,22363159500
2016-11-21,371500,-2.24,10624997500
2016-11-22,372500,0.27,8298846500
2016-11-23,368500,-1.07,9291290500
2016-11-24,365000,-0.95,6525009500
2016-11-25,367500,0.68,5081366500
2016-11-28,365500,-0.54,5913296500
2016-11-29,381500,4.38,31824956000
2016-11-30,384000,0.66,26716287250
2016-12-01,388000,1.04,17871574500
2016-12-02,377500,-2.71,14398926000
2016-12-05,381000,0.93,8324537500
2016-12-06,381500,0.13,7923364500
2016-12-07,383000,0.39,8697493000
2016-12-08,390500,1.96,14701125000
2016-12-09,383000,-1.92,12629049500
2016-12-12,384000,0.26,8666531500
2016-12-13,384000,0.0,10045700500
2016-12-14,380500,-0.91,10568697000
2016-12-15,382000,0.39,9369473500
2016-12-16,383000,0.26,9833473000
2016-12-19,376500,-1.7,6966782500
2016-12-20,375000,-0.4,7863968500
2016-12-21,367500,-2.0,15100896000
2016-12-22,367000,-0.14,10106145500
2016-12-23,365000,-0.54,9916166500
2016-12-26,358500,-1.78,15794768000
2016-12-27,358000,-0.14,10992540000
2016-12-28,356000,-0.56,11547792000
2016-12-29,357500,0.42,9694069500
2017-01-02,359000,0.42,8577265000
2017-01-03,351500,-2.09,17138601000
2017-01-04,350500,-0.28,14960039500
2017-01-05,360000,2.71,22325530000
2017-01-06,361000,0.28,8883439500
2017-01-09,357000,-1.11,7687657500
2017-01-10,352500,-1.26,10690190000
2017-01-11,351500,-0.28,16263889500
2017-01-12,357500,1.71,12957298498
2017-01-13,360500,0.84,13160251500
2017-01-16,356500,-1.11,9752551500
2017-01-17,351000,-1.54,14275725500
2017-01-18,358000,1.99,11833955000
2017-01-19,354000,-1.12,9317521500
2017-01-20,355000,0.28,7388911000
2017-01-23,356000,0.28,9420006000
2017-01-24,356000,0.0,5024530500
2017-01-25,348000,-2.25,22319285500
2017-01-26,348500,0.14,6955928500
2017-01-31,354500,1.72,10608800500
2017-02-01,355500,0.28,12409697770
2017-02-02,358500,0.84,17331281000
2017-02-03,356000,-0.7,15842850500
2017-02-06,371000,4.21,34005359000
2017-02-07,364000,-1.89,18945132500
2017-02-08,357000,-1.92,20313267000
2017-02-09,352500,-1.26,14722289500
2017-02-10,370500,5.11,28818112500
2017-02-13,372000,0.4,12689253000
2017-02-14,363000,-2.42,19634877500
2017-02-15,357500,-1.52,22744490500
2017-02-16,356000,-0.42,10498252500
2017-02-17,357000,0.28,7812197000
2017-02-20,370000,3.64,26816581500
2017-02-21,366000,-1.08,23307975000
2017-02-22,357500,-2.32,25069317500
2017-02-23,362000,1.26,13950639000
2017-02-24,364500,0.69,10401826500
2017-02-27,363500,-0.27,11361657500
2017-02-28,364500,0.28,9241337000
2017-03-02,360000,-1.23,23057223000
2017-03-03,355000,-1.39,10656333500
2017-03-06,351000,-1.13,16903586000
2017-03-07,353000,0.57,9683708500
2017-03-08,350500,-0.71,10081934500
2017-03-09,349000,-0.43,8123290000
2017-03-10,349000,0.0,8423129000
2017-03-13,353500,1.29,9200699500
2017-03-14,353000,-0.14,10406147000
2017-03-15,347500,-1.56,13627410500
2017-03-16,345000,-0.72,21110451500
2017-03-17,351000,1.74,9290199000
2017-03-20,346500,-1.28,7341090000
2017-03-21,347000,0.14,9268475500
2017-03-22,347000,0.0,8294407000
2017-03-23,349000,0.58,16708031000
2017-03-24,352500,1.0,15279108000
2017-03-27,356000,0.99,20874842500
2017-03-28,357500,0.42,13844829050
2017-03-29,353500,-1.12,7725240000
2017-03-30,358000,1.27,12733352000
2017-03-31,353000,-1.4,14681013000
2017-04-03,353500,0.14,12037098500
2017-04-04,356500,0.85,9232813000
2017-04-05,355000,-0.42,11299189500
2017-04-06,348000,-1.97,14068022000
2017-04-07,346000,-0.57,14056359000
2017-04-10,342000,-1.16,9140650000
2017-04-11,339000,-0.88,11841958500
2017-04-12,335000,-1.18,12716422500
2017-04-13,340500,1.64,14906866000
2017-04-14,342000,0.44,6918346000
2017-04-17,340000,-0.58,12749358000
2017-04-18,342000,0.59,11184452000
2017-04-19,342000,0.0,9747340000
2017-04-20,350500,2.49,22362215500
2017-04-21,348500,-0.57,11512969000
2017-04-24,346000,-0.72,7632367000
2017-04-25,344000,-0.58,11307719000
2017-04-26,345500,0.44,7696018500
2017-04-27,344500,-0.29,10532809000
2017-04-28,341000,-1.02,10713854000
2017-05-02,342000,0.29,8546003000
2017-05-04,343500,0.44,10405018000
2017-05-08,354500,3.2,26864225000
2017-05-10,354000,-0.14,21898561500
2017-05-11,358500,1.27,14299997000
2017-05-12,358000,-0.14,26853114000
2017-05-15,354000,-1.12,14809474500
2017-05-16,354500,0.14,11625547000
2017-05-17,353500,-0.28,11350084000
2017-05-18,355000,0.42,17089405500
2017-05-19,362500,2.11,22454767500
2017-05-22,366500,1.1,17977897000
2017-05-23,370500,1.09,31074832000
2017-05-24,374000,0.94,21841246000
2017-05-25,375500,0.4,13624134500
2017-05-26,380000,1.2,19254441000
2017-05-29,381500,0.39,15823671000
2017-05-30,378000,-0.92,15492065000
2017-05-31,381500,0.93,21238754500
2017-06-01,381000,-0.13,11320802000
2017-06-02,384000,0.79,17067940000
2017-06-05,387000,0.78,14822264000
2017-06-07,383500,-0.9,11621605000
2017-06-08,386000,0.65,20223820000
2017-06-09,380000,-1.55,21698650500
2017-06-12,373500,-1.71,14346948000
2017-06-13,378000,1.2,23483746500
2017-06-14,384500,1.72,18136183000
2017-06-15,380000,-1.17,13010466500
2017-06-16,379500,-0.13,17710910000
2017-06-19,374000,-1.45,15622670000
2017-06-20,371000,-0.8,18863390000
2017-06-21,373000,0.54,17107659500
2017-06-22,373500,0.13,12410230000
2017-06-23,370500,-0.8,13408433500
2017-06-26,367500,-0.81,10450923000
2017-06-27,365500,-0.54,11163408000
2017-06-28,363000,-0.68,14384830500
2017-06-29,361500,-0.41,13468043000
2017-06-30,361500,0.0,10847195500
2017-07-03,361500,0.0,9940702500
2017-07-04,358500,-0.83,10241633500
2017-07-05,354500,-1.12,13758055000
2017-07-06,360000,1.55,10654279000
2017-07-07,357000,-0.83,11232025500
2017-07-10,352500,-1.26,10564456500
2017-07-11,350500,-0.57,12575269500
2017-07-12,355500,1.43,11939604000
2017-07-13,355000,-0.14,14804045000
2017-07-14,356000,0.28,8499386500
2017-07-17,355500,-0.14,8020604500
2017-07-18,352500,-0.84,9755608500
2017-07-19,355000,0.71,11308050500
2017-07-20,353500,-0.42,6668167000
2017-07-21,355000,0.42,8726775000
2017-07-24,362500,2.11,15879164500
2017-07-25,366500,1.1,15229268000
2017-07-26,366000,-0.14,8307829000
2017-07-27,368500,0.68,7590703500
2017-07-28,367500,-0.27,14339982500
2017-07-31,370000,0.68,11382091000
2017-08-01,371500,0.41,11604072000
2017-08-02,367000,-1.21,8047003000
2017-08-03,356000,-3.0,17513099000
2017-08-04,354000,-0.56,16588657000
2017-08-07,357500,0.99,31187152500
2017-08-08,360500,0.84,16245974500
2017-08-09,359000,-0.42,9048267500
2017-08-10,356500,-0.7,15254121000
2017-08-11,360000,0.98,18439303000
2017-08-14,360000,0.0,8141605000
2017-08-16,360000,0.0,12432909500
2017-08-17,358500,-0.42,11380963000
2017-08-18,355000,-0.98,8120579500
2017-08-21,353000,-0.56,6589501500
2017-08-22,350500,-0.71,8942894000
2017-08-23,349500,-0.29,10405250000
2017-08-24,352500,0.86,6378025000
2017-08-25,353000,0.14,11433514000
2017-08-28,359000,1.7,11422946500
2017-08-29,358000,-0.28,7880103500
2017-08-30,359500,0.42,7754448500
2017-08-31,362500,0.83,11097275000
2017-09-01,354500,-2.21,11691161000
2017-09-04,349000,-1.55,11402514000
2017-09-05,348500,-0.14,6631118000
2017-09-06,346000,-0.72,5946814000
2017-09-07,350000,1.16,4940668750
2017-09-08,349500,-0.14,4247800500
2017-09-11,352500,0.86,5695785500
2017-09-12,352500,0.0,6982924000
2017-09-13,346500,-1.7,9606902500
2017-09-14,345500,-0.29,13002337500
2017-09-15,350500,1.45,11479682000
2017-09-18,350500,0.0,10961450500
2017-09-19,350500,0.0,4122557000
2017-09-20,350500,0.0,8927132500
2017-09-21,350000,-0.14,7824311000
2017-09-22,355000,1.43,17933727000
2017-09-25,347500,-2.11,7996291500
2017-09-26,350000,0.72,9110539500
2017-09-27,353000,0.86,8400259500
2017-09-28,350500,-0.71,10602200000
2017-09-29,354500,1.14,10269925500
2017-10-10,358500,1.13,15922818000
2017-10-11,354000,-1.26,8472085500
2017-10-12,365000,3.11,17129904500
2017-10-13,367000,0.55,10385436500
2017-10-16,370500,0.95,12399212000
2017-10-17,372000,0.4,12078344000
2017-10-18,374000,0.54,9995666500
2017-10-19,377000,0.8,9279532000
2017-10-20,376500,-0.13,8692930500
2017-10-23,370000,-1.73,9325396000
2017-10-24,371500,0.41,7348790500
2017-10-25,369000,-0.67,6722726000
2017-10-26,372000,0.81,8596150000
2017-10-27,366500,-1.48,7413855000
2017-10-30,361000,-1.5,9525754500
2017-10-31,366000,1.39,7131132000
2017-11-01,358500,-2.05,18092969000
2017-11-02,356500,-0.56,8707004500
2017-11-03,373500,4.77,21162668500
2017-11-06,373500,0.0,10156187000
2017-11-07,370500,-0.8,11835921500
2017-11-08,372500,0.54,20227141000
2017-11-09,400000,7.38,107165948000
2017-11-10,399500,-0.13,28871663000
2017-11-13,391500,-2.0,33054939500
2017-11-14,389000,-0.64,20254164000
2017-11-15,390000,0.26,15512268500
2017-11-16,396000,1.54,22168987500
2017-11-17,398500,0.63,29924059000
2017-11-20,415000,4.14,45836897500
2017-11-21,416000,0.24,18144383500
2017-11-22,408000,-1.92,17970589000
2017-11-23,407000,-0.25,12846043000
2017-11-24,409500,0.61,12284085000
2017-11-27,409500,0.0,16353140000
2017-11-28,412500,0.73,11944390500
2017-11-29,404000,-2.06,12340269500
2017-11-30,401000,-0.74,18520702000
2017-12-01,393000,-2.0,14186287000
2017-12-04,395000,0.51,17151664000
2017-12-05,398000,0.76,10639101500
2017-12-06,390500,-1.88,11831159500
2017-12-07,389000,-0.38,10371821500
2017-12-08,390000,0.26,12112789000
2017-12-11,391500,0.38,9957444000
2017-12-12,390500,-0.26,10106122500
2017-12-13,401000,2.69,11719063000
2017-12-14,378500,-5.61,24545045500
2017-12-15,401000,5.94,18101236000
2017-12-18,398500,-0.62,13364249000
2017-12-19,370500,-7.03,85087211000
2017-12-20,366000,-1.21,27376429500
2017-12-21,365000,-0.27,14495988000
2017-12-22,367000,0.55,10820952500
2017-12-26,368000,0.27,14722556500
2017-12-27,368000,0.0,9076540500
2017-12-28,366000,-0.54,10891319035
2018-01-02,371500,1.5,13988683000
2018-01-03,371000,-0.13,12344578000
2018-01-04,376500,1.48,20029821500
2018-01-05,370000,-1.73,14938141500
2018-01-08,372000,0.54,6916253000
2018-01-09,381500,2.55,15884847000
2018-01-10,385000,0.92,17998570500
2018-01-11,392000,1.82,19508093500
2018-01-12,386500,-1.4,11141263500
2018-01-15,378500,-2.07,11855042000
2018-01-16,374000,-1.19,25270243000
2018-01-17,364500,-2.54,51477931000
2018-01-18,361500,-0.82,36954372000
2018-01-19,358000,-0.97,27017229500
2018-01-22,363500,1.54,18122110000
2018-01-23,364500,0.28,25338723250
2018-01-24,362000,-0.69,17728620500
2018-01-25,362000,0.0,12624829500
2018-01-26,366500,1.24,19215190000
2018-01-29,365500,-0.27,19262649500
2018-01-30,360500,-1.37,19904604000
2018-01-31,358500,-0.55,16884918000
2018-02-01,360500,0.56,13079453500
2018-02-02,353000,-2.08,28099460500
2018-02-05,349000,-1.13,18471036000
2018-02-06,343500,-1.58,21639261500
2018-02-07,345000,0.44,13761136250
2018-02-08,339000,-1.74,22697043000
2018-02-09,322500,-4.87,43934895500
2018-02-12,321000,-0.47,16338314500
2018-02-13,323500,0.78,16867149000
2018-02-14,319500,-1.24,24108493500
2018-02-19,324500,1.56,15497003000
2018-02-20,325000,0.15,10216571000
2018-02-21,334500,2.92,25781247000
2018-02-22,335500,0.3,15198269000
2018-02-23,353000,5.22,40468444000
2018-02-26,351000,-0.57,22839737500
2018-02-27,350500,-0.14,27587459000
2018-02-28,338000,-3.57,29017424500
2018-03-02,328500,-2.81,23695597284
2018-03-05,323500,-1.52,17552549500
2018-03-06,322500,-0.31,17230298000
2018-03-07,322500,0.0,17215780000
2018-03-08,327000,1.4,18265257500
2018-03-09,333000,1.83,22906445500
2018-03-12,333000,0.0,15408397000
2018-03-13,326000,-2.1,19523094000
2018-03-14,327500,0.46,13609344500
2018-03-15,340500,3.97,25559708500
2018-03-16,340000,-0.15,15676184000
2018-03-19,333000,-2.06,10653960000
2018-03-20,333500,0.15,6710879000
2018-03-21,329000,-1.35,13930696500
2018-03-22,332500,1.06,7641373000
2018-03-23,322500,-3.01,13278644500
2018-03-26,323000,0.16,10508839000
2018-03-27,326000,0.93,7290779500
2018-03-28,320000,-1.84,10974108000
2018-03-29,320000,0.0,15034509500
2018-03-30,321500,0.47,15212886500
2018-04-02,329500,2.49,27664875000
2018-04-03,337000,2.28,50949688500
2018-04-04,330500,-1.93,14498273000
2018-04-05,324500,-1.82,18587039500
2018-04-06,323000,-0.46,10563952500
2018-04-09,322500,-0.15,12003314500
2018-04-10,320500,-0.62,18587271500
2018-04-11,328000,2.34,19996996000
2018-04-12,324500,-1.07,11422912000
2018-04-13,326000,0.46,16455410500
2018-04-16,324500,-0.46,12187101500
2018-04-17,321500,-0.92,17745810500
2018-04-18,322500,0.31,20158402000
2018-04-19,320500,-0.62,27460010500
2018-04-20,321500,0.31,15914645000
2018-04-23,332000,3.27,34163953500
2018-04-24,340500,2.56,41143027000
2018-04-25,340000,-0.15,24536747000
2018-04-26,332000,-2.35,17859204000
2018-04-27,334500,0.75,9966068500
2018-04-30,343000,2.54,20442043000
2018-05-02,345000,0.58,18506184500
2018-05-03,341000,-1.16,9064298000
2018-05-04,342500,0.44,15726653500
2018-05-08,342500,0.0,12018660000
2018-05-09,342000,-0.15,17811246000
2018-05-10,359500,5.12,66983314500
2018-05-11,356500,-0.83,29539075500
2018-05-14,359500,0.84,22192141000
2018-05-15,351500,-2.23,15172040500
2018-05-16,354500,0.85,13438249500
2018-05-17,350500,-1.13,10354910000
2018-05-18,347500,-0.86,15300287000
2018-05-21,346500,-0.29,10516543000
2018-05-23,345000,-0.43,7620668500
2018-05-24,342500,-0.72,12538011000
2018-05-25,337000,-1.61,12308617500
2018-05-28,343000,1.78,13200822000
2018-05-29,346500,1.02,15649207500
2018-05-30,340500,-1.73,14910629000
2018-05-31,350500,2.94,24886391000
2018-06-01,355500,1.43,23023738500
2018-06-04,357500,0.56,20635287500
2018-06-05,364000,1.82,25751345000
2018-06-07,379000,4.12,62146706500
2018-06-08,372500,-1.72,15457968000
2018-06-11,380500,2.15,29052590000
2018-06-12,381500,0.26,17700596500
2018-06-14,372000,-2.49,33642376942
2018-06-15,368000,-1.08,23550261000
2018-06-18,359000,-2.45,21618695500
2018-06-19,353000,-1.67,13563733000
2018-06-20,349500,-0.99,14995899000
2018-06-21,350000,0.14,11269929000
2018-06-22,350500,0.14,15795291500
2018-06-25,355000,1.28,13967808500
2018-06-26,352000,-0.85,12864493500
2018-06-27,347500,-1.28,9799726000
2018-06-28,350500,0.86,11090391000
2018-06-29,352500,0.57,9080262000
2018-07-02,347500,-1.42,8378268500
2018-07-03,339000,-2.45,17312549500
2018-07-04,335500,-1.03,8510493500
2018-07-05,330500,-1.49,11126462000
2018-07-06,339500,2.72,13729984000
2018-07-09,335500,-1.18,7634382500
2018-07-10,336500,0.3,8468715500
2018-07-11,338500,0.59,8905867000
2018-07-12,336000,-0.74,10250738000
2018-07-13,342000,1.79,7622000500
2018-07-16,331500,-3.07,17947816500
2018-07-17,333000,0.45,7762231000
2018-07-18,330000,-0.9,7186051500
2018-07-19,323000,-2.12,11930510000
2018-07-20,329500,2.01,11665030500
2018-07-23,332000,0.76,8330447000
2018-07-24,335000,0.9,8988698000
2018-07-25,335000,0.0,7651253000
2018-07-26,334000,-0.3,8652736000
2018-07-27,334500,0.15,5861023500
2018-07-30,334500,0.0,5688080000
2018-07-31,338000,1.05,9211970000
2018-08-01,342500,1.33,11433924500
2018-08-02,339500,-0.88,9004693000
2018-08-03,344000,1.33,12923204500
2018-08-06,347000,0.87,6503752000
2018-08-07,343500,-1.01,8502167500
2018-08-08,339500,-1.16,7363458500
2018-08-09,341500,0.59,13889742500
2018-08-10,354000,3.66,23776230000
2018-08-13,349000,-1.41,11393749510
2018-08-14,344500,-1.29,10523987500
2018-08-16,339500,-1.45,10429602500
2018-08-17,340500,0.29,5930957000
2018-08-20,337000,-1.03,9593939000
2018-08-21,337000,0.0,8001317000
2018-08-22,337500,0.15,7391829000
2018-08-23,337500,0.0,6857017000
2018-08-24,338500,0.3,7726118000
2018-08-27,341000,0.74,8259663000
2018-08-28,349000,2.35,11975610000
2018-08-29,343000,-1.72,7950527000
2018-08-30,339500,-1.02,8797481000
2018-08-31,342500,0.88,10182563000
2018-09-03,345000,0.73,6681731500
2018-09-04,337000,-2.32,12194627500
2018-09-05,334000,-0.89,8520170500
2018-09-06,332500,-0.45,5374210000
2018-09-07,332500,0.0,7892763000
2018-09-10,333500,0.3,6695282000
2018-09-11,328000,-1.65,11348240000
2018-09-12,326500,-0.46,17630359500
2018-09-13,332000,1.68,17095413000
2018-09-14,327500,-1.36,12725597500
2018-09-17,327500,0.0,8719337000
2018-09-18,325500,-0.61,10222664473
2018-09-19,325500,0.0,8830916000
2018-09-20,328000,0.77,8257768500
2018-09-21,331000,0.91,13037360500
2018-09-27,330500,-0.15,13067277500
2018-09-28,333500,0.91,11626805713
2018-10-01,331500,-0.6,7305380000
2018-10-02,329000,-0.75,11594534000
2018-10-04,327000,-0.61,11948640000
2018-10-05,327000,0.0,9127753000
2018-10-08,330000,0.92,10024042500
2018-10-10,325000,-1.52,18786177000
2018-10-11,312000,-4.0,20305883500
2018-10-12,317500,1.76,12743831500
2018-10-15,322000,1.42,8417239500
2018-10-16,331500,2.95,13295623500
2018-10-17,333000,0.45,8306187000
2018-10-18,333000,0.0,4892202500
2018-10-19,335500,0.75,11467378000
2018-10-22,341500,1.79,11601494500
2018-10-23,335500,-1.76,8602719500
2018-10-24,343000,2.24,15574897500
2018-10-25,338500,-1.31,10705667500
2018-10-26,333000,-1.62,10910682500
2018-10-29,335500,0.75,17339880500
2018-10-30,327500,-2.38,11234682000
2018-10-31,324000,-1.07,15902114000
2018-11-01,318000,-1.85,13922355500
2018-11-02,326500,2.67,9283289500
2018-11-05,326000,-0.15,5212032500
2018-11-06,330000,1.23,7162987000
2018-11-07,335000,1.52,16921241000
2018-11-08,333000,-0.6,10788386500
2018-11-09,343000,3.0,19446276500
2018-11-12,347000,1.17,13868212000
2018-11-13,347000,0.0,11116882000
2018-11-14,341500,-1.59,7688136000
2018-11-15,361500,5.86,29157518000
2018-11-16,351000,-2.9,21932106000
2018-11-19,352500,0.43,9983948000
2018-11-20,347500,-1.42,10888807000
2018-11-21,352000,1.29,11412195000
2018-11-22,347000,-1.42,9520412500
2018-11-23,347000,0.0,10809979500
2018-11-26,344500,-0.72,12746277500
2018-11-27,341000,-1.02,11302907000
2018-11-28,341500,0.15,8187083500
2018-11-29,342000,0.15,10056046500
2018-11-30,336000,-1.75,17622933000
2018-12-03,336000,0.0,9420205000
2018-12-04,340000,1.19,7898473000
2018-12-05,345000,1.47,15331501500
2018-12-06,343000,-0.58,9741601000
2018-12-07,340500,-0.73,10658183500
2018-12-10,349000,2.5,22056667000
2018-12-11,348000,-0.29,11856825000
2018-12-12,350500,0.72,10126426500
2018-12-13,351000,0.14,17254395500
2018-12-14,347000,-1.14,6858628500
2018-12-17,345000,-0.58,10407680500
2018-12-18,342500,-0.72,10066602500
2018-12-19,341500,-0.29,10604526000
2018-12-20,335500,-1.76,12989905000
2018-12-21,332500,-0.89,19213438496
2018-12-24,333000,0.15,7729139500
2018-12-26,326000,-2.1,8287931500
2018-12-27,325500,-0.15,8303324500
2018-12-28,330500,1.54,11101609500
2019-01-02,331000,0.15,11983055000
2019-01-03,328000,-0.91,7381029000
2019-01-04,342000,4.27,17383214000
2019-01-07,340500,-0.44,7303858500
2019-01-08,335500,-1.47,6724315000
2019-01-09,337500,0.6,8101764500
2019-01-10,337000,-0.15,7302856500
2019-01-11,334500,-0.74,12222395500
2019-01-14,343000,2.54,18495950000
2019-01-15,338500,-1.31,8978192500
2019-01-16,338000,-0.15,9245032000
2019-01-17,340500,0.74,8370419500
2019-01-18,341500,0.29,8310849500
2019-01-21,341500,0.0,6537869000
2019-01-22,340000,-0.44,8101557500
2019-01-23,339500,-0.15,8611487500
2019-01-24,338500,-0.29,8453585000
2019-01-25,335500,-0.89,11887300000
2019-01-28,333000,-0.75,13798636500
2019-01-29,333500,0.15,6232618500
2019-01-30,333500,0.0,12195048000
2019-01-31,342500,2.7,24602332500
2019-02-01,335000,-2.19,14496455000
2019-02-07,340000,1.49,10148472000
2019-02-08,340000,0.0,8244436000
2019-02-11,338000,-0.59,6589876000
2019-02-12,332000,-1.78,14812410500
2019-02-13,333500,0.45,10142305500
2019-02-14,339500,1.8,13848247000
2019-02-15,336500,-0.88,10535263500
2019-02-18,335500,-0.3,12232269000
2019-02-19,334000,-0.45,9372280000
2019-02-20,335000,0.3,16371022250
2019-02-21,332500,-0.75,9406755500
2019-02-22,331500,-0.3,12085792000
2019-02-25,330500,-0.3,14127948000
2019-02-26,328000,-0.76,14279228000
2019-02-27,323500,-1.37,38775542500
2019-02-28,322000,-0.46,23975659500
2019-03-04,321500,-0.16,16479043000
2019-03-05,321000,-0.16,15109392500
2019-03-06,325000,1.25,15612925500
2019-03-07,321000,-1.23,15456701000
2019-03-08,322500,0.47,13788484500
2019-03-11,328500,1.86,15013907500
2019-03-12,326500,-0.61,11593285500
2019-03-13,327000,0.15,6725901000
2019-03-14,327000,0.0,10712257500
2019-03-15,329000,0.61,20891967500
2019-03-18,331000,0.61,9743600000
2019-03-19,333000,0.6,10190618500
2019-03-20,330000,-0.9,6019085500
2019-03-21,328000,-0.61,7479520000
2019-03-22,326000,-0.61,8621510000
2019-03-25,321000,-1.53,7993577000
2019-03-26,324500,1.09,8818935500
2019-03-27,327500,0.92,9795200000
2019-03-28,322000,-1.68,7657399000
2019-03-29,323000,0.31,9513176000
2019-04-01,324500,0.46,8844905000
2019-04-02,326000,0.46,7396489500
2019-04-03,326000,0.0,9321108000
2019-04-04,325000,-0.31,7473404500
2019-04-05,322500,-0.77,6396571000
2019-04-08,328500,1.86,11134724500
2019-04-09,329000,0.15,7664385500
2019-04-10,329500,0.15,7807924500
2019-04-11,324500,-1.52,16594832500
2019-04-12,326500,0.62,8472888500
2019-04-15,325500,-0.31,9679379500
2019-04-16,324500,-0.31,9484612000
2019-04-17,320500,-1.23,19413851000
2019-04-18,318000,-0.78,20790547500
2019-04-19,315500,-0.79,15573292500
2019-04-22,316000,0.16,10519339500
2019-04-23,317500,0.47,8641943000
2019-04-24,317000,-0.16,11179828000
2019-04-25,314000,-0.95,8776781500
2019-04-26,315500,0.48,8476938000
2019-04-29,317500,0.63,6593257000
2019-04-30,315000,-0.79,5692025000
2019-05-02,314000,-0.32,6429582000
2019-05-03,309500,-1.43,11810609500
2019-05-07,312000,0.81,7996299000
2019-05-08,310500,-0.48,7085877000
2019-05-09,306000,-1.45,12048711500
2019-05-10,300000,-1.96,14619803000
2019-05-13,298500,-0.5,8396100000
2019-05-14,288500,-3.35,31490337000
2019-05-15,285500,-1.04,21428724000
2019-05-16,286500,0.35,13076152000
2019-05-17,280000,-2.27,14440684000
2019-05-20,283000,1.07,8003881000
2019-05-21,283500,0.18,6005349000
2019-05-22,278000,-1.94,9541431000
2019-05-23,285000,2.52,9015332000
2019-05-24,279500,-1.93,7335074000
2019-05-27,276500,-1.07,8112062000
2019-05-28,284500,2.89,19103446000
2019-05-29,282500,-0.7,5598124500
2019-05-30,279000,-1.24,9029721000
2019-05-31,280500,0.54,7835294000
2019-06-03,280000,-0.18,6456878500
2019-06-04,282000,0.71,5909964000
2019-06-05,282000,0.0,5027892000
2019-06-07,280000,-0.71,6016038500
2019-06-10,285000,1.79,6451600000
2019-06-11,284000,-0.35,6476171000
2019-06-12,285000,0.35,6270690000
2019-06-13,288000,1.05,11351676000
2019-06-14,294000,2.08,14826941000
2019-06-17,289000,-1.7,8485934500
2019-06-18,295500,2.25,9463781000
2019-06-19,297500,0.68,10760438500
2019-06-20,298000,0.17,7854540000
2019-06-21,301500,1.17,11369542500
2019-06-24,300500,-0.33,22004180660
2019-06-25,301500,0.33,9093638000
2019-06-26,297000,-1.49,6834093500
2019-06-27,298000,0.34,7656779500
2019-06-28,297000,-0.34,9708526500
2019-07-01,298000,0.34,5495411000
2019-07-02,292500,-1.85,7337042000
2019-07-03,294500,0.68,5496337000
2019-07-04,294000,-0.17,5160027500
2019-07-05,294000,0.0,4060759000
2019-07-08,289000,-1.7,5610454000
2019-07-09,284000,-1.73,6664107500
2019-07-10,283000,-0.35,3324339500
2019-07-11,285000,0.71,6938114000
2019-07-12,291000,2.11,6066625500
2019-07-15,286000,-1.72,5871714500
2019-07-16,283500,-0.87,7102407500
2019-07-17,282000,-0.53,5168265500
2019-07-18,284000,0.71,5190413000
2019-07-19,284500,0.18,5279104000
2019-07-22,282500,-0.7,3121784500
2019-07-23,287500,1.77,4877286000
2019-07-24,285000,-0.87,4505466000
2019-07-25,290000,1.75,10711950000
2019-07-26,283000,-2.41,7537155500
2019-07-29,279500,-1.24,5312097000
2019-07-30,282000,0.89,4418422000
2019-07-31,285000,1.06,5986587500
2019-08-01,286500,0.53,5673571000
2019-08-02,281500,-1.75,5360884000
2019-08-05,271500,-3.55,11832020000
2019-08-06,269500,-0.74,9679244500
2019-08-07,266000,-1.3,6231562500
2019-08-08,272000,2.26,10513287500
2019-08-09,248000,-8.82,56908005000
2019-08-12,242500,-2.22,18388097000
2019-08-13,235500,-2.89,21064798500
2019-08-14,234500,-0.42,13334782000
2019-08-16,229500,-2.13,15718599500
2019-08-19,230500,0.44,9932929000
2019-08-20,234000,1.52,7956744500
2019-08-21,230000,-1.71,11245248000
2019-08-22,231500,0.65,12640791500
2019-08-23,229500,-0.86,7672212000
2019-08-26,225000,-1.96,8481975500
2019-08-27,223000,-0.89,13633694000
2019-08-28,221500,-0.67,9514630000
2019-08-29,222500,0.45,6441633000
2019-08-30,228500,2.7,9130228500
2019-09-02,226000,-1.09,7712147500
2019-09-03,224500,-0.66,12342770500
2019-09-04,226500,0.89,9665022000
2019-09-05,229500,1.32,13915459000
2019-09-06,227500,-0.87,7353214500
2019-09-09,227000,-0.22,6289182500
2019-09-10,230000,1.32,9824486500
2019-09-11,234000,1.74,21141961000
2019-09-16,242000,3.42,15912865000
2019-09-17,239500,-1.03,7769831500
2019-09-18,246000,2.71,13091307500
2019-09-19,237500,-3.46,14506070500
2019-09-20,234000,-1.47,16591437000
2019-09-23,234500,0.21,6747551000
2019-09-24,236500,0.85,7799420500
2019-09-25,236000,-0.21,7866677000
2019-09-26,236500,0.21,5682950000
2019-09-27,234000,-1.06,4204837000
2019-09-30,234500,0.21,3908686000
2019-10-01,231500,-1.28,11903167500
2019-10-02,221000,-4.54,20267922000
2019-10-04,214500,-2.94,18211595000
2019-10-07,214000,-0.23,13460957000
2019-10-08,216500,1.17,7749479000
2019-10-10,212000,-2.08,17237043000
2019-10-11,217000,2.36,8504484500
2019-10-14,219000,0.92,6773549500
2019-10-15,222000,1.37,9893361000
2019-10-16,223000,0.45,9736628000
2019-10-17,223500,0.22,7688233000
2019-10-18,223000,-0.22,10413415564
2019-10-21,229000,2.69,8979948000
2019-10-22,230500,0.66,8169377000
2019-10-23,228000,-1.08,8002405500
2019-10-24,228500,0.22,5034688000
2019-10-25,228500,0.0,5454713500
2019-10-28,230500,0.88,6618428500
2019-10-29,226500,-1.74,5720541000
2019-10-30,226500,0.0,6365495500
2019-10-31,228500,0.88,5588582000
2019-11-01,230500,0.88,5587268500
2019-11-04,239000,3.69,20257082500
2019-11-05,245500,2.72,19102568000
2019-11-06,243500,-0.81,12445646640
2019-11-07,248500,2.05,16393447500
2019-11-08,244500,-1.61,9782007500
2019-11-11,238000,-2.66,8670963000
2019-11-12,256000,7.56,38686411000
2019-11-13,254000,-0.78,13426852500
2019-11-14,246000,-3.15,16481722000
2019-11-15,249500,1.42,9416408500
2019-11-18,250500,0.4,11330317500
2019-11-19,249500,-0.4,5815796500
2019-11-20,248000,-0.6,7202128000
2019-11-21,246500,-0.6,8261451500
2019-11-22,248000,0.61,4217609000
2019-11-25,250000,0.81,3880660000
2019-11-26,243500,-2.6,14458970000
2019-11-27,250000,2.67,6642422500
2019-11-28,249000,-0.4,4034914000
2019-11-29,248000,-0.4,6054570500
2019-12-02,246500,-0.6,3897156500
2019-12-03,245500,-0.41,4518122500
2019-12-04,238500,-2.85,7714910500
2019-12-05,239000,0.21,5810829000
2019-12-06,241000,0.84,3712664000
2019-12-09,239500,-0.62,5873055000
2019-12-10,253500,5.85,23914818000
2019-12-11,252000,-0.59,6159433500
2019-12-12,252000,0.0,11975598000
2019-12-13,254000,0.79,7589957500
2019-12-16,248000,-2.36,12362259500
2019-12-17,249000,0.4,5704149000
2019-12-18,242000,-2.81,14144541000
2019-12-19,241000,-0.41,16669630500
2019-12-20,241500,0.21,21925926000
2019-12-23,243500,0.83,8208611000
2019-12-24,242000,-0.62,4145351500
2019-12-26,243000,0.41,7940415500
2019-12-27,250000,2.88,12419546500
2019-12-30,252500,1.0,7839387000
2020-01-02,245000,-2.97,8086203000
2020-01-03,241000,-1.63,9761524000
2020-01-06,233500,-3.11,9405303500
2020-01-07,234000,0.21,6979965000
2020-01-08,229500,-1.92,8440257500
2020-01-09,231000,0.65,12441183000
2020-01-10,229500,-0.65,8079159500
2020-01-13,233500,1.74,7457736000
2020-01-14,240000,2.78,8360936000
2020-01-15,247000,2.92,13091169500
2020-01-16,247000,0.0,8713703000
2020-01-17,250500,1.42,9067217000
2020-01-20,249500,-0.4,7421847000
2020-01-21,251000,0.6,8303573000
2020-01-22,250500,-0.2,7503480500
2020-01-23,249500,-0.4,8509332500
2020-01-28,242500,-2.81,8988702000
2020-01-29,237500,-2.06,9009784000
2020-01-30,235500,-0.84,6858071500
2020-01-31,237500,0.85,14321949000
2020-02-03,237500,0.0,10069477500
2020-02-04,239500,0.84,8506273500
2020-02-05,241500,0.84,7382331000
2020-02-06,247000,2.28,9295986000
2020-02-07,243500,-1.42,7626685000
2020-02-10,244000,0.21,6946969000
2020-02-11,255000,4.51,21713519000
2020-02-12,266500,4.51,24323531000
2020-02-13,275500,3.38,60881840000
2020-02-14,276000,0.18,17535497000
2020-02-17,271000,-1.81,14092051000
2020-02-18,268500,-0.92,11714898500
2020-02-19,274500,2.23,17744117500
2020-02-20,273500,-0.36,10227793000
2020-02-21,267500,-2.19,11052508500
2020-02-24,263000,-1.68,23948591000
2020-02-25,262000,-0.38,12914248500
2020-02-26,264500,0.95,16090547500
2020-02-27,259000,-2.08,9989688500
2020-02-28,244000,-5.79,18556574500
2020-03-02,247000,1.23,14060942000
2020-03-03,249500,1.01,12053529000
2020-03-04,258500,3.61,12042042500
2020-03-05,259500,0.39,11564955500
2020-03-06,261500,0.77,12886658500
2020-03-09,255000,-2.49,10759391500
2020-03-10,249500,-2.16,13579681500
2020-03-11,246000,-1.4,12514720000
2020-03-12,235000,-4.47,19944684500
2020-03-13,222000,-5.53,23794999000
2020-03-16,218000,-1.8,12459985500
2020-03-17,214000,-1.83,11086155000
2020-03-18,210000,-1.87,14237576500
2020-03-19,155000,-26.19,45637011500
2020-03-20,188000,21.29,32786548500
2020-03-23,172500,-8.24,14620009500
2020-03-24,191000,10.72,18470028500
2020-03-25,203000,6.28,19762145000
2020-03-26,200000,-1.48,14154068000
2020-03-27,203500,1.75,12405308000
2020-03-30,213500,4.91,13478803500
2020-03-31,216000,1.17,16017346000
2020-04-01,214000,-0.93,24362092000
2020-04-02,228000,6.54,17896742500
2020-04-03,230500,1.1,12705378000
2020-04-06,245500,6.51,20421297500
2020-04-07,248000,1.02,21850413500
2020-04-08,243500,-1.81,16542486000
2020-04-09,238500,-2.05,24776636628
2020-04-10,231500,-2.94,23602731500
2020-04-13,229000,-1.08,16493525000
2020-04-14,236000,3.06,12304882500
2020-04-16,237000,0.42,15817379500
2020-04-17,237000,0.0,17897434500
2020-04-20,235500,-0.63,12293375500
2020-04-21,233500,-0.85,13416923500
2020-04-22,236000,1.07,14671660000
2020-04-23,250000,5.93,25367191500
2020-04-24,259000,3.6,43619456500
2020-04-27,274000,5.79,33402166000
2020-04-28,269500,-1.64,20857693500
2020-04-29,272500,1.11,19573993500
2020-05-04,271000,-0.55,16891118500
2020-05-06,286500,5.72,30217702000
2020-05-07,284500,-0.7,20970803000
2020-05-08,277000,-2.64,26466280000
2020-05-11,273500,-1.26,13262905000
2020-05-12,287500,5.12,32808374500
2020-05-13,292000,1.57,22040644500
2020-05-14,301000,3.08,42817295000
2020-05-15,308500,2.49,83017099500
2020-05-18,308000,-0.16,40037501500
2020-05-19,294500,-4.38,47348592500
2020-05-20,296000,0.51,39122301000
2020-05-21,300000,1.35,33525586000
2020-05-22,301500,0.5,24081432000
2020-05-25,303000,0.5,18739257000
2020-05-26,298500,-1.49,19130676500
2020-05-27,302000,1.17,27249185500
2020-05-28,298000,-1.32,22345003500
2020-05-29,297000,-0.34,24003938500
2020-06-01,299000,0.67,12806660500
2020-06-02,302000,1.0,18722003500
2020-06-03,299500,-0.83,28889688500
2020-06-04,297500,-0.67,28647065500
2020-06-05,299000,0.5,18709946000
2020-06-08,297500,-0.5,16586891000
2020-06-09,305500,2.69,28373148000
2020-06-10,329500,7.86,66448628500
2020-06-11,320000,-2.88,46674303500
2020-06-12,328500,2.66,57971704500
2020-06-15,316500,-3.65,64362231500
2020-06-16,336500,6.32,43441048000
2020-06-17,337000,0.15,30058157000
2020-06-18,338000,0.3,17736289500
2020-06-19,332000,-1.78,22519676000
2020-06-22,329000,-0.9,13321964000
2020-06-23,338000,2.74,23534838000
2020-06-24,346000,2.37,23384716500
2020-06-25,339500,-1.88,18028923000
2020-06-26,338000,-0.44,15781256500
2020-06-29,328500,-2.81,15295188500
2020-06-30,326000,-0.76,15828977500
2020-07-01,339000,3.99,24375284000
2020-07-02,356500,5.16,37926299500
2020-07-03,357000,0.14,17673467500
2020-07-06,360500,0.98,15961977000
2020-07-07,369000,2.36,28159238000
2020-07-08,362000,-1.9,23352693000
2020-07-09,382000,5.52,51983429500
2020-07-10,390000,2.09,47367810000
2020-07-13,400000,2.56,25763790000
2020-07-14,406000,1.5,51750986500
2020-07-15,392500,-3.33,40928188500
2020-07-16,384000,-2.17,32976898000
2020-07-17,380000,-1.04,26454126500
2020-07-20,376000,-1.05,26669083500
2020-07-21,376500,0.13,20551802500
2020-07-22,371000,-1.46,21486206500
2020-07-23,373000,0.54,28312332500
2020-07-24,369000,-1.07,17575161500
2020-07-27,369500,0.14,24708243500
2020-07-28,366500,-0.81,23250160000
2020-07-29,366000,-0.14,17307721500
2020-07-30,367000,0.27,22760515500
2020-07-31,386000,5.18,55961829000
2020-08-03,414000,7.25,87869439000
2020-08-04,415000,0.24,42031923000
2020-08-05,417500,0.6,29101745500
2020-08-06,420000,0.6,29364949500
2020-08-07,424000,0.95,37831667000
2020-08-10,427000,0.71,28898926000
2020-08-11,443500,3.86,81636888000
2020-08-12,414500,-6.54,118815303000
2020-08-13,414000,-0.12,67490077500
2020-08-14,401000,-3.14,49018713000
2020-08-18,403000,0.5,54857615500
2020-08-19,402500,-0.12,31141878000
2020-08-20,400500,-0.5,56244199000
2020-08-21,397000,-0.87,37115043000
2020-08-24,406000,2.27,27516624000
2020-08-25,416500,2.59,35901039500
2020-08-26,416500,0.0,29337564000
2020-08-27,418000,0.36,29365699500
2020-08-28,416500,-0.36,24243215500
2020-08-31,407000,-2.28,46229659000
2020-09-01,403500,-0.86,23943913000
2020-09-02,401500,-0.5,29535918000
2020-09-03,401500,0.0,23017333000
2020-09-04,396500,-1.25,27637177000
2020-09-07,389500,-1.77,28491025000
2020-09-08,389500,0.0,23548215500
2020-09-09,375500,-3.59,52274148000
2020-09-10,401500,6.92,68349007500
2020-09-11,403500,0.5,43861859000
2020-09-14,392000,-2.85,39448651500
2020-09-15,394000,0.51,18703057500
2020-09-16,393000,-0.25,19378479000
2020-09-17,387000,-1.53,20105574000
2020-09-18,387000,0.0,16540773500
2020-09-21,387500,0.13,16214415500
2020-09-22,380500,-1.81,24205162500
2020-09-23,383000,0.66,22393636500
2020-09-24,387500,1.17,32097051500
2020-09-25,390000,0.65,14510964000
2020-09-28,394000,1.03,13205683000
2020-09-29,395000,0.25,16042091000
2020-10-05,398500,0.89,20261224500
2020-10-06,410500,3.01,40288292500
2020-10-07,407000,-0.85,18511927250
2020-10-08,405500,-0.37,22432440000
2020-10-12,410000,1.11,18947301500
2020-10-13,398000,-2.93,21465515000
2020-10-14,393500,-1.13,15889956000
2020-10-15,391000,-0.64,11942101000
2020-10-16,387500,-0.9,14060148000
2020-10-19,385500,-0.52,16181827500
2020-10-20,386500,0.26,14571128000
2020-10-21,388000,0.39,10733919500
2020-10-22,387000,-0.26,9048188000
2020-10-23,383000,-1.03,18373064500
2020-10-26,371000,-3.13,21921600500
2020-10-27,363000,-2.16,24293297000
2020-10-28,368000,1.38,10638980000
2020-10-29,369000,0.27,15993132000
2020-10-30,361000,-2.17,13997322000
2020-11-02,358500,-0.69,10531202000
2020-11-03,363000,1.26,12299000000
2020-11-04,387000,6.61,35512111500
2020-11-05,388000,0.26,19886759500
2020-11-06,389000,0.26,16405651500
2020-11-09,395000,1.54,20452017500
2020-11-10,379500,-3.92,32014088000
2020-11-11,367000,-3.29,67040157500
2020-11-12,366000,-0.27,27550172000
2020-11-13,366500,0.14,21040077500
2020-11-16,367000,0.14,22988878500
2020-11-17,364500,-0.68,24115338000
2020-11-18,374500,2.74,29508615000
2020-11-19,370000,-1.2,20265189000
2020-11-20,370500,0.14,14602852500
2020-11-23,370500,0.0,27329100000
2020-11-24,367000,-0.94,24672437000
2020-11-25,366500,-0.14,28382285500
2020-11-26,366500,0.0,14593047500
2020-11-27,366500,0.0,18910523500
2020-11-30,361500,-1.36,33248277000
2020-12-01,362500,0.28,16894175500
2020-12-02,359500,-0.83,32035203000
2020-12-03,360500,0.28,24436427500
2020-12-04,357000,-0.97,35446368500
2020-12-07,363000,1.68,32156305500
2020-12-08,362500,-0.14,16328403500
2020-12-09,363000,0.14,19175587500
2020-12-10,364000,0.28,26312958856
2020-12-11,377000,3.57,62314890500
2020-12-14,379000,0.53,35562627500
2020-12-15,380000,0.26,28075395500
2020-12-16,383000,0.79,24428106750
2020-12-17,382000,-0.26,17456480000
2020-12-18,376000,-1.57,22904658500
2020-12-21,376500,0.13,11811687000
2020-12-22,379000,0.66,49550003500
2020-12-23,384500,1.45,22498226500
2020-12-24,382500,-0.52,20883518500
2020-12-28,382500,0.0,25388487000
2020-12-29,383000,0.13,20525179500
2020-12-30,381000,-0.52,30126917000
2021-01-04,384500,0.92,36088876750
2021-01-05,414500,7.8,135865322000
2021-01-06,403500,-2.65,56820791500
2021-01-07,405000,0.37,40453163000
2021-01-08,432500,6.79,122923474000
2021-01-11,424000,-1.97,83720559500
2021-01-12,417000,-1.65,40874401500
2021-01-13,432000,3.6,70094701000
2021-01-14,448000,3.7,89936979500
2021-01-15,437000,-2.46,44524698500
2021-01-18,424000,-2.97,39791737000
2021-01-19,437000,3.07,33429040000
2021-01-20,433500,-0.8,30531195000
2021-01-21,441000,1.73,30328445000
2021-01-22,443500,0.57,40527397000
2021-01-25,471000,6.2,72745575000
2021-01-26,461000,-2.12,48363364000
2021-01-27,461500,0.11,38077665240
2021-01-28,450000,-2.49,34598483600
2021-01-29,426000,-5.33,49481242000
2021-02-01,434000,1.88,30699108000
2021-02-02,444000,2.3,33367872000
2021-02-03,445500,0.34,28017358000
2021-02-04,439500,-1.35,25895118000
2021-02-05,443500,0.91,26821842000
2021-02-08,454500,2.48,60439929500
2021-02-09,431000,-5.17,95916488500
2021-02-10,429000,-0.46,43235370500
2021-02-15,429000,0.0,27627193500
2021-02-16,432000,0.7,21948574000
2021-02-17,441000,2.08,44973164500
2021-02-18,440000,-0.23,27568252000
2021-02-19,440000,0.0,28772479500
2021-02-22,435000,-1.14,25059740000
2021-02-23,426000,-2.07,23392948500
2021-02-24,408500,-4.11,51304121500
2021-02-25,411000,0.61,38390407000
2021-02-26,406500,-1.09,50775183000
2021-03-02,400000,-1.6,31249524500
2021-03-03,406000,1.5,13735758500
2021-03-04,415000,2.22,37453442500
2021-03-05,410000,-1.2,14822349500
2021-03-08,405000,-1.22,9921925000
2021-03-09,396500,-2.1,21002684500
2021-03-10,395500,-0.25,13004629000
2021-03-11,395000,-0.13,22689835000
2021-03-12,407500,3.16,17189114500
2021-03-15,421000,3.31,28778173000
2021-03-16,424000,0.71,24768086500
2021-03-17,421500,-0.59,23575979000
2021-03-18,417500,-0.95,19345802000
2021-03-19,421000,0.84,25142574500
2021-03-22,419500,-0.36,14529113000
2021-03-23,426500,1.67,24684303500
2021-03-24,429000,0.59,20391282000
2021-03-25,422500,-1.52,16750316000
2021-03-26,417500,-1.18,14747764000
2021-03-29,411000,-1.56,16749510000
2021-03-30,411000,0.0,11050752000
2021-03-31,411000,0.0,18890482953
2021-04-01,416000,1.22,15937646000
2021-04-02,411500,-1.08,13658509500
2021-04-05,410000,-0.36,11573596000
2021-04-06,407000,-0.73,12445165000
2021-04-07,408000,0.25,12936338500
2021-04-08,405000,-0.74,20369146000
2021-04-09,420000,3.7,41859768000
2021-04-12,416500,-0.83,12116475000
2021-04-13,415000,-0.36,12992704500
2021-04-14,414500,-0.12,10765896000
2021-04-15,417000,0.6,15139664500
2021-04-16,419500,0.6,16218420000
2021-04-19,416500,-0.72,15275268000
2021-04-20,417500,0.24,13077608000
2021-04-21,413000,-1.08,17727701500
2021-04-22,410500,-0.61,12512799000
2021-04-23,410500,0.0,11055623000
2021-04-26,409500,-0.24,12467690500
2021-04-27,409000,-0.12,11320543000
2021-04-28,406000,-0.73,14842475000
2021-04-29,400000,-1.48,15278842500
2021-04-30,395500,-1.13,17007995500
2021-05-03,407500,3.03,28169110500
2021-05-04,407000,-0.12,17426874500
2021-05-06,407500,0.12,15494735500
2021-05-07,427000,4.79,84739052000
2021-05-10,435000,1.87,67492927500
2021-05-11,454000,4.37,158329666000
2021-05-12,454500,0.11,73220878500
2021-05-13,462000,1.65,101451435000
2021-05-14,454000,-1.73,44270560000
2021-05-17,457500,0.77,29395626500
2021-05-18,458500,0.22,25026095000
2021-05-20,444500,-3.05,34126718000
2021-05-21,440000,-1.01,20519034000
2021-05-24,451500,2.61,29336263500
2021-05-25,474000,4.98,56027737000
2021-05-26,477500,0.74,40847967000
2021-05-27,478500,0.21,49321482500
2021-05-28,472500,-1.25,20404180000
2021-05-31,488500,3.39,34966529000
2021-06-01,485500,-0.61,27917892500
2021-06-02,477500,-1.65,17753740500
2021-06-03,473500,-0.84,22449284000
2021-06-04,474000,0.11,18107507500
2021-06-07,471500,-0.53,13587324500
2021-06-08,473000,0.32,12423568500
2021-06-09,464000,-1.9,18271032000
2021-06-10,465000,0.22,22420318500
2021-06-11,455000,-2.15,25823103500
2021-06-14,457500,0.55,14986225000
2021-06-15,450500,-1.53,19054608000
2021-06-16,452000,0.33,20876668000
2021-06-17,453000,0.22,26287889000
2021-06-18,450000,-0.66,26914491000
2021-06-21,441500,-1.89,18684576000
2021-06-22,453500,2.72,20618535000
2021-06-23,449500,-0.88,16518340000
2021-06-24,448000,-0.33,13989852500
2021-06-25,452500,1.0,15203782000
2021-06-28,459500,1.55,28405316000
2021-06-29,459000,-0.11,16825568500
2021-06-30,461000,0.44,19695208500
2021-07-01,454000,-1.52,16688096500
2021-07-02,449500,-0.99,17515035500
2021-07-05,448000,-0.33,8257943000
2021-07-06,449000,0.22,12590323500
2021-07-07,452500,0.78,13052150500
2021-07-08,446000,-1.44,18585918000
2021-07-09,442500,-0.78,21922328000
2021-07-12,443000,0.11,7189070500
2021-07-13,444500,0.34,11868254500
2021-07-14,452000,1.69,19871120500
2021-07-15,461000,1.99,23785147500
2021-07-16,465000,0.87,25642036000
2021-07-19,472500,1.61,27972616500
2021-07-20,468000,-0.95,18501560000
2021-07-21,463000,-1.07,12069698000
2021-07-22,469500,1.4,16304014000
2021-07-23,470000,0.11,12601554000
2021-07-26,471000,0.21,12257955000
2021-07-27,470500,-0.11,10985488500
2021-07-28,464000,-1.38,11692192000
2021-07-29,479000,3.23,22270295000
2021-07-30,468000,-2.3,18278355500
2021-08-02,478500,2.24,26140028500
2021-08-03,482000,0.73,22900192500
2021-08-04,492500,2.18,32855377000
2021-08-05,487000,-1.12,16679144500
2021-08-06,492000,1.03,25005044000
2021-08-09,489500,-0.51,28814137000
2021-08-10,462500,-5.52,104221805000
2021-08-11,451500,-2.38,41223473500
2021-08-12,449000,-0.55,36052827500
2021-08-13,445500,-0.78,28278641500
2021-08-17,442000,-0.79,23852125500
2021-08-18,447500,1.24,21611532500
2021-08-19,434000,-3.02,22584402500
2021-08-20,426000,-1.84,19871394000
2021-08-23,429500,0.82,14920586000
2021-08-24,443000,3.14,18240778000
2021-08-25,441500,-0.34,13780100000
2021-08-26,437000,-1.02,12197843000
2021-08-27,439000,0.46,12954918500
2021-08-30,448000,2.05,14561164000
2021-08-31,453500,1.23,20248240000
2021-09-01,446500,-1.54,13243567500
2021-09-02,443500,-0.67,9740880500
2021-09-03,444500,0.23,13062638000
2021-09-06,442000,-0.56,8594460500
2021-09-07,442500,0.11,10568264500
2021-09-08,438000,-1.02,10521321000
2021-09-09,437500,-0.11,13165738500
2021-09-10,432500,-1.14,16021513500
2021-09-13,435000,0.58,12213115000
2021-09-14,441000,1.38,16744715000
2021-09-15,435000,-1.36,19041739000
2021-09-16,429500,-1.26,20145029000
2021-09-17,431000,0.35,18448016000
2021-09-23,432500,0.35,14133943000
2021-09-24,430000,-0.58,8232272500
2021-09-27,429000,-0.23,10965943500
2021-09-28,416500,-2.91,18581668500
2021-09-29,410500,-1.44,21057007000
2021-09-30,409500,-0.24,12914458500
2021-10-01,401000,-2.08,23717255000
2021-10-05,397500,-0.87,19536005000
2021-10-06,391000,-1.64,19445088000
2021-10-07,397000,1.53,16190859500
2021-10-08,399000,0.5,29256664500
2021-10-12,392000,-1.75,19767874500
2021-10-13,398500,1.66,14446328000
2021-10-14,403000,1.13,13775317000
2021-10-15,400000,-0.74,16186366500
2021-10-18,410000,2.5,19149877500
2021-10-19,406500,-0.85,11500401000
2021-10-20,399500,-1.72,13497640500
2021-10-21,395500,-1.0,17076933500
2021-10-22,394000,-0.38,13736471000
2021-10-25,396000,0.51,9843990000
2021-10-26,394500,-0.38,13099537000
2021-10-27,393000,-0.38,14169046500
2021-10-28,386500,-1.65,23796516500
2021-10-29,380000,-1.68,27762473500
2021-11-01,387500,1.97,10765627000
2021-11-02,387500,0.0,12217999000
2021-11-03,386000,-0.39,8189336500
2021-11-04,384000,-0.52,11276402000
2021-11-05,381500,-0.65,9908120500
2021-11-08,376500,-1.31,15337247000
2021-11-09,374500,-0.53,25487504500
2021-11-10,366000,-2.27,18582654500
2021-11-11,366000,0.0,12037409000
2021-11-12,368500,0.68,12552419000
2021-11-15,373000,1.22,11457494500
2021-11-16,373000,0.0,11248402500
2021-11-17,366500,-1.74,12776746500
2021-11-18,359000,-2.05,17331607500
2021-11-19,365000,1.67,12881773000
2021-11-22,364000,-0.27,12218666000
2021-11-23,369500,1.51,13644006500
2021-11-24,383000,3.65,52771506500
2021-11-25,379500,-0.91,11779132500
2021-11-26,369500,-2.64,22563518500
2021-11-29,369000,-0.14,15656471500
2021-11-30,354000,-4.07,36306981000
2021-12-01,350500,-0.99,21735434500
2021-12-02,364500,3.99,15921135500
2021-12-03,363500,-0.27,12645979000
2021-12-06,362500,-0.28,8810859500
2021-12-07,374500,3.31,17526476000
2021-12-08,370000,-1.2,14952758500
2021-12-09,372500,0.68,16727270500
2021-12-10,376000,0.94,13525539500
2021-12-13,378000,0.53,16718282000
2021-12-14,392000,3.7,35333276500
2021-12-15,392000,0.0,14739786000
2021-12-16,390000,-0.51,16776094000
2021-12-17,402500,3.21,34949414500
2021-12-20,398000,-1.12,16059518500
2021-12-21,395000,-0.75,15807738000
2021-12-22,390000,-1.27,15555429500
2021-12-23,391000,0.26,11417001500
2021-12-24,387500,-0.9,9666458500
2021-12-27,394000,1.68,14006918500
2021-12-28,392000,-0.51,11523223500
2021-12-29,388500,-0.89,10267715000
2021-12-30,387500,-0.26,11422504000
2022-01-03,379500,-2.06,13986535000
2022-01-04,379500,0.0,14088851500
2022-01-05,378000,-0.4,11928467500
2022-01-06,374500,-0.93,12316099500
2022-01-07,380500,1.6,10202174000
2022-01-10,385000,1.18,14055580500
2022-01-11,383500,-0.39,12656957000
2022-01-12,383000,-0.13,15164219500
2022-01-13,380000,-0.78,17703012000
2022-01-14,376500,-0.92,11640705500
2022-01-17,378000,0.4,11846715657
2022-01-18,372500,-1.46,8792917500
2022-01-19,367000,-1.48,9350071500
2022-01-20,366000,-0.27,10178915500
2022-01-21,361500,-1.23,13975826989
2022-01-24,367000,1.52,24532567000
2022-01-25,351500,-4.22,18050743500
2022-01-26,355000,1.0,11621117000
2022-01-27,332000,-6.48,22308086500
2022-01-28,346000,4.22,24028938500
2022-02-03,358000,3.47,13297770000
2022-02-04,368000,2.79,13128410000
2022-02-07,379000,2.99,27615398500
2022-02-08,386000,1.85,28917658500
2022-02-09,381000,-1.3,10208211500
2022-02-10,383000,0.52,13173003000
2022-02-11,376000,-1.83,10177777000
2022-02-14,371500,-1.2,14674840500
2022-02-15,361000,-2.83,25990511500
2022-02-16,369500,2.35,12030017000
2022-02-17,373500,1.08,13054609500
2022-02-18,380000,1.74,14566104000
2022-02-21,379500,-0.13,10166639500
2022-02-22,384000,1.19,15986725500
2022-02-23,380500,-0.91,10409578500
2022-02-24,374000,-1.71,12077843500
2022-02-25,372000,-0.53,10370219500
2022-02-28,378500,1.75,22275619500
2022-03-02,374500,-1.06,8235987000
2022-03-03,371000,-0.93,14150314000
2022-03-04,374000,0.81,8888717500
2022-03-07,355500,-4.95,16461754500
2022-03-08,345000,-2.95,15193960500
2022-03-10,354500,2.75,13103904500
2022-03-11,348500,-1.69,8079408500
2022-03-14,343500,-1.43,10353138500
2022-03-15,339000,-1.31,7563976500
2022-03-16,344500,1.62,6752185500
2022-03-17,352000,2.18,11356161500
2022-03-18,353500,0.43,11441183276
2022-03-21,353500,0.0,6885931500
2022-03-22,353000,-0.14,7390186000
2022-03-23,365500,3.54,17136853500
2022-03-24,369500,1.09,13735281000
2022-03-25,367500,-0.54,9680211500
2022-03-28,376500,2.45,16833387000
2022-03-29,372500,-1.06,11509979000
2022-03-30,373500,0.27,8045568500
2022-03-31,369500,-1.07,13124075500
2022-04-01,379500,2.71,21625445500
2022-04-04,388000,2.24,14446460500
2022-04-05,389000,0.26,8403705000
2022-04-06,389000,0.0,9771402500
2022-04-07,392000,0.77,27467184500
2022-04-08,395000,0.77,13697820500
2022-04-11,397000,0.51,10661680000
2022-04-12,393500,-0.88,12720236500
2022-04-13,390000,-0.89,9669781000
2022-04-14,393000,0.77,9526903500
2022-04-15,386000,-1.78,10025082500
2022-04-18,387500,0.39,13367752000
2022-04-19,394500,1.81,16626929000
2022-04-20,407000,3.17,42119013500
2022-04-21,403500,-0.86,18331611500
2022-04-22,412500,2.23,33741211500
2022-04-25,418000,1.33,57175260000
2022-04-26,407000,-2.63,29549938500
2022-04-27,407500,0.12,19402852500
2022-04-28,407000,-0.12,13507398000
2022-04-29,398000,-2.21,21786997364
2022-05-02,401500,0.88,8858849000
2022-05-03,388000,-3.36,21848631500
2022-05-04,387000,-0.26,10405334000
2022-05-06,383000,-1.03,7912822000
2022-05-09,377500,-1.44,9277890000
2022-05-10,401000,6.23,61800918500
2022-05-11,399000,-0.5,32147125000
2022-05-12,401500,0.63,25329442000
2022-05-13,404000,0.62,10441009500
2022-05-16,408000,0.99,12113288500
2022-05-17,401000,-1.72,15380255500
2022-05-18,407500,1.62,13286273500
2022-05-19,396000,-2.82,20997485500
2022-05-20,398000,0.51,12412738500
2022-05-23,403000,1.26,13535340500
2022-05-24,396000,-1.74,12720789214
2022-05-25,394000,-0.51,15393289500
2022-05-26,387000,-1.78,22513706500
2022-05-27,393000,1.55,11310183000
2022-05-30,394500,0.38,10099857000
2022-05-31,393500,-0.25,28808039500
2022-06-02,397500,1.02,16834952500
2022-06-03,393500,-1.01,10710655000
2022-06-07,388000,-1.4,8187517000
2022-06-08,386500,-0.39,13349877000
2022-06-09,381500,-1.29,15158690500
2022-06-10,377000,-1.18,14513724500
2022-06-13,366000,-2.92,12587125500
2022-06-14,366000,0.0,14368389500
2022-06-15,366000,0.0,17786299500
2022-06-16,363500,-0.68,10366474500
2022-06-17,364000,0.14,12343986500
2022-06-20,372000,2.2,20550512500
2022-06-21,372000,0.0,7021201000
2022-06-22,371000,-0.27,13440832500
2022-06-23,382500,3.1,31480650000
2022-06-24,382500,0.0,13616572000
2022-06-27,384000,0.39,11497797000
2022-06-28,389500,1.43,11299965000
2022-06-29,381500,-2.05,9644096500
2022-06-30,379000,-0.66,9920642000
2022-07-01,392000,3.43,22561963500
2022-07-04,400500,2.17,23854043500
2022-07-05,397500,-0.75,14069943500
2022-07-06,393000,-1.13,12853886000
2022-07-07,392000,-0.25,8473263000
2022-07-08,389000,-0.77,10238513500
2022-07-11,386500,-0.64,8824541000
2022-07-12,398500,3.1,19243863500
2022-07-13,403000,1.13,20205514500
2022-07-14,402000,-0.25,13723835000
2022-07-15,397500,-1.12,15729800500
2022-07-18,391000,-1.64,10896180500
2022-07-19,405000,3.58,16565143000
2022-07-20,396500,-2.1,15702962000
2022-07-21,398500,0.5,7781476500
2022-07-22,397500,-0.25,7935513000
2022-07-25,395000,-0.63,6291058000
2022-07-26,397000,0.51,7710621500
2022-07-27,395000,-0.5,6641099500
2022-07-28,395000,0.0,10205136500
2022-07-29,391500,-0.89,10812821000
2022-08-01,387000,-1.15,14554823000
2022-08-02,385500,-0.39,11280871000
2022-08-03,387500,0.52,11671053500
2022-08-04,384500,-0.77,9318753500
2022-08-05,389000,1.17,10391442000
2022-08-08,394500,1.41,11110195500
2022-08-09,428500,8.62,112970681000
2022-08-10,423500,-1.17,28143861500
2022-08-11,421500,-0.47,27884141000
2022-08-12,416500,-1.19,18171967500
2022-08-16,418500,0.48,13100270500
2022-08-17,417000,-0.36,13182305250
2022-08-18,419000,0.48,12925155500
2022-08-19,416000,-0.72,11093279000
2022-08-22,412500,-0.84,10191656000
2022-08-23,404000,-2.06,12939880000
2022-08-24,414000,2.48,14863721000
2022-08-25,414000,0.0,7095748000
2022-08-26,414500,0.12,7157998500
2022-08-29,406500,-1.93,13368338500
2022-08-30,408000,0.37,6988545500
2022-08-31,407500,-0.12,11271810500
2022-09-01,400500,-1.72,15540646000
2022-09-02,400000,-0.12,7387989000
2022-09-05,397500,-0.63,5638895500
2022-09-06,398000,0.13,5416619000
2022-09-07,390000,-2.01,12008860000
2022-09-08,390000,0.0,9850592000
2022-09-13,395500,1.41,7247807500
2022-09-14,389500,-1.52,8273366500
2022-09-15,389500,0.0,6839886000
2022-09-16,385500,-1.03,15050514500
2022-09-19,393000,1.95,13006023500
2022-09-20,404500,2.93,13996629500
2022-09-21,408500,0.99,25188972000
2022-09-22,417500,2.2,30840982000
2022-09-23,413000,-1.08,15640620500
2022-09-26,405500,-1.82,21023034500
2022-09-27,420000,3.58,28749448000
2022-09-28,406500,-3.21,19472714500
2022-09-29,407500,0.25,17360195000
2022-09-30,411000,0.86,19263525000
2022-10-04,404000,-1.7,11157112000
2022-10-05,402000,-0.5,14710763000
2022-10-06,402000,0.0,5266649000
2022-10-07,402000,0.0,9508110000
2022-10-11,400000,-0.5,8102922500
2022-10-12,398000,-0.5,11181915000
2022-10-13,388500,-2.39,10029236000
2022-10-14,404500,4.12,10416516500
2022-10-17,401000,-0.87,11252731000
2022-10-18,402000,0.25,7254684000
2022-10-19,403000,0.25,6979631000
2022-10-20,403500,0.12,12812431000
2022-10-21,398500,-1.24,4506244000
2022-10-24,398000,-0.13,5852120500
2022-10-25,400500,0.63,6516383500
2022-10-26,413500,3.25,21481471500
2022-10-27,416500,0.73,15830619000
2022-10-28,414500,-0.48,9144136000
2022-10-31,414000,-0.12,16117890500
2022-11-01,420000,1.45,13254175000
2022-11-02,427500,1.79,16869110500
2022-11-03,427000,-0.12,13888848000
2022-11-04,424000,-0.7,10580148500
2022-11-07,417500,-1.53,18863563500
2022-11-08,415500,-0.48,16669022500
2022-11-09,417500,0.48,14440841000
2022-11-10,422000,1.08,21863333500
2022-11-11,415500,-1.54,33705001000
2022-11-14,417000,0.36,20512040000
2022-11-15,396500,-4.92,63047231500
2022-11-16,392000,-1.13,30696626500
2022-11-17,392000,0.0,13037197000
2022-11-18,394500,0.64,15427561000
2022-11-21,401000,1.65,18378969000
2022-11-22,394000,-1.75,10665109000
2022-11-23,391500,-0.63,13879461000
2022-11-24,390500,-0.26,13456625000
2022-11-25,392500,0.51,11076865000
2022-11-28,388000,-1.15,10549188000
2022-11-29,389500,0.39,7897187000
2022-11-30,395000,1.41,23852347000
2022-12-01,390000,-1.27,11789217000
2022-12-02,380500,-2.44,17265730500
2022-12-05,375000,-1.45,19598954000
2022-12-06,376000,0.27,9422682000
2022-12-07,372500,-0.93,11848679000
2022-12-08,372000,-0.13,16062031500
2022-12-09,378500,1.75,16901577500
2022-12-12,376500,-0.53,8287500000
2022-12-13,374000,-0.66,10943474500
2022-12-14,378000,1.07,8944069000
2022-12-15,378000,0.0,9967834500
2022-12-16,376000,-0.53,17186951000
2022-12-19,374500,-0.4,4409843000
2022-12-20,379500,1.34,12647551000
2022-12-21,391000,3.03,25080843500
2022-12-22,390500,-0.13,13825272500
2022-12-23,390500,0.0,10646381500
2022-12-26,386000,-1.15,7158606500
2022-12-27,384000,-0.52,15686968000
2022-12-28,388500,1.17,12284094500
2022-12-29,380500,-2.06,9200607000
2023-01-02,376500,-1.05,7099706000
2023-01-03,369000,-1.99,18171969000
2023-01-04,349000,-5.42,49120813000
2023-01-05,338000,-3.15,56359536500
2023-01-06,340000,0.59,25202477000
2023-01-09,343500,1.03,26318007000
2023-01-10,341500,-0.58,23562295500
2023-01-11,342500,0.29,16648147180
2023-01-12,342500,0.0,16658158500
2023-01-13,343000,0.15,23911927000
2023-01-16,346500,1.02,16495316500
2023-01-17,345500,-0.29,13795367000
2023-01-18,343000,-0.72,12387241500
2023-01-19,345000,0.58,12460996000
2023-01-20,340000,-1.45,28172192000
2023-01-25,338500,-0.44,22080569500
2023-01-26,343000,1.33,19036198500
2023-01-27,352500,2.77,33130110500
2023-01-30,345500,-1.99,21742690000
2023-01-31,345000,-0.14,16187097500
2023-02-01,344000,-0.29,14421901500
2023-02-02,342500,-0.44,17954503000
2023-02-03,348500,1.75,23813601000
2023-02-06,347000,-0.43,13960918000
2023-02-07,344000,-0.86,12638305000
2023-02-08,346500,0.73,9733762000
2023-02-09,344000,-0.72,14075866500
2023-02-10,345500,0.44,16004083000
2023-02-13,347000,0.43,18907148000
2023-02-14,334500,-3.6,89882015000
2023-02-15,329500,-1.49,22888839000
2023-02-16,329000,-0.15,21650068000
2023-02-17,329000,0.0,14299810000
2023-02-20,331000,0.61,11982809000
2023-02-21,329500,-0.45,13315401000
2023-02-22,319000,-3.19,32676152500
2023-02-23,324500,1.72,18593333000
2023-02-24,327500,0.92,22553521000
2023-02-27,321000,-1.98,21570074500
2023-02-28,321000,0.0,23985075000
2023-03-02,319500,-0.47,17371467500
2023-03-03,322500,0.94,12808112500
2023-03-06,320500,-0.62,15076813000
2023-03-07,325500,1.56,16691686500
2023-03-08,319000,-2.0,14212660500
2023-03-09,320000,0.31,14665165500
2023-03-10,314000,-1.88,14543252500
2023-03-13,309500,-1.43,29259004500
2023-03-14,305000,-1.45,25381036500
2023-03-15,309000,1.31,20707000500
2023-03-16,308000,-0.32,10541221000
2023-03-17,311000,0.97,19853324500
2023-03-20,311000,0.0,6668398000
2023-03-21,314500,1.13,7034422500
2023-03-22,315000,0.16,9599245000
2023-03-23,315000,0.0,8545162000
2023-03-24,315000,0.0,9778371500
2023-03-27,314500,-0.16,17690142500
2023-03-28,321000,2.07,10789057500
2023-03-29,322000,0.31,12953140500
2023-03-30,319000,-0.93,9034755500
2023-03-31,326000,2.19,19988020000
2023-04-03,323500,-0.77,8933869000
2023-04-04,322500,-0.31,10963597000
2023-04-05,320000,-0.78,7176609000
2023-04-06,319000,-0.31,11219087000
2023-04-07,315500,-1.1,9158169500
2023-04-10,312500,-0.95,13759889500
2023-04-11,315000,0.8,10541355000
2023-04-12,318000,0.95,13885637000
2023-04-13,318000,0.0,11653031500
2023-04-14,321500,1.1,14596212000
2023-04-17,319000,-0.78,10946401500
2023-04-18,320000,0.31,7788971500
2023-04-19,318000,-0.63,9418108000
2023-04-20,319500,0.47,12001459000
2023-04-21,315500,-1.25,11734536000
2023-04-24,314000,-0.48,8471190500
2023-04-25,309000,-1.59,10635772500
2023-04-26,315000,1.94,10327079500
2023-04-27,308000,-2.22,10968140000
2023-04-28,309500,0.49,8498177000
2023-05-02,310000,0.16,6777642500
2023-05-03,313000,0.97,6879222500
2023-05-04,309500,-1.12,5651872000
2023-05-08,322500,4.2,24495076500
2023-05-09,318500,-1.24,22516182500
2023-05-10,321500,0.94,35743404000
2023-05-11,317000,-1.4,12941302500
2023-05-12,318000,0.32,6962259500
2023-05-15,317000,-0.31,9126976000
2023-05-16,319500,0.79,9498466000
2023-05-17,320500,0.31,11841986000
2023-05-18,320500,0.0,7639428000
2023-05-19,322500,0.62,9404429500
2023-05-22,328500,1.86,12890439000
2023-05-23,324500,-1.22,10495044000
2023-05-24,326000,0.46,6937705000
2023-05-25,320500,-1.69,8071392000
2023-05-26,317500,-0.94,5242972500
2023-05-30,317500,0.0,7468311000
2023-05-31,310000,-2.36,23350655500
2023-06-01,315500,1.77,8061197000
2023-06-02,320500,1.58,9380622000
2023-06-05,325500,1.56,12967698500
2023-06-07,324000,-0.46,10669565500
2023-06-08,324000,0.0,16475013000
2023-06-09,321500,-0.77,10900238000
2023-06-12,323000,0.47,10566804500
2023-06-13,318500,-1.39,19664015000
2023-06-14,315000,-1.1,14544437000
2023-06-15,314000,-0.32,8111716000
2023-06-16,314500,0.16,12591096000
2023-06-19,303500,-3.5,24549162500
2023-06-20,292000,-3.79,37559441500
2023-06-21,276500,-5.31,42423930000
2023-06-22,280500,1.45,21891292000
2023-06-23,273500,-2.5,17995803500
2023-06-26,273500,0.0,9707225000
2023-06-27,274000,0.18,12756691000
2023-06-28,274000,0.0,11008074500
2023-06-29,268500,-2.01,8809735000
2023-06-30,269500,0.37,9965625500
2023-07-03,280000,3.9,15399089500
2023-07-04,277500,-0.89,9157505000
2023-07-05,271500,-2.16,11629964000
2023-07-06,267500,-1.47,13239473500
2023-07-07,264000,-1.31,13498425000
2023-07-10,266500,0.95,6992278500
2023-07-11,271000,1.69,9745657500
2023-07-12,276000,1.85,10978817000
2023-07-13,277000,0.36,13969892500
2023-07-14,280000,1.08,9174150500
2023-07-17,278500,-0.54,6633553500
2023-07-18,279000,0.18,7256245500
2023-07-19,278000,-0.36,8734276500
2023-07-20,276500,-0.54,6790909000
2023-07-21,282000,1.99,11421256000
2023-07-24,273000,-3.19,14285622500
2023-07-25,270000,-1.1,9301255500
2023-07-26,262000,-2.96,17187006000
2023-07-27,281000,7.25,19599852000
2023-07-28,277500,-1.25,10840239500
2023-07-31,280000,0.9,10116818000
2023-08-01,292500,4.46,20306824000
2023-08-02,295000,0.85,18144372000
2023-08-03,294500,-0.17,12960811000
2023-08-04,294500,0.0,6831200000
2023-08-07,297000,0.85,14325795000
2023-08-08,310500,4.55,47695558500
2023-08-09,305000,-1.77,13134510000
2023-08-10,310000,1.64,14494655500
2023-08-11,308000,-0.65,5341911000
2023-08-14,314000,1.95,16994521000
2023-08-16,309500,-1.43,11229627500
2023-08-17,307500,-0.65,11866196000
2023-08-18,303500,-1.3,9194886000
2023-08-21,304000,0.16,5546425500
2023-08-22,300500,-1.15,6112739000
2023-08-23,305000,1.5,8648079000
2023-08-24,301000,-1.31,4818186500
2023-08-25,304000,1.0,5911803500
2023-08-28,308500,1.48,7808768000
2023-08-29,303000,-1.78,4755906000
2023-08-30,302000,-0.33,6831583500
2023-08-31,299000,-0.99,10404988000
2023-09-01,299500,0.17,9005687000
2023-09-04,303000,1.17,5557729500
2023-09-05,299500,-1.16,4913277500
2023-09-06,297500,-0.67,8299425500
2023-09-07,294000,-1.18,13032951500
2023-09-08,297500,1.19,6756774500
2023-09-11,294000,-1.18,7845948000
2023-09-12,297000,1.02,7629697000
2023-09-13,295500,-0.51,6769563500
2023-09-14,297000,0.51,7807340500
2023-09-15,305500,2.86,18096754000
2023-09-18,311000,1.8,11887136500
2023-09-19,310000,-0.32,5226410000
2023-09-20,306000,-1.29,3676456500
2023-09-21,305000,-0.33,6953091500
2023-09-22,298500,-2.13,4517683000
2023-09-25,299500,0.34,3599360000
2023-09-26,307000,2.5,18026047500
2023-09-27,307000,0.0,8053890500
2023-10-04,293000,-4.56,12215705000
2023-10-05,291000,-0.68,7041648500
2023-10-06,284500,-2.23,8181888000
2023-10-10,281000,-1.23,12166997000
2023-10-11,281500,0.18,12337211500
2023-10-12,279000,-0.89,9631353000
2023-10-13,279500,0.18,4186351000
2023-10-16,283500,1.43,7965538500
2023-10-17,281500,-0.71,4449252000
2023-10-18,281500,0.0,3254715000
2023-10-19,282500,0.36,5939224500
2023-10-20,274000,-3.01,8331841500
2023-10-23,275000,0.36,5490091500
2023-10-24,275500,0.18,8853016500
2023-10-25,281000,2.0,5912970500
2023-10-26,276500,-1.6,5219016500
2023-10-27,279000,0.9,5294464000
2023-10-30,281000,0.72,4485550500
2023-10-31,282500,0.53,4337234000
2023-11-01,289000,2.3,7304865500
2023-11-02,287000,-0.69,6159721000
2023-11-03,289500,0.87,4041393500
2023-11-06,299500,3.45,7123302500
2023-11-07,294500,-1.67,9971000500
2023-11-08,301500,2.38,7994687000
2023-11-09,303500,0.66,7634755500
2023-11-10,304500,0.33,4574967500
2023-11-13,307000,0.82,12321020500
2023-11-14,318500,3.75,26306378500
2023-11-15,319500,0.31,12163812000
2023-11-16,318500,-0.31,6653184000
2023-11-17,319000,0.16,9646429500
2023-11-20,320000,0.31,7121610500
2023-11-21,325500,1.72,13208131000
2023-11-22,326000,0.15,11435987750
2023-11-23,324000,-0.61,7221213500
2023-11-24,319500,-1.39,4593751000
2023-11-27,319500,0.0,5081799000
2023-11-28,318000,-0.47,5997357000
2023-11-29,315500,-0.79,5532410000
2023-11-30,309000,-2.06,16732983000
2023-12-01,311500,0.81,7090861000
2023-12-04,315500,1.28,6360071000
2023-12-05,320500,1.58,6362628000
2023-12-06,320000,-0.16,8075098000
2023-12-07,315000,-1.56,5410185000
2023-12-08,316500,0.48,6110877000
2023-12-11,321000,1.42,5213022500
2023-12-12,320500,-0.16,7319827000
2023-12-13,318500,-0.62,5751648500
2023-12-14,318500,0.0,9786793500
2023-12-15,318500,0.0,10942670000
2023-12-18,316500,-0.63,4247833500
2023-12-19,316500,0.0,3178174500
2023-12-20,317500,0.32,6760029500
2023-12-21,319500,0.63,5917125000
2023-12-22,320000,0.16,4015365000
2023-12-26,320000,0.0,4807982000
2023-12-27,320000,0.0,3061103500
2023-12-28,324000,1.25,7794168000
2024-01-02,323000,-0.31,5968816000
2024-01-03,315500,-2.32,6672320000
2024-01-04,318000,0.79,7448794500
2024-01-05,316000,-0.63,10827329500
2024-01-08,300000,-5.06,15968181000
2024-01-09,301500,0.5,7263940500
2024-01-10,300000,-0.5,4575176000
2024-01-11,292500,-2.5,8532144500
2024-01-12,295000,0.85,4737180500
2024-01-15,299000,1.36,3575658500
2024-01-16,290000,-3.01,7026079000
2024-01-17,287500,-0.86,4645857500
2024-01-18,284500,-1.04,6127302000
2024-01-19,286500,0.7,5263950500
2024-01-22,286500,0.0,4815673500
2024-01-23,289500,1.05,5248626500
2024-01-24,284500,-1.73,6358947500
2024-01-25,284500,0.0,3926595000
2024-01-26,286000,0.53,4093068500
2024-01-29,290000,1.4,5135601000
2024-01-30,291000,0.34,5509828000
2024-01-31,292000,0.34,5731370000
2024-02-01,297500,1.88,7665509500
2024-02-02,305000,2.52,10353834500
2024-02-05,300500,-1.48,11196648500
2024-02-06,296500,-1.33,10674289500
2024-02-07,300000,1.18,8189334500
2024-02-08,296000,-1.33,10620428000
2024-02-13,298000,0.68,7613789000
2024-02-14,297000,-0.34,9060614500
2024-02-15,297000,0.0,4056472000
2024-02-16,302500,1.85,5043455500
2024-02-19,304000,0.5,5905919000
2024-02-20,305500,0.49,7251873500
2024-02-21,309500,1.31,10310887500
2024-02-22,303500,-1.94,8262571000
2024-02-23,308000,1.48,7210474000
2024-02-26,302500,-1.79,5570117000
2024-02-27,298500,-1.32,9342376500
2024-02-28,297000,-0.5,8353513000
2024-02-29,299500,0.84,15485475000
2024-03-04,293500,-2.0,6837485500
2024-03-05,291000,-0.85,5291454500
2024-03-06,289500,-0.52,8582852000
2024-03-07,283500,-2.07,13381522000
2024-03-08,287500,1.41,10362048000
2024-03-11,287500,0.0,4925651500
2024-03-12,290000,0.87,6178945500
2024-03-13,283000,-2.41,10476717500
2024-03-14,287000,1.41,10226589500
2024-03-15,287500,0.17,11312167000
2024-03-18,293500,2.09,10813826500
2024-03-19,292000,-0.51,8836235992
2024-03-20,292000,0.0,6292876000
2024-03-21,288500,-1.2,15524833500
2024-03-22,289500,0.35,9040513000
2024-03-25,291000,0.52,5725362000
2024-03-26,295000,1.37,9499911000
2024-03-27,292500,-0.85,5299116500
2024-03-28,292000,-0.17,6563317000
2024-03-29,294000,0.68,6252407000
2024-04-01,311000,5.78,26456558500
2024-04-02,304500,-2.09,7228849000
2024-04-03,317000,4.11,35208435500
2024-04-04,323500,2.05,21416367500
2024-04-05,321000,-0.77,11862520000
2024-04-08,318000,-0.93,8798066000
2024-04-09,315500,-0.79,4408362000
2024-04-11,315000,-0.16,9549095500
2024-04-12,314000,-0.32,8858451500
2024-04-15,326000,3.82,26925225750
2024-04-16,332500,1.99,46121092500
2024-04-17,327500,-1.5,15082918000
2024-04-18,332000,1.37,14344096000
2024-04-19,335000,0.9,14811528500
2024-04-22,347000,3.58,29566686500
2024-04-23,341500,-1.59,16114254500
2024-04-24,337000,-1.32,15817676750
2024-04-25,332500,-1.34,11222884500
2024-04-26,337000,1.35,6962622500
2024-04-29,334500,-0.74,9946584210
2024-04-30,337000,0.75,14599046000
2024-05-02,342500,1.63,16741676500
2024-05-03,340000,-0.73,8671257500
2024-05-07,337500,-0.74,10976152500
2024-05-08,340000,0.74,8638183500
2024-05-09,334000,-1.76,13043810500
2024-05-10,336000,0.6,8713210000
2024-05-13,350000,4.17,26152396000
2024-05-14,332500,-5.0,49515937500
2024-05-16,329000,-1.05,15815245500
2024-05-17,333500,1.37,26796187000
2024-05-20,342000,2.55,17968300500
2024-05-21,339000,-0.88,11310425000
2024-05-22,354000,4.42,37853229500
2024-05-23,346500,-2.12,16012533000
2024-05-24,363000,4.76,33334244000
2024-05-27,371500,2.34,33250485000
2024-05-28,365000,-1.75,14257526000
2024-05-29,360000,-1.37,15379098000
2024-05-30,353500,-1.81,18701059000
2024-05-31,349500,-1.13,36787532000
2024-06-03,351500,0.57,11962062000
2024-06-04,343500,-2.28,19221545500
2024-06-05,339000,-1.31,9451191000
2024-06-07,343500,1.33,9017194000
2024-06-10,363000,5.68,34008358500
2024-06-11,362500,-0.14,17130225500
2024-06-12,374500,3.31,21641436000
2024-06-13,374000,-0.13,37453920500
2024-06-14,382000,2.14,29824858500
2024-06-17,389500,1.96,26681208000
2024-06-18,396500,1.8,27191731000
2024-06-19,396000,-0.13,27193625500
2024-06-20,394000,-0.51,17436972000
2024-06-21,390500,-0.89,19857880500
2024-06-24,393000,0.64,16198817500
2024-06-25,397500,1.15,18532194500
2024-06-26,398000,0.13,21730512000
2024-06-27,376000,-5.53,29193649000
2024-06-28,385500,2.53,16453635500
2024-07-01,369000,-4.28,19279645500
2024-07-02,370000,0.27,13552694500
2024-07-03,365500,-1.22,13228282000
2024-07-04,365500,0.0,15959183500
2024-07-05,364000,-0.41,15496900500
2024-07-08,371500,2.06,11558752000
2024-07-09,373500,0.54,10322847000
2024-07-10,366000,-2.01,10681308500
2024-07-11,367500,0.41,13377789500
2024-07-12,370500,0.82,7450334000
2024-07-15,371500,0.27,7251069000
2024-07-16,372500,0.27,10612886500
2024-07-17,379500,1.88,12633180685
2024-07-18,379500,0.0,8509746500
2024-07-19,371000,-2.24,7520698000
2024-07-22,365500,-1.48,9378817000
2024-07-23,385000,5.34,18256804500
2024-07-24,385000,0.0,8611392500
2024-07-25,378500,-1.69,9003586000
2024-07-26,377000,-0.4,6485061000
2024-07-29,386500,2.52,8018488000
2024-07-30,379500,-1.81,9835379000
2024-07-31,386500,1.84,19206111324
2024-08-01,373500,-3.36,11509444500
2024-08-02,368000,-1.47,7915692000
2024-08-05,343000,-6.79,21425626000
2024-08-06,344500,0.44,11417496500
2024-08-07,352000,2.18,9808819500
2024-08-08,353500,0.43,8673371000
2024-08-09,355000,0.42,5709713500
2024-08-12,359000,1.13,4411037500
2024-08-13,370000,3.06,15153126000
2024-08-14,366000,-1.08,14665677500
2024-08-16,353000,-3.55,14555241000
2024-08-19,342500,-2.97,21725241000
2024-08-20,350000,2.19,10533270500
2024-08-21,350000,0.0,5597071500
2024-08-22,344500,-1.57,9248108253
2024-08-23,331000,-3.92,21458116500
2024-08-26,330000,-0.3,15335067500
2024-08-27,338500,2.58,12423175000
2024-08-28,335500,-0.89,6801631000
2024-08-29,319500,-4.77,24091589500
2024-08-30,322000,0.78,13753452000
2024-09-02,322000,0.0,6474102500
2024-09-03,320500,-0.47,7679172500
2024-09-04,310500,-3.12,11126518000
2024-09-05,310500,0.0,8390707000
2024-09-06,307000,-1.13,4197718000
2024-09-09,310500,1.14,6786043000
2024-09-10,314000,1.13,8989513000
2024-09-11,312500,-0.48,6476829000
2024-09-12,314500,0.64,9122375500
2024-09-13,317000,0.79,5430548500
2024-09-19,322000,1.58,7376636000
2024-09-20,310500,-3.57,22542575000
2024-09-23,312500,0.64,5948871500
2024-09-24,315500,0.96,7094713000
2024-09-25,307000,-2.69,20311427000
2024-09-26,312500,1.79,10871816500
2024-09-27,307000,-1.76,17300695000
2024-09-30,304000,-0.98,15641425500
2024-10-02,292500,-3.78,22339432500
2024-10-04,294000,0.51,14464988500
2024-10-07,293000,-0.34,15964491500
2024-10-08,280500,-4.27,29849192000
2024-10-10,287000,2.32,22905280500
2024-10-11,280500,-2.26,18544996000
2024-10-14,288000,2.67,15272434000
2024-10-15,287500,-0.17,12526663000
2024-10-16,290000,0.87,16717782000
2024-10-17,281500,-2.93,14062754000
2024-10-18,281500,0.0,4984878000
2024-10-21,279500,-0.71,8256685000
2024-10-22,276000,-1.25,11632206500
2024-10-23,276500,0.18,8179887500
2024-10-24,274000,-0.9,8434100500
2024-10-25,269500,-1.64,10430162500
2024-10-28,274000,1.67,6832303500
2024-10-29,274000,0.0,6415856000
2024-10-30,272000,-0.73,8231494500
2024-10-31,274500,0.92,11999301500
2024-11-01,273500,-0.36,4206950500
2024-11-04,278500,1.83,5371415000
2024-11-05,276500,-0.72,5359278000
2024-11-06,274500,-0.72,5281965500
2024-11-07,272000,-0.91,6458153500
2024-11-08,264500,-2.76,19016800000
2024-11-11,260500,-1.51,10627506000
2024-11-12,256500,-1.54,14584249000
2024-11-13,246500,-3.9,19612368000
2024-11-14,240500,-2.43,17389809000
2024-11-15,246500,2.49,11296705000
2024-11-18,257500,4.46,16366099500
2024-11-19,270500,5.05,51883554500
2024-11-20,284500,5.18,40234506500
2024-11-21,276500,-2.81,15954027500
2024-11-22,272000,-1.63,9034801500
2024-11-25,270500,-0.55,16386442000
2024-11-26,275000,1.66,11464376000
2024-11-27,273500,-0.55,9099808500
2024-11-28,273000,-0.18,8112801000
2024-11-29,263500,-3.48,15554528000
2024-12-02,263500,0.0,9092465000
2024-12-03,271500,3.04,10240717500
2024-12-04,273500,0.74,16417709000
2024-12-05,265000,-3.11,12893908500
2024-12-06,262000,-1.13,12860645500
2024-12-09,250500,-4.39,12481426000
2024-12-10,265000,5.79,11944347500
2024-12-11,265000,0.0,9883904000
2024-12-12,268000,1.13,17338121500
2024-12-13,269000,0.37,8496608500
2024-12-16,270000,0.37,8847383500
2024-12-17,266500,-1.3,9575734000
2024-12-18,272000,2.06,10511568500
2024-12-19,268000,-1.47,17748654000
2024-12-20,260500,-2.8,20208063500
2024-12-23,265000,1.73,8303011500
2024-12-24,264500,-0.19,5858885000
2024-12-26,261000,-1.32,6333326000
2024-12-27,255500,-2.11,7378415000
2024-12-30,255500,0.0,7482048000
2025-01-02,247500,-3.13,11730466500
2025-01-03,251500,1.62,7779666500
2025-01-06,252500,0.4,7284815500
2025-01-07,248000,-1.78,16386364500
2025-01-08,251000,1.21,11117272500
2025-01-09,250500,-0.2,11621479500
2025-01-10,247000,-1.4,14632744000
2025-01-13,241500,-2.23,16884596000
2025-01-14,242000,0.21,10022301000
2025-01-15,240000,-0.83,12652916500
2025-01-16,241000,0.42,11798780000
2025-01-17,242500,0.62,9432108500
2025-01-20,244000,0.62,6433933500
2025-01-21,242000,-0.82,9915517500
2025-01-22,241500,-0.21,9948069500
2025-01-23,234500,-2.9,24712111000
2025-01-24,236000,0.64,9201433500
2025-01-31,242000,2.54,12958343000
2025-02-03,232500,-3.93,11102050000
2025-02-04,242000,4.09,11046835500
2025-02-05,244000,0.83,21835978500
2025-02-06,247500,1.43,12668236500
2025-02-07,245000,-1.01,6480016000
2025-02-10,250000,2.04,14692418000
2025-02-11,240000,-4.0,28616051500
2025-02-12,244500,1.88,15708067500
2025-02-13,246000,0.61,21497595000
2025-02-14,247500,0.61,15983086000
2025-02-17,246000,-0.61,15422126500
2025-02-18,242000,-1.63,20801606500
2025-02-19,245000,1.24,21427001000
2025-02-20,249500,1.84,17373455000
2025-02-21,248000,-0.6,14209642000
2025-02-24,249500,0.6,14096838000
2025-02-25,246000,-1.4,16098210500
2025-02-26,247500,0.61,10890859500
2025-02-27,247000,-0.2,12019407500
2025-02-28,237000,-4.05,36438396500
2025-03-04,240000,1.27,11851625250
2025-03-05,243000,1.25,15765404552
2025-03-06,257500,5.97,38685609000
2025-03-07,262000,1.75,45051375750
2025-03-10,259000,-1.15,16233981750
2025-03-11,257000,-0.77,22241643750
2025-03-12,257500,0.19,14897874000
2025-03-13,250500,-2.72,25738728250
2025-03-14,250500,0.0,13928961750
2025-03-17,252500,0.8,11011940250
2025-03-18,253500,0.4,12400000250
2025-03-19,265000,4.54,31158662750
2025-03-20,265500,0.19,28158420000
2025-03-21,268500,1.13,25105932250
2025-03-24,266000,-0.93,12503663250
2025-03-25,259000,-2.63,17933793000
2025-03-26,257500,-0.58,9459620750
2025-03-27,256500,-0.39,7166973000
2025-03-28,254500,-0.78,8811694250
2025-03-31,246500,-3.14,11789195250
2025-04-01,249000,1.01,8240805000
2025-04-02,242500,-2.61,18096433250
2025-04-03,236500,-2.47,20173355750
2025-04-04,246000,4.02,14371963500
2025-04-07,238000,-3.25,14000651500
2025-04-08,234500,-1.47,13730195500
2025-04-09,228500,-2.56,13680326250
2025-04-10,240000,5.03,17266020250
2025-04-11,231500,-3.54,30718082500
2025-04-14,232000,0.22,14823666500
2025-04-15,237500,2.37,7551419250
2025-04-16,237500,0.0,11894594750
2025-04-17,243500,2.53,14131911000
2025-04-18,239000,-1.85,13164975750
2025-04-21,240000,0.42,6117561500
2025-04-22,240500,0.21,8643218500
2025-04-23,241500,0.42,6967325500
2025-04-24,242500,0.41,7761770250
2025-04-25,243500,0.41,5721478250
2025-04-28,236500,-2.87,18829200000
2025-04-29,238000,0.63,12970384000
2025-04-30,239000,0.42,13558788000
2025-05-02,243000,1.67,9417662750
2025-05-07,246000,1.23,13072782250
2025-05-08,245500,-0.2,9114590250
2025-05-09,249000,1.43,8589159250
2025-05-12,248500,-0.2,6012124750
2025-05-13,238500,-4.02,26354231500
2025-05-14,236000,-1.05,20826690250
2025-05-15,232000,-1.69,19837412250
2025-05-16,229500,-1.08,17220187250
2025-05-19,226500,-1.31,16830718750
2025-05-20,226000,-0.22,11301140250
2025-05-21,225500,-0.22,14036328000
2025-05-22,226500,0.44,8197066000
2025-05-23,223000,-1.55,12211909000
2025-05-26,224000,0.45,12854783000
2025-05-27,225000,0.45,8231831750
2025-05-28,229500,2.0,12875347250
2025-05-29,230500,0.44,12534392750
2025-05-30,231500,0.43,21436752000
2025-06-02,230500,-0.43,7984981250
2025-06-04,236500,2.6,20883559000
2025-06-05,239000,1.06,15840678750
2025-06-09,245500,2.72,25518605500
2025-06-10,246000,0.2,14968615750
2025-06-11,246500,0.2,8815499500
2025-06-12,246000,-0.2,17684527250
2025-06-13,239500,-2.64,16922050250
2025-06-16,240500,0.42,13945769000
2025-06-17,241000,0.21,15255084750
2025-06-18,238500,-1.04,17194939500
2025-06-19,238000,-0.21,22788272750
2025-06-20,243000,2.1,13627710750
2025-06-23,238000,-2.06,18253190500
2025-06-24,254000,6.72,45592778250
2025-06-25,255000,0.39,27362616000
2025-06-26,255500,0.2,25482190500
2025-06-27,249500,-2.35,21117395750
2025-06-30,249000,-0.2,18688341000
2025-07-01,254500,2.21,21644900250
2025-07-02,266500,4.72,38277171250
2025-07-03,269500,1.13,22735704750
2025-07-04,261500,-2.97,19772040750
2025-07-07,260500,-0.38,21827154000
2025-07-08,258500,-0.77,10829752000
2025-07-09,254000,-1.74,25634888500
2025-07-10,258000,1.57,19998941500
2025-07-11,259000,0.39,8895598250
2025-07-14,260000,0.39,10889003000
2025-07-15,257500,-0.96,18125029250
2025-07-16,252500,-1.94,14413696500
2025-07-17,254500,0.79,19427130250
2025-07-18,254500,0.0,16976626250
2025-07-21,253000,-0.59,7464917750
2025-07-22,252000,-0.4,9065486250
2025-07-23,252500,0.2,12585566250
2025-07-24,248500,-1.58,13753410250
2025-07-25,249000,0.2,10185872250
2025-07-28,247500,-0.6,11133651000
2025-07-29,249500,0.81,10413207750
2025-07-30,251500,0.8,12070937750
2025-07-31,251500,0.0,9516638000
2025-08-01,248500,-1.19,17160874250
2025-08-04,245000,-1.41,16500540500
2025-08-05,245500,0.2,14128134250
2025-08-06,249500,1.63,14705420000
2025-08-07,251000,0.6,14279339750
2025-08-08,252000,0.4,11139347500
2025-08-11,250000,-0.79,15067941250
2025-08-12,251000,0.4,13876558500
2025-08-13,233000,-7.17,72025077500
2025-08-14,236000,1.29,16535034250
2025-08-18,231500,-1.91,14982084250
2025-08-19,230500,-0.43,13174980500
2025-08-20,231000,0.22,16815669000
2025-08-21,228500,-1.08,20101253500
2025-08-22,230000,0.66,17333123000
2025-08-25,230000,0.0,20261456250
2025-08-26,229000,-0.43,226396039250
2025-08-27,230500,0.66,20059682750
2025-08-28,231000,0.22,14428347500
2025-08-29,229000,-0.87,15518082250
2025-09-01,229000,0.0,8735116750
2025-09-02,231500,1.09,10657640250
2025-09-03,230000,-0.65,21073003000
2025-09-04,232000,0.87,8353980750
2025-09-05,232500,0.22,6500923500
2025-09-08,232500,0.0,6793787500
2025-09-09,233000,0.22,10990277000
2025-09-10,234500,0.64,13511353500
2025-09-11,237500,1.28,26212450500
2025-09-12,242000,1.89,23990881000
2025-09-15,242000,0.0,12427456750
2025-09-16,241000,-0.41,14901955750
2025-09-17,237500,-1.45,10084128500
2025-09-18,239000,0.63,7915584250
2025-09-19,237500,-0.63,13359264750
2025-09-22,236000,-0.63,9912842250
2025-09-23,235000,-0.42,10565991250
2025-09-24,233000,-0.85,9603813750
2025-09-25,234000,0.43,10176817250
2025-09-26,230500,-1.5,14118375250
2025-09-29,233000,1.08,8459433500
2025-09-30,230500,-1.07,9702422500
2025-10-01,234500,1.74,20036434500
2025-10-02,233500,-0.43,18472433500
2025-10-10,234000,0.21,20288801250
2025-10-13,233500,-0.21,11667949500
2025-10-14,231500,-0.86,19587075250
2025-10-15,233000,0.65,15547668250
2025-10-16,230500,-1.07,18981879250
2025-10-17,230000,-0.22,13234819750
2025-10-20,231000,0.43,16899557250
2025-10-21,230500,-0.22,19006894250
2025-10-22,234000,1.52,17315158000
2025-10-23,233000,-0.43,13007238500
2025-10-24,232500,-0.21,11922309250
2025-10-27,233000,0.22,11693072000
2025-10-28,237000,1.72,15347741250
2025-10-29,233500,-1.48,14050520250
2025-10-30,230500,-1.28,12462614000
2025-10-31,229500,-0.43,10017811250
2025-11-03,227000,-1.09,17093994750
2025-11-04,230500,1.54,12705620000
2025-11-05,225000,-2.39,16517520000
2025-11-06,227000,0.89,13049094750
2025-11-07,225500,-0.66,7659149000
2025-11-10,230000,2.0,14107479500
2025-11-11,229000,-0.43,11774936750
2025-11-12,232500,1.53,14074461750
2025-11-13,229000,-1.51,17296072750
2025-11-14,226500,-1.09,10471892500
2025-11-17,226500,0.0,8221388250
2025-11-18,221500,-2.21,17915567000
2025-11-19,220000,-0.68,16193892500
2025-11-20,220000,0.0,17555601000
2025-11-21,218000,-0.91,11783001250
2025-11-24,214500,-1.61,17363432250
2025-11-25,209500,-2.33,18568844250
2025-11-26,212000,1.19,11535166250
2025-11-27,211000,-0.47,6464833250
2025-11-28,209500,-0.71,10334898250
2025-12-01,210500,0.48,8931765250
2025-12-02,209000,-0.71,10364419500
2025-12-03,213500,2.15,13856868250
2025-12-04,211000,-1.17,8277785250
2025-12-05,213000,0.95,5809346500
2025-12-08,211500,-0.7,11406864000
2025-12-09,209500,-0.95,14938104500
2025-12-10,207000,-1.19,16373718500
2025-12-11,205500,-0.72,13932022500
2025-12-12,209000,1.7,7996499750
2025-12-15,208500,-0.24,9918904250
2025-12-16,208500,0.0,7652071750
2025-12-17,209000,0.24,6644707250
2025-12-18,209000,0.0,7598790250
2025-12-19,210000,0.48,9976247750
2025-12-22,211500,0.71,9561430000
2025-12-23,211000,-0.24,7756021250
2025-12-24,211000,0.0,5968560250
2025-12-26,210500,-0.24,9999114750
2025-12-29,209500,-0.48,8372775000
2025-12-30,208000,-0.72,8347646250
2026-01-02,207000,-0.48,11390732000
2026-01-05,206500,-0.24,10237933250
2026-01-06,205500,-0.48,12218868750
2026-01-07,203000,-1.22,23892450750
2026-01-08,203500,0.25,17651312250
2026-01-09,207500,1.97,16621407250
2026-01-12,210000,1.2,11891510750
2026-01-13,212000,0.95,15798335250
2026-01-14,213500,0.71,14459596250
2026-01-15,211500,-0.94,14036101250
2026-01-16,208500,-1.42,11566190500
2026-01-19,207500,-0.48,10765669750
2026-01-20,213000,2.65,16378082750
2026-01-21,213000,0.0,14577323000
2026-01-22,215500,1.17,17570750250
2026-01-23,215500,0.0,10507051250
2026-01-26,213000,-1.16,10289533000
2026-01-27,214500,0.7,11330014750
2026-01-28,213000,-0.7,12804463500
2026-01-29,215500,1.17,18148078250
2026-01-30,213500,-0.93,15402830750
2026-02-02,210500,-1.41,17321057750
2026-02-03,212000,0.71,16443378250
2026-02-04,219500,3.54,24054897250
2026-02-05,221000,0.68,22081463000
2026-02-06,218500,-1.13,16147305500
2026-02-09,219000,0.23,17767151500
2026-02-10,228500,4.34,41321546250
2026-02-11,228500,0.0,33904841250
2026-02-12,230500,0.88,23030652250
2026-02-13,222500,-3.47,17482216000
2026-02-19,222500,0.0,11920337250
2026-02-20,221000,-0.67,14144349000
2026-02-23,222000,0.45,18698828750
2026-02-24,219500,-1.13,11786866000
2026-02-25,219500,0.0,12826603500
2026-02-26,216000,-1.59,21346515250
2026-02-27,214000,-0.93,14235751250
2026-03-03,207500,-3.04,20329221000
2026-03-04,190300,-8.29,34260847150
2026-03-05,197100,3.57,16291021650
2026-03-06,195900,-0.61,11810181050
2026-03-09,190000,-3.01,13560386050
2026-03-10,194800,2.53,9897531200
2026-03-11,199100,2.21,12495213650
2026-03-12,201500,1.21,9668847450
2026-03-13,199800,-0.84,8945339400
2026-03-16,199300,-0.25,10223760100
2026-03-17,203000,1.86,6878785700
2026-03-18,203500,0.25,9063688750
2026-03-19,200000,-1.72,5597878900
2026-03-20,212000,6.0,26795691250
2026-03-23,207000,-2.36,13897906000
2026-03-24,217500,5.07,26758172250
2026-03-25,219000,0.69,11439272250
2026-03-26,216500,-1.14,6574104000
2026-03-27,214500,-0.92,8171454250
2026-03-30,217500,1.4,13227647750
2026-03-31,216500,-0.46,17445045500
2026-04-01,220000,1.62,18578147250
2026-04-02,220000,0.0,35093574000
2026-04-03,226000,2.73,30464369500
2026-04-06,233000,3.1,29850686000
2026-04-07,239000,2.58,49477025750
2026-04-08,229000,-4.18,30171039750
2026-04-09,232500,1.53,23275816000
2026-04-10,238500,2.58,16168068500
2026-04-13,240500,0.84,21314100000
2026-04-14,234500,-2.49,21825025000
2026-04-15,233500,-0.43,17169358250
2026-04-16,237500,1.71,12080737250
2026-04-17,237000,-0.21,9893069750
2026-04-20,236500,-0.21,6641201250
2026-04-21,237500,0.42,11763967000
2026-04-22,234000,-1.47,10382997750
2026-04-23,237500,1.5,13828032750
2026-04-24,236000,-0.63,10407134500
2026-04-27,234000,-0.85,10808294250
2026-04-28,233000,-0.43,11989600250
2026-04-29,243500,4.51,30573204250
2026-04-30,246500,1.23,24425330500
2026-05-04,241000,-2.23,16084919000
2026-05-06,230000,-4.56,17797993000
2026-05-07,231500,0.65,12783715500
2026-05-08,229000,-1.08,10805940250
2026-05-11,225500,-1.53,12618479500
2026-05-12,212500,-5.76,27201802000
2026-05-13,208500,-1.88,16136291500
2026-05-14,230500,10.55,31262139000
2026-05-15,228500,-0.87,23397165000
2026-05-18,221500,-3.06,11469310250
2026-05-19,216000,-2.48,13167516500
2026-05-20,214000,-0.93,9584246000
2026-05-21,212500,-0.7,15582530750
2026-05-22,215000,1.18,7968692500
2026-05-26,211000,-1.86,14284791000
2026-05-27,206500,-2.13,12538581000
2026-05-28,204000,-1.21,12226149250
2026-05-29,202000,-0.98,18727019100
2026-06-01,203500,0.74,16432598750
2026-06-02,201000,-1.23,22842553650
2026-06-04,201000,0.0,12949781150
2026-06-05,200000,-0.5,11629557500
2026-06-08,196000,-2.0,13601579500
2026-06-09,195400,-0.31,13299832650
2026-06-10,194600,-0.41,13143416800
2026-06-11,194700,0.05,14079607700
2026-06-12,198700,2.05,12019828000
2026-06-15,202000,1.66,13829996050
2026-06-16,200500,-0.74,11408866700
2026-06-17,197300,-1.6,13704236650
2026-06-18,192900,-2.23,15033737200
2026-06-19,193300,0.21,24513893350
2026-06-22,187800,-2.85,10523571000
2026-06-23,185800,-1.06,15964694650
2026-06-24,190000,2.26,12249584300
2026-06-25,179600,-5.47,22417860800
2026-06-26,177500,-1.17,10234394600
2026-06-29,191400,7.83,13765385300
2026-06-30,185100,-3.29,12708529450
2026-07-01,187800,1.46,9411108000
2026-07-02,196300,4.53,22531011700
2026-07-03,194400,-0.97,8455575100
2026-07-06,199100,2.42,11810640400
2026-07-07,200500,0.7,11292810550
2026-07-08,198200,-1.15,9204764850
2026-07-09,191200,-3.53,11505332650
2026-07-10,191000,-0.1,7778828350
2026-07-13,191900,0.47,8776652100
2026-07-14,186000,-3.07,11352493000
2026-07-15,182600,-1.83,11571252600
2026-07-16,184800,1.2,5236055450
2026-07-20,184200,-0.32,7525652050
2026-07-21,186200,1.09,7368237500
2026-07-22,185500,-0.38,7782271650
2026-07-23,190200,2.53,10158500750
2026-07-24,194100,2.05,8691922100
2026-07-27,194600,0.26,4804060200
2026-07-28,187300,-3.75,8557356850
2026-07-29,190600,1.76,19828852350
2026-07-30,189300,-0.68,16442262100
2026-07-31,191400,1.11,10175492500
2026-08-03,191300,-0.05,10382525100
2026-08-04,195100,1.99,10109818200
2026-08-05,197500,1.23,11430562500
2026-08-06,203000,2.78,7198414900
2026-08-07,204500,0.74,5914668500
2026-08-10,205500,0.49,7712162500
2026-08-11,188000,-8.52,51740225350
2026-08-12,186900,-0.59,15416661200
2026-08-13,182500,-2.35,32722556000
2026-08-14,185400,1.59,15230222400
2026-08-18,183400,-1.08,20610677850
2026-08-19,180100,-1.8,10607671900
2026-08-20,184800,2.61,24476916800
2026-08-21,184000,-0.43,10186145950
2026-08-24,189600,3.04,15688473000
2026-08-25,187100,-1.32,12686419750
2026-08-26,189200,1.12,8859756900
2026-08-27,186300,-1.53,13827420700
2026-08-28,189300,1.61,11238970700
2026-08-31,186500,-1.48,12467673450
2026-09-01,185800,-0.38,8379141850
2026-09-02,182600,-1.72,14490692700
2026-09-03,185900,1.81,14999731850
2026-09-04,183400,-1.34,8530231650
2026-09-07,182800,-0.33,9670369200
2026-09-08,183000,0.11,6423991100
2026-09-09,181400,-0.87,8191494300
2026-09-10,180500,-0.5,10326735150
2026-09-11,179700,-0.44,5853222150
2026-09-14,181000,0.72,7119185800
2026-09-15,178200,-1.55,8270706700
2026-09-16,176700,-0.84,7223851300
2026-09-17,176400,-0.17,9801615000
2026-09-18,174600,-1.02,21365383600
2026-09-21,174600,0.0,6848042250
2026-09-22,174200,-0.23000000417232513,9896216300
2026-09-23,175800,0.9200000166893005,10545580000
2026-09-28,179100,1.8799999952316284,9106230450
