date,close,change_pct,trading_value
2015-01-02,52300,0.0,32125476100
2015-01-05,52000,-0.57,33776078700
2015-01-06,51200,-1.54,39815205900
2015-01-07,51800,1.17,30802703600
2015-01-08,52200,0.77,36672240800
2015-01-09,53400,2.3,49693171200
2015-01-12,53000,-0.75,31393504000
2015-01-13,54200,2.26,62149383452
2015-01-14,53600,-1.11,46216298900
2015-01-15,52500,-2.05,59669762500
2015-01-16,52000,-0.95,45791539600
2015-01-19,51500,-0.96,46333787800
2015-01-20,51900,0.78,37494074400
2015-01-21,50300,-3.08,110225580800
2015-01-22,50200,-0.2,88111335100
2015-01-23,49250,-1.89,136015077850
2015-01-26,46450,-5.69,212665835400
2015-01-27,45400,-2.26,186855800400
2015-01-28,46000,1.32,133035465700
2015-01-29,46650,1.41,62497416800
2015-01-30,46000,-1.39,88543502600
2015-02-02,46550,1.2,45460973800
2015-02-03,45400,-2.47,88171274450
2015-02-04,46000,1.32,75260192800
2015-02-05,45350,-1.41,54707243100
2015-02-06,44500,-1.87,120783260806
2015-02-09,43200,-2.92,88132136600
2015-02-10,43500,0.69,66909061000
2015-02-11,44000,1.15,36294283950
2015-02-12,44200,0.45,45154635950
2015-02-13,45000,1.81,59348122692
2015-02-16,45050,0.11,32793374900
2015-02-17,45750,1.55,41299394300
2015-02-23,46250,1.09,62312092900
2015-02-24,46300,0.11,43555495100
2015-02-25,46550,0.54,41386521450
2015-02-26,46300,-0.54,46015053650
2015-02-27,45500,-1.73,84786979200
2015-03-02,45500,0.0,34473439600
2015-03-03,46700,2.64,89468754200
2015-03-04,46750,0.11,69721603850
2015-03-05,46900,0.32,36631503050
2015-03-06,48000,2.35,85902551550
2015-03-09,47750,-0.52,39715877700
2015-03-10,47450,-0.63,36059517250
2015-03-11,47300,-0.32,69044172844
2015-03-12,46850,-0.95,79172817200
2015-03-13,46350,-1.07,56453783800
2015-03-16,46100,-0.54,57148706050
2015-03-17,47350,2.71,73410400800
2015-03-18,47550,0.42,74115123150
2015-03-19,47350,-0.42,60577078900
2015-03-20,47000,-0.74,49337397650
2015-03-23,46600,-0.85,31526120300
2015-03-24,46000,-1.29,59713257750
2015-03-25,45100,-1.96,54789954700
2015-03-26,45250,0.33,51060568500
2015-03-27,45400,0.33,31647835100
2015-03-30,45250,-0.33,25283478500
2015-03-31,45200,-0.11,43587010302
2015-04-01,44250,-2.1,69486791150
2015-04-02,44300,0.11,36480965650
2015-04-03,44700,0.9,20003138400
2015-04-06,44050,-1.45,34745542650
2015-04-07,44100,0.11,35298664050
2015-04-08,44000,-0.23,53232549650
2015-04-09,44100,0.23,50983209500
2015-04-10,45050,2.15,97952846329
2015-04-13,44950,-0.22,57725869650
2015-04-14,47000,4.56,154350692850
2015-04-15,47300,0.64,80650426850
2015-04-16,46750,-1.16,64617656001
2015-04-17,47500,1.6,79283732350
2015-04-20,47850,0.74,73983264000
2015-04-21,47900,0.1,77524151850
2015-04-22,47600,-0.63,62993871500
2015-04-23,49500,3.99,150264649050
2015-04-24,50700,2.42,156051554738
2015-04-27,51900,2.37,115604773500
2015-04-28,50100,-3.47,90667380650
2015-04-29,50700,1.2,86555387700
2015-04-30,49600,-2.17,56116736248
2015-05-04,50800,2.42,48741147750
2015-05-06,51500,1.38,90855258600
2015-05-07,51500,0.0,53713908500
2015-05-08,52100,1.17,57400981600
2015-05-11,50700,-2.69,43354017900
2015-05-12,51200,0.99,34626658600
2015-05-13,50600,-1.17,37112721800
2015-05-14,49550,-2.08,74385142100
2015-05-15,48600,-1.92,84799416900
2015-05-18,48150,-0.93,49001636100
2015-05-19,48600,0.93,63462691450
2015-05-20,49500,1.85,58143730300
2015-05-21,48300,-2.42,39056316950
2015-05-22,48950,1.35,41280528400
2015-05-26,47600,-2.76,47278349950
2015-05-27,47500,-0.21,53741336200
2015-05-28,47500,0.0,49935602384
2015-05-29,47650,0.32,46315144870
2015-06-01,47350,-0.63,42354241350
2015-06-02,45400,-4.12,113655724850
2015-06-03,45000,-0.88,76318376950
2015-06-04,44450,-1.22,72292372850
2015-06-05,44150,-0.67,44501014744
2015-06-08,43050,-2.49,62577314600
2015-06-09,43200,0.35,39644270350
2015-06-10,44250,2.43,61760868950
2015-06-11,45850,3.62,100474590400
2015-06-12,45850,0.0,40106936650
2015-06-15,46000,0.33,28616272050
2015-06-16,45200,-1.74,56237332900
2015-06-17,44950,-0.55,34130985000
2015-06-18,45350,0.89,46145294100
2015-06-19,45700,0.77,51077539650
2015-06-22,45800,0.22,23518336700
2015-06-23,45800,0.0,28573293700
2015-06-24,46450,1.42,28647093600
2015-06-25,45950,-1.08,38785177900
2015-06-26,46100,0.33,25209556550
2015-06-29,45100,-2.17,32352235050
2015-06-30,45300,0.44,47943228918
2015-07-01,45600,0.66,42702687350
2015-07-02,44900,-1.54,35280424300
2015-07-03,44600,-0.67,25671561520
2015-07-06,43850,-1.68,38888621950
2015-07-07,44100,0.57,29274365900
2015-07-08,44100,0.0,40496793300
2015-07-09,43800,-0.68,66310243850
2015-07-10,40800,-6.85,136836305600
2015-07-13,41000,0.49,49503365100
2015-07-14,40650,-0.85,40944478900
2015-07-15,41050,0.98,40387472350
2015-07-16,40950,-0.24,22769244350
2015-07-17,40300,-1.59,47134751000
2015-07-20,40850,1.36,25744451400
2015-07-21,42100,3.06,77807583900
2015-07-22,41750,-0.83,33457984600
2015-07-23,42300,1.32,61231062000
2015-07-24,41800,-1.18,42225079050
2015-07-27,43650,4.43,97292436100
2015-07-28,43050,-1.37,99062854900
2015-07-29,42750,-0.7,41355417050
2015-07-30,43850,2.57,62562297950
2015-07-31,43900,0.11,43174917560
2015-08-03,42350,-3.53,57099472650
2015-08-04,42750,0.94,28863336500
2015-08-05,43150,0.94,21974837550
2015-08-06,42450,-1.62,42879937300
2015-08-07,41900,-1.3,25221697000
2015-08-10,41950,0.12,26550993500
2015-08-11,41950,0.0,23505610116
2015-08-12,44200,5.36,121680611800
2015-08-13,44050,-0.34,57143031350
2015-08-17,43750,-0.68,42233870300
2015-08-18,45050,2.97,51035978450
2015-08-19,46700,3.66,89220121050
2015-08-20,46500,-0.43,76207518100
2015-08-21,46000,-1.08,72747907550
2015-08-24,45350,-1.41,65121374824
2015-08-25,47550,4.85,145207904870
2015-08-26,48800,2.63,111055746050
2015-08-27,48550,-0.51,80225137150
2015-08-28,47600,-1.96,75068868900
2015-08-31,48700,2.31,73387716950
2015-09-01,48050,-1.33,35881068300
2015-09-02,49600,3.23,119544729850
2015-09-03,49400,-0.4,62427175850
2015-09-04,48950,-0.91,45579625050
2015-09-07,49800,1.74,48518445600
2015-09-08,50600,1.61,57899751750
2015-09-09,50400,-0.4,58876871150
2015-09-10,51100,1.39,74212520350
2015-09-11,50200,-1.76,59791948750
2015-09-14,50800,1.2,51159465600
2015-09-15,51800,1.97,63667647744
2015-09-16,52900,2.12,84903641100
2015-09-17,52700,-0.38,70070522680
2015-09-18,52400,-0.57,63127076100
2015-09-21,51400,-1.91,41912777300
2015-09-22,53000,3.11,89357113200
2015-09-23,51200,-3.4,71898824000
2015-09-24,51200,0.0,53981581000
2015-09-25,51500,0.59,54971503200
2015-09-30,53600,4.08,76820006600
2015-10-01,53600,0.0,43954916500
2015-10-02,53700,0.19,56131925656
2015-10-05,52500,-2.23,48868487110
2015-10-06,50800,-3.24,124520437300
2015-10-07,51500,1.38,55820532482
2015-10-08,52500,1.94,42418050600
2015-10-12,51500,-1.9,55272220100
2015-10-13,53400,3.69,66328619800
2015-10-14,54200,1.5,68222358000
2015-10-15,54200,0.0,53490110450
2015-10-16,52700,-2.77,78662176300
2015-10-19,53100,0.76,29021703700
2015-10-20,54100,1.88,55758768900
2015-10-21,53800,-0.55,29544209310
2015-10-22,54500,1.3,47658046200
2015-10-23,53500,-1.83,83570554500
2015-10-26,54600,2.06,45590885500
2015-10-27,55100,0.92,56778379800
2015-10-28,54800,-0.54,41899406000
2015-10-29,54800,0.0,28097265600
2015-10-30,55800,1.82,54430765000
2015-11-02,55700,-0.18,32572135800
2015-11-03,58300,4.67,101981180800
2015-11-04,57700,-1.03,79438462300
2015-11-05,56900,-1.39,37418988000
2015-11-06,56800,-0.18,29831719500
2015-11-09,58000,2.11,41233422800
2015-11-10,58100,0.17,55007135400
2015-11-11,57100,-1.72,56697053900
2015-11-12,58200,1.93,51004015000
2015-11-13,56700,-2.58,40052869200
2015-11-16,56900,0.35,67915069500
2015-11-17,56000,-1.58,56810303100
2015-11-18,55700,-0.54,67795251000
2015-11-19,56400,1.26,46072991700
2015-11-20,55600,-1.42,20213611100
2015-11-23,55000,-1.08,33046201400
2015-11-24,55400,0.73,26725682800
2015-11-25,53500,-3.43,45473366900
2015-11-26,53900,0.75,29527367000
2015-11-27,53700,-0.37,18319753460
2015-11-30,52500,-2.23,78945831900
2015-12-01,55800,6.29,76009974800
2015-12-02,55300,-0.9,39410770600
2015-12-03,54200,-1.99,35729732300
2015-12-04,54300,0.18,21614492300
2015-12-07,53900,-0.74,25278438200
2015-12-08,53100,-1.48,33235826100
2015-12-09,53300,0.38,59477233000
2015-12-10,54000,1.31,53446713101
2015-12-11,52200,-3.33,78514892300
2015-12-14,53600,2.68,48627768200
2015-12-15,53200,-0.75,29546919100
2015-12-16,55100,3.57,48235359600
2015-12-17,55500,0.73,41613719000
2015-12-18,55900,0.72,47036457433
2015-12-21,54200,-3.04,51265936600
2015-12-22,54600,0.74,34733015400
2015-12-23,54000,-1.1,43984881800
2015-12-24,53800,-0.37,26295712100
2015-12-28,52300,-2.79,56281377500
2015-12-29,53100,1.53,30278581000
2015-12-30,52600,-0.94,28314094300
2016-01-04,50800,-3.42,51802223300
2016-01-05,50700,-0.2,50189461600
2016-01-06,49400,-2.56,78060716700
2016-01-07,49300,-0.2,37965343800
2016-01-08,48500,-1.62,54812097600
2016-01-11,49600,2.27,45508882300
2016-01-12,49650,0.1,44587108100
2016-01-13,49200,-0.91,41345203450
2016-01-14,50300,2.24,82965685750
2016-01-15,49550,-1.49,47897071150
2016-01-18,48700,-1.72,56921403850
2016-01-19,49000,0.62,32490340550
2016-01-20,47150,-3.78,51021722300
2016-01-21,46650,-1.06,49205353200
2016-01-22,47700,2.25,34340514700
2016-01-25,48100,0.84,23282490400
2016-01-26,47100,-2.08,49332161426
2016-01-27,48600,3.18,45545459800
2016-01-28,47400,-2.47,63950945825
2016-01-29,45150,-4.75,122056613294
2016-02-01,44500,-1.44,79217849050
2016-02-02,43150,-3.03,72940495750
2016-02-03,43550,0.93,58170323500
2016-02-04,43700,0.34,44027229500
2016-02-05,44450,1.72,41220546850
2016-02-11,43550,-2.02,52358615300
2016-02-12,46350,6.43,115863915750
2016-02-15,46550,0.43,81227902600
2016-02-16,47250,1.5,56638327400
2016-02-17,47850,1.27,51154170800
2016-02-18,47650,-0.42,58673856450
2016-02-19,49000,2.83,79443951850
2016-02-22,48100,-1.84,43401089400
2016-02-23,48000,-0.21,39016436100
2016-02-24,47500,-1.04,36064299750
2016-02-25,47050,-0.95,54173329600
2016-02-26,47100,0.11,28441044300
2016-02-29,46100,-2.12,65447162700
2016-03-02,47400,2.82,60010826700
2016-03-03,47950,1.16,49033814150
2016-03-04,47100,-1.77,39110255400
2016-03-07,47300,0.42,22639548250
2016-03-08,47250,-0.11,34154344250
2016-03-09,48950,3.6,57028337986
2016-03-10,47900,-2.15,47549441200
2016-03-11,47900,0.0,34085585450
2016-03-14,48700,1.67,36297292350
2016-03-15,47150,-3.18,48413951250
2016-03-16,47500,0.74,22018161000
2016-03-17,47550,0.11,36730766400
2016-03-18,47600,0.11,42297126800
2016-03-21,48900,2.73,56029545100
2016-03-22,50800,3.89,82080985878
2016-03-23,49800,-1.97,41006891720
2016-03-24,49550,-0.5,37072610550
2016-03-25,49300,-0.5,20029317550
2016-03-28,48900,-0.81,24882374950
2016-03-29,50000,2.25,39234365350
2016-03-30,49250,-1.5,44176911340
2016-03-31,48300,-1.93,60688977900
2016-04-01,47050,-2.59,63188781610
2016-04-04,45800,-2.66,61838202950
2016-04-05,45450,-0.76,47723407350
2016-04-06,45350,-0.22,40921047370
2016-04-07,45400,0.11,36460490250
2016-04-08,45400,0.0,42216843500
2016-04-11,45850,0.99,32970259300
2016-04-12,46300,0.98,37721659850
2016-04-14,48050,3.78,106114266800
2016-04-15,48150,0.21,37645524850
2016-04-18,49050,1.87,60849777200
2016-04-19,48950,-0.2,40228412650
2016-04-20,48350,-1.23,31785266950
2016-04-21,49200,1.76,37449042050
2016-04-22,49050,-0.3,24119378400
2016-04-25,48750,-0.61,20365532100
2016-04-26,49750,2.05,48830039500
2016-04-27,48950,-1.61,81069274250
2016-04-28,48200,-1.53,56044010200
2016-04-29,47900,-0.62,49573563250
2016-05-02,47900,0.0,38445874750
2016-05-03,47550,-0.73,38563683700
2016-05-04,46900,-1.37,65117154500
2016-05-09,46200,-1.49,38505390200
2016-05-10,47550,2.92,54066400750
2016-05-11,47150,-0.84,37157430900
2016-05-12,47000,-0.32,33910071700
2016-05-13,47000,0.0,26431722050
2016-05-16,46500,-1.06,30653700650
2016-05-17,46100,-0.86,26099494900
2016-05-18,45950,-0.33,32650997350
2016-05-19,46650,1.52,31029563985
2016-05-20,46300,-0.75,29737830800
2016-05-23,45950,-0.76,23448631000
2016-05-24,46300,0.76,31989215700
2016-05-25,46600,0.65,38468878400
2016-05-26,46400,-0.43,33121491150
2016-05-27,46350,-0.11,33222188594
2016-05-30,45750,-1.29,33643367762
2016-05-31,46650,1.97,62777140496
2016-06-01,46500,-0.32,29211319600
2016-06-02,46050,-0.97,43021816300
2016-06-03,46050,0.0,25001861100
2016-06-07,46150,0.22,35612161467
2016-06-08,46500,0.76,43582977050
2016-06-09,46200,-0.65,52731179550
2016-06-10,46300,0.22,25931964850
2016-06-13,45200,-2.38,48131441900
2016-06-14,44750,-1.0,44487382350
2016-06-15,44700,-0.11,33268734450
2016-06-16,44250,-1.01,30550900800
2016-06-17,44850,1.36,34024993050
2016-06-20,44950,0.22,41477064050
2016-06-21,44300,-1.45,33874503750
2016-06-22,44700,0.9,38061553678
2016-06-23,45050,0.78,22788204800
2016-06-24,43850,-2.66,56799943950
2016-06-27,44150,0.68,56653880800
2016-06-28,43900,-0.57,38832731656
2016-06-29,43800,-0.23,43828551567
2016-06-30,43200,-1.37,75652289150
2016-07-01,43050,-0.35,41434020064
2016-07-04,42950,-0.23,40292528000
2016-07-05,42650,-0.7,38204073545
2016-07-06,41400,-2.93,84793360492
2016-07-07,41550,0.36,43227765660
2016-07-08,40900,-1.56,56273495000
2016-07-11,41300,0.98,34716656025
2016-07-12,41600,0.73,33053898992
2016-07-13,41850,0.6,41461679530
2016-07-14,41300,-1.31,39615752120
2016-07-15,41900,1.45,45285268020
2016-07-18,41350,-1.31,45114057300
2016-07-19,41700,0.85,31123449800
2016-07-20,41700,0.0,23356760800
2016-07-21,41650,-0.12,28918057600
2016-07-22,41650,0.0,22935441050
2016-07-25,43100,3.48,74892700400
2016-07-26,43050,-0.12,41655675750
2016-07-27,43150,0.23,48376774600
2016-07-28,42500,-1.51,46541641400
2016-07-29,42150,-0.82,41602334484
2016-08-01,42250,0.24,32116787400
2016-08-02,41750,-1.18,33958760600
2016-08-03,41000,-1.8,64581739416
2016-08-04,40800,-0.49,50010664850
2016-08-05,40900,0.25,53918808676
2016-08-08,40900,0.0,38069262759
2016-08-09,41650,1.83,50978196530
2016-08-10,41150,-1.2,41960066600
2016-08-11,41700,1.34,29570856250
2016-08-12,42400,1.68,46605725900
2016-08-16,41600,-1.89,45968514600
2016-08-17,41400,-0.48,38822091650
2016-08-18,41150,-0.6,48618911770
2016-08-19,41250,0.24,33254940450
2016-08-22,41500,0.61,25177121200
2016-08-23,42000,1.2,34613004650
2016-08-24,42550,1.31,59715095450
2016-08-25,42900,0.82,46419367000
2016-08-26,42350,-1.28,41189683482
2016-08-29,41700,-1.53,37834661200
2016-08-30,41750,0.12,19433748900
2016-08-31,41950,0.48,40442363350
2016-09-01,41700,-0.6,23189336250
2016-09-02,41750,0.12,30995111300
2016-09-05,42300,1.32,35206650700
2016-09-06,42700,0.95,29598715700
2016-09-07,42700,0.0,49153205400
2016-09-08,44200,3.51,120775152300
2016-09-09,44550,0.79,75995496100
2016-09-12,44700,0.34,63072499400
2016-09-13,44000,-1.57,54162368000
2016-09-19,44250,0.57,49519989850
2016-09-20,44400,0.34,37604059800
2016-09-21,44100,-0.68,28636081200
2016-09-22,44000,-0.23,29754890450
2016-09-23,44800,1.82,40449171050
2016-09-26,43750,-2.34,34448300200
2016-09-27,44200,1.03,31549693450
2016-09-28,42900,-2.94,48957413650
2016-09-29,42950,0.12,27359734150
2016-09-30,42150,-1.86,53041401500
2016-10-04,42300,0.36,34708064900
2016-10-05,42150,-0.35,29589374050
2016-10-06,42250,0.24,29069992550
2016-10-07,42150,-0.24,22272745500
2016-10-10,41700,-1.07,30946243200
2016-10-11,42050,0.84,25383340150
2016-10-12,42400,0.83,28440218050
2016-10-13,42000,-0.94,28695333400
2016-10-14,41350,-1.55,40710902600
2016-10-17,41650,0.73,22896677200
2016-10-18,41650,0.0,25309366600
2016-10-19,41450,-0.48,19414505350
2016-10-20,40800,-1.57,49832854550
2016-10-21,41050,0.61,22865395750
2016-10-24,41350,0.73,23057737900
2016-10-25,41650,0.73,35249255650
2016-10-26,41450,-0.48,27071740300
2016-10-27,41650,0.48,31668619050
2016-10-28,41150,-1.2,37876686400
2016-10-31,40700,-1.09,34108790150
2016-11-01,40850,0.37,20168285250
2016-11-02,40850,0.0,23742723000
2016-11-03,41150,0.73,27742489600
2016-11-04,41000,-0.36,22424440250
2016-11-07,40900,-0.24,15954465650
2016-11-08,41450,1.34,24546511100
2016-11-09,39850,-3.86,77658689200
2016-11-10,38100,-4.39,123766794400
2016-11-11,38000,-0.26,79609127100
2016-11-14,37600,-1.05,56322345950
2016-11-15,36950,-1.73,73520944500
2016-11-16,37000,0.14,74411807642
2016-11-17,36650,-0.95,49409962850
2016-11-18,36650,0.0,56096126532
2016-11-21,37000,0.95,31274225150
2016-11-22,36950,-0.14,26897268550
2016-11-23,36750,-0.54,34952953750
2016-11-24,36950,0.54,21314287600
2016-11-25,36900,-0.14,18981186658
2016-11-28,37050,0.41,20055097850
2016-11-29,37150,0.27,17190605700
2016-11-30,37400,0.67,44613429400
2016-12-01,37150,-0.67,29143948288
2016-12-02,37200,0.13,28899877800
2016-12-05,37350,0.4,19319748150
2016-12-06,38000,1.74,25358930519
2016-12-07,37650,-0.92,23220400650
2016-12-08,38900,3.32,44441849550
2016-12-09,39050,0.39,29766728600
2016-12-12,38850,-0.51,25151642400
2016-12-13,39600,1.93,34527722800
2016-12-14,39600,0.0,28217726750
2016-12-15,39200,-1.01,28075597500
2016-12-16,39250,0.13,28298176000
2016-12-19,39250,0.0,16754844500
2016-12-20,39350,0.25,18082082100
2016-12-21,39250,-0.25,18196918100
2016-12-22,38800,-1.15,34515183250
2016-12-23,39100,0.77,41858328950
2016-12-26,39000,-0.26,18173653350
2016-12-27,39500,1.28,34684032250
2016-12-28,38950,-1.39,25771685800
2016-12-29,39250,0.77,22979519500
2017-01-02,39500,0.64,17184591300
2017-01-03,40750,3.16,46875281850
2017-01-04,41300,1.35,47658453450
2017-01-05,41100,-0.48,45712734750
2017-01-06,40750,-0.85,36133669950
2017-01-09,40350,-0.98,28171667900
2017-01-10,40500,0.37,23748814850
2017-01-11,40300,-0.49,39208806340
2017-01-12,40550,0.62,35995227150
2017-01-13,40550,0.0,21001929600
2017-01-16,40500,-0.12,21345826550
2017-01-17,40700,0.49,26669737900
2017-01-18,41150,1.11,36890432951
2017-01-19,40800,-0.85,34993075350
2017-01-20,39750,-2.57,48249865050
2017-01-23,39400,-0.88,32997059250
2017-01-24,38400,-2.54,51299105450
2017-01-25,37500,-2.34,43628844900
2017-01-26,37750,0.67,42681836100
2017-01-31,36400,-3.58,68742389800
2017-02-01,36500,0.27,39496037450
2017-02-02,35700,-2.19,58735091550
2017-02-03,36150,1.26,35766083550
2017-02-06,35900,-0.69,28916648150
2017-02-07,36650,2.09,38115957700
2017-02-08,36800,0.41,29015339000
2017-02-09,36500,-0.82,26794261950
2017-02-10,36800,0.82,25634258950
2017-02-13,36900,0.27,19493066500
2017-02-14,37000,0.27,29837657750
2017-02-15,37350,0.95,29204806500
2017-02-16,37600,0.67,34114653350
2017-02-17,37950,0.93,31324648500
2017-02-20,37800,-0.4,18491076850
2017-02-21,38000,0.53,23130856400
2017-02-22,38350,0.92,22897131750
2017-02-23,37850,-1.3,33193608100
2017-02-24,38100,0.66,19406331750
2017-02-27,38250,0.39,13696701200
2017-02-28,38250,0.0,26250029850
2017-03-02,37100,-3.01,57025990125
2017-03-03,36500,-1.62,40559172950
2017-03-06,36550,0.14,24512978000
2017-03-07,36700,0.41,20524982950
2017-03-08,36300,-1.09,23988340600
2017-03-09,36250,-0.14,26345155250
2017-03-10,36300,0.14,26262839650
2017-03-13,36450,0.41,19778420650
2017-03-14,36400,-0.14,31266860800
2017-03-15,36100,-0.82,36550027900
2017-03-16,36950,2.35,42628210100
2017-03-17,36850,-0.27,37864513850
2017-03-20,37000,0.41,24381322350
2017-03-21,38300,3.51,110284503150
2017-03-22,37450,-2.22,56133896850
2017-03-23,37300,-0.4,33901277150
2017-03-24,37250,-0.13,27733472750
2017-03-27,36850,-1.07,31140067050
2017-03-28,36600,-0.68,23646065300
2017-03-29,36350,-0.68,29428589800
2017-03-30,36600,0.69,40868339861
2017-03-31,37050,1.23,33950295650
2017-04-03,36850,-0.54,31388238350
2017-04-04,36350,-1.36,32936615050
2017-04-05,35950,-1.1,59760985650
2017-04-06,35850,-0.28,38539957700
2017-04-07,35550,-0.84,52024003400
2017-04-10,35550,0.0,32468541650
2017-04-11,35000,-1.55,45806944466
2017-04-12,35100,0.29,28440884850
2017-04-13,34750,-1.0,53565823500
2017-04-14,34550,-0.58,15574684900
2017-04-17,34950,1.16,14852915850
2017-04-18,34700,-0.72,26681536633
2017-04-19,34100,-1.73,48895942250
2017-04-20,34900,2.35,33698750200
2017-04-21,34850,-0.14,27823130400
2017-04-24,35200,1.0,20509259200
2017-04-25,35200,0.0,32377745800
2017-04-26,35900,1.99,53744780700
2017-04-27,35000,-2.51,62296962100
2017-04-28,34850,-0.43,32430360800
2017-05-02,35100,0.72,32076407650
2017-05-04,35250,0.43,27340020900
2017-05-08,35750,1.42,48090209700
2017-05-10,36100,0.98,70482197950
2017-05-11,36850,2.08,57451657900
2017-05-12,36500,-0.95,34470860000
2017-05-15,36800,0.82,25867228450
2017-05-16,36900,0.27,36936472100
2017-05-17,37150,0.68,33284158800
2017-05-18,38200,2.83,96139099850
2017-05-19,38800,1.57,98981379850
2017-05-22,39050,0.64,54558370900
2017-05-23,39200,0.38,77736167150
2017-05-24,39000,-0.51,41634920990
2017-05-25,38950,-0.13,34591307050
2017-05-26,38850,-0.26,32875542150
2017-05-29,39250,1.03,45024035300
2017-05-30,39150,-0.25,25369877150
2017-05-31,39050,-0.26,51048245150
2017-06-01,39550,1.28,50777271500
2017-06-02,39200,-0.88,39734066750
2017-06-05,38750,-1.15,25733360850
2017-06-07,38850,0.26,36822075450
2017-06-08,39150,0.77,46583290200
2017-06-09,39000,-0.38,36522272600
2017-06-12,38950,-0.13,24522619700
2017-06-13,39200,0.64,30330875100
2017-06-14,40100,2.3,67542016250
2017-06-15,39300,-2.0,50782892000
2017-06-16,39750,1.15,31152168100
2017-06-19,39750,0.0,30304692950
2017-06-20,39400,-0.88,29808052150
2017-06-21,38100,-3.3,62527168002
2017-06-22,38300,0.52,28232207400
2017-06-23,38850,1.44,26949136800
2017-06-26,38650,-0.51,17004521300
2017-06-27,38000,-1.68,34111126350
2017-06-28,37850,-0.39,28336127650
2017-06-29,38150,0.79,18788470500
2017-06-30,38200,0.13,17404922880
2017-07-03,38700,1.31,31942188100
2017-07-04,38000,-1.81,25230711500
2017-07-05,38000,0.0,21277793850
2017-07-06,37700,-0.79,18183643050
2017-07-07,37300,-1.06,40676353350
2017-07-10,36700,-1.61,33822035400
2017-07-11,36800,0.27,21536949650
2017-07-12,37000,0.54,23420193100
2017-07-13,37000,0.0,39408074450
2017-07-14,37400,1.08,24023868650
2017-07-17,37600,0.53,17333373400
2017-07-18,37000,-1.6,35688784444
2017-07-19,37050,0.14,24915638200
2017-07-20,36450,-1.62,31487141850
2017-07-21,36550,0.27,23967983100
2017-07-24,36500,-0.14,17099941700
2017-07-25,36800,0.82,30915149250
2017-07-26,36900,0.27,49004931900
2017-07-27,37000,0.27,37932123950
2017-07-28,37200,0.54,41800671150
2017-07-31,36600,-1.61,39045818300
2017-08-01,36750,0.41,21525034350
2017-08-02,36850,0.27,23115092500
2017-08-03,36950,0.27,33269031786
2017-08-04,37600,1.76,36242183050
2017-08-07,37050,-1.46,29599330900
2017-08-08,35400,-4.45,68050395150
2017-08-09,35500,0.28,26555725900
2017-08-10,35350,-0.42,32094586450
2017-08-11,35200,-0.42,36223495050
2017-08-14,35700,1.42,24101085200
2017-08-16,35450,-0.7,22120875550
2017-08-17,35250,-0.56,21928647450
2017-08-18,35350,0.28,15746978000
2017-08-21,35700,0.99,17599811950
2017-08-22,35500,-0.56,12763342250
2017-08-23,35200,-0.85,20065512750
2017-08-24,34800,-1.14,30417340650
2017-08-25,35350,1.58,18348422600
2017-08-28,35900,1.56,29822399400
2017-08-29,35750,-0.42,18135896850
2017-08-30,36750,2.8,54398908250
2017-08-31,35450,-3.54,116653879200
2017-09-01,35550,0.28,31280815850
2017-09-04,34900,-1.83,23733023750
2017-09-05,34100,-2.29,39760499600
2017-09-06,32850,-3.67,62171357200
2017-09-07,32900,0.15,46763196918
2017-09-08,32000,-2.74,64990600900
2017-09-11,31800,-0.63,42078769350
2017-09-12,31150,-2.04,45450872850
2017-09-13,30250,-2.89,78730919900
2017-09-14,30600,1.16,44883362450
2017-09-15,30900,0.98,34203626300
2017-09-18,30550,-1.13,24109547600
2017-09-19,31000,1.47,31410687900
2017-09-20,31350,1.13,34907666346
2017-09-21,30600,-2.39,34583928650
2017-09-22,30400,-0.65,44290543648
2017-09-25,30200,-0.66,25911339850
2017-09-26,30950,2.48,47125289800
2017-09-27,31450,1.62,40972789300
2017-09-28,30850,-1.91,37319564500
2017-09-29,31650,2.59,39680845400
2017-10-10,31950,0.95,50293609650
2017-10-11,32550,1.88,47228232200
2017-10-12,32300,-0.77,46502306250
2017-10-13,32100,-0.62,22067378100
2017-10-16,32350,0.78,22724772300
2017-10-17,31500,-2.63,29978999950
2017-10-18,32950,4.6,54586468500
2017-10-19,33250,0.91,44317575600
2017-10-20,33400,0.45,24285092250
2017-10-23,33850,1.35,38423484700
2017-10-24,33800,-0.15,24520960850
2017-10-25,33250,-1.63,33431929950
2017-10-26,34250,3.01,51582906350
2017-10-27,34400,0.44,40123166950
2017-10-30,34550,0.44,27183912050
2017-10-31,35400,2.46,51973699850
2017-11-01,35350,-0.14,30904554200
2017-11-02,35150,-0.57,24106321650
2017-11-03,35250,0.28,30562539550
2017-11-06,34900,-0.99,29407261400
2017-11-07,34750,-0.43,28846280450
2017-11-08,34500,-0.72,24124651500
2017-11-09,35000,1.45,29390216750
2017-11-10,34750,-0.71,21623738225
2017-11-13,35800,3.02,46951473225
2017-11-14,35050,-2.09,36416483800
2017-11-15,35000,-0.14,26517314400
2017-11-16,34200,-2.29,35649725350
2017-11-17,33850,-1.02,34695388050
2017-11-20,33750,-0.3,29465878900
2017-11-21,33650,-0.3,21789069200
2017-11-22,33150,-1.49,37099322500
2017-11-23,33150,0.0,42613016550
2017-11-24,33050,-0.3,25527514050
2017-11-27,32750,-0.91,43183766250
2017-11-28,32950,0.61,44757313400
2017-11-29,33350,1.21,29477548500
2017-11-30,33650,0.9,69395192500
2017-12-01,33150,-1.49,28550568300
2017-12-04,33100,-0.15,19278335200
2017-12-05,33750,1.96,26343662350
2017-12-06,33900,0.44,31750998250
2017-12-07,33250,-1.92,32656172100
2017-12-08,33000,-0.75,34055810350
2017-12-11,32450,-1.67,45494242050
2017-12-12,32700,0.77,23575145644
2017-12-13,33100,1.22,20569213800
2017-12-14,32500,-1.81,44828005950
2017-12-15,33250,2.31,32523620550
2017-12-18,33300,0.15,14782958250
2017-12-19,33150,-0.45,20647876400
2017-12-20,33300,0.45,24280191350
2017-12-21,32900,-1.2,21131753300
2017-12-22,33100,0.61,26577224900
2017-12-26,33200,0.3,29311124500
2017-12-27,33350,0.45,21954574550
2017-12-28,33500,0.45,21335308240
2018-01-02,32800,-2.09,31878463750
2018-01-03,32600,-0.61,25673394500
2018-01-04,31550,-3.22,52687503169
2018-01-05,31950,1.27,25510330850
2018-01-08,32400,1.41,26028984550
2018-01-09,32500,0.31,22559132250
2018-01-10,33050,1.69,35502901919
2018-01-11,32500,-1.66,21025137900
2018-01-12,32100,-1.23,27280794550
2018-01-15,32050,-0.16,24103558100
2018-01-16,32650,1.87,21573473000
2018-01-17,32850,0.61,24776023600
2018-01-18,32700,-0.46,23651840900
2018-01-19,34050,4.13,61279909800
2018-01-22,33750,-0.88,33518685800
2018-01-23,33800,0.15,38918194250
2018-01-24,33900,0.3,24114822550
2018-01-25,33900,0.0,31227488500
2018-01-26,33500,-1.18,51632296500
2018-01-29,33900,1.19,32738703050
2018-01-30,34200,0.88,38611768200
2018-01-31,34650,1.32,57552314900
2018-02-01,34350,-0.87,34077455150
2018-02-02,35250,2.62,97278569350
2018-02-05,34950,-0.85,61655936400
2018-02-06,34400,-1.57,46316908850
2018-02-07,34050,-1.02,47190536213
2018-02-08,33900,-0.44,42239579100
2018-02-09,33050,-2.51,40678555750
2018-02-12,32850,-0.61,55051491650
2018-02-13,32100,-2.28,40623671350
2018-02-14,32600,1.56,22641527650
2018-02-19,33100,1.53,22838112200
2018-02-20,32800,-0.91,23940281350
2018-02-21,33850,3.2,38830200750
2018-02-22,33650,-0.59,27723291000
2018-02-23,34000,1.04,34624310000
2018-02-26,34200,0.59,24649147800
2018-02-27,34450,0.73,30748237450
2018-02-28,34350,-0.29,44575854000
2018-03-02,33500,-2.47,33065000400
2018-03-05,33400,-0.3,34367665700
2018-03-06,34000,1.8,32255342900
2018-03-07,33100,-2.65,42266449350
2018-03-08,33300,0.6,39392435700
2018-03-09,32900,-1.2,33819837900
2018-03-12,32850,-0.15,27764225400
2018-03-13,32550,-0.91,37044524250
2018-03-14,32800,0.77,25185551250
2018-03-15,32350,-1.37,29649379850
2018-03-16,32550,0.62,31181742350
2018-03-19,31400,-3.53,54572789400
2018-03-20,31950,1.75,29263933450
2018-03-21,31800,-0.47,28899963915
2018-03-22,31900,0.31,32451631850
2018-03-23,31300,-1.88,38468583950
2018-03-26,31450,0.48,38365835500
2018-03-27,31750,0.95,31756436350
2018-03-28,33000,3.94,68930967200
2018-03-29,31850,-3.48,54332613500
2018-03-30,31000,-2.67,51624897200
2018-04-02,31200,0.65,27306507900
2018-04-03,31750,1.76,143869781250
2018-04-04,32550,2.52,50911772900
2018-04-05,32350,-0.61,29760110850
2018-04-06,32050,-0.93,22684335900
2018-04-09,31700,-1.09,30350257150
2018-04-10,32250,1.74,25841111050
2018-04-11,31800,-1.4,24329944200
2018-04-12,31650,-0.47,29175721300
2018-04-13,31250,-1.26,33537725900
2018-04-16,31350,0.32,11351649100
2018-04-17,31450,0.32,20404635000
2018-04-18,31700,0.79,21175164400
2018-04-19,31200,-1.58,29064189050
2018-04-20,31350,0.48,27100167600
2018-04-23,31350,0.0,19491956450
2018-04-24,31400,0.16,22849121350
2018-04-25,31350,-0.16,23833707100
2018-04-26,31050,-0.96,40043523950
2018-04-27,32200,3.7,63601347750
2018-04-30,33100,2.8,56524725500
2018-05-02,33050,-0.15,46491953800
2018-05-03,33900,2.57,73077754800
2018-05-04,33750,-0.44,36998479450
2018-05-08,33850,0.3,40919822350
2018-05-09,33550,-0.89,35537580150
2018-05-10,33450,-0.3,32145299708
2018-05-11,33900,1.35,21102427950
2018-05-14,33750,-0.44,15674722350
2018-05-15,33600,-0.44,20565538100
2018-05-16,33700,0.3,15000488600
2018-05-17,33500,-0.59,17889977100
2018-05-18,33750,0.75,13201828800
2018-05-21,33950,0.59,16004057850
2018-05-23,33650,-0.88,29717924150
2018-05-24,32700,-2.82,56836019300
2018-05-25,32250,-1.38,25775509050
2018-05-28,32300,0.16,23199282600
2018-05-29,31650,-2.01,28547653608
2018-05-30,31700,0.16,28030244750
2018-05-31,31150,-1.74,45905113600
2018-06-01,31900,2.41,22553343500
2018-06-04,33750,5.8,73949857714
2018-06-05,33100,-1.93,28836235800
2018-06-07,33400,0.91,28267795000
2018-06-08,33100,-0.9,17607313050
2018-06-11,32600,-1.51,25220333250
2018-06-12,32850,0.77,29300732250
2018-06-14,32250,-1.83,41775822446
2018-06-15,32200,-0.16,31425568200
2018-06-18,32000,-0.62,30322758450
2018-06-19,31700,-0.94,42540442650
2018-06-20,31500,-0.63,30227061950
2018-06-21,30800,-2.22,44702395900
2018-06-22,31300,1.62,25009694000
2018-06-25,31450,0.48,22383669350
2018-06-26,31950,1.59,28131510000
2018-06-27,31000,-2.97,28023898000
2018-06-28,30700,-0.97,23126462050
2018-06-29,30850,0.49,19349920300
2018-07-02,30800,-0.16,27322127150
2018-07-03,30950,0.49,23627957550
2018-07-04,29550,-4.52,48091642500
2018-07-05,29700,0.51,25426823850
2018-07-06,31050,4.55,42230922950
2018-07-09,31400,1.13,18054999450
2018-07-10,31100,-0.96,18478645750
2018-07-11,30900,-0.64,19836549550
2018-07-12,31350,1.46,36928720990
2018-07-13,31450,0.32,18811410100
2018-07-16,31950,1.59,24013840250
2018-07-17,32400,1.41,29827529345
2018-07-18,31600,-2.47,17746761550
2018-07-19,31900,0.95,21095687550
2018-07-20,32200,0.94,20822626950
2018-07-23,32500,0.93,24671123550
2018-07-24,31800,-2.15,33654944300
2018-07-25,32200,1.26,23187744750
2018-07-26,31850,-1.09,22286272000
2018-07-27,31950,0.31,20486312250
2018-07-30,31700,-0.78,13049473450
2018-07-31,31700,0.0,20154298154
2018-08-01,31750,0.16,12471210700
2018-08-02,31050,-2.2,13843970450
2018-08-03,31000,-0.16,15477264700
2018-08-06,31600,1.94,13345309450
2018-08-07,31850,0.79,19243462879
2018-08-08,32150,0.94,15630696200
2018-08-09,32050,-0.31,26177109900
2018-08-10,32250,0.62,15989976950
2018-08-13,32300,0.16,20855982900
2018-08-14,31500,-2.48,23839907550
2018-08-16,32400,2.86,29212177400
2018-08-17,32100,-0.93,13212588000
2018-08-20,32300,0.62,17386920350
2018-08-21,32250,-0.15,27954305550
2018-08-22,32050,-0.62,21581596400
2018-08-23,31650,-1.25,22873457500
2018-08-24,31250,-1.26,20663705550
2018-08-27,31500,0.8,14458614200
2018-08-28,32000,1.59,30512793550
2018-08-29,31850,-0.47,14042638150
2018-08-30,32150,0.94,18779119250
2018-08-31,32050,-0.31,18950498350
2018-09-03,31800,-0.78,15779091200
2018-09-04,31600,-0.63,19750768950
2018-09-05,32200,1.9,39727599850
2018-09-06,33650,4.5,82845974150
2018-09-07,34250,1.78,66551778864
2018-09-10,34000,-0.73,53829528200
2018-09-11,34050,0.15,34043580333
2018-09-12,34400,1.03,27418981350
2018-09-13,34150,-0.73,33132487650
2018-09-14,34050,-0.29,25674934400
2018-09-17,34050,0.0,18069362850
2018-09-18,34500,1.32,41946903626
2018-09-19,34550,0.14,32919019700
2018-09-20,34850,0.87,51075928700
2018-09-21,34550,-0.86,31885697450
2018-09-27,35250,2.03,53718894650
2018-09-28,35100,-0.43,39264288350
2018-10-01,34350,-2.14,27846667950
2018-10-02,34750,1.16,30709908150
2018-10-04,33700,-3.02,41855205050
2018-10-05,34200,1.48,31872153750
2018-10-08,33900,-0.88,23593373650
2018-10-10,33850,-0.15,41495490400
2018-10-11,33100,-2.22,42123663400
2018-10-12,33250,0.45,37142847500
2018-10-15,31100,-6.47,63615517550
2018-10-16,31300,0.64,29146317700
2018-10-17,30800,-1.6,30167390700
2018-10-18,29700,-3.57,61931688600
2018-10-19,29400,-1.01,38379137150
2018-10-22,29450,0.17,22740616600
2018-10-23,28350,-3.74,36891626850
2018-10-24,28700,1.23,37563426200
2018-10-25,27000,-5.92,69631144600
2018-10-26,27850,3.15,66744024150
2018-10-29,28000,0.54,46017071082
2018-10-30,27900,-0.36,26314839200
2018-10-31,28400,1.79,36557400200
2018-11-01,28700,1.06,25187198000
2018-11-02,29550,2.96,34516851300
2018-11-05,28300,-4.23,33271313800
2018-11-06,28950,2.3,21042922500
2018-11-07,28550,-1.38,24427866850
2018-11-08,28500,-0.18,25273631350
2018-11-09,28850,1.23,18880756000
2018-11-12,28250,-2.08,17717891150
2018-11-13,28300,0.18,20123252650
2018-11-14,28950,2.3,19695461400
2018-11-15,29950,3.45,31075341850
2018-11-16,29500,-1.5,20464253300
2018-11-19,29700,0.68,17855775800
2018-11-20,28300,-4.71,31584746900
2018-11-21,28950,2.3,22936860200
2018-11-22,27500,-5.01,33660384100
2018-11-23,27750,0.91,13360213150
2018-11-26,28700,3.42,25131662860
2018-11-27,29450,2.61,23895682350
2018-11-28,29850,1.36,23237006700
2018-11-29,29450,-1.34,24550170850
2018-11-30,30500,3.57,43897623700
2018-12-03,30400,-0.33,16434885850
2018-12-04,30450,0.16,21942485199
2018-12-05,30600,0.49,12414011100
2018-12-06,30950,1.14,26298244600
2018-12-07,30950,0.0,20246825250
2018-12-10,31000,0.16,15007221250
2018-12-11,31400,1.29,18576742250
2018-12-12,32350,3.03,54338225150
2018-12-13,33450,3.4,58193200300
2018-12-14,32500,-2.84,33404645550
2018-12-17,33100,1.85,28761123350
2018-12-18,33700,1.81,31138422200
2018-12-19,33800,0.3,25587496250
2018-12-20,33800,0.0,26332764750
2018-12-21,33850,0.15,31068449700
2018-12-24,33500,-1.03,24510550900
2018-12-26,33400,-0.3,38225326550
2018-12-27,33050,-1.05,24150850600
2018-12-28,33700,1.97,21956092050
2019-01-02,32800,-2.67,15698385400
2019-01-03,32850,0.15,30251274300
2019-01-04,34850,6.09,54444317800
2019-01-07,34200,-1.87,26656688000
2019-01-08,33800,-1.17,34378613050
2019-01-09,34800,2.96,29211077450
2019-01-10,34300,-1.44,34771081800
2019-01-11,33950,-1.02,31104471200
2019-01-14,33800,-0.44,24586341050
2019-01-15,34550,2.22,35749991000
2019-01-16,34850,0.87,20998154900
2019-01-17,34950,0.29,23515082400
2019-01-18,35800,2.43,40990719650
2019-01-21,35350,-1.26,30603883150
2019-01-22,35850,1.41,34856304550
2019-01-23,36550,1.95,41220153281
2019-01-24,36650,0.27,45569899650
2019-01-25,35750,-2.46,50737510200
2019-01-28,34850,-2.52,44685173250
2019-01-29,34950,0.29,34840000000
2019-01-30,36150,3.43,42823050468
2019-01-31,36350,0.55,39634738050
2019-02-01,35850,-1.38,29781280650
2019-02-07,36100,0.7,29753550100
2019-02-08,36400,0.83,22880292550
2019-02-11,37000,1.65,47146485600
2019-02-12,37000,0.0,42606567050
2019-02-13,35750,-3.38,42344932600
2019-02-14,36500,2.1,48014075557
2019-02-15,35900,-1.64,15912658150
2019-02-18,35600,-0.84,25742310250
2019-02-19,35150,-1.26,23751942500
2019-02-20,35200,0.14,45222171600
2019-02-21,35600,1.14,27127413250
2019-02-22,35600,0.0,15249856000
2019-02-25,35700,0.28,18071245900
2019-02-26,36400,1.96,37636415400
2019-02-27,36950,1.51,34588789800
2019-02-28,36550,-1.08,39931785384
2019-03-04,35450,-3.01,46139453900
2019-03-05,34850,-1.69,46500419000
2019-03-06,34500,-1.0,34769072800
2019-03-07,34200,-0.87,43598249950
2019-03-08,33650,-1.61,24746348350
2019-03-11,33900,0.74,23003160600
2019-03-12,34600,2.06,29390927600
2019-03-13,34350,-0.72,28301407200
2019-03-14,34000,-1.02,48200006200
2019-03-15,33750,-0.74,58910923250
2019-03-18,34700,2.81,21877195750
2019-03-19,34700,0.0,23525390900
2019-03-20,34850,0.43,18259753450
2019-03-21,34200,-1.87,26105165200
2019-03-22,34500,0.88,30606537700
2019-03-25,33800,-2.03,13585415350
2019-03-26,34100,0.89,22660886350
2019-03-27,34600,1.47,26547122250
2019-03-28,34450,-0.43,29510959050
2019-03-29,35350,2.61,50283392400
2019-04-01,35450,0.28,19594554350
2019-04-02,35100,-0.99,34567901750
2019-04-03,36400,3.7,59472241350
2019-04-04,37400,2.75,66692789570
2019-04-05,37700,0.8,36209710100
2019-04-08,39000,3.45,60087886300
2019-04-09,38950,-0.13,44471079206
2019-04-10,40100,2.95,81072379657
2019-04-11,40550,1.12,71335834400
2019-04-12,40600,0.12,59583901037
2019-04-15,40650,0.12,38916962950
2019-04-16,41800,2.83,91532991400
2019-04-17,42300,1.2,69688416850
2019-04-18,42550,0.59,91936217608
2019-04-19,42500,-0.12,34205311400
2019-04-22,42800,0.71,35083181850
2019-04-23,43150,0.82,43186076700
2019-04-24,43900,1.74,100546058500
2019-04-25,42450,-3.3,140048119538
2019-04-26,42950,1.18,85776495200
2019-04-29,45250,5.36,126262133450
2019-04-30,45250,0.0,105996717650
2019-05-02,44900,-0.77,60913993400
2019-05-03,43300,-3.56,92010370874
2019-05-07,44300,2.31,93592778800
2019-05-08,44000,-0.68,64356547400
2019-05-09,43100,-2.05,79090480350
2019-05-10,42350,-1.74,64595716600
2019-05-13,42350,0.0,61421632500
2019-05-14,42350,0.0,62461639850
2019-05-15,41950,-0.94,49243232650
2019-05-16,42350,0.95,96198552550
2019-05-17,42000,-0.83,47896732200
2019-05-20,42650,1.55,56140735100
2019-05-21,41300,-3.17,58010331500
2019-05-22,41150,-0.36,44647316900
2019-05-23,40800,-0.85,66451156950
2019-05-24,41100,0.74,31391956500
2019-05-27,41650,1.34,31432221000
2019-05-28,40900,-1.8,96065634600
2019-05-29,40900,0.0,53775429750
2019-05-30,41200,0.73,30888174700
2019-05-31,39350,-4.49,105131452180
2019-06-03,39500,0.38,60888343350
2019-06-04,40550,2.66,55079221750
2019-06-05,41650,2.71,63672359100
2019-06-07,41150,-1.2,76191715200
2019-06-10,43000,4.5,58074022800
2019-06-11,42800,-0.47,47874111050
2019-06-12,42800,0.0,35861074800
2019-06-13,41550,-2.92,57798852550
2019-06-14,42150,1.44,35989279200
2019-06-17,42350,0.47,21553870850
2019-06-18,43000,1.53,38101287700
2019-06-19,42350,-1.51,39530812800
2019-06-20,42400,0.12,22306326950
2019-06-21,42350,-0.12,35174297650
2019-06-24,43400,2.48,67927659450
2019-06-25,43500,0.23,39269948700
2019-06-26,43650,0.34,40877988350
2019-06-27,43850,0.46,44278501900
2019-06-28,44000,0.34,33371960700
2019-07-01,42900,-2.5,32905812750
2019-07-02,42950,0.12,31088833350
2019-07-03,41650,-3.03,36394455400
2019-07-04,42650,2.4,21891389650
2019-07-05,43400,1.76,30012919350
2019-07-08,43250,-0.35,36580930150
2019-07-09,43350,0.23,43873766950
2019-07-10,42950,-0.92,29997982250
2019-07-11,42850,-0.23,44049600750
2019-07-12,43000,0.35,32061354250
2019-07-15,42900,-0.23,17705656100
2019-07-16,42100,-1.86,39319207700
2019-07-17,42650,1.31,32117609500
2019-07-18,43100,1.06,31019620950
2019-07-19,43300,0.46,32764195900
2019-07-22,42850,-1.04,25566388500
2019-07-23,42600,-0.58,53289320900
2019-07-24,43900,3.05,75189489850
2019-07-25,43400,-1.14,55828120150
2019-07-26,43600,0.46,62894288750
2019-07-29,42850,-1.72,33611610600
2019-07-30,43850,2.33,67813210400
2019-07-31,43750,-0.23,54021093950
2019-08-01,42850,-2.06,33514110150
2019-08-02,42800,-0.12,47789611550
2019-08-05,43300,1.17,64296784671
2019-08-06,41650,-3.81,64227753250
2019-08-07,42050,0.96,45019050500
2019-08-08,43050,2.38,56440278450
2019-08-09,43450,0.93,34893316350
2019-08-12,43750,0.69,39122222125
2019-08-13,43750,0.0,33226077700
2019-08-14,43650,-0.23,35840167200
2019-08-16,43600,-0.11,25675248400
2019-08-19,43500,-0.23,17736065550
2019-08-20,42950,-1.26,40596930050
2019-08-21,42700,-0.58,38722646900
2019-08-22,41950,-1.76,37667964950
2019-08-23,42350,0.95,26634723050
2019-08-26,42100,-0.59,23386976600
2019-08-27,41800,-0.71,42227499250
2019-08-28,42850,2.51,38751389150
2019-08-29,43450,1.4,28587985750
2019-08-30,43700,0.58,40176554950
2019-09-02,43900,0.46,48652610750
2019-09-03,43950,0.11,34300206800
2019-09-04,43700,-0.57,39342331700
2019-09-05,43500,-0.46,42754321750
2019-09-06,43650,0.34,39975340350
2019-09-09,43100,-1.26,31382761150
2019-09-10,43200,0.23,24636997800
2019-09-11,44100,2.08,69902114400
2019-09-16,43850,-0.57,46262057000
2019-09-17,44000,0.34,58074895686
2019-09-18,43850,-0.34,26341482000
2019-09-19,43550,-0.68,36558215700
2019-09-20,44000,1.03,56931543850
2019-09-23,46400,5.45,135486718050
2019-09-24,46050,-0.75,60462196850
2019-09-25,45850,-0.43,40100069750
2019-09-26,44900,-2.07,48249434700
2019-09-27,45350,1.0,32993282161
2019-09-30,45600,0.55,35523153400
2019-10-01,45050,-1.21,37076663500
2019-10-02,44300,-1.66,35082907550
2019-10-04,42750,-3.5,48422520300
2019-10-07,42850,0.23,30618255050
2019-10-08,43750,2.1,43041711450
2019-10-10,42300,-3.31,64202431950
2019-10-11,41950,-0.83,33017233714
2019-10-14,40800,-2.74,59868088750
2019-10-15,40550,-0.61,47262342400
2019-10-16,41400,2.1,43943565850
2019-10-17,40650,-1.81,39589967500
2019-10-18,40600,-0.12,32079960750
2019-10-21,40400,-0.49,25838719550
2019-10-22,40600,0.5,44320468750
2019-10-23,40550,-0.12,27771874050
2019-10-24,41400,2.1,51346817950
2019-10-25,41650,0.6,55813218850
2019-10-28,41100,-1.32,36217427350
2019-10-29,42700,3.89,55808495263
2019-10-30,42300,-0.94,40855072000
2019-10-31,42550,0.59,52415658650
2019-11-01,42500,-0.12,33445151700
2019-11-04,42500,0.0,27001847450
2019-11-05,42800,0.71,35761264750
2019-11-06,42700,-0.23,34000612850
2019-11-07,43250,1.29,38804776050
2019-11-08,43100,-0.35,37537635200
2019-11-11,42950,-0.35,32849160300
2019-11-12,43700,1.75,31514787500
2019-11-13,42800,-2.06,32913315000
2019-11-14,43500,1.64,45710772600
2019-11-15,43600,0.23,27249835550
2019-11-18,43700,0.23,29791172874
2019-11-19,43500,-0.46,32329974050
2019-11-20,43750,0.57,41726259750
2019-11-21,43700,-0.11,43055605150
2019-11-22,44200,1.14,49670570050
2019-11-25,44700,1.13,44890950100
2019-11-26,43950,-1.68,70571836600
2019-11-27,44100,0.34,31133961000
2019-11-28,44550,1.02,27085233250
2019-11-29,43250,-2.92,37463692800
2019-12-02,42650,-1.39,42993735850
2019-12-03,43000,0.82,40435042600
2019-12-04,42950,-0.12,50532434990
2019-12-05,43750,1.86,47681196750
2019-12-06,43800,0.11,29475046050
2019-12-09,43350,-1.03,25285393336
2019-12-10,44050,1.61,27726848050
2019-12-11,44250,0.45,41757849050
2019-12-12,45000,1.69,82387941000
2019-12-13,44450,-1.22,38055018681
2019-12-16,44450,0.0,32739568650
2019-12-17,44650,0.45,39966984730
2019-12-18,45250,1.34,35204621350
2019-12-19,44700,-1.22,32491440300
2019-12-20,44700,0.0,33556930100
2019-12-23,44750,0.11,25275452850
2019-12-24,44700,-0.11,21557394000
2019-12-26,45100,0.89,19772712800
2019-12-27,44350,-1.66,36571640850
2019-12-30,44300,-0.11,28644726150
2020-01-02,42500,-4.06,58030148850
2020-01-03,42000,-1.18,65840710600
2020-01-06,41900,-0.24,34692784450
2020-01-07,42050,0.36,47170597550
2020-01-08,41300,-1.78,41212480260
2020-01-09,40750,-1.33,77805561250
2020-01-10,40400,-0.86,59195418650
2020-01-13,40450,0.12,52371817389
2020-01-14,41150,1.73,57692877200
2020-01-15,41200,0.12,37789178850
2020-01-16,41150,-0.12,45548162200
2020-01-17,41400,0.61,42103435550
2020-01-20,41600,0.48,30094306250
2020-01-21,41600,0.0,23586988150
2020-01-22,42600,2.4,60405180100
2020-01-23,43400,1.88,89582917650
2020-01-28,42700,-1.61,69337510200
2020-01-29,42550,-0.35,43400926050
2020-01-30,41950,-1.41,43451637100
2020-01-31,40900,-2.5,55924518700
2020-02-03,40100,-1.96,57105017150
2020-02-04,40250,0.37,45412535950
2020-02-05,39400,-2.11,61750207700
2020-02-06,41300,4.82,57414245150
2020-02-07,40500,-1.94,42553795850
2020-02-10,40650,0.37,28370066350
2020-02-11,41350,1.72,47332583750
2020-02-12,41650,0.73,42151166300
2020-02-13,41250,-0.96,39525208600
2020-02-14,41650,0.97,41166092500
2020-02-17,41450,-0.48,32167397150
2020-02-18,41350,-0.24,33476009150
2020-02-19,41300,-0.12,33813786100
2020-02-20,40550,-1.82,46873400600
2020-02-21,40050,-1.23,39160481600
2020-02-24,38600,-3.62,45953887300
2020-02-25,38150,-1.17,54040202000
2020-02-26,38150,0.0,44468587900
2020-02-27,37700,-1.18,39839669750
2020-02-28,36250,-3.85,59714440650
2020-03-02,34500,-4.83,104996953750
2020-03-03,34900,1.16,49840999350
2020-03-04,35750,2.44,57815676550
2020-03-05,35900,0.42,34548520700
2020-03-06,34650,-3.48,47396972400
2020-03-09,33000,-4.76,43765275700
2020-03-10,31950,-3.18,52546733550
2020-03-11,31800,-0.47,48782173050
2020-03-12,30500,-4.09,57741706950
2020-03-13,28850,-5.41,79039215150
2020-03-16,27100,-6.07,52468382400
2020-03-17,25350,-6.46,68572538200
2020-03-18,25300,-0.2,51023930400
2020-03-19,22550,-10.87,54367815000
2020-03-20,24150,7.1,69507711200
2020-03-23,21500,-10.97,52445177250
2020-03-24,23100,7.44,66476517250
2020-03-25,25150,8.87,123886436750
2020-03-26,25050,-0.4,99980306900
2020-03-27,25500,1.8,72822093000
2020-03-30,24950,-2.16,49224621150
2020-03-31,26000,4.21,57184430850
2020-04-01,25550,-1.73,57180438350
2020-04-02,25800,0.98,42349343450
2020-04-03,25400,-1.55,37301419100
2020-04-06,26800,5.51,45001687500
2020-04-07,28250,5.41,75208902600
2020-04-08,28250,0.0,72543659100
2020-04-09,30150,6.73,94299905350
2020-04-10,31000,2.82,71194883500
2020-04-13,29500,-4.84,59834123750
2020-04-14,29850,1.19,51588748050
2020-04-16,29000,-2.85,66594961750
2020-04-17,29900,3.1,58904611950
2020-04-20,29350,-1.84,47544076600
2020-04-21,28850,-1.7,69714120300
2020-04-22,28400,-1.56,67856295950
2020-04-23,28800,1.41,57046797300
2020-04-24,27700,-3.82,61674452850
2020-04-27,28600,3.25,39122457200
2020-04-28,29250,2.27,63795666950
2020-04-29,29650,1.37,55196642000
2020-05-04,28700,-3.2,54376375300
2020-05-06,29150,1.57,46363319900
2020-05-07,29000,-0.51,38653678750
2020-05-08,30500,5.17,83775385550
2020-05-11,30550,0.16,77028176150
2020-05-12,29700,-2.78,58565456400
2020-05-13,29700,0.0,38727479600
2020-05-14,28700,-3.37,60160604300
2020-05-15,29100,1.39,36540163350
2020-05-18,29350,0.86,49734206800
2020-05-19,31700,8.01,171093012376
2020-05-20,30850,-2.68,60927504500
2020-05-21,30600,-0.81,63826236200
2020-05-22,30100,-1.63,53428083950
2020-05-25,30400,1.0,34017895850
2020-05-26,31500,3.62,83443709600
2020-05-27,31950,1.43,71752503350
2020-05-28,32100,0.47,70898967800
2020-05-29,34250,6.7,169060456000
2020-06-01,34600,1.02,87109354050
2020-06-02,36500,5.49,113567922250
2020-06-03,36800,0.82,141044942700
2020-06-04,36000,-2.17,99536041000
2020-06-05,36550,1.53,65175158700
2020-06-08,37450,2.46,95064273750
2020-06-09,36700,-2.0,80006658000
2020-06-10,36100,-1.63,57641285300
2020-06-11,35700,-1.11,79203847050
2020-06-12,35000,-1.96,68913165650
2020-06-15,32200,-8.0,80260365300
2020-06-16,34250,6.37,62731064328
2020-06-17,33250,-2.92,57555457400
2020-06-18,33400,0.45,43270922150
2020-06-19,33050,-1.05,49224569250
2020-06-22,32500,-1.66,40391190650
2020-06-23,32250,-0.77,50733151100
2020-06-24,33750,4.65,79202826050
2020-06-25,32550,-3.56,49013724200
2020-06-26,33050,1.54,44044182300
2020-06-29,32100,-2.87,40491653300
2020-06-30,32050,-0.16,38580307300
2020-07-01,32200,0.47,28556719650
2020-07-02,32200,0.0,34299276800
2020-07-03,32150,-0.16,29505441550
2020-07-06,32950,2.49,52704527550
2020-07-07,32200,-2.28,57679090650
2020-07-08,32850,2.02,56233693050
2020-07-09,32500,-1.07,37757143400
2020-07-10,32050,-1.38,34096026700
2020-07-13,33800,5.46,63974863200
2020-07-14,34000,0.59,47416364000
2020-07-15,35200,3.53,104312731350
2020-07-16,35300,0.28,67188265150
2020-07-17,36800,4.25,99433428850
2020-07-20,38000,3.26,109400007900
2020-07-21,36700,-3.42,118792985900
2020-07-22,35800,-2.45,78572015700
2020-07-23,36700,2.51,104385470150
2020-07-24,36900,0.54,101082907550
2020-07-27,37700,2.17,81174140750
2020-07-28,37700,0.0,63906871050
2020-07-29,39650,5.17,133148862150
2020-07-30,40700,2.65,104886519500
2020-07-31,40400,-0.74,72962159150
2020-08-03,39700,-1.73,72304525000
2020-08-04,41150,3.65,81561204500
2020-08-05,41100,-0.12,61528621750
2020-08-06,42150,2.55,105605626450
2020-08-07,42250,0.24,95216555950
2020-08-10,46350,9.7,306542290150
2020-08-11,47200,1.83,172353810400
2020-08-12,45250,-4.13,125011297600
2020-08-13,44900,-0.77,101170630400
2020-08-14,44400,-1.11,68678937750
2020-08-18,42700,-3.83,82233202850
2020-08-19,42300,-0.94,105864637900
2020-08-20,40250,-4.85,107539142600
2020-08-21,40750,1.24,74306578550
2020-08-24,41550,1.96,74252802000
2020-08-25,43000,3.49,120056409250
2020-08-26,43200,0.47,69114081300
2020-08-27,42200,-2.31,64698669050
2020-08-28,42750,1.3,88085788650
2020-08-31,42450,-0.7,120020888100
2020-09-01,43150,1.65,76913104000
2020-09-02,42200,-2.2,75255792250
2020-09-03,42700,1.18,59671489350
2020-09-04,42150,-1.29,63462512350
2020-09-07,42300,0.36,36915967000
2020-09-08,42300,0.0,43224528850
2020-09-09,42100,-0.47,57034988200
2020-09-10,42150,0.12,49906921950
2020-09-11,42300,0.36,33091496450
2020-09-14,44400,4.96,108771484500
2020-09-15,44650,0.56,97453772700
2020-09-16,46750,4.7,198586911200
2020-09-17,48500,3.74,306309026000
2020-09-18,47800,-1.44,109922389088
2020-09-21,48450,1.36,148523385000
2020-09-22,46300,-4.44,117331664900
2020-09-23,46000,-0.65,105667099150
2020-09-24,44550,-3.15,80587682200
2020-09-25,44000,-1.23,78309602450
2020-09-28,45500,3.41,62229417300
2020-09-29,46900,3.08,79821350550
2020-10-05,50500,7.68,208311943350
2020-10-06,50600,0.2,158021464235
2020-10-07,50300,-0.59,109061358100
2020-10-08,50900,1.19,135640692100
2020-10-12,49700,-2.36,123917280950
2020-10-13,50300,1.21,113724129150
2020-10-14,49150,-2.29,96771977750
2020-10-15,48900,-0.51,60846643850
2020-10-16,47150,-3.58,119290335300
2020-10-19,46700,-0.95,71984259050
2020-10-20,46850,0.32,199519887200
2020-10-21,45450,-2.99,105624153050
2020-10-22,45200,-0.55,73924631400
2020-10-23,46250,2.32,85334799450
2020-10-26,47950,3.68,147185888800
2020-10-27,52900,10.32,485463898950
2020-10-28,53800,1.7,188729247300
2020-10-29,53000,-1.49,169802396800
2020-10-30,50500,-4.72,131446069600
2020-11-02,51500,1.98,84715744900
2020-11-03,51000,-0.97,98002208500
2020-11-04,51500,0.98,153679598100
2020-11-05,52200,1.36,125765216100
2020-11-06,51600,-1.15,115706144000
2020-11-09,52300,1.36,87236953300
2020-11-10,54500,4.21,169081143100
2020-11-11,58100,6.61,255438026600
2020-11-12,59000,1.55,273102694200
2020-11-13,59200,0.34,239417942500
2020-11-16,59700,0.84,198465689700
2020-11-17,58500,-2.01,191659375114
2020-11-18,58200,-0.51,137003640500
2020-11-19,58800,1.03,102132246400
2020-11-20,58100,-1.19,109731305500
2020-11-23,59300,2.07,121133413100
2020-11-24,59800,0.84,121380026300
2020-11-25,59000,-1.34,115597323400
2020-11-26,58400,-1.02,101485904900
2020-11-27,58700,0.51,71732529000
2020-11-30,57800,-1.53,223962979300
2020-12-01,59800,3.46,107819538409
2020-12-02,60800,1.67,179033889000
2020-12-03,64700,6.41,259896826800
2020-12-04,65400,1.08,253249786800
2020-12-07,64600,-1.22,216504423900
2020-12-08,63100,-2.32,183145164400
2020-12-09,63700,0.95,126689498800
2020-12-10,63800,0.16,203269619400
2020-12-11,63700,-0.16,102905850500
2020-12-14,63200,-0.78,112267919800
2020-12-15,62000,-1.9,145912501300
2020-12-16,62500,0.81,85493672700
2020-12-17,62000,-0.8,82327745500
2020-12-18,62200,0.32,82618986800
2020-12-21,61300,-1.45,88128411100
2020-12-22,59800,-2.45,99008995800
2020-12-23,61400,2.68,101332076300
2020-12-24,61700,0.49,78313463700
2020-12-28,62800,1.78,142963489400
2020-12-29,62300,-0.8,114667496200
2020-12-30,62400,0.16,108662195700
2021-01-04,64000,2.56,358576180850
2021-01-05,63700,-0.47,242234070323
2021-01-06,62200,-2.35,173562263300
2021-01-07,63000,1.29,198682375300
2021-01-08,68300,8.41,1749687750300
2021-01-11,70100,2.64,838627799300
2021-01-12,70200,0.14,402570885400
2021-01-13,72200,2.85,646275344930
2021-01-14,73800,2.22,504252980700
2021-01-15,71100,-3.66,320745637100
2021-01-18,71500,0.56,248408629700
2021-01-19,83400,16.64,1061259570600
2021-01-20,87600,5.04,2443858816100
2021-01-21,91100,4.0,1134780192500
2021-01-22,87800,-3.62,630609900800
2021-01-25,93300,6.26,902405277100
2021-01-26,89700,-3.86,523904458500
2021-01-27,90000,0.33,988918703400
2021-01-28,88200,-2.0,623638720400
2021-01-29,82500,-6.46,802399732244
2021-02-01,90000,9.09,681428281300
2021-02-02,89100,-1.0,563837765200
2021-02-03,97700,9.65,3076461547500
2021-02-04,98100,0.41,1495360968500
2021-02-05,101500,3.47,1305324121300
2021-02-08,86300,-14.98,2243517246600
2021-02-09,84900,-1.62,1669582341700
2021-02-10,86400,1.77,622602866100
2021-02-15,85700,-0.81,365135104600
2021-02-16,85700,0.0,307573731500
2021-02-17,83200,-2.92,370204037800
2021-02-18,81000,-2.64,392996983100
2021-02-19,81800,0.99,388536053700
2021-02-22,80000,-2.2,315618616300
2021-02-23,78700,-1.63,337336889500
2021-02-24,75000,-4.7,363996753100
2021-02-25,77000,2.67,249649580300
2021-02-26,79400,3.12,1052863295200
2021-03-02,80100,0.88,406635513700
2021-03-03,80300,0.25,226520713400
2021-03-04,78700,-1.99,253279337700
2021-03-05,81100,3.05,489739064800
2021-03-08,82800,2.1,423515471200
2021-03-09,83500,0.85,414308717200
2021-03-10,80700,-3.35,353602069900
2021-03-11,82300,1.98,265336192300
2021-03-12,82800,0.61,204160757200
2021-03-15,85800,3.62,449475946300
2021-03-16,85800,0.0,256670483500
2021-03-17,84600,-1.4,234744253300
2021-03-18,87700,3.66,511999766500
2021-03-19,87500,-0.23,356418013100
2021-03-22,86100,-1.6,249504161890
2021-03-23,83500,-3.02,277223534300
2021-03-24,81800,-2.04,220154447400
2021-03-25,81300,-0.61,246374346000
2021-03-26,80600,-0.86,227021856500
2021-03-29,81000,0.5,202353461900
2021-03-30,84300,4.07,353560160600
2021-03-31,82900,-1.66,263349818700
2021-04-01,83500,0.72,198001463700
2021-04-02,86600,3.71,608533241300
2021-04-05,85500,-1.27,223283916700
2021-04-06,84900,-0.7,181567369500
2021-04-07,85300,0.47,146377952000
2021-04-08,87100,2.11,297859943200
2021-04-09,84600,-2.87,253910266300
2021-04-12,84300,-0.35,137099219500
2021-04-13,85500,1.42,158080103800
2021-04-14,86000,0.58,251144840700
2021-04-15,85200,-0.93,165509705800
2021-04-16,86900,2.0,420622905700
2021-04-19,85700,-1.38,338981784600
2021-04-20,85900,0.23,153980135800
2021-04-21,83800,-2.44,267619889300
2021-04-22,83400,-0.48,229660841200
2021-04-23,81300,-2.52,368065327000
2021-04-26,82700,1.72,178472804100
2021-04-27,81900,-0.97,169731405580
2021-04-28,81400,-0.61,139632863200
2021-04-29,79300,-2.58,261895874600
2021-04-30,77000,-2.9,245612841900
2021-05-03,80100,4.03,271190552200
2021-05-04,80900,1.0,165232192600
2021-05-06,80200,-0.87,159566041300
2021-05-07,80700,0.62,97971327500
2021-05-10,83000,2.85,239650917300
2021-05-11,81400,-1.93,158078102700
2021-05-12,83100,2.09,311938287400
2021-05-13,81800,-1.56,217419170500
2021-05-14,82600,0.98,214688087400
2021-05-17,81600,-1.21,145415561775
2021-05-18,83000,1.72,165592183000
2021-05-20,80300,-3.25,266520810900
2021-05-21,82700,2.99,397086759300
2021-05-24,82300,-0.48,124229583000
2021-05-25,81800,-0.61,148903184700
2021-05-26,81300,-0.61,130581764300
2021-05-27,80800,-0.62,163495863900
2021-05-28,84700,4.83,520155872600
2021-05-31,85600,1.06,256374004100
2021-06-01,85700,0.12,185851724300
2021-06-02,86300,0.7,363778328000
2021-06-03,87000,0.81,257147646800
2021-06-04,89000,2.3,411953747800
2021-06-07,90000,1.12,394708995800
2021-06-08,91500,1.67,331615702200
2021-06-09,90300,-1.31,282745284600
2021-06-10,89200,-1.22,218142383300
2021-06-11,89800,0.67,216934820800
2021-06-14,88500,-1.45,190739051500
2021-06-15,88400,-0.11,131562262500
2021-06-16,89100,0.79,138757575000
2021-06-17,87600,-1.68,170962356900
2021-06-18,88500,1.03,192203048000
2021-06-21,87400,-1.24,182722003500
2021-06-22,89800,2.75,244392543600
2021-06-23,90200,0.45,190372775000
2021-06-24,90600,0.44,401006917400
2021-06-25,90700,0.11,164913707300
2021-06-28,89500,-1.32,169325403700
2021-06-29,89500,0.0,146716869300
2021-06-30,89600,0.11,137219994800
2021-07-01,90500,1.0,264259870500
2021-07-02,90000,-0.55,233381892200
2021-07-05,88900,-1.22,200469921200
2021-07-06,88700,-0.22,128731178900
2021-07-07,87800,-1.01,188516901200
2021-07-08,86900,-1.03,167752984200
2021-07-09,86000,-1.04,191459322200
2021-07-12,87700,1.98,134927756000
2021-07-13,87900,0.23,110258471700
2021-07-14,87600,-0.34,134411233300
2021-07-15,88200,0.68,98257721100
2021-07-16,87100,-1.25,117122931900
2021-07-19,85800,-1.49,117237847300
2021-07-20,87100,1.52,186654557200
2021-07-21,87100,0.0,119632791400
2021-07-22,87400,0.34,198251765500
2021-07-23,86400,-1.14,225471091900
2021-07-26,85900,-0.58,129380493700
2021-07-27,86400,0.58,103538488900
2021-07-28,86100,-0.35,114801181000
2021-07-29,86300,0.23,91503883100
2021-07-30,83600,-3.13,231413296000
2021-08-02,84700,1.32,123996336800
2021-08-03,85800,1.3,101445363500
2021-08-04,87000,1.4,143816029200
2021-08-05,85700,-1.49,121917424300
2021-08-06,85600,-0.12,71116321000
2021-08-09,86200,0.7,112577926700
2021-08-10,84200,-2.32,141750626300
2021-08-11,83100,-1.31,133494467500
2021-08-12,86600,4.21,413013359200
2021-08-13,85200,-1.62,123978684400
2021-08-17,83200,-2.35,137838825500
2021-08-18,83200,0.0,100827571500
2021-08-19,80400,-3.37,172546522200
2021-08-20,79400,-1.24,199103667540
2021-08-23,80000,0.76,105519303400
2021-08-24,81200,1.5,99582669200
2021-08-25,81600,0.49,63184231500
2021-08-26,82000,0.49,76032154000
2021-08-27,82100,0.12,60466723400
2021-08-30,82600,0.61,76236279500
2021-08-31,85100,3.03,183798438600
2021-09-01,85800,0.82,136175209100
2021-09-02,83800,-2.33,102714197200
2021-09-03,85900,2.51,105840575400
2021-09-06,86200,0.35,107838961800
2021-09-07,86000,-0.23,67088818500
2021-09-08,87400,1.63,274848834400
2021-09-09,86000,-1.6,210678121000
2021-09-10,82500,-4.07,328694261400
2021-09-13,82600,0.12,112848499700
2021-09-14,83400,0.97,128370623200
2021-09-15,83300,-0.12,93862488600
2021-09-16,84500,1.44,119647461500
2021-09-17,84100,-0.47,119836393000
2021-09-23,84200,0.12,99913728700
2021-09-24,82600,-1.9,104095876200
2021-09-27,82100,-0.61,77727272800
2021-09-28,80100,-2.44,127149945400
2021-09-29,81400,1.62,156925755300
2021-09-30,81200,-0.25,86859906900
2021-10-01,78300,-3.57,141531751700
2021-10-05,77800,-0.64,139749086100
2021-10-06,74700,-3.98,173117347200
2021-10-07,79800,6.83,156874521100
2021-10-08,81900,2.63,184186192000
2021-10-12,82200,0.37,123365977500
2021-10-13,84200,2.43,189182275500
2021-10-14,84100,-0.12,125565331000
2021-10-15,83800,-0.36,72368396500
2021-10-18,84200,0.48,110860839900
2021-10-19,84300,0.12,68482923200
2021-10-20,83800,-0.59,112380507900
2021-10-21,83600,-0.24,114643431400
2021-10-22,83400,-0.24,56673126300
2021-10-25,84300,1.08,86775582600
2021-10-26,84800,0.59,86230349300
2021-10-27,85000,0.24,135702620700
2021-10-28,86000,1.18,331686366800
2021-10-29,85100,-1.05,165162912200
2021-11-01,84300,-0.94,78090006800
2021-11-02,86000,2.02,118191740100
2021-11-03,85000,-1.16,76540012400
2021-11-04,87000,2.35,149199497900
2021-11-05,88000,1.15,259648799258
2021-11-08,88100,0.11,134381105600
2021-11-09,87000,-1.25,109123086900
2021-11-10,85500,-1.72,92279904900
2021-11-11,83900,-1.87,115906658900
2021-11-12,86800,3.46,125262697500
2021-11-15,86500,-0.35,121373892500
2021-11-16,84200,-2.66,170324931800
2021-11-17,84000,-0.24,136669932900
2021-11-18,83100,-1.07,123636018400
2021-11-19,83800,0.84,117358356600
2021-11-22,85700,2.27,186669673600
2021-11-23,83700,-2.33,138502588300
2021-11-24,83400,-0.36,103972040400
2021-11-25,82400,-1.2,91268871900
2021-11-26,80600,-2.18,123388550400
2021-11-29,79200,-1.74,139560801300
2021-11-30,77800,-1.77,169730866200
2021-12-01,81200,4.37,162749375400
2021-12-02,81600,0.49,107996970500
2021-12-03,82500,1.1,107595410500
2021-12-06,83900,1.7,127892606200
2021-12-07,83300,-0.72,119925080700
2021-12-08,83200,-0.12,112505033200
2021-12-09,84100,1.08,149129523059
2021-12-10,85400,1.55,143806069400
2021-12-13,86000,0.7,194709064000
2021-12-14,85300,-0.81,86132525100
2021-12-15,84300,-1.17,55169360300
2021-12-16,85700,1.66,86419976900
2021-12-17,84600,-1.28,110372281900
2021-12-20,82900,-2.01,77048184100
2021-12-21,83200,0.36,81230683300
2021-12-22,83900,0.84,84090514700
2021-12-23,84200,0.36,70220215946
2021-12-24,85100,1.07,103148042300
2021-12-27,84800,-0.35,53413803900
2021-12-28,84500,-0.35,102068795172
2021-12-29,83400,-1.3,88756170800
2021-12-30,82200,-1.44,103456529800
2022-01-03,82600,0.49,64293739200
2022-01-04,83500,1.09,80016235900
2022-01-05,85900,2.87,316179227190
2022-01-06,85600,-0.35,151602204600
2022-01-07,86700,1.29,165100194100
2022-01-10,83800,-3.34,153352940800
2022-01-11,84100,0.36,103181106400
2022-01-12,85100,1.19,90584879600
2022-01-13,84900,-0.24,95959144900
2022-01-14,83800,-1.3,78991707500
2022-01-17,82700,-1.31,85313909000
2022-01-18,82200,-0.6,76956188100
2022-01-19,81000,-1.46,109816042500
2022-01-20,81200,0.25,93400945500
2022-01-21,80100,-1.35,116001384500
2022-01-24,79000,-1.37,101940371900
2022-01-25,76500,-3.16,190783104546
2022-01-26,77700,1.57,130145111700
2022-01-27,79100,1.8,237547585500
2022-01-28,82000,3.67,152855977100
2022-02-03,81500,-0.61,142276553800
2022-02-04,80700,-0.98,100075704000
2022-02-07,78200,-3.1,163023704400
2022-02-08,78900,0.9,123075256500
2022-02-09,80300,1.77,102382259000
2022-02-10,79700,-0.75,116111373600
2022-02-11,79000,-0.88,70818232700
2022-02-14,77000,-2.53,105678875400
2022-02-15,77600,0.78,72206014200
2022-02-16,79500,2.45,89905546200
2022-02-17,79500,0.0,151068664600
2022-02-18,78700,-1.01,85888089800
2022-02-21,78900,0.25,63983321500
2022-02-22,77700,-1.52,66176591900
2022-02-23,78000,0.39,53455497800
2022-02-24,73400,-5.9,219791324900
2022-02-25,73800,0.54,107765949900
2022-02-28,73800,0.0,151801344600
2022-03-02,72100,-2.3,165010237400
2022-03-03,73800,2.36,155950584900
2022-03-04,73100,-0.95,73337644000
2022-03-07,71100,-2.74,116964405700
2022-03-08,69600,-2.11,142743100800
2022-03-10,70700,1.58,141730678250
2022-03-11,70000,-0.99,123809106924
2022-03-14,68800,-1.71,111812323700
2022-03-15,69200,0.58,78651661738
2022-03-16,72100,4.19,118339335000
2022-03-17,72400,0.42,113111535600
2022-03-18,72000,-0.55,102031273000
2022-03-21,70500,-2.08,95592861300
2022-03-22,71300,1.13,86931827600
2022-03-23,71800,0.7,110898991200
2022-03-24,72100,0.42,68070359400
2022-03-25,71600,-0.69,57538791900
2022-03-28,71400,-0.28,65040214900
2022-03-29,71800,0.56,70237006000
2022-03-30,73700,2.65,126425282000
2022-03-31,74000,0.41,78053551800
2022-04-01,74200,0.27,84803759200
2022-04-04,73700,-0.67,52245905300
2022-04-05,73800,0.14,41207653800
2022-04-06,76400,3.52,215457267000
2022-04-07,75900,-0.65,133876402100
2022-04-08,74900,-1.32,85353250400
2022-04-11,77500,3.47,193438785900
2022-04-12,76800,-0.9,120782396800
2022-04-13,77900,1.43,89409218900
2022-04-14,76800,-1.41,98933177300
2022-04-15,76700,-0.13,56110409500
2022-04-18,78200,1.96,58764093400
2022-04-19,78100,-0.13,61609530300
2022-04-20,80100,2.56,191629115000
2022-04-21,79900,-0.25,131725304000
2022-04-22,79800,-0.13,99606481200
2022-04-25,79600,-0.25,152307758500
2022-04-26,83500,4.9,378144496600
2022-04-27,83300,-0.24,169265366800
2022-04-28,83700,0.48,115734704000
2022-04-29,83800,0.12,100802506800
2022-05-02,84400,0.72,91580548400
2022-05-03,83500,-1.07,81718918700
2022-05-04,83500,0.0,71798436200
2022-05-06,83900,0.48,115137485900
2022-05-09,82600,-1.55,77279671300
2022-05-10,84100,1.82,143090763500
2022-05-11,86100,2.38,217319198700
2022-05-12,86300,0.23,168491888200
2022-05-13,86300,0.0,148454681048
2022-05-16,85200,-1.27,123501313100
2022-05-17,85200,0.0,100859743300
2022-05-18,84500,-0.82,129341209900
2022-05-19,82100,-2.84,106963829800
2022-05-20,83900,2.19,82069031300
2022-05-23,84200,0.36,62902816600
2022-05-24,83300,-1.07,57121725300
2022-05-25,82600,-0.84,69440570900
2022-05-26,82400,-0.24,86608413600
2022-05-27,82900,0.61,86235666200
2022-05-30,83600,0.84,65838051100
2022-05-31,85700,2.51,187316739467
2022-06-02,85000,-0.82,114541736600
2022-06-03,83500,-1.76,105127008700
2022-06-07,83000,-0.6,72476937700
2022-06-08,81800,-1.45,122744077000
2022-06-09,82200,0.49,139812454940
2022-06-10,82400,0.24,92193117900
2022-06-13,79200,-3.88,117340308200
2022-06-14,78000,-1.52,114912630700
2022-06-15,78100,0.13,122849066000
2022-06-16,77200,-1.15,99116459276
2022-06-17,76100,-1.42,131367305500
2022-06-20,75500,-0.79,57118034100
2022-06-21,77300,2.38,74019045100
2022-06-22,76400,-1.16,75106661000
2022-06-23,77200,1.05,109751741400
2022-06-24,77500,0.39,107464703900
2022-06-27,80900,4.39,134476011600
2022-06-28,81900,1.24,107783913550
2022-06-29,76900,-6.11,287757485862
2022-06-30,77300,0.52,184739876500
2022-07-01,78000,0.91,78898237200
2022-07-04,78500,0.64,94702003700
2022-07-05,78400,-0.13,79088642400
2022-07-06,75400,-3.83,110698721800
2022-07-07,75700,0.4,108922384495
2022-07-08,76800,1.45,83160992300
2022-07-11,78000,1.56,98920308800
2022-07-12,78700,0.9,84157461900
2022-07-13,79800,1.4,101035007300
2022-07-14,78800,-1.25,100514162700
2022-07-15,79100,0.38,88257899500
2022-07-18,80100,1.26,73407892500
2022-07-19,82100,2.5,127458925956
2022-07-20,81600,-0.61,108835201000
2022-07-21,82000,0.49,133572326000
2022-07-22,80900,-1.34,177323804500
2022-07-25,82300,1.73,132862937000
2022-07-26,82500,0.24,75071449500
2022-07-27,80800,-2.06,159532211100
2022-07-28,80500,-0.37,100415431900
2022-07-29,81200,0.87,112268676900
2022-08-01,80400,-0.99,86654456200
2022-08-02,81200,1.0,100193705900
2022-08-03,81300,0.12,66852696700
2022-08-04,81300,0.0,75356920400
2022-08-05,80500,-0.98,87457167000
2022-08-08,81400,1.12,78542635700
2022-08-09,81500,0.12,77822412300
2022-08-10,80700,-0.98,50903363000
2022-08-11,80800,0.12,96891032900
2022-08-12,82400,1.98,123320455100
2022-08-16,82000,-0.49,66900458500
2022-08-17,78700,-4.02,175088635100
2022-08-18,76700,-2.54,166563339964
2022-08-19,77200,0.65,123836159600
2022-08-22,77400,0.26,75533474800
2022-08-23,77400,0.0,84336285800
2022-08-24,76600,-1.03,91375737800
2022-08-25,79100,3.26,81293562000
2022-08-26,78900,-0.25,61693212900
2022-08-29,77500,-1.77,57927555200
2022-08-30,80100,3.35,83331813400
2022-08-31,80800,0.87,107281720000
2022-09-01,80200,-0.74,96751271900
2022-09-02,80800,0.75,112294107100
2022-09-05,81000,0.25,53277667300
2022-09-06,81400,0.49,50542351200
2022-09-07,82300,1.11,124992658600
2022-09-08,80900,-1.7,112482757600
2022-09-13,81300,0.49,117838193000
2022-09-14,80300,-1.23,86935748900
2022-09-15,80000,-0.37,64307909400
2022-09-16,81100,1.38,110079144600
2022-09-19,80800,-0.37,54575994100
2022-09-20,80400,-0.5,56666381184
2022-09-21,79700,-0.87,57324298300
2022-09-22,79200,-0.63,63907904100
2022-09-23,77600,-2.02,53665597900
2022-09-26,74800,-3.61,79501917100
2022-09-27,76500,2.27,75180590200
2022-09-28,73900,-3.4,98934437000
2022-09-29,74500,0.81,88844284900
2022-09-30,71900,-3.49,101498574300
2022-10-04,72800,1.25,77119297000
2022-10-05,71100,-2.34,153510436000
2022-10-06,71500,0.56,113231854311
2022-10-07,71000,-0.7,103044169100
2022-10-11,67400,-5.07,141625707800
2022-10-12,68200,1.19,92366171200
2022-10-13,68300,0.15,93507806500
2022-10-14,69000,1.02,75144048600
2022-10-17,68700,-0.43,71026683100
2022-10-18,69100,0.58,132243728100
2022-10-19,69000,-0.14,135996122400
2022-10-20,68400,-0.87,86909402200
2022-10-21,67900,-0.73,59200439100
2022-10-24,65300,-3.83,156957034800
2022-10-25,66300,1.53,136692147400
2022-10-26,65500,-1.21,131100233500
2022-10-27,66000,0.76,78561763100
2022-10-28,66200,0.3,88564770000
2022-10-31,66300,0.15,71674466100
2022-11-01,66300,0.0,74121072600
2022-11-02,66200,-0.15,94550847800
2022-11-03,64500,-2.57,141728406700
2022-11-04,65300,1.24,74401441600
2022-11-07,67100,2.76,115977895900
2022-11-08,67500,0.6,107294823800
2022-11-09,67400,-0.15,106099404300
2022-11-10,66600,-1.19,104602413500
2022-11-11,68000,2.1,117482568600
2022-11-14,69900,2.79,155478357800
2022-11-15,68500,-2.0,125912166900
2022-11-16,67800,-1.02,80986006900
2022-11-17,66300,-2.21,103399426600
2022-11-18,66000,-0.45,84661868500
2022-11-21,65200,-1.21,89600357300
2022-11-22,65200,0.0,64137725400
2022-11-23,66300,1.69,77005443000
2022-11-24,65900,-0.6,53960397000
2022-11-25,65400,-0.76,48530339000
2022-11-28,65400,0.0,52987466300
2022-11-29,67300,2.91,93913295900
2022-11-30,68600,1.93,134103793000
2022-12-01,68600,0.0,74638643000
2022-12-02,66500,-3.06,97466636300
2022-12-05,65600,-1.35,75609051300
2022-12-06,65100,-0.76,53841288300
2022-12-07,65000,-0.15,48390029600
2022-12-08,64700,-0.46,82311259800
2022-12-09,65200,0.77,65862237400
2022-12-12,65100,-0.15,44835402100
2022-12-13,62500,-3.99,198099323800
2022-12-14,64100,2.56,124098336600
2022-12-15,64100,0.0,56486176046
2022-12-16,64100,0.0,72037761500
2022-12-19,62400,-2.65,80905025500
2022-12-20,62400,0.0,90159961100
2022-12-21,62000,-0.64,50287441300
2022-12-22,63500,2.42,63286289300
2022-12-23,62700,-1.26,48519522991
2022-12-26,63700,1.59,54322414500
2022-12-27,64100,0.63,76766240500
2022-12-28,60900,-4.99,112166085500
2022-12-29,59300,-2.63,70005059900
2023-01-02,61500,3.71,95423987000
2023-01-03,62400,1.46,76461393300
2023-01-04,62000,-0.64,65415006000
2023-01-05,61100,-1.45,97570748000
2023-01-06,61500,0.65,103546059928
2023-01-09,64100,4.23,131857681300
2023-01-10,63900,-0.31,58738738400
2023-01-11,64200,0.47,60579138100
2023-01-12,63900,-0.47,88264397200
2023-01-13,65300,2.19,105185666700
2023-01-16,64600,-1.07,77406828600
2023-01-17,65000,0.62,73444043200
2023-01-18,64700,-0.46,67284560858
2023-01-19,64300,-0.62,41384704000
2023-01-20,64300,0.0,36925592600
2023-01-25,65000,1.09,48082402200
2023-01-26,69300,6.62,291780979600
2023-01-27,68700,-0.87,257172359268
2023-01-30,68600,-0.15,164226386800
2023-01-31,66800,-2.62,131136355450
2023-02-01,69500,4.04,128276078900
2023-02-02,69700,0.29,134667171600
2023-02-03,71200,2.15,156762195600
2023-02-06,70500,-0.98,94064027900
2023-02-07,71300,1.13,95507613300
2023-02-08,71500,0.28,82268710800
2023-02-09,71700,0.28,77016272300
2023-02-10,72400,0.98,76957350800
2023-02-13,73200,1.1,105320872900
2023-02-14,73500,0.41,84773703600
2023-02-15,72600,-1.22,78377145500
2023-02-16,76500,5.37,167118876700
2023-02-17,76400,-0.13,85627854142
2023-02-20,76300,-0.13,64588168400
2023-02-21,76600,0.39,61002516900
2023-02-22,74500,-2.74,96156291100
2023-02-23,76400,2.55,109678648500
2023-02-24,75300,-1.44,74200347300
2023-02-27,76000,0.93,72419650800
2023-02-28,75300,-0.92,126651035700
2023-03-02,77800,3.32,149213205700
2023-03-03,78200,0.51,89992489500
2023-03-06,78500,0.38,94549161000
2023-03-07,77600,-1.15,77881306500
2023-03-08,78900,1.68,102575395600
2023-03-09,78100,-1.01,103510119000
2023-03-10,78000,-0.13,66550938200
2023-03-13,78800,1.03,111544290500
2023-03-14,76300,-3.17,105654493400
2023-03-15,79600,4.33,139515601300
2023-03-16,79100,-0.63,86997549800
2023-03-17,80200,1.39,115764821000
2023-03-20,78000,-2.74,78450652800
2023-03-21,77700,-0.38,75614229800
2023-03-22,78900,1.54,76126434300
2023-03-23,78400,-0.63,106358407200
2023-03-24,77600,-1.02,97432250100
2023-03-27,76000,-2.06,123976721200
2023-03-28,76900,1.18,60746059200
2023-03-29,79500,3.38,118225424400
2023-03-30,79400,-0.13,82104252100
2023-03-31,81000,2.02,127590775700
2023-04-03,81200,0.25,65494082400
2023-04-04,80100,-1.35,81245169900
2023-04-05,81300,1.5,82050730700
2023-04-06,81000,-0.37,111856434900
2023-04-07,80100,-1.11,90640865800
2023-04-10,81000,1.12,81750826800
2023-04-11,85000,4.94,278455105800
2023-04-12,86100,1.29,208800062800
2023-04-13,86600,0.58,112485997300
2023-04-14,85300,-1.5,99848379600
2023-04-17,84500,-0.94,98234870182
2023-04-18,82700,-2.13,174886630100
2023-04-19,85400,3.26,148657568450
2023-04-20,84100,-1.52,101137934400
2023-04-21,83300,-0.95,78595094470
2023-04-24,84700,1.68,79049051500
2023-04-25,86600,2.24,209462730400
2023-04-26,85700,-1.04,289099790400
2023-04-27,86600,1.05,165501012300
2023-04-28,84500,-2.42,140123214000
2023-05-02,86900,2.84,112170677600
2023-05-03,86500,-0.46,73773680100
2023-05-04,85900,-0.69,55920637100
2023-05-08,87100,1.4,95258626800
2023-05-09,87600,0.57,107285376500
2023-05-10,90000,2.74,248663042700
2023-05-11,90100,0.11,204157047500
2023-05-12,89400,-0.78,101610791400
2023-05-15,90000,0.67,94379143000
2023-05-16,87300,-3.0,164090822064
2023-05-17,88100,0.92,94897208200
2023-05-18,89900,2.04,124152721870
2023-05-19,88700,-1.33,100029900300
2023-05-22,88800,0.11,86015016300
2023-05-23,88700,-0.11,69840166600
2023-05-24,89100,0.45,53895098500
2023-05-25,87100,-2.24,117530389000
2023-05-26,87400,0.34,73895666900
2023-05-30,85600,-2.06,115185335100
2023-05-31,85900,0.35,128607789900
2023-06-01,84200,-1.98,115276016700
2023-06-02,85200,1.19,75893370714
2023-06-05,86200,1.17,59183698800
2023-06-07,82000,-4.87,332583354570
2023-06-08,81400,-0.73,195629844619
2023-06-09,82900,1.84,117600193800
2023-06-12,81600,-1.57,87986274100
2023-06-13,82300,0.86,84298104329
2023-06-14,83000,0.85,110625354700
2023-06-15,82300,-0.84,80828494300
2023-06-16,81600,-0.85,114210085400
2023-06-19,82300,0.86,48581377500
2023-06-20,81700,-0.73,57145928500
2023-06-21,83900,2.69,135995800300
2023-06-22,83400,-0.6,63829789500
2023-06-23,83400,0.0,74682395500
2023-06-26,85500,2.52,113258704400
2023-06-27,86200,0.82,89502473800
2023-06-28,86400,0.23,82336791100
2023-06-29,86000,-0.46,65572038100
2023-06-30,88500,2.91,167364079900
2023-07-03,88500,0.0,84071981700
2023-07-04,88900,0.45,85966629300
2023-07-05,88100,-0.9,83890519900
2023-07-06,89000,1.02,124194961300
2023-07-07,87900,-1.24,86171193800
2023-07-10,87500,-0.46,76231858800
2023-07-11,88500,1.14,70558099000
2023-07-12,88400,-0.11,70379576600
2023-07-13,87500,-1.02,86901748200
2023-07-14,88700,1.37,107275616100
2023-07-17,86600,-2.37,84557136500
2023-07-18,85900,-0.81,82558038314
2023-07-19,86000,0.12,60787391200
2023-07-20,84300,-1.98,88143830900
2023-07-21,84500,0.24,64962261100
2023-07-24,83500,-1.18,81065924400
2023-07-25,84600,1.32,92325008000
2023-07-26,82600,-2.36,175536500098
2023-07-27,83100,0.61,154167274200
2023-07-28,84200,1.32,156730702900
2023-07-31,82700,-1.78,95132079100
2023-08-01,83300,0.73,93314785500
2023-08-02,80000,-3.96,175035457500
2023-08-03,80700,0.88,79892602500
2023-08-04,80600,-0.12,49783857093
2023-08-07,77600,-3.72,176064063000
2023-08-08,78300,0.9,119528017106
2023-08-09,78900,0.77,74158932000
2023-08-10,78900,0.0,82480063600
2023-08-11,80300,1.77,104106392600
2023-08-14,78700,-1.99,69407300500
2023-08-16,78000,-0.89,54833613700
2023-08-17,78400,0.51,84417264200
2023-08-18,78400,0.0,49588381560
2023-08-21,78100,-0.38,37861573900
2023-08-22,78800,0.9,44290919900
2023-08-23,78700,-0.13,42502245200
2023-08-24,78800,0.13,57729360400
2023-08-25,78100,-0.89,51336818600
2023-08-28,78300,0.26,36399995600
2023-08-29,80200,2.43,85270836700
2023-08-30,80400,0.25,51755210600
2023-08-31,80200,-0.25,97781554500
2023-09-01,79700,-0.62,34410867100
2023-09-04,80000,0.38,49656907950
2023-09-05,79100,-1.13,49420794742
2023-09-06,78900,-0.25,54803991200
2023-09-07,78300,-0.76,74261477412
2023-09-08,77800,-0.64,36603870700
2023-09-11,77600,-0.26,35880812100
2023-09-12,77700,0.13,47944584900
2023-09-13,78500,1.03,71902309800
2023-09-14,79200,0.89,60833056700
2023-09-15,80100,1.14,112302215600
2023-09-18,79400,-0.87,45387544600
2023-09-19,79400,0.0,49438059100
2023-09-20,81400,2.52,118879334650
2023-09-21,79800,-1.97,52280731100
2023-09-22,80200,0.5,49511328263
2023-09-25,82100,2.37,94830209800
2023-09-26,80900,-1.46,67246170890
2023-09-27,81400,0.62,93137489475
2023-10-04,81900,0.61,141860688748
2023-10-05,83500,1.95,122897801100
2023-10-06,85200,2.04,134471975902
2023-10-10,84100,-1.29,187820687646
2023-10-11,84500,0.48,132128669880
2023-10-12,84500,0.0,70858907100
2023-10-13,84200,-0.36,74475002200
2023-10-16,83900,-0.36,80828393100
2023-10-17,82300,-1.91,87081931900
2023-10-18,83900,1.94,86939584300
2023-10-19,84100,0.24,90939248600
2023-10-20,81700,-2.85,103257965300
2023-10-23,83000,1.59,67883299700
2023-10-24,82100,-1.08,73622933650
2023-10-25,82000,-0.12,50091935800
2023-10-26,81000,-1.22,88980539400
2023-10-27,79700,-1.6,89721576200
2023-10-30,78100,-2.01,94737566900
2023-10-31,76900,-1.54,80828157900
2023-11-01,77400,0.65,58472994000
2023-11-02,78500,1.42,108919493200
2023-11-03,77600,-1.15,102346661950
2023-11-06,79000,1.8,163383574800
2023-11-07,77500,-1.9,99953908300
2023-11-08,77000,-0.65,80269262000
2023-11-09,77500,0.65,64951389200
2023-11-10,77000,-0.65,51004748992
2023-11-13,77000,0.0,40113239200
2023-11-14,78200,1.56,80984488800
2023-11-15,81500,4.22,174652135600
2023-11-16,84500,3.68,176441726548
2023-11-17,85200,0.83,107520441578
2023-11-20,84400,-0.94,82170517724
2023-11-21,83600,-0.95,77049613385
2023-11-22,83100,-0.6,60502053900
2023-11-23,84500,1.68,53440352300
2023-11-24,84200,-0.36,50068254889
2023-11-27,84100,-0.12,45538008692
2023-11-28,84600,0.59,65369327999
2023-11-29,86000,1.65,115361610000
2023-11-30,85900,-0.12,162816821383
2023-12-01,85800,-0.12,59320904500
2023-12-04,84100,-1.98,86754094900
2023-12-05,84100,0.0,48152136300
2023-12-06,84500,0.48,64926409100
2023-12-07,85100,0.71,57019998500
2023-12-08,86400,1.53,71999619700
2023-12-11,87100,0.81,67571182400
2023-12-12,87400,0.34,95552783400
2023-12-13,87400,0.0,52578581900
2023-12-14,87200,-0.23,127462846500
2023-12-15,89300,2.41,177531457700
2023-12-18,89400,0.11,81284327600
2023-12-19,89300,-0.11,56055378600
2023-12-20,95000,6.38,281204039200
2023-12-21,95400,0.42,237264944800
2023-12-22,95600,0.21,128339718900
2023-12-26,96300,0.73,100010729100
2023-12-27,97000,0.73,100370547700
2023-12-28,100000,3.09,209463648218
2024-01-02,97600,-2.4,131690130000
2024-01-03,93800,-3.89,160580263400
2024-01-04,92900,-0.96,147043460100
2024-01-05,91600,-1.4,102161390500
2024-01-08,88900,-2.95,125577061100
2024-01-09,89100,0.22,123036253000
2024-01-10,90500,1.57,101196555400
2024-01-11,89700,-0.88,133580455000
2024-01-12,88300,-1.56,81851331000
2024-01-15,90900,2.94,86319464200
2024-01-16,89800,-1.21,75419487700
2024-01-17,87900,-2.12,84658481130
2024-01-18,87300,-0.68,73692128500
2024-01-19,87600,0.34,72744860400
2024-01-22,87200,-0.46,92369162100
2024-01-23,87900,0.8,80275241000
2024-01-24,87900,0.0,77157484000
2024-01-25,93000,5.8,309458422400
2024-01-26,94400,1.51,224619256200
2024-01-29,99900,5.83,314718212200
2024-01-30,98000,-1.9,347500764800
2024-01-31,102900,5.0,384231079600
2024-02-01,106300,3.3,393482051500
2024-02-02,119500,12.42,967704336100
2024-02-05,118300,-1.0,789553233400
2024-02-06,111600,-5.66,585989846300
2024-02-07,114700,2.78,518073712800
2024-02-08,113200,-1.31,315724234100
2024-02-13,117200,3.53,396270932500
2024-02-14,117600,0.34,179289243200
2024-02-15,113500,-3.49,289684934300
2024-02-16,115800,2.03,245807490032
2024-02-19,117600,1.55,205794936000
2024-02-20,116100,-1.28,225832797400
2024-02-21,116800,0.6,214930627600
2024-02-22,119300,2.14,375395645200
2024-02-23,118400,-0.75,268090894500
2024-02-26,114600,-3.21,314659065400
2024-02-27,112600,-1.75,240137224200
2024-02-28,117700,4.53,211155243200
2024-02-29,124500,5.78,721606987100
2024-03-04,125600,0.88,379723551592
2024-03-05,123000,-2.07,363041561785
2024-03-06,127000,3.25,318464996128
2024-03-07,126100,-0.71,234777970600
2024-03-08,128400,1.82,298124768100
2024-03-11,126200,-1.71,242610600100
2024-03-12,126100,-0.08,136973169200
2024-03-13,125900,-0.16,175424187200
2024-03-14,128500,2.07,244713323100
2024-03-15,125000,-2.72,277803627500
2024-03-18,128000,2.4,196553605300
2024-03-19,118900,-7.11,408089766700
2024-03-20,115700,-2.69,278418556500
2024-03-21,115700,0.0,345174645600
2024-03-22,112900,-2.42,319502534600
2024-03-25,111500,-1.24,173469114400
2024-03-26,114400,2.6,230717515500
2024-03-27,113600,-0.7,144723336150
2024-03-28,112000,-1.41,152134528500
2024-03-29,110200,-1.61,144885263100
2024-04-01,108700,-1.36,121483453900
2024-04-02,104700,-3.68,265781623200
2024-04-03,101800,-2.77,172306757200
2024-04-04,106700,4.81,218815301872
2024-04-05,105000,-1.59,206599919642
2024-04-08,108500,3.33,225905150700
2024-04-09,108000,-0.46,181799266500
2024-04-11,111700,3.43,242915764900
2024-04-12,109800,-1.7,134803616600
2024-04-15,114600,4.37,275367181200
2024-04-16,114700,0.09,226910093100
2024-04-17,113100,-1.39,178794143930
2024-04-18,112200,-0.8,186413191800
2024-04-19,110400,-1.6,232418388800
2024-04-22,115100,4.26,218334168400
2024-04-23,115900,0.7,161735850100
2024-04-24,116200,0.26,136644853700
2024-04-25,116600,0.34,199349183100
2024-04-26,118200,1.37,320236644700
2024-04-29,118300,0.08,217551161900
2024-04-30,118000,-0.25,149563697254
2024-05-02,119600,1.36,148076117307
2024-05-03,113900,-4.77,206670756300
2024-05-07,115700,1.58,139389407100
2024-05-08,116000,0.26,91822114400
2024-05-09,111700,-3.71,198688958000
2024-05-10,114100,2.15,160926727000
2024-05-13,114300,0.18,106999101300
2024-05-14,113900,-0.35,89646763000
2024-05-16,114700,0.7,110277203800
2024-05-17,112700,-1.74,124212733936
2024-05-20,114900,1.95,97688694800
2024-05-21,114400,-0.44,79501744302
2024-05-22,118900,3.93,264959146300
2024-05-23,120500,1.35,209433462500
2024-05-24,120000,-0.41,176072684000
2024-05-27,122500,2.08,200829138900
2024-05-28,122400,-0.08,134786703200
2024-05-29,122000,-0.33,154821979400
2024-05-30,117700,-3.52,130410553200
2024-05-31,117700,0.0,238882889700
2024-06-03,120700,2.55,110053127200
2024-06-04,119000,-1.41,97978013100
2024-06-05,119500,0.42,127607818200
2024-06-07,121100,1.34,117765134500
2024-06-10,121400,0.25,118195958393
2024-06-11,122000,0.49,148563387100
2024-06-12,122500,0.41,118802855800
2024-06-13,121700,-0.65,270419752300
2024-06-14,122700,0.82,157096552400
2024-06-17,129100,5.22,337898780800
2024-06-18,131000,1.47,346627892000
2024-06-19,132300,0.99,213005246200
2024-06-20,130600,-1.28,144525608600
2024-06-21,127900,-2.07,215222801200
2024-06-24,128300,0.31,91061468400
2024-06-25,129000,0.55,142202048600
2024-06-26,130800,1.4,158044805800
2024-06-27,131500,0.54,117646984100
2024-06-28,129300,-1.67,133000579400
2024-07-01,128600,-0.54,84780109700
2024-07-02,123600,-3.89,171192442600
2024-07-03,123700,0.08,128032982500
2024-07-04,125600,1.54,99517626200
2024-07-05,126300,0.56,101787916600
2024-07-08,124200,-1.66,124998045596
2024-07-09,122500,-1.37,202612673300
2024-07-10,122000,-0.41,136315205500
2024-07-11,122300,0.25,121728997000
2024-07-12,121300,-0.82,104690551700
2024-07-15,120000,-1.07,80315392929
2024-07-16,122900,2.42,108926905170
2024-07-17,121000,-1.55,114115788018
2024-07-18,119900,-0.91,103114429300
2024-07-19,116300,-3.0,174899598840
2024-07-22,115900,-0.34,111629580000
2024-07-23,120500,3.97,142791077700
2024-07-24,118400,-1.74,81714591000
2024-07-25,115000,-2.87,131824526754
2024-07-26,112100,-2.52,178615434250
2024-07-29,113700,1.43,135789862500
2024-07-30,111600,-1.85,86564714300
2024-07-31,112100,0.45,98688944576
2024-08-01,112100,0.0,69558997800
2024-08-02,107100,-4.46,143969288500
2024-08-05,96300,-10.08,247987333824
2024-08-06,102700,6.65,191153043600
2024-08-07,101600,-1.07,149614736900
2024-08-08,101600,0.0,108506150800
2024-08-09,101900,0.3,111247333766
2024-08-12,102100,0.2,65211129400
2024-08-13,102800,0.69,74254628800
2024-08-14,102300,-0.49,73101619500
2024-08-16,105900,3.52,154289498190
2024-08-19,103200,-2.55,84340599900
2024-08-20,103400,0.19,92723870100
2024-08-21,103000,-0.39,58408129300
2024-08-22,102400,-0.58,47007780700
2024-08-23,104000,1.56,70542184200
2024-08-26,102800,-1.15,55555680880
2024-08-27,101800,-0.97,66544421320
2024-08-28,104600,2.75,85671993300
2024-08-29,106600,1.91,172907524464
2024-08-30,106100,-0.47,363310737900
2024-09-02,106100,0.0,107471110700
2024-09-03,102200,-3.68,105108781200
2024-09-04,100200,-1.96,139758587400
2024-09-05,100700,0.5,111551587800
2024-09-06,100000,-0.7,113255610800
2024-09-09,100800,0.8,66910223500
2024-09-10,100200,-0.6,71240305500
2024-09-11,96200,-3.99,173880757900
2024-09-12,99100,3.01,194938839700
2024-09-13,100500,1.41,105736844300
2024-09-19,103500,2.99,174904127100
2024-09-20,105600,2.03,199457256500
2024-09-23,103200,-2.27,78863580100
2024-09-24,103800,0.58,103590305400
2024-09-25,102800,-0.96,90684124200
2024-09-26,104900,2.04,98863640700
2024-09-27,104800,-0.1,124113302250
2024-09-30,99900,-4.68,142965806100
2024-10-02,98700,-1.2,93854369700
2024-10-04,98000,-0.71,94093793100
2024-10-07,100400,2.45,74803265900
2024-10-08,99600,-0.8,95419785551
2024-10-10,100800,1.2,136742931000
2024-10-11,101100,0.3,59393405800
2024-10-14,100600,-0.49,51879155700
2024-10-15,99700,-0.89,74192319900
2024-10-16,97800,-1.91,141742115400
2024-10-17,95200,-2.66,222723763900
2024-10-18,95100,-0.11,91008642700
2024-10-21,95000,-0.11,84458689100
2024-10-22,92500,-2.63,194025031000
2024-10-23,93000,0.54,194322775200
2024-10-24,90900,-2.26,221154582800
2024-10-25,92700,1.98,190060168308
2024-10-28,95500,3.02,189935459500
2024-10-29,93700,-1.88,97029891900
2024-10-30,94100,0.43,120429141085
2024-10-31,91900,-2.34,139201490200
2024-11-01,94300,2.61,119299343695
2024-11-04,97400,3.29,140977284977
2024-11-05,97000,-0.41,82555098700
2024-11-06,95000,-2.06,114467597160
2024-11-07,94000,-1.05,144494218576
2024-11-08,93000,-1.06,89332350628
2024-11-11,94600,1.72,89165695100
2024-11-12,91900,-2.85,95755370900
2024-11-13,90800,-1.2,84321634100
2024-11-14,92500,1.87,120538708100
2024-11-15,91600,-0.97,91065309300
2024-11-18,96700,5.57,119915196900
2024-11-19,95300,-1.45,75912210600
2024-11-20,98100,2.94,129109646700
2024-11-21,97600,-0.51,86216595410
2024-11-22,97800,0.2,61126769250
2024-11-25,97200,-0.61,145158336000
2024-11-26,97300,0.1,79599955400
2024-11-27,94300,-3.08,125179303800
2024-11-28,95000,0.74,63452557300
2024-11-29,92900,-2.21,105742483700
2024-12-02,94200,1.4,80879832500
2024-12-03,98000,4.03,122373157318
2024-12-04,98100,0.1,167765412700
2024-12-05,94000,-4.18,99970430700
2024-12-06,94800,0.85,92160736800
2024-12-09,92000,-2.95,107996211500
2024-12-10,95800,4.13,135532229400
2024-12-11,96500,0.73,86134633164
2024-12-12,97200,0.73,163168875100
2024-12-13,98100,0.93,76530998500
2024-12-16,95300,-2.85,94166766600
2024-12-17,95700,0.42,97681786300
2024-12-18,101800,6.37,222994734200
2024-12-19,100600,-1.18,167879949700
2024-12-20,101200,0.6,125649043400
2024-12-23,100900,-0.3,78549225900
2024-12-24,100600,-0.3,59026379700
2024-12-26,102900,2.29,92926101100
2024-12-27,100900,-1.94,61270425500
2024-12-30,100700,-0.2,71659206566
2025-01-02,101600,0.89,72102421300
2025-01-03,100700,-0.89,101791854400
2025-01-06,100500,-0.2,78518610900
2025-01-07,99100,-1.39,112622025400
2025-01-08,101000,1.92,106435445300
2025-01-09,103300,2.28,245610300000
2025-01-10,105600,2.23,205802218400
2025-01-13,105400,-0.19,118343541200
2025-01-14,106700,1.23,138337730600
2025-01-15,103300,-3.19,122596169700
2025-01-16,103400,0.1,67709773100
2025-01-17,101500,-1.84,93229606900
2025-01-20,101000,-0.49,41659134200
2025-01-21,101000,0.0,105581607300
2025-01-22,103000,1.98,87612241600
2025-01-23,102700,-0.29,74846941500
2025-01-24,101700,-0.97,132490844200
2025-01-31,102000,0.29,92553488500
2025-02-03,96100,-5.78,197676690100
2025-02-04,96700,0.62,122979401700
2025-02-05,98100,1.45,90823682800
2025-02-06,98800,0.71,55313631900
2025-02-07,96500,-2.33,96331985800
2025-02-10,94600,-1.97,161877434100
2025-02-11,93800,-0.85,110319188621
2025-02-12,91700,-2.24,155781628600
2025-02-13,94300,2.84,220045604800
2025-02-14,95000,0.74,127937062000
2025-02-17,94300,-0.74,98684081200
2025-02-18,93900,-0.42,83302074614
2025-02-19,95000,1.17,99881708300
2025-02-20,94500,-0.53,101317649200
2025-02-21,94600,0.11,91256925200
2025-02-24,94900,0.32,62208841200
2025-02-25,93200,-1.79,93802433400
2025-02-26,94100,0.97,73947236900
2025-02-27,94600,0.53,79271472400
2025-02-28,93200,-1.48,153204893712
2025-03-04,93300,0.11,123813723800
2025-03-05,95900,2.79,152374503400
2025-03-06,98000,2.19,174882299900
2025-03-07,96800,-1.22,110266707591
2025-03-10,98000,1.24,116263442050
2025-03-11,98400,0.41,111024426450
2025-03-12,99100,0.71,112905199900
2025-03-13,100400,1.31,228402597436
2025-03-14,99500,-0.9,140679015327
2025-03-17,98800,-0.7,187805138200
2025-03-18,96400,-2.43,212351086708
2025-03-19,97100,0.73,105788560179
2025-03-20,96000,-1.13,101553695362
2025-03-21,95700,-0.31,235158921850
2025-03-24,98700,3.13,153734965350
2025-03-25,100800,2.13,153317980300
2025-03-26,101400,0.6,120587992700
2025-03-27,97900,-3.45,137815125350
2025-03-28,95300,-2.66,123195095000
2025-03-31,92300,-3.15,113680677300
2025-04-01,93200,0.98,60981178950
2025-04-02,92100,-1.18,86137274700
2025-04-03,90800,-1.41,95193943400
2025-04-04,89700,-1.21,85081037600
2025-04-07,84600,-5.69,90839364350
2025-04-08,84300,-0.35,80825631840
2025-04-09,83800,-0.59,83812129150
2025-04-10,88200,5.25,121020771050
2025-04-11,82000,-7.03,184798034000
2025-04-14,83000,1.22,66075896050
2025-04-15,85800,3.37,97042985600
2025-04-16,84700,-1.28,49774663350
2025-04-17,85000,0.35,36634776700
2025-04-18,87300,2.71,49320252050
2025-04-21,88000,0.8,36526340100
2025-04-22,86800,-1.36,48747444300
2025-04-23,90000,3.69,108141152350
2025-04-24,88800,-1.33,81153197950
2025-04-25,88200,-0.68,120183836750
2025-04-28,88700,0.57,50721853800
2025-04-29,90600,2.14,72998207250
2025-04-30,90400,-0.22,92431226550
2025-05-02,89400,-1.11,68611374400
2025-05-07,88100,-1.45,96464695700
2025-05-08,87800,-0.34,102217304800
2025-05-09,89300,1.71,86884270450
2025-05-12,92400,3.47,74324060900
2025-05-13,93700,1.41,128182032863
2025-05-14,92400,-1.39,81293002000
2025-05-15,91200,-1.3,69660315450
2025-05-16,92000,0.88,46018426700
2025-05-19,91500,-0.54,50752590050
2025-05-20,91200,-0.33,64912163950
2025-05-21,91200,0.0,68612803850
2025-05-22,89200,-2.19,98355774500
2025-05-23,87100,-2.35,77076872050
2025-05-26,88100,1.15,66456946200
2025-05-27,88200,0.11,53463650600
2025-05-28,89000,0.91,75187670650
2025-05-29,93200,4.72,146366955400
2025-05-30,89400,-4.08,137969390500
2025-06-02,88400,-1.12,58723907700
2025-06-04,89600,1.36,77156175450
2025-06-05,93100,3.91,130846781300
2025-06-09,95300,2.36,138085317102
2025-06-10,94500,-0.84,102156809618
2025-06-11,96900,2.54,95628544600
2025-06-12,98400,1.55,174071954600
2025-06-13,97200,-1.22,145942551400
2025-06-16,97500,0.31,78346422400
2025-06-17,99600,2.15,132045935650
2025-06-18,98900,-0.7,100481449550
2025-06-19,98200,-0.71,68017466750
2025-06-20,98700,0.51,98407943900
2025-06-23,95900,-2.84,82848312650
2025-06-24,96900,1.04,88640014000
2025-06-25,101100,4.33,280749159650
2025-06-26,99100,-1.98,115351119700
2025-06-27,97700,-1.41,56289106350
2025-06-30,96900,-0.82,67456152200
2025-07-01,98700,1.86,101126561250
2025-07-02,100000,1.32,102103525750
2025-07-03,100100,0.1,77558115550
2025-07-04,99100,-1.0,47063305000
2025-07-07,98600,-0.5,42611524750
2025-07-08,99100,0.51,63660056050
2025-07-09,99600,0.5,102766075358
2025-07-10,100100,0.5,114477012000
2025-07-11,100800,0.7,110049024950
2025-07-14,103000,2.18,119959579960
2025-07-15,100000,-2.91,124735516722
2025-07-16,99500,-0.5,66558518893
2025-07-17,100200,0.7,68751079650
2025-07-18,99800,-0.4,58766650400
2025-07-21,99300,-0.5,42011064650
2025-07-22,97800,-1.51,63584163250
2025-07-23,106100,8.49,345230718300
2025-07-24,105000,-1.04,215958734900
2025-07-25,104100,-0.86,145833774300
2025-07-28,105500,1.34,110199650350
2025-07-29,105700,0.19,126228263300
2025-07-30,110400,4.45,210011872700
2025-07-31,102300,-7.34,329846203750
2025-08-01,100800,-1.47,140620255800
2025-08-04,102800,1.98,79550350450
2025-08-05,101400,-1.36,91058405800
2025-08-06,101800,0.39,79601007500
2025-08-07,101800,0.0,66221958950
2025-08-08,101900,0.1,67664000150
2025-08-11,101600,-0.29,54631986500
2025-08-12,101800,0.2,67179524450
2025-08-13,103200,1.38,55022900100
2025-08-14,103700,0.48,59652479350
2025-08-18,102200,-1.45,55319092250
2025-08-19,104000,1.76,64921791200
2025-08-20,105100,1.06,74515584350
2025-08-21,103900,-1.14,45443181850
2025-08-22,104800,0.87,58093249400
2025-08-25,104700,-0.1,45868727800
2025-08-26,103000,-1.62,62712721900
2025-08-27,103500,0.49,39681555850
2025-08-28,105700,2.13,103541982300
2025-08-29,105800,0.09,74785544350
2025-09-01,106500,0.66,53193560750
2025-09-02,107200,0.66,42669223600
2025-09-03,107000,-0.19,58340107000
2025-09-04,107000,0.0,59965574600
2025-09-05,106600,-0.37,47096111550
2025-09-08,104900,-1.59,74805359750
2025-09-09,105500,0.57,63094738250
2025-09-10,106000,0.47,74906848600
2025-09-11,106600,0.57,118755595250
2025-09-12,105900,-0.66,96034509450
2025-09-15,101700,-3.97,237966181450
2025-09-16,101400,-0.29,133138895300
2025-09-17,101000,-0.39,101388597450
2025-09-18,102100,1.09,116257602839
2025-09-19,101600,-0.49,156496792650
2025-09-22,101900,0.3,75236011350
2025-09-23,102800,0.88,61196218900
2025-09-24,103000,0.19,70061778300
2025-09-25,102000,-0.97,78957299045
2025-09-26,100200,-1.76,70438939150
2025-09-29,100700,0.5,64488393450
2025-09-30,100700,0.0,89398925500
2025-10-01,100600,-0.1,58371569800
2025-10-02,104200,3.58,163801156950
2025-10-10,100600,-3.45,137018392000
2025-10-13,101100,0.5,56912655750
2025-10-14,102500,1.38,99586870150
2025-10-15,103800,1.27,61711910700
2025-10-16,111300,7.23,253765340550
2025-10-17,112100,0.72,118086527250
2025-10-20,114500,2.14,135846323600
2025-10-21,115800,1.14,202754962550
2025-10-22,118100,1.99,147209562950
2025-10-23,115000,-2.62,131101703700
2025-10-24,114900,-0.09,84793767250
2025-10-27,114800,-0.09,105962066000
2025-10-28,113600,-1.05,98932711400
2025-10-29,115800,1.94,134235414050
2025-10-30,116200,0.35,329033158150
2025-10-31,119900,3.18,365966692735
2025-11-03,117700,-1.83,162875290100
2025-11-04,114400,-2.8,135520642450
2025-11-05,111000,-2.97,143371261300
2025-11-06,112000,0.9,96863863450
2025-11-07,110100,-1.7,59047764150
2025-11-10,113700,3.27,79491454000
2025-11-11,116000,2.02,110748734200
2025-11-12,118600,2.24,147118640250
2025-11-13,118000,-0.51,92375825800
2025-11-14,117000,-0.85,78519698700
2025-11-17,117400,0.34,72886901600
2025-11-18,114500,-2.47,59467910300
2025-11-19,114500,0.0,70856404450
2025-11-20,113400,-0.96,74582521600
2025-11-21,114000,0.53,77275167650
2025-11-24,111100,-2.54,175345898750
2025-11-25,111200,0.09,70720139650
2025-11-26,113200,1.8,59391446750
2025-11-27,114000,0.71,54275099850
2025-11-28,114100,0.09,69470546150
2025-12-01,112300,-1.58,77461574500
2025-12-02,117000,4.19,114164728900
2025-12-03,118600,1.37,126210237630
2025-12-04,120300,1.43,157296748163
2025-12-05,123600,2.74,252208046100
2025-12-08,125600,1.62,183540285350
2025-12-09,123800,-1.43,120003650900
2025-12-10,123400,-0.32,86233125550
2025-12-11,122900,-0.41,127444687650
2025-12-12,125800,2.36,85611940000
2025-12-15,124000,-1.43,81411568700
2025-12-16,120800,-2.58,117936568850
2025-12-17,121500,0.58,98269053050
2025-12-18,120400,-0.91,79138627639
2025-12-19,121000,0.5,132861951550
2025-12-22,121100,0.08,64311052350
2025-12-23,120200,-0.74,47986259550
2025-12-24,121000,0.67,51380360850
2025-12-26,119800,-0.99,51097207750
2025-12-29,121100,1.09,51133258300
2025-12-30,121800,0.58,52773368100
2026-01-02,120600,-0.99,77972896750
2026-01-05,122600,1.66,105125205900
2026-01-06,122500,-0.08,160173343150
2026-01-07,129300,5.55,386641683250
2026-01-08,124900,-3.4,213032721800
2026-01-09,133200,6.65,225559286750
2026-01-12,129300,-2.93,231945077200
2026-01-13,136000,5.18,394764518150
2026-01-14,143000,5.15,425077145250
2026-01-15,152500,6.64,501247427900
2026-01-16,151100,-0.92,405458414950
2026-01-19,169500,12.18,660978476900
2026-01-20,163900,-3.3,537821491250
2026-01-21,172100,5.0,699853931885
2026-01-22,164600,-4.36,572524555891
2026-01-23,159000,-3.4,416973621650
2026-01-26,155200,-2.39,222326759562
2026-01-27,153500,-1.1,280186091700
2026-01-28,149700,-2.48,266677932200
2026-01-29,154900,3.47,385695433597
2026-01-30,152600,-1.48,241856438450
2026-02-02,150100,-1.64,211915964000
2026-02-03,154000,2.6,203707017050
2026-02-04,156800,1.82,216562846700
2026-02-05,156200,-0.38,250156417300
2026-02-06,151900,-2.75,192692436900
2026-02-09,153800,1.25,210300926778
2026-02-10,154700,0.59,157624528767
2026-02-11,161800,4.59,259283677350
2026-02-12,166300,2.78,296424676200
2026-02-13,164100,-1.32,160186825900
2026-02-19,170000,3.6,229528491150
2026-02-20,171800,1.06,183388401200
2026-02-23,172700,0.52,200885193700
2026-02-24,174000,0.75,209850549000
2026-02-25,196100,12.7,754631374600
2026-02-26,206000,5.05,401088765850
2026-02-27,205500,-0.24,601959886300
2026-03-03,182300,-11.29,647097752685
2026-03-04,156700,-14.04,481783054100
2026-03-05,166400,6.19,453920189350
2026-03-06,167000,0.36,276839370000
2026-03-09,153400,-8.14,281529388800
2026-03-10,161000,4.95,282690077350
2026-03-11,162000,0.62,194686714404
2026-03-12,167000,3.09,223217194150
2026-03-13,164300,-1.62,263932255600
2026-03-16,162000,-1.4,172014463050
2026-03-17,167300,3.27,179957298500
2026-03-18,175100,4.66,206415739250
2026-03-19,170500,-2.63,155193662000
2026-03-20,168500,-1.17,338765942000
2026-03-23,161700,-4.04,217498652950
2026-03-24,157900,-2.35,243716151240
2026-03-25,157900,0.0,165269827300
2026-03-26,154700,-2.03,129985821850
2026-03-27,155800,0.71,127589700150
2026-03-30,151500,-2.76,146140226850
2026-03-31,145200,-4.16,210581945800
2026-04-01,155300,6.96,162525582400
2026-04-02,150600,-3.03,172162892000
2026-04-03,150200,-0.27,77008078150
2026-04-06,151600,0.93,93000549150
2026-04-07,150800,-0.53,108402442550
2026-04-08,159200,5.57,179671984300
2026-04-09,150500,-5.46,293180130800
2026-04-10,149000,-1.0,268625809260
2026-04-13,147400,-1.07,143398317400
2026-04-14,149200,1.22,138910633000
2026-04-15,151500,1.54,167857177950
2026-04-16,157900,4.22,221205102850
2026-04-17,159200,0.82,137283760100
2026-04-20,157400,-1.13,95416889850
2026-04-21,160000,1.65,120778479350
2026-04-22,160000,0.0,122545682450
2026-04-23,158400,-1.0,177926373250
2026-04-24,153400,-3.16,167704316600
2026-04-27,152600,-0.52,217320019800
2026-04-28,155600,1.97,245685366130
2026-04-29,156900,0.84,113398534690
2026-04-30,151800,-3.25,182048759900
2026-05-04,154000,1.45,121046283500
2026-05-06,154600,0.39,175125700100
2026-05-07,157600,1.94,248857802200
2026-05-08,164500,4.38,618453410600
2026-05-11,174700,6.2,518555475550
2026-05-12,168300,-3.66,507802008200
2026-05-13,179500,6.65,463582454500
2026-05-14,178100,-0.78,411909846200
2026-05-15,168000,-5.67,494807461750
2026-05-18,162500,-3.27,222713646300
2026-05-19,154900,-4.68,244197150050
2026-05-20,149400,-3.55,286851959550
2026-05-21,167900,12.38,269110304500
2026-05-22,164800,-1.85,148509146450
2026-05-26,167000,1.33,148619835500
2026-05-27,164700,-1.38,213436348700
2026-05-28,164300,-0.24,233634582400
2026-05-29,169200,2.98,430544793750
2026-06-01,169900,0.41,297485847000
2026-06-02,168800,-0.65,241132371600
2026-06-04,164300,-2.67,243685800150
2026-06-05,161100,-1.95,171264223725
2026-06-08,151400,-6.02,197896141800
2026-06-09,164300,8.52,380244068050
2026-06-10,159700,-2.8,306968970350
2026-06-11,156000,-2.32,251234005350
2026-06-12,166800,6.92,400412536500
2026-06-15,167500,0.42,220260488450
2026-06-16,170200,1.61,192109245100
2026-06-17,166300,-2.29,97856830350
2026-06-18,158800,-4.51,170345711350
2026-06-19,154900,-2.46,251373554650
2026-06-22,151400,-2.26,112372660200
2026-06-23,137400,-9.25,187643705950
2026-06-24,138900,1.09,157590812250
2026-06-25,139500,0.43,146316504050
2026-06-26,135300,-3.01,152312357450
2026-06-29,140600,3.92,108590478350
2026-06-30,138000,-1.85,135932477896
2026-07-01,141500,2.54,111532199100
2026-07-02,145200,2.61,190312459200
2026-07-03,152000,4.68,159628153900
2026-07-06,160700,5.72,256080292450
2026-07-07,153700,-4.36,179831224554
2026-07-08,156800,2.02,278893654900
2026-07-09,144800,-7.65,201632417476
2026-07-10,147500,1.86,149544579850
2026-07-13,143500,-2.71,131395116100
2026-07-14,139600,-2.72,161038133350
2026-07-15,145000,3.87,154205412115
2026-07-16,149700,3.24,142462854850
2026-07-20,140000,-6.48,123353725200
2026-07-21,144600,3.29,123980957250
2026-07-22,146800,1.52,116899480800
2026-07-23,149800,2.04,82458341600
2026-07-24,130500,-12.88,205222280250
2026-07-27,130400,-0.08,135467605250
2026-07-28,121800,-6.6,137120934400
2026-07-29,120400,-1.15,220461225195
2026-07-30,120800,0.33,165875410050
2026-07-31,131900,9.19,186033964600
2026-08-03,129600,-1.74,88319651800
2026-08-04,129600,0.0,90043903050
2026-08-05,133000,2.62,113104301200
2026-08-06,133600,0.45,106083924500
2026-08-07,134900,0.97,117985911654
2026-08-10,135500,0.44,94909146830
2026-08-11,134300,-0.89,61413633950
2026-08-12,135600,0.97,115745971400
2026-08-13,137400,1.33,142660447900
2026-08-14,141700,3.13,108962687510
2026-08-18,137200,-3.18,71429962200
2026-08-19,133000,-3.06,83742325700
2026-08-20,131100,-1.43,114938893600
2026-08-21,130900,-0.15,87242505050
2026-08-24,131500,0.46,86181035850
2026-08-25,134900,2.59,76247673050
2026-08-26,131400,-2.59,96600129150
2026-08-27,126100,-4.03,182723854300
2026-08-28,128000,1.51,104466702700
2026-08-31,131000,2.34,131867820200
2026-09-01,131200,0.15,106710036000
2026-09-02,124400,-5.18,121286746868
2026-09-03,127400,2.41,106479214900
2026-09-04,126500,-0.71,124480272525
2026-09-07,128400,1.5,91686452550
2026-09-08,125400,-2.34,68113930250
2026-09-09,126800,1.12,105751141400
2026-09-10,127000,0.16,107925322100
2026-09-11,126600,-0.31,66982796100
2026-09-14,124200,-1.9,60328076650
2026-09-15,121800,-1.93,58888553400
2026-09-16,120700,-0.9,64004200000
2026-09-17,120900,0.17,67974036600
2026-09-18,121900,0.83,103747897650
2026-09-21,120000,-1.56,95953441050
2026-09-22,118500,-1.25,94067790500
2026-09-23,115400,-2.62,92692855900
