date,close,change_pct,trading_value
2015-01-02,171000,8.23,515886205500
2015-01-05,145500,-14.91,1022009009500
2015-01-06,138500,-4.81,643016078739
2015-01-07,135500,-2.17,237257296500
2015-01-08,135000,-0.37,233417628000
2015-01-09,150000,11.11,427240919000
2015-01-12,147500,-1.67,239681649000
2015-01-13,138000,-6.44,283800532500
2015-01-14,137000,-0.72,123096201500
2015-01-15,140500,2.55,164318824500
2015-01-16,136000,-3.2,102902595500
2015-01-19,131000,-3.68,149082748000
2015-01-20,131500,0.38,82208430500
2015-01-21,124000,-5.7,177923421500
2015-01-22,124000,0.0,110428987000
2015-01-23,131000,5.65,133537428500
2015-01-26,129500,-1.15,64689359000
2015-01-27,135000,4.25,99073373000
2015-01-28,140000,3.7,204150126500
2015-01-29,137500,-1.79,75101070000
2015-01-30,136000,-1.09,128789810000
2015-02-02,135000,-0.74,45816258500
2015-02-03,138500,2.59,59648802500
2015-02-04,137500,-0.72,44544827500
2015-02-05,136000,-1.09,36728681000
2015-02-06,138500,1.84,69605226940
2015-02-09,138500,0.0,48390048000
2015-02-10,136500,-1.44,28260796000
2015-02-11,140000,2.56,41630892500
2015-02-12,139000,-0.71,36903672500
2015-02-13,147500,6.12,205328076620
2015-02-16,151500,2.71,132664429000
2015-02-17,147000,-2.97,65105000500
2015-02-23,149000,1.36,42368012500
2015-02-24,155000,4.03,123142994000
2015-02-25,156000,0.65,110613193500
2015-02-26,158000,1.28,58450567500
2015-02-27,162000,2.53,72933034000
2015-03-02,159000,-1.85,89310550000
2015-03-03,155000,-2.52,91681538500
2015-03-04,155500,0.32,50713908500
2015-03-05,155000,-0.32,39108758000
2015-03-06,159000,2.58,58668005000
2015-03-09,164500,3.46,120660600500
2015-03-10,165000,0.3,116129276000
2015-03-11,161000,-2.42,199461455500
2015-03-12,156500,-2.8,282455246000
2015-03-13,157500,0.64,91718896000
2015-03-16,153000,-2.86,68060401500
2015-03-17,162000,5.88,113163654500
2015-03-18,152000,-6.17,463396776500
2015-03-19,154500,1.64,196476936500
2015-03-20,155000,0.32,103832097000
2015-03-23,151000,-2.58,76519397500
2015-03-24,150000,-0.66,60077052500
2015-03-25,154500,3.0,75875288500
2015-03-26,149500,-3.24,88386649500
2015-03-27,147500,-1.34,57033962000
2015-03-30,151500,2.71,76704469500
2015-03-31,149500,-1.32,48863808000
2015-04-01,146500,-2.01,56648928500
2015-04-02,140500,-4.1,140888052500
2015-04-03,141500,0.71,61688745500
2015-04-06,140000,-1.06,41108174500
2015-04-07,141500,1.07,56163810000
2015-04-08,140000,-1.06,39491544000
2015-04-09,138500,-1.07,45623191500
2015-04-10,137500,-0.72,95936141000
2015-04-13,138500,0.73,49406759500
2015-04-14,140500,1.44,62269390000
2015-04-15,154500,9.96,413027939000
2015-04-16,158000,2.27,337917321400
2015-04-17,154500,-2.22,81454416500
2015-04-20,159500,3.24,122295308000
2015-04-21,162500,1.88,124276781000
2015-04-22,158500,-2.46,89249751000
2015-04-23,179000,12.93,412743476500
2015-04-24,169500,-5.31,224758424000
2015-04-27,166000,-2.06,91709756500
2015-04-28,167000,0.6,111612739000
2015-04-29,166500,-0.3,79433795500
2015-04-30,158500,-4.8,122486025000
2015-05-04,161000,1.58,60085186500
2015-05-06,159500,-0.93,61212503500
2015-05-07,142500,-10.66,290969904000
2015-05-08,143500,0.7,78160272000
2015-05-11,141500,-1.39,59875013500
2015-05-12,143000,1.06,48531307000
2015-05-13,150000,4.9,97296463000
2015-05-14,149000,-0.67,46814981000
2015-05-15,156500,5.03,101110450000
2015-05-18,157000,0.32,41806802000
2015-05-19,157500,0.32,52912261000
2015-05-20,161000,2.22,51231399500
2015-05-21,161500,0.31,37853531500
2015-05-22,163500,1.24,44266220500
2015-05-26,188000,14.98,458144334000
2015-05-27,190500,1.33,717524103000
2015-05-28,186000,-2.36,253686296500
2015-05-29,192000,3.23,329037071000
2015-06-01,188500,-1.82,111744565500
2015-06-02,186000,-1.33,81758991000
2015-06-03,182000,-2.15,59454530000
2015-06-04,191000,4.95,374197421000
2015-06-05,197000,3.14,217265245500
2015-06-08,183500,-6.85,215995255500
2015-06-09,182500,-0.54,128592476500
2015-06-10,178500,-2.19,160782916000
2015-06-11,180000,0.84,82343722000
2015-06-12,182000,1.11,60144694000
2015-06-15,169000,-7.14,96000219000
2015-06-16,169000,0.0,61234392000
2015-06-17,174500,3.25,47421027000
2015-06-18,171500,-1.72,31175332000
2015-06-19,174500,1.75,46248422500
2015-06-22,172000,-1.43,25899554500
2015-06-23,181500,5.52,65356338500
2015-06-24,174500,-3.86,111612813000
2015-06-25,173500,-0.57,45583057000
2015-06-26,173500,0.0,31531126500
2015-06-29,174500,0.58,49094089500
2015-06-30,177500,1.72,74109343500
2015-07-01,181000,1.97,100064494500
2015-07-02,180000,-0.55,76214543500
2015-07-03,183000,1.67,78313731080
2015-07-06,177000,-3.28,46427991000
2015-07-07,177000,0.0,54138204000
2015-07-08,173000,-2.26,46039796000
2015-07-09,174500,0.87,53421740000
2015-07-10,178000,2.01,39056018500
2015-07-13,182500,2.53,70124385000
2015-07-14,180000,-1.37,83830149500
2015-07-15,183500,1.94,75692217500
2015-07-16,194000,5.72,231757032500
2015-07-17,179000,-7.73,720699585500
2015-07-20,175000,-2.23,141965107000
2015-07-21,171500,-2.0,86468215500
2015-07-22,176000,2.62,98959777000
2015-07-23,172500,-1.99,73368122500
2015-07-24,169500,-1.74,100964995000
2015-07-27,169500,0.0,56683561000
2015-07-28,167000,-1.47,71439370000
2015-07-29,169500,1.5,71457021000
2015-07-30,165000,-2.65,70076086000
2015-07-31,167500,1.52,59491621000
2015-08-03,168000,0.3,48625429000
2015-08-04,171000,1.79,58805676000
2015-08-05,168000,-1.75,73164832500
2015-08-06,161000,-4.17,105006472500
2015-08-07,153500,-4.66,80786126500
2015-08-10,150500,-1.95,45379957500
2015-08-11,150500,0.0,27963045000
2015-08-12,145500,-3.32,50704078500
2015-08-13,146000,0.34,44524860000
2015-08-17,145500,-0.34,36586152500
2015-08-18,141500,-2.75,29327695500
2015-08-19,134000,-5.3,87028678000
2015-08-20,138000,2.99,58970958500
2015-08-21,136500,-1.09,45182414500
2015-08-24,131000,-4.03,60883452000
2015-08-25,134000,2.29,61585521500
2015-08-26,147000,9.7,150490138000
2015-08-27,157000,6.8,231748559000
2015-08-28,165500,5.41,123922817000
2015-08-31,178000,7.55,194112894500
2015-09-01,170000,-4.49,111188940000
2015-09-02,173500,2.06,111472412000
2015-09-03,165500,-4.61,82421145500
2015-09-04,162000,-2.11,45883457500
2015-09-07,161000,-0.62,47758927000
2015-09-08,164500,2.17,67403720000
2015-09-09,165000,0.3,41090849000
2015-09-10,170000,3.03,55387447500
2015-09-11,163500,-3.82,64464968000
2015-09-14,158500,-3.06,76975188500
2015-09-15,163000,2.84,252534397560
2015-09-16,164500,0.92,119675449000
2015-09-17,160000,-2.74,104574697820
2015-09-18,159500,-0.31,100555088000
2015-09-21,157500,-1.25,88043568000
2015-09-22,154500,-1.9,102592748500
2015-09-23,146500,-5.18,182519343500
2015-09-24,147000,0.34,81499916000
2015-09-25,147000,0.0,93334818500
2015-09-30,146500,-0.34,50662356500
2015-10-01,153500,4.78,77485962500
2015-10-02,151000,-1.63,52955263164
2015-10-05,152000,0.66,56734113500
2015-10-06,151000,-0.66,41149581500
2015-10-07,158000,4.64,106341301500
2015-10-08,158500,0.32,63463751500
2015-10-12,159000,0.32,47899237500
2015-10-13,160000,0.63,44973932500
2015-10-14,158000,-1.25,41798877000
2015-10-15,159500,0.95,38879752500
2015-10-16,159500,0.0,31013466500
2015-10-19,157500,-1.25,37238637000
2015-10-20,156500,-0.63,46556503500
2015-10-21,159000,1.6,64368963822
2015-10-22,157500,-0.94,294260380500
2015-10-23,159000,0.95,57654968000
2015-10-26,156000,-1.89,60724463500
2015-10-27,158000,1.28,35544194500
2015-10-28,154000,-2.53,55938275500
2015-10-29,156000,1.3,96491865000
2015-10-30,155000,-0.64,55669891500
2015-11-02,155500,0.32,30411252500
2015-11-03,156000,0.32,34916349000
2015-11-04,153500,-1.6,67476454000
2015-11-05,149500,-2.61,72619564000
2015-11-06,147500,-1.34,64147479500
2015-11-09,147000,-0.34,31796418500
2015-11-10,145500,-1.02,45639874500
2015-11-11,143500,-1.37,44151310000
2015-11-12,142500,-0.7,41011621500
2015-11-13,139000,-2.46,45301263500
2015-11-16,135000,-2.88,47751035000
2015-11-17,136500,1.11,50361146000
2015-11-18,141500,3.66,58895792000
2015-11-19,142500,0.71,56880189000
2015-11-20,141000,-1.05,40209425500
2015-11-23,151500,7.45,137265004500
2015-11-24,152000,0.33,109995180500
2015-11-25,152500,0.33,55292589000
2015-11-26,154000,0.98,62145604000
2015-11-27,152000,-1.3,39301365000
2015-11-30,146000,-3.95,89334394000
2015-12-01,150500,3.08,36580945500
2015-12-02,150000,-0.33,29592226000
2015-12-03,147000,-2.0,32706621000
2015-12-04,144500,-1.7,31478905500
2015-12-07,143500,-0.69,25324355000
2015-12-08,143000,-0.35,37597212500
2015-12-09,144500,1.05,24186065000
2015-12-10,145500,0.69,36168634000
2015-12-11,147000,1.03,43473131000
2015-12-14,144000,-2.04,44739653500
2015-12-15,146500,1.74,38360318000
2015-12-16,146500,0.0,45431370500
2015-12-17,145500,-0.68,41072142500
2015-12-18,147500,1.37,48988719000
2015-12-21,146000,-1.02,45300788000
2015-12-22,148500,1.71,65604990500
2015-12-23,147500,-0.67,41335276000
2015-12-24,145500,-1.36,50797881000
2015-12-28,138500,-4.81,116129937500
2015-12-29,142000,2.53,38945598000
2015-12-30,140000,-1.41,38161463000
2016-01-04,140000,0.0,39440092500
2016-01-05,140000,0.0,37236579000
2016-01-06,144000,2.86,62068244500
2016-01-07,143000,-0.69,38233118500
2016-01-08,142000,-0.7,41212731500
2016-01-11,140000,-1.41,37160849500
2016-01-12,139500,-0.36,32728831000
2016-01-13,140500,0.72,38299894000
2016-01-14,139000,-1.07,37330828500
2016-01-15,136000,-2.16,43717081000
2016-01-18,144000,5.88,87666159000
2016-01-19,148500,3.13,99688060000
2016-01-20,148000,-0.34,124917920000
2016-01-21,149000,0.68,75797059500
2016-01-22,153000,2.68,88796155500
2016-01-25,150000,-1.96,76612274000
2016-01-26,142000,-5.33,123497424000
2016-01-27,141000,-0.7,72676263500
2016-01-28,144000,2.13,123187411500
2016-01-29,149000,3.47,165567688500
2016-02-01,151000,1.34,56749239500
2016-02-02,150500,-0.33,50851072500
2016-02-03,146500,-2.66,45482902500
2016-02-04,153000,4.44,88666121000
2016-02-05,152000,-0.65,53862419500
2016-02-11,146500,-3.62,74889922000
2016-02-12,143000,-2.39,80501507000
2016-02-15,148000,3.5,63947688000
2016-02-16,148500,0.34,42621512500
2016-02-17,146000,-1.68,50150379500
2016-02-18,154500,5.82,109509475000
2016-02-19,153000,-0.97,59752463000
2016-02-22,152500,-0.33,90504338500
2016-02-23,152500,0.0,61694619000
2016-02-24,152000,-0.33,33419266000
2016-02-25,153000,0.66,289527005500
2016-02-26,157000,2.61,842559728500
2016-02-29,154500,-1.59,106248092000
2016-03-02,154500,0.0,87694990000
2016-03-03,154500,0.0,83828448500
2016-03-04,154000,-0.32,54235079000
2016-03-07,152500,-0.97,53025546500
2016-03-08,150000,-1.64,74181607500
2016-03-09,151000,0.67,40902304000
2016-03-10,147500,-2.32,176142537500
2016-03-11,150500,2.03,88581785500
2016-03-14,149000,-1.0,40819257000
2016-03-15,149500,0.34,23084310500
2016-03-16,148500,-0.67,56338983500
2016-03-17,149000,0.34,47713559500
2016-03-18,147000,-1.34,73774735000
2016-03-21,145500,-1.02,52214999000
2016-03-22,146500,0.69,31691255500
2016-03-23,145500,-0.68,45737012000
2016-03-24,144000,-1.03,32064724000
2016-03-25,143000,-0.69,38567954000
2016-03-28,145000,1.4,45130082000
2016-03-29,145000,0.0,46182352000
2016-03-30,144000,-0.69,35025589404
2016-03-31,143000,-0.69,63675525000
2016-04-01,140000,-2.1,74123346212
2016-04-04,139500,-0.36,48739324000
2016-04-05,139500,0.0,56410106500
2016-04-06,137000,-1.79,54393053500
2016-04-07,137000,0.0,41446780000
2016-04-08,138500,1.09,37069814000
2016-04-11,137500,-0.72,33312092500
2016-04-12,140000,1.82,45764049500
2016-04-14,140000,0.0,74019340500
2016-04-15,142500,1.79,48680581000
2016-04-18,140000,-1.75,36154911000
2016-04-19,140500,0.36,34167582000
2016-04-20,139000,-1.07,36508044000
2016-04-21,138000,-0.72,42414232500
2016-04-22,139000,0.72,31467671500
2016-04-25,137000,-1.44,49376438000
2016-04-26,138000,0.73,34400447000
2016-04-27,134000,-2.9,129495432500
2016-04-28,132000,-1.49,139447984000
2016-04-29,131000,-0.76,60788017500
2016-05-02,128000,-2.29,62527295500
2016-05-03,128000,0.0,40557973000
2016-05-04,128500,0.39,50983034500
2016-05-09,126000,-1.95,50938190000
2016-05-10,126000,0.0,41045329500
2016-05-11,127500,1.19,50730526500
2016-05-12,125500,-1.57,34678079000
2016-05-13,126500,0.8,24661137000
2016-05-16,125500,-0.79,22276389000
2016-05-17,125500,0.0,32585575500
2016-05-18,122500,-2.39,49870755500
2016-05-19,117000,-4.49,98319719000
2016-05-20,120000,2.56,51559228500
2016-05-23,120500,0.42,28057516500
2016-05-24,117000,-2.9,49349535500
2016-05-25,118000,0.85,45078413500
2016-05-26,117000,-0.85,22804455500
2016-05-27,120000,2.56,49992171000
2016-05-30,120500,0.42,40789728000
2016-05-31,120000,-0.41,54346058930
2016-06-01,119000,-0.83,38124843000
2016-06-02,114000,-4.2,135772222500
2016-06-03,122000,7.02,182549221000
2016-06-07,125500,2.87,114451162000
2016-06-08,124500,-0.8,59238858000
2016-06-09,123000,-1.2,62933146000
2016-06-10,124500,1.22,28985864500
2016-06-13,121000,-2.81,31455829000
2016-06-14,118000,-2.48,50900236500
2016-06-15,116000,-1.69,41161095500
2016-06-16,115500,-0.43,35424313500
2016-06-17,119500,3.46,62762166500
2016-06-20,122000,2.09,47984711000
2016-06-21,121500,-0.41,28537907500
2016-06-22,122000,0.41,20634024000
2016-06-23,122000,0.0,25631025000
2016-06-24,116000,-4.92,117061443000
2016-06-27,114500,-1.29,57382352000
2016-06-28,116000,1.31,35694949500
2016-06-29,117500,1.29,38046727500
2016-06-30,123000,4.68,279408232500
2016-07-01,123000,0.0,57414395500
2016-07-04,123500,0.41,39777726000
2016-07-05,127000,2.83,80060362000
2016-07-06,124000,-2.36,48726982500
2016-07-07,128000,3.23,61649596500
2016-07-08,126000,-1.56,44650162000
2016-07-11,129500,2.78,58929480500
2016-07-12,132000,1.93,89525762000
2016-07-13,131500,-0.38,40155544000
2016-07-14,131500,0.0,41702449000
2016-07-15,133000,1.14,49378026000
2016-07-18,133000,0.0,38031566500
2016-07-19,135000,1.5,67654391500
2016-07-20,134500,-0.37,37490499000
2016-07-21,133000,-1.12,34263369000
2016-07-22,133500,0.38,30661562500
2016-07-25,133500,0.0,26268264000
2016-07-26,135500,1.5,39767981500
2016-07-27,137500,1.48,56689047500
2016-07-28,138000,0.36,58998108500
2016-07-29,135500,-1.81,40861149225
2016-08-01,135500,0.0,35887559500
2016-08-02,135500,0.0,42308762000
2016-08-03,134500,-0.74,36054670500
2016-08-04,136500,1.49,31600461000
2016-08-05,139500,2.2,63824321500
2016-08-08,143000,2.51,72826267500
2016-08-09,142500,-0.35,41933390000
2016-08-10,142000,-0.35,35992909500
2016-08-11,143500,1.06,39252174500
2016-08-12,143000,-0.35,31873225000
2016-08-16,144000,0.7,37611363000
2016-08-17,142000,-1.39,37792218500
2016-08-18,148500,4.58,152229554500
2016-08-19,152500,2.69,179147101500
2016-08-22,152500,0.0,75741142500
2016-08-23,151500,-0.66,57399299500
2016-08-24,148000,-2.31,82485514000
2016-08-25,151000,2.03,62324591500
2016-08-26,149500,-0.99,38678211000
2016-08-29,148500,-0.67,29150875000
2016-08-30,152500,2.69,65227776000
2016-08-31,151500,-0.66,44953888500
2016-09-01,150500,-0.66,57968135000
2016-09-02,151000,0.33,30524780000
2016-09-05,152500,0.99,35368930000
2016-09-06,152000,-0.33,39125491500
2016-09-07,150500,-0.99,28548096000
2016-09-08,148500,-1.33,52859787000
2016-09-09,146000,-1.68,77266944500
2016-09-12,141500,-3.08,81606811000
2016-09-13,146000,3.18,122533990000
2016-09-19,144500,-1.03,47100952500
2016-09-20,146000,1.04,50014625500
2016-09-21,146500,0.34,25492794000
2016-09-22,147000,0.34,36113362500
2016-09-23,146000,-0.68,40792769000
2016-09-26,144000,-1.37,29715855000
2016-09-27,145500,1.04,33967112000
2016-09-28,145500,0.0,20255614500
2016-09-29,148500,2.06,60718362000
2016-09-30,149000,0.34,62919380500
2016-10-04,150500,1.01,40642960500
2016-10-05,152000,1.0,49556801500
2016-10-06,164000,7.89,349296846000
2016-10-07,165500,0.91,222580066000
2016-10-10,162000,-2.11,157583257000
2016-10-11,155500,-4.01,171942064500
2016-10-12,161500,3.86,112939050500
2016-10-13,161500,0.0,78361023000
2016-10-14,163500,1.24,78680587500
2016-10-17,163000,-0.31,48447711000
2016-10-18,163500,0.31,47283343000
2016-10-19,164500,0.61,74664763500
2016-10-20,161500,-1.82,60939845000
2016-10-21,160500,-0.62,41906800500
2016-10-24,167500,4.36,132686489000
2016-10-25,169000,0.9,83153343500
2016-10-26,166000,-1.78,86828316000
2016-10-27,164000,-1.2,86469210000
2016-10-28,165000,0.61,40860711500
2016-10-31,161500,-2.12,56303346500
2016-11-01,157000,-2.79,74117501500
2016-11-02,154000,-1.91,58980106000
2016-11-03,152000,-1.3,144970674500
2016-11-04,147500,-2.96,67310693000
2016-11-07,150500,2.03,67948527000
2016-11-08,150500,0.0,53981881500
2016-11-09,144500,-3.99,149351100000
2016-11-10,150000,3.81,94220314500
2016-11-11,146500,-2.33,83790021500
2016-11-14,145000,-1.02,51256492500
2016-11-15,143500,-1.03,50589950000
2016-11-16,144000,0.35,56464768500
2016-11-17,141500,-1.74,59359168000
2016-11-18,138500,-2.12,66018424500
2016-11-21,141500,2.17,74203658000
2016-11-22,140500,-0.71,56044627000
2016-11-23,136500,-2.85,90921476000
2016-11-24,131500,-3.66,97402870500
2016-11-25,134000,1.9,56929398500
2016-11-28,139000,3.73,111950615500
2016-11-29,127000,-8.63,318289354500
2016-11-30,128000,0.79,120534811500
2016-12-01,128000,0.0,60139604000
2016-12-02,125500,-1.95,65882534500
2016-12-05,126000,0.4,56329570000
2016-12-06,129000,2.38,60466857000
2016-12-07,129500,0.39,62903055000
2016-12-08,127500,-1.54,80670026000
2016-12-09,126500,-0.78,42354961500
2016-12-12,127000,0.4,32699266000
2016-12-13,129500,1.97,45298399500
2016-12-14,129000,-0.39,38113074000
2016-12-15,129500,0.39,37373421500
2016-12-16,126500,-2.32,55169519000
2016-12-19,128000,1.19,36937882500
2016-12-20,127500,-0.39,33820015500
2016-12-21,132500,3.92,114449122500
2016-12-22,130500,-1.51,62419443880
2016-12-23,128500,-1.53,55625126000
2016-12-26,126500,-1.56,45381411000
2016-12-27,124500,-1.58,69561018000
2016-12-28,125500,0.8,57836188000
2016-12-29,125500,0.0,37070738500
2017-01-02,125500,0.0,27206089500
2017-01-03,129000,2.79,65137927500
2017-01-04,129000,0.0,41375918250
2017-01-05,128000,-0.78,48772170500
2017-01-06,129000,0.78,26551997000
2017-01-09,128000,-0.78,29697939000
2017-01-10,126500,-1.17,31119935000
2017-01-11,126000,-0.4,67690323500
2017-01-12,128000,1.59,69102426000
2017-01-13,128500,0.39,33174632000
2017-01-16,127500,-0.78,43063007500
2017-01-17,125000,-1.96,74096362000
2017-01-18,123000,-1.6,92702296000
2017-01-19,124000,0.81,78273680500
2017-01-20,122000,-1.61,53549435500
2017-01-23,120500,-1.23,37527556500
2017-01-24,123500,2.49,39814118000
2017-01-25,125000,1.21,50871253500
2017-01-26,126500,1.2,54526613500
2017-01-31,126000,-0.4,44030032500
2017-02-01,127000,0.79,38708666500
2017-02-02,128500,1.18,60498675500
2017-02-03,128500,0.0,44395885000
2017-02-06,128000,-0.39,24295054500
2017-02-07,128500,0.39,20726167500
2017-02-08,127500,-0.78,32949387000
2017-02-09,126000,-1.18,37874503500
2017-02-10,127500,1.19,35244026500
2017-02-13,125500,-1.57,50438144000
2017-02-14,126000,0.4,27614228500
2017-02-15,126000,0.0,25021970500
2017-02-16,126500,0.4,46470502500
2017-02-17,124000,-1.98,74501867500
2017-02-20,123000,-0.81,37768609500
2017-02-21,126000,2.44,36614347500
2017-02-22,124000,-1.59,37504627500
2017-02-23,124000,0.0,36009371000
2017-02-24,125000,0.81,29246143500
2017-02-27,125000,0.0,28271601500
2017-02-28,123000,-1.6,51116503500
2017-03-02,121500,-1.22,48440250500
2017-03-03,121500,0.0,29795281000
2017-03-06,119500,-1.65,49627365500
2017-03-07,121500,1.67,36775426000
2017-03-08,120500,-0.82,28093196000
2017-03-09,119500,-0.83,36945569000
2017-03-10,120500,0.84,55921948000
2017-03-13,121000,0.41,37339495000
2017-03-14,132000,9.09,236906547500
2017-03-15,131000,-0.76,216838193087
2017-03-16,130500,-0.38,85761097000
2017-03-17,132500,1.53,70717481000
2017-03-20,133000,0.38,70095531000
2017-03-21,133500,0.38,79129511000
2017-03-22,134000,0.37,63776428500
2017-03-23,137500,2.61,111765484000
2017-03-24,127500,-7.27,235307295000
2017-03-27,125500,-1.57,87294853000
2017-03-28,126500,0.8,76572258500
2017-03-29,128500,1.58,49153925500
2017-03-30,128000,-0.39,30587766000
2017-03-31,127500,-0.39,41957522000
2017-04-03,127500,0.0,27273095000
2017-04-04,129000,1.18,43910466500
2017-04-05,127500,-1.16,31300067000
2017-04-06,126000,-1.18,35607554000
2017-04-07,127000,0.79,27399072500
2017-04-10,124500,-1.97,51705477500
2017-04-11,123500,-0.8,38857486500
2017-04-12,125000,1.21,20647551500
2017-04-13,125500,0.4,35590565000
2017-04-14,125000,-0.4,15464522000
2017-04-17,126000,0.8,20819481500
2017-04-18,127500,1.19,88929696000
2017-04-19,127000,-0.39,31227143000
2017-04-20,128500,1.18,44561843000
2017-04-21,130500,1.56,63977439000
2017-04-24,130500,0.0,35248541000
2017-04-25,130500,0.0,31848497000
2017-04-26,131500,0.77,57963707000
2017-04-27,122500,-6.84,284047081000
2017-04-28,123500,0.82,75821402500
2017-05-02,122500,-0.81,75618722000
2017-05-04,124000,1.22,44054844000
2017-05-08,126500,2.02,58339420500
2017-05-10,124500,-1.58,86007212000
2017-05-11,126500,1.61,63215003500
2017-05-12,125500,-0.79,32295680500
2017-05-15,125500,0.0,33243700500
2017-05-16,126500,0.8,42102572000
2017-05-17,125500,-0.79,35041512000
2017-05-18,125000,-0.4,44913954000
2017-05-19,129500,3.6,119960192500
2017-05-22,130500,0.77,57416280000
2017-05-23,131000,0.38,51086612000
2017-05-24,131000,0.0,63301885500
2017-05-25,133000,1.53,70599805000
2017-05-26,134000,0.75,75197540500
2017-05-29,137500,2.61,136638199500
2017-05-30,137500,0.0,108063375500
2017-05-31,137500,0.0,68751395000
2017-06-01,138000,0.36,58181236000
2017-06-02,141500,2.54,123513101000
2017-06-05,143000,1.06,94137821000
2017-06-07,142500,-0.35,55672968500
2017-06-08,142500,0.0,101389224000
2017-06-09,137500,-3.51,124129574000
2017-06-12,138000,0.36,49487307500
2017-06-13,138500,0.36,35748743500
2017-06-14,136500,-1.44,66880842000
2017-06-15,135500,-0.73,43745012000
2017-06-16,135500,0.0,83005764000
2017-06-19,136000,0.37,50790844500
2017-06-20,134000,-1.47,47555076000
2017-06-21,132000,-1.49,54124245479
2017-06-22,137500,4.17,80126491500
2017-06-23,139000,1.09,70090741500
2017-06-26,141500,1.8,154237615000
2017-06-27,146000,3.18,165509665500
2017-06-28,144500,-1.03,127936611500
2017-06-29,148500,2.77,148525067500
2017-06-30,148000,-0.34,70951824500
2017-07-03,144500,-2.36,86913351500
2017-07-04,144000,-0.35,53894074000
2017-07-05,145500,1.04,53314542500
2017-07-06,145000,-0.34,36942517500
2017-07-07,145000,0.0,39524186000
2017-07-10,145500,0.34,50837857500
2017-07-11,145500,0.0,51821928500
2017-07-12,142500,-2.06,38126415500
2017-07-13,144500,1.4,55360807500
2017-07-14,140000,-3.11,71403514500
2017-07-17,142000,1.43,46369836000
2017-07-18,142500,0.35,24556147000
2017-07-19,141500,-0.7,59973516500
2017-07-20,141500,0.0,25950695000
2017-07-21,143500,1.41,51324660500
2017-07-24,143500,0.0,32125205000
2017-07-25,142000,-1.05,35899024000
2017-07-26,139000,-2.11,64140214500
2017-07-27,141000,1.44,51218064500
2017-07-28,138500,-1.77,40710921500
2017-07-31,139000,0.36,34399764000
2017-08-01,139500,0.36,30725464000
2017-08-02,140500,0.72,39955244500
2017-08-03,138000,-1.78,49982893500
2017-08-04,140000,1.45,22317404500
2017-08-07,140000,0.0,52908383500
2017-08-08,138500,-1.07,26785904000
2017-08-09,134500,-2.89,52606522500
2017-08-10,133000,-1.12,47806645000
2017-08-11,132000,-0.75,39974850000
2017-08-14,132500,0.38,39710267500
2017-08-16,134500,1.51,36200670000
2017-08-17,134500,0.0,33210794500
2017-08-18,133500,-0.74,21999605000
2017-08-21,133000,-0.37,17310309000
2017-08-22,131500,-1.13,25189065500
2017-08-23,134500,2.28,45683547000
2017-08-24,135500,0.74,44460621500
2017-08-25,133500,-1.48,145856148500
2017-08-28,129000,-3.37,129777921000
2017-08-29,130000,0.78,44226085000
2017-08-30,130000,0.0,40584494000
2017-08-31,129000,-0.77,49400171500
2017-09-01,129500,0.39,29899474500
2017-09-04,127000,-1.93,42251108000
2017-09-05,125500,-1.18,32410110500
2017-09-06,126000,0.4,29467162000
2017-09-07,126500,0.4,37690079161
2017-09-08,128000,1.19,36145253000
2017-09-11,129000,0.78,35606712500
2017-09-12,129000,0.0,26177452500
2017-09-13,127000,-1.55,35780106500
2017-09-14,127500,0.39,47178869500
2017-09-15,127500,0.0,57988746500
2017-09-18,136500,7.06,164457597000
2017-09-19,135000,-1.1,54716147000
2017-09-20,134000,-0.74,53414426500
2017-09-21,132500,-1.12,31735644500
2017-09-22,132000,-0.38,46975375000
2017-09-25,134000,1.52,52151080500
2017-09-26,135500,1.12,54060285500
2017-09-27,135500,0.0,30123922500
2017-09-28,134000,-1.11,28836671500
2017-09-29,135000,0.75,31631218000
2017-10-10,138000,2.22,87506079500
2017-10-11,142000,2.9,107746313000
2017-10-12,143000,0.7,107405721000
2017-10-13,147000,2.8,180136737500
2017-10-16,148500,1.02,113603064500
2017-10-17,148500,0.0,62819081500
2017-10-18,146500,-1.35,78153574000
2017-10-19,145500,-0.68,96177982000
2017-10-20,146000,0.34,57412145500
2017-10-23,143500,-1.71,50089173000
2017-10-24,144500,0.7,29953878500
2017-10-25,146500,1.38,48357945000
2017-10-26,146000,-0.34,58794231500
2017-10-27,144500,-1.03,40476974000
2017-10-30,143500,-0.69,46261438000
2017-10-31,148000,3.14,87953199500
2017-11-01,149500,1.01,79748333000
2017-11-02,147500,-1.34,39433403000
2017-11-03,148000,0.34,38852498500
2017-11-06,145000,-2.03,47187365000
2017-11-07,145000,0.0,36056973500
2017-11-08,144500,-0.34,33805209000
2017-11-09,146000,1.04,52215099500
2017-11-10,145000,-0.68,24528931000
2017-11-13,140500,-3.1,76808702500
2017-11-14,140000,-0.36,40537937500
2017-11-15,138500,-1.07,41077141500
2017-11-16,140500,1.44,32590188000
2017-11-17,140500,0.0,35346087500
2017-11-20,138500,-1.42,29540360500
2017-11-21,139000,0.36,41237439500
2017-11-22,139500,0.36,37975350000
2017-11-23,138500,-0.72,23939647500
2017-11-24,138500,0.0,23913949500
2017-11-27,134500,-2.89,55619453500
2017-11-28,134500,0.0,36516118500
2017-11-29,134500,0.0,25643561000
2017-11-30,132000,-1.86,61732966500
2017-12-01,133000,0.76,24981689000
2017-12-04,135500,1.88,28764426500
2017-12-05,135000,-0.37,29313030000
2017-12-06,133500,-1.11,27098032000
2017-12-07,133000,-0.37,26984054500
2017-12-08,132000,-0.75,22184539500
2017-12-11,132000,0.0,22404944000
2017-12-12,131500,-0.38,23750650000
2017-12-13,132000,0.38,36856281000
2017-12-14,131000,-0.76,58672793000
2017-12-15,130500,-0.38,46176269000
2017-12-18,130000,-0.38,34634373000
2017-12-19,130500,0.38,38710573500
2017-12-20,130500,0.0,27695608000
2017-12-21,127000,-2.68,67340287500
2017-12-22,123000,-3.15,119195487500
2017-12-26,122000,-0.81,72291945500
2017-12-27,125000,2.46,39825449500
2017-12-28,126000,0.8,25710018730
2018-01-02,127500,1.19,27055498500
2018-01-03,126500,-0.78,39286900000
2018-01-04,128000,1.19,52418237000
2018-01-05,130000,1.56,42334416000
2018-01-08,131000,0.77,46650883000
2018-01-09,136000,3.82,112783858000
2018-01-10,133500,-1.84,60518073000
2018-01-11,132500,-0.75,43397233000
2018-01-12,134000,1.13,57353461000
2018-01-15,134500,0.37,29961339500
2018-01-16,135500,0.74,34429313500
2018-01-17,135000,-0.37,20662570000
2018-01-18,136500,1.11,36468802500
2018-01-19,135500,-0.73,31260434000
2018-01-22,134000,-1.11,35326226000
2018-01-23,135000,0.75,27117665500
2018-01-24,135500,0.37,24998277500
2018-01-25,136500,0.74,27196362000
2018-01-26,136500,0.0,34610472500
2018-01-29,142000,4.03,131598409000
2018-01-30,138500,-2.46,48708149500
2018-01-31,142000,2.53,169776637000
2018-02-01,141500,-0.35,58338826500
2018-02-02,140000,-1.06,84130530000
2018-02-05,143000,2.14,202437377500
2018-02-06,138500,-3.15,117064384000
2018-02-07,133000,-3.97,88960764500
2018-02-08,132500,-0.38,77391466500
2018-02-09,127500,-3.77,69082651500
2018-02-12,128000,0.39,39297584000
2018-02-13,132000,3.13,64333517500
2018-02-14,133000,0.76,36581225000
2018-02-19,132000,-0.75,36746666500
2018-02-20,131000,-0.76,25454784000
2018-02-21,131000,0.0,25110318500
2018-02-22,130000,-0.76,26322116000
2018-02-23,134000,3.08,44500586000
2018-02-26,131500,-1.87,35117819500
2018-02-27,129000,-1.9,50023771500
2018-02-28,128500,-0.39,31001356000
2018-03-02,128000,-0.39,33227344000
2018-03-05,127000,-0.78,24286739500
2018-03-06,129000,1.57,24603780000
2018-03-07,128500,-0.39,32584478500
2018-03-08,129500,0.78,28127733500
2018-03-09,131500,1.54,31526857000
2018-03-12,133000,1.14,39448542000
2018-03-13,133500,0.38,33300079000
2018-03-14,133000,-0.37,28933191000
2018-03-15,131500,-1.13,33243044500
2018-03-16,134000,1.9,50980080000
2018-03-19,133000,-0.75,32395311500
2018-03-20,134000,0.75,20090380000
2018-03-21,133500,-0.37,22478040000
2018-03-22,132000,-1.12,35725117500
2018-03-23,129000,-2.27,52290560500
2018-03-26,129000,0.0,30623543000
2018-03-27,131500,1.94,38126455000
2018-03-28,131500,0.0,27595799000
2018-03-29,137000,4.18,158509430500
2018-03-30,140000,2.19,174933157000
2018-04-02,140500,0.36,58269664500
2018-04-03,139500,-0.71,44270614500
2018-04-04,136000,-2.51,71003010500
2018-04-05,137500,1.1,51680307500
2018-04-06,139500,1.45,74958582000
2018-04-09,138500,-0.72,88480493000
2018-04-10,144000,3.97,307127163000
2018-04-11,139500,-3.13,756497870000
2018-04-12,138500,-0.72,135272388000
2018-04-13,138500,0.0,77126081000
2018-04-16,140000,1.08,110399532500
2018-04-17,139000,-0.71,55494826500
2018-04-18,140500,1.08,66230741500
2018-04-19,139000,-1.07,65745225000
2018-04-20,136500,-1.8,71712512000
2018-04-23,136000,-0.37,68691943000
2018-04-24,136000,0.0,43783829000
2018-04-25,135000,-0.74,80968728500
2018-04-26,139500,3.33,151392833500
2018-04-27,140500,0.72,75246849000
2018-04-30,140000,-0.36,57331534000
2018-05-02,132000,-5.71,212252788500
2018-05-03,132500,0.38,68002501000
2018-05-04,128500,-3.02,115920477500
2018-05-08,127500,-0.78,76049701000
2018-05-09,129000,1.18,45821380500
2018-05-10,127000,-1.55,81597019500
2018-05-11,129500,1.97,39704706500
2018-05-14,127500,-1.54,56677719000
2018-05-15,128500,0.78,52699329000
2018-05-16,130500,1.56,67290121000
2018-05-17,129000,-1.15,32293657500
2018-05-18,129500,0.39,43444101000
2018-05-21,130000,0.39,31086992000
2018-05-23,130000,0.0,42529113000
2018-05-24,129000,-0.77,40196698500
2018-05-25,129500,0.39,43203616000
2018-05-28,130500,0.77,41327610000
2018-05-29,128500,-1.53,33247314500
2018-05-30,125000,-2.72,81281715000
2018-05-31,125500,0.4,61696065500
2018-06-01,125000,-0.4,55311522500
2018-06-04,124000,-0.8,53417960500
2018-06-05,123500,-0.4,47434891500
2018-06-07,123500,0.0,54368577500
2018-06-08,124000,0.4,34868429500
2018-06-11,125500,1.21,28275294500
2018-06-12,126500,0.8,35761392000
2018-06-14,122500,-3.16,75208989500
2018-06-15,122000,-0.41,47853913500
2018-06-18,119500,-2.05,64618956000
2018-06-19,116500,-2.51,56014709500
2018-06-20,118000,1.29,29938079500
2018-06-21,115500,-2.12,38972280000
2018-06-22,118000,2.16,23449009500
2018-06-25,117000,-0.85,22538370000
2018-06-26,117000,0.0,21678320500
2018-06-27,118000,0.85,24894097000
2018-06-28,116500,-1.27,17405598000
2018-06-29,116500,0.0,33565740000
2018-07-02,115000,-1.29,28703708500
2018-07-03,112500,-2.17,33644876000
2018-07-04,113500,0.89,27466954500
2018-07-05,113500,0.0,14244293000
2018-07-06,116000,2.2,34074833000
2018-07-09,119000,2.59,46808812500
2018-07-10,118000,-0.84,32811935000
2018-07-11,117000,-0.85,23155629500
2018-07-12,120500,2.99,61409592500
2018-07-13,116000,-3.73,65008777000
2018-07-16,117500,1.29,35411515500
2018-07-17,119500,1.7,38990052500
2018-07-18,119500,0.0,39576767500
2018-07-19,120500,0.84,22193035000
2018-07-20,121000,0.41,17897357000
2018-07-23,121500,0.41,28521553285
2018-07-24,121500,0.0,19450218000
2018-07-25,119000,-2.06,23246556500
2018-07-26,120500,1.26,35844640500
2018-07-27,123000,2.07,28130899500
2018-07-30,124000,0.81,17843989000
2018-07-31,123500,-0.4,23081743000
2018-08-01,123000,-0.4,20362963000
2018-08-02,121000,-1.63,24279692000
2018-08-03,122000,0.83,13867771000
2018-08-06,121500,-0.41,23515702000
2018-08-07,125000,2.88,42520748500
2018-08-08,126000,0.8,41521079500
2018-08-09,125500,-0.4,45829436000
2018-08-10,125500,0.0,45190811500
2018-08-13,124000,-1.2,27281562000
2018-08-14,123500,-0.4,26488482500
2018-08-16,121500,-1.62,29218403500
2018-08-17,122000,0.41,16380545000
2018-08-20,122000,0.0,19707028000
2018-08-21,122000,0.0,26672850500
2018-08-22,123500,1.23,26440049000
2018-08-23,123500,0.0,17921142000
2018-08-24,123500,0.0,21997570000
2018-08-27,122000,-1.21,30777577500
2018-08-28,122000,0.0,33997075500
2018-08-29,121500,-0.41,20385563500
2018-08-30,120500,-0.82,32287963500
2018-08-31,123000,2.07,40860370000
2018-09-03,123500,0.41,21194752500
2018-09-04,125000,1.21,40845752000
2018-09-05,125000,0.0,33246254500
2018-09-06,126500,1.2,26804836000
2018-09-07,125000,-1.19,31500736000
2018-09-10,125500,0.4,28507241500
2018-09-11,126000,0.4,24417496500
2018-09-12,125000,-0.79,22439830500
2018-09-13,124000,-0.8,43430626000
2018-09-14,125500,1.21,56027914000
2018-09-17,125500,0.0,39849232500
2018-09-18,126000,0.4,47831173968
2018-09-19,123500,-1.98,53587164000
2018-09-20,128500,4.05,98976848500
2018-09-21,131000,1.95,1339103447750
2018-09-27,131000,0.0,155031201500
2018-09-28,129500,-1.15,149118022000
2018-10-01,128000,-1.16,82389749000
2018-10-02,126000,-1.56,111216835000
2018-10-04,124500,-1.19,65212559000
2018-10-05,125000,0.4,52112427769
2018-10-08,124000,-0.8,33761829000
2018-10-10,123000,-0.81,65216855500
2018-10-11,115000,-6.5,112779149500
2018-10-12,117000,1.74,40127067000
2018-10-15,115500,-1.28,27370525000
2018-10-16,116000,0.43,32273303000
2018-10-17,116500,0.43,39483529500
2018-10-18,116500,0.0,23685517500
2018-10-19,117000,0.43,23595136500
2018-10-22,116500,-0.43,19484786500
2018-10-23,112500,-3.43,46403122000
2018-10-24,113000,0.44,36713658500
2018-10-25,109500,-3.1,71610789500
2018-10-26,106500,-2.74,51778807000
2018-10-29,105500,-0.94,47724529500
2018-10-30,108500,2.84,40597283000
2018-10-31,108500,0.0,26111810000
2018-11-01,107000,-1.38,32010408000
2018-11-02,111000,3.74,38439991500
2018-11-05,108000,-2.7,38716687000
2018-11-06,109500,1.39,19972049000
2018-11-07,108500,-0.91,36650533500
2018-11-08,106500,-1.84,81423048000
2018-11-09,105000,-1.41,43591352500
2018-11-12,102000,-2.86,82094889000
2018-11-13,106000,3.92,52689587000
2018-11-14,105500,-0.47,33406813500
2018-11-15,103000,-2.37,94830360800
2018-11-16,103500,0.49,52358044500
2018-11-19,104000,0.48,32098400000
2018-11-20,104000,0.0,23790007500
2018-11-21,102500,-1.44,35273554500
2018-11-22,96400,-5.95,99992392200
2018-11-23,99200,2.9,44440317200
2018-11-26,101500,2.32,34333791200
2018-11-27,104000,2.46,44192332000
2018-11-28,105000,0.96,47040767000
2018-11-29,104500,-0.48,39279438500
2018-11-30,102500,-1.91,48414191500
2018-12-03,105500,2.93,37948223000
2018-12-04,106000,0.47,40368571000
2018-12-05,105000,-0.94,23551245500
2018-12-06,103500,-1.43,27735738000
2018-12-07,105500,1.93,25187158500
2018-12-10,104500,-0.95,21533019500
2018-12-11,108000,3.35,88889297500
2018-12-12,108000,0.0,48852730500
2018-12-13,110000,1.85,156339505000
2018-12-14,108000,-1.82,62029491500
2018-12-17,108500,0.46,25148887000
2018-12-18,109500,0.92,27440531000
2018-12-19,108500,-0.91,28616680000
2018-12-20,107500,-0.92,29942358500
2018-12-21,107500,0.0,32841004000
2018-12-24,107000,-0.47,18696877500
2018-12-26,103500,-3.27,47112454000
2018-12-27,104500,0.97,28396690000
2018-12-28,105500,0.96,19559467000
2019-01-02,104000,-1.42,25804168000
2019-01-03,104500,0.48,27341933000
2019-01-04,107000,2.39,28416259500
2019-01-07,108000,0.93,19469689500
2019-01-08,107000,-0.93,16106856000
2019-01-09,109000,1.87,41753557000
2019-01-10,108500,-0.46,38482063500
2019-01-11,109000,0.46,20191010000
2019-01-14,109500,0.46,25437753500
2019-01-15,110500,0.91,30987495500
2019-01-16,111000,0.45,24531761000
2019-01-17,111500,0.45,24774084500
2019-01-18,116500,4.48,53240197500
2019-01-21,115000,-1.29,29573785000
2019-01-22,116500,1.3,51679059500
2019-01-23,117500,0.86,52738191500
2019-01-24,117500,0.0,30174140500
2019-01-25,117500,0.0,43212782000
2019-01-28,118000,0.43,30974788500
2019-01-29,119500,1.27,27947527000
2019-01-30,119500,0.0,24722510500
2019-01-31,120000,0.42,27864962500
2019-02-01,117500,-2.08,35758005000
2019-02-07,117500,0.0,24449924000
2019-02-08,115500,-1.7,26000086000
2019-02-11,116500,0.87,17288468100
2019-02-12,117000,0.43,19680628500
2019-02-13,117500,0.43,21548397500
2019-02-14,117500,0.0,45913370500
2019-02-15,116000,-1.28,28540385000
2019-02-18,116500,0.43,20508685000
2019-02-19,116000,-0.43,19009220500
2019-02-20,117500,1.29,34692447000
2019-02-21,116000,-1.28,17890524000
2019-02-22,115500,-0.43,17813423500
2019-02-25,115500,0.0,18937297000
2019-02-26,116500,0.87,18204791000
2019-02-27,116500,0.0,20758841500
2019-02-28,115500,-0.86,33287387500
2019-03-04,113000,-2.16,38155103000
2019-03-05,112500,-0.44,23486337500
2019-03-06,110500,-1.78,35412820500
2019-03-07,110000,-0.45,26410506000
2019-03-08,109500,-0.45,16295194500
2019-03-11,108500,-0.91,19758787000
2019-03-12,110000,1.38,19699789000
2019-03-13,108000,-1.82,27423995500
2019-03-14,108000,0.0,39869695000
2019-03-15,110500,2.31,48540644500
2019-03-18,110000,-0.45,16314304500
2019-03-19,110000,0.0,13213594500
2019-03-20,110000,0.0,17278390500
2019-03-21,109000,-0.91,22391512000
2019-03-22,107500,-1.38,19767064000
2019-03-25,106000,-1.4,16346719500
2019-03-26,106000,0.0,25905379500
2019-03-27,108000,1.89,21018046500
2019-03-28,106500,-1.39,15995725000
2019-03-29,107000,0.47,13603007000
2019-04-01,108000,0.93,10281370500
2019-04-02,109000,0.93,15337509000
2019-04-03,112500,3.21,30032858000
2019-04-04,111500,-0.89,22204201000
2019-04-05,111000,-0.45,12252067000
2019-04-08,110500,-0.45,12653641000
2019-04-09,111500,0.9,15661254000
2019-04-10,111000,-0.45,19779031500
2019-04-11,111500,0.45,37300124000
2019-04-12,111500,0.0,14435994500
2019-04-15,111000,-0.45,22079618500
2019-04-16,113000,1.8,21844504500
2019-04-17,113000,0.0,17325390500
2019-04-18,111000,-1.77,20204000500
2019-04-19,111500,0.45,18012687500
2019-04-22,111500,0.0,20412534500
2019-04-23,112500,0.9,16335590500
2019-04-24,110500,-1.78,21505450972
2019-04-25,105000,-4.98,79174628000
2019-04-26,103000,-1.9,42782752000
2019-04-29,103500,0.49,31183072000
2019-04-30,102500,-0.97,34199110000
2019-05-02,103000,0.49,24571333000
2019-05-03,101500,-1.46,20664620000
2019-05-07,101000,-0.49,33663681000
2019-05-08,100500,-0.5,37061454300
2019-05-09,97500,-2.99,67435737200
2019-05-10,98900,1.44,26454371900
2019-05-13,99300,0.4,23403515500
2019-05-14,98900,-0.4,30402077600
2019-05-15,99900,1.01,24992087300
2019-05-16,98000,-1.9,29822494300
2019-05-17,97400,-0.61,18907746500
2019-05-20,96600,-0.82,22752301900
2019-05-21,95900,-0.72,35925574100
2019-05-22,95700,-0.21,27899800200
2019-05-23,94500,-1.25,35459161900
2019-05-24,93500,-1.06,26243559600
2019-05-27,93500,0.0,25074343300
2019-05-28,93600,0.11,80409766500
2019-05-29,91500,-2.24,37263920400
2019-05-30,91400,-0.11,32693911400
2019-05-31,92300,0.98,31398343206
2019-06-03,92800,0.54,37435096200
2019-06-04,92600,-0.22,21623777900
2019-06-05,93000,0.43,21777669200
2019-06-07,92800,-0.22,24496713900
2019-06-10,93100,0.32,24444030700
2019-06-11,93700,0.64,22962295700
2019-06-12,93800,0.11,17869555700
2019-06-13,92400,-1.49,52695002100
2019-06-14,92800,0.43,21033434000
2019-06-17,91900,-0.97,21131791900
2019-06-18,92200,0.33,13874470000
2019-06-19,94000,1.95,20320494200
2019-06-20,96400,2.55,38894941000
2019-06-21,95400,-1.04,26113568300
2019-06-24,95900,0.52,16781503000
2019-06-25,96100,0.21,21303004500
2019-06-26,95900,-0.21,14763513400
2019-06-27,96400,0.52,21564022000
2019-06-28,95700,-0.73,15760386900
2019-07-01,96000,0.31,19506408200
2019-07-02,95200,-0.83,12966649100
2019-07-03,94000,-1.26,16189222500
2019-07-04,95000,1.06,14565495900
2019-07-05,96000,1.05,13264803700
2019-07-08,93000,-3.13,23743332100
2019-07-09,92300,-0.75,17589142100
2019-07-10,91300,-1.08,23862824200
2019-07-11,93300,2.19,35425374600
2019-07-12,93600,0.32,13151006600
2019-07-15,93100,-0.53,13254350800
2019-07-16,94400,1.4,17606544700
2019-07-17,93700,-0.74,11204119900
2019-07-18,92100,-1.71,18154604100
2019-07-19,93400,1.41,16814719100
2019-07-22,93300,-0.11,15267762500
2019-07-23,95300,2.14,24308237900
2019-07-24,94800,-0.52,19601210100
2019-07-25,92700,-2.22,23454460800
2019-07-26,94500,1.94,26785905200
2019-07-29,92300,-2.33,19794618700
2019-07-30,91800,-0.54,12718502100
2019-07-31,91700,-0.11,20482643000
2019-08-01,91800,0.11,16034961900
2019-08-02,90100,-1.85,29213998600
2019-08-05,87600,-2.77,32155673900
2019-08-06,85800,-2.05,43760564900
2019-08-07,84500,-1.52,29568071400
2019-08-08,84400,-0.12,35862009900
2019-08-09,85400,1.18,18456347700
2019-08-12,89000,4.22,32136731300
2019-08-13,88500,-0.56,19071496700
2019-08-14,87700,-0.9,17748136100
2019-08-16,87100,-0.68,12430958400
2019-08-19,89500,2.76,15054463200
2019-08-20,89500,0.0,16646996500
2019-08-21,90500,1.12,16685997900
2019-08-22,88900,-1.77,16153413600
2019-08-23,91200,2.59,31109356000
2019-08-26,90100,-1.21,24747840700
2019-08-27,90500,0.44,30447628300
2019-08-28,91300,0.88,34315126500
2019-08-29,87600,-4.05,99842076600
2019-08-30,86400,-1.37,75695734700
2019-09-02,86600,0.23,22564149200
2019-09-03,86200,-0.46,21474691200
2019-09-04,87100,1.04,22725384600
2019-09-05,87200,0.11,31273290100
2019-09-06,87300,0.11,13019022900
2019-09-09,87300,0.0,15957724300
2019-09-10,88800,1.72,26784302100
2019-09-11,88800,0.0,47121202500
2019-09-16,90600,2.03,26355427500
2019-09-17,91500,0.99,23416726000
2019-09-18,90500,-1.09,16334075800
2019-09-19,91200,0.77,30406464700
2019-09-20,92200,1.1,29771633400
2019-09-23,91300,-0.98,17248823400
2019-09-24,92000,0.77,13203259600
2019-09-25,90900,-1.2,18398840800
2019-09-26,90700,-0.22,15582080900
2019-09-27,88900,-1.98,17756351000
2019-09-30,89700,0.9,16737178300
2019-10-01,90100,0.45,15547798500
2019-10-02,87900,-2.44,17916130600
2019-10-04,87900,0.0,15843602700
2019-10-07,89000,1.25,15258654700
2019-10-08,89800,0.9,17534238900
2019-10-10,88500,-1.45,40140802600
2019-10-11,90800,2.6,24814632200
2019-10-14,91700,0.99,19075486100
2019-10-15,92100,0.44,14844793600
2019-10-16,92300,0.22,20611219300
2019-10-17,93200,0.98,32062732300
2019-10-18,92300,-0.97,14090152800
2019-10-21,93000,0.76,13014311700
2019-10-22,92800,-0.22,20004850300
2019-10-23,95000,2.37,41706294100
2019-10-24,94600,-0.42,28759483100
2019-10-25,95500,0.95,28968203100
2019-10-28,97400,1.99,31636042500
2019-10-29,98500,1.13,36327853300
2019-10-30,97300,-1.22,44026955900
2019-10-31,100000,2.77,57645239400
2019-11-01,101000,1.0,21339986200
2019-11-04,104000,2.97,38543404500
2019-11-05,103500,-0.48,25060082000
2019-11-06,104000,0.48,32643584000
2019-11-07,103000,-0.96,40101280500
2019-11-08,102500,-0.49,38767541000
2019-11-11,102000,-0.49,22910730500
2019-11-12,102000,0.0,19325388500
2019-11-13,100500,-1.47,17713642500
2019-11-14,102500,1.99,32206336500
2019-11-15,104000,1.46,27701560000
2019-11-18,104000,0.0,24374185000
2019-11-19,103000,-0.96,21061419000
2019-11-20,102500,-0.49,20180693000
2019-11-21,101000,-1.46,32410714000
2019-11-22,101500,0.5,18483410000
2019-11-25,104000,2.46,21548018500
2019-11-26,102000,-1.92,49463340000
2019-11-27,101500,-0.49,19002863000
2019-11-28,101500,0.0,15039887500
2019-11-29,98900,-2.56,29979930700
2019-12-02,100500,1.62,24397008800
2019-12-03,101500,1.0,20567099700
2019-12-04,102500,0.99,28805677600
2019-12-05,100500,-1.95,26925528100
2019-12-06,101000,0.5,20777017900
2019-12-09,99800,-1.19,17617059100
2019-12-10,100500,0.7,19189440600
2019-12-11,101000,0.5,13895373300
2019-12-12,102500,1.49,45502387000
2019-12-13,104000,1.46,24276776500
2019-12-16,104000,0.0,18612132000
2019-12-17,103000,-0.96,32910149500
2019-12-18,103000,0.0,19066729500
2019-12-19,107500,4.37,52461913000
2019-12-20,108500,0.93,34022456500
2019-12-23,109000,0.46,33039767000
2019-12-24,108000,-0.92,30120772500
2019-12-26,106500,-1.39,48031476000
2019-12-27,109000,2.35,42710566500
2019-12-30,108500,-0.46,25862589000
2020-01-02,107500,-0.92,24996073000
2020-01-03,107500,0.0,27390855000
2020-01-06,106000,-1.4,25040166500
2020-01-07,108000,1.89,21538066000
2020-01-08,105000,-2.78,42862850500
2020-01-09,106500,1.43,47482707000
2020-01-10,107000,0.47,28629068500
2020-01-13,109000,1.87,36442181000
2020-01-14,107000,-1.83,36981873500
2020-01-15,107000,0.0,21287170000
2020-01-16,108000,0.93,21535015000
2020-01-17,107500,-0.46,19600909000
2020-01-20,112000,4.19,60240769500
2020-01-21,110000,-1.79,27545755000
2020-01-22,112000,1.82,31776679500
2020-01-23,117000,4.46,150605409500
2020-01-28,112000,-4.27,79449153500
2020-01-29,113500,1.34,43370225000
2020-01-30,110500,-2.64,49640929500
2020-01-31,108500,-1.81,42865459000
2020-02-03,107500,-0.92,40558777500
2020-02-04,111000,3.26,42445681000
2020-02-05,110500,-0.45,44993958500
2020-02-06,115500,4.52,70002581000
2020-02-07,115000,-0.43,41304994000
2020-02-10,116000,0.87,34326964500
2020-02-11,119000,2.59,64748677000
2020-02-12,119500,0.42,38792384500
2020-02-13,118500,-0.84,52975272000
2020-02-14,119500,0.84,36931703250
2020-02-17,119500,0.0,25140203500
2020-02-18,117000,-2.09,46197557500
2020-02-19,117500,0.43,28744633000
2020-02-20,115500,-1.7,33179334000
2020-02-21,113500,-1.73,34017123500
2020-02-24,109500,-3.52,49096257000
2020-02-25,112000,2.28,44876795500
2020-02-26,110500,-1.34,36699597000
2020-02-27,109000,-1.36,72389805500
2020-02-28,105500,-3.21,68943069500
2020-03-02,106500,0.95,44443540500
2020-03-03,106500,0.0,43922994500
2020-03-04,109000,2.35,38477278500
2020-03-05,111000,1.83,43391960500
2020-03-06,108000,-2.7,34490132000
2020-03-09,103500,-4.17,52137600500
2020-03-10,104000,0.48,52023383500
2020-03-11,101500,-2.4,39300136000
2020-03-12,97300,-4.14,85259750600
2020-03-13,93700,-3.7,113402316000
2020-03-16,89700,-4.27,43407438800
2020-03-17,88200,-1.67,50695259000
2020-03-18,83100,-5.78,44828167300
2020-03-19,76400,-8.06,70569072500
2020-03-20,80500,5.37,54215219800
2020-03-23,74500,-7.45,37588644200
2020-03-24,83700,12.35,54409950600
2020-03-25,90000,7.53,66632980200
2020-03-26,87300,-3.0,54910292700
2020-03-27,89800,2.86,52809307300
2020-03-30,88300,-1.67,38738686900
2020-03-31,89600,1.47,40360714900
2020-04-01,84900,-5.25,42314639100
2020-04-02,85600,0.82,36698172100
2020-04-03,84800,-0.93,36388609700
2020-04-06,87600,3.3,30479368000
2020-04-07,89000,1.6,45810027900
2020-04-08,87700,-1.46,38657341100
2020-04-09,88900,1.37,47920245700
2020-04-10,94200,5.96,129579830600
2020-04-13,92200,-2.12,52103668200
2020-04-14,94000,1.95,36390805500
2020-04-16,94000,0.0,50276734900
2020-04-17,95900,2.02,54662481600
2020-04-20,95200,-0.73,37400193500
2020-04-21,93900,-1.37,53814746328
2020-04-22,97000,3.3,44809417700
2020-04-23,98700,1.75,55126054300
2020-04-24,98700,0.0,69516924700
2020-04-27,99700,1.01,34940819600
2020-04-28,102500,2.81,46942413800
2020-04-29,106000,3.41,62377718500
2020-05-04,99900,-5.75,63435998500
2020-05-06,106500,6.61,83085727000
2020-05-07,103500,-2.82,53261378000
2020-05-08,105500,1.93,54451927500
2020-05-11,102500,-2.84,47949280000
2020-05-12,100000,-2.44,64666136700
2020-05-13,100000,0.0,41627699400
2020-05-14,98500,-1.5,50986037500
2020-05-15,98900,0.41,38449292500
2020-05-18,98200,-0.71,30740424600
2020-05-19,102000,3.87,59991074500
2020-05-20,101500,-0.49,25647765500
2020-05-21,100500,-0.99,33590384500
2020-05-22,98800,-1.69,43868673200
2020-05-25,99500,0.71,25703157000
2020-05-26,102500,3.02,43977501200
2020-05-27,101000,-1.46,45175560500
2020-05-28,99200,-1.78,56553399100
2020-05-29,99100,-0.1,53164617700
2020-06-01,102000,2.93,57479559500
2020-06-02,103000,0.98,33717568500
2020-06-03,107000,3.88,119943813500
2020-06-04,107000,0.0,113573042000
2020-06-05,112000,4.67,99163410000
2020-06-08,113500,1.34,70447085000
2020-06-09,112500,-0.88,93999245500
2020-06-10,111000,-1.33,63205149500
2020-06-11,109500,-1.35,96829187500
2020-06-12,108500,-0.91,75393259500
2020-06-15,112000,3.23,411310706000
2020-06-16,124000,10.71,327195572000
2020-06-17,122000,-1.61,167564355500
2020-06-18,121500,-0.41,79456157500
2020-06-19,120000,-1.23,92443173500
2020-06-22,116500,-2.92,79375579500
2020-06-23,116500,0.0,86602047000
2020-06-24,118000,1.29,87642630500
2020-06-25,116000,-1.69,73873182500
2020-06-26,116500,0.43,66851180000
2020-06-29,116500,0.0,80531216000
2020-06-30,116000,-0.43,51290109500
2020-07-01,113000,-2.59,50814269000
2020-07-02,115000,1.77,35071674500
2020-07-03,112000,-2.61,79700364500
2020-07-06,113000,0.89,44306186500
2020-07-07,110500,-2.21,52215896500
2020-07-08,108500,-1.81,48705344500
2020-07-09,107000,-1.38,56970498000
2020-07-10,104500,-2.34,38988890500
2020-07-13,108000,3.35,39387498000
2020-07-14,109000,0.93,31635586500
2020-07-15,111000,1.83,46981204000
2020-07-16,109500,-1.35,30754128000
2020-07-17,110000,0.46,25617276500
2020-07-20,107500,-2.27,41604758500
2020-07-21,110000,2.33,41105697000
2020-07-22,111000,0.91,32123709500
2020-07-23,108000,-2.7,35136693500
2020-07-24,106000,-1.85,33762862500
2020-07-27,106500,0.47,26143995500
2020-07-28,108500,1.88,60264967500
2020-07-29,110500,1.84,54123487000
2020-07-30,108000,-2.26,35534521500
2020-07-31,106000,-1.85,45589499500
2020-08-03,104000,-1.89,51865895000
2020-08-04,105000,0.96,33446076000
2020-08-05,106000,0.95,42302989000
2020-08-06,108500,2.36,62334022500
2020-08-07,106500,-1.84,45731401000
2020-08-10,109500,2.82,77765365500
2020-08-11,110500,0.91,82349853000
2020-08-12,119500,8.14,206662505500
2020-08-13,126500,5.86,405423631500
2020-08-14,124000,-1.98,184034464500
2020-08-18,116500,-6.05,153863500000
2020-08-19,120500,3.43,98856350500
2020-08-20,114500,-4.98,113443575500
2020-08-21,115500,0.87,82462941500
2020-08-24,117000,1.3,57249917000
2020-08-25,118000,0.85,69418580000
2020-08-26,115000,-2.54,67529342000
2020-08-27,111000,-3.48,83441956500
2020-08-28,112500,1.35,48838732500
2020-08-31,108000,-4.0,116733172000
2020-09-01,110500,2.31,86588927000
2020-09-02,108500,-1.81,65462854000
2020-09-03,109500,0.92,49591856000
2020-09-04,107500,-1.83,57194327000
2020-09-07,109000,1.4,40618314000
2020-09-08,111000,1.83,48884222500
2020-09-09,108000,-2.7,52091520500
2020-09-10,108500,0.46,67547969500
2020-09-11,113000,4.15,170059821500
2020-09-14,114000,0.88,49420210000
2020-09-15,113500,-0.44,55665403500
2020-09-16,111000,-2.2,46327966500
2020-09-17,109000,-1.8,43416010500
2020-09-18,109500,0.46,34234653000
2020-09-21,108500,-0.91,39786456500
2020-09-22,105500,-2.76,63240358000
2020-09-23,105500,0.0,35470261000
2020-09-24,102000,-3.32,46704445500
2020-09-25,102500,0.49,29579988500
2020-09-28,104500,1.95,21055380000
2020-09-29,105000,0.48,33090440500
2020-10-05,105000,0.0,30605922000
2020-10-06,104000,-0.95,28530556500
2020-10-07,105000,0.96,33250492500
2020-10-08,104500,-0.48,45616500500
2020-10-12,105000,0.48,27231491000
2020-10-13,105500,0.48,27691637500
2020-10-14,104000,-1.42,28093159500
2020-10-15,102500,-1.44,28065348500
2020-10-16,102000,-0.49,35334203000
2020-10-19,103000,0.98,41544744500
2020-10-20,102500,-0.49,28863451500
2020-10-21,104000,1.46,21471623500
2020-10-22,104500,0.48,22417974000
2020-10-23,104000,-0.48,29658479000
2020-10-26,118000,13.46,1153001023500
2020-10-27,115500,-2.12,336104083658
2020-10-28,113000,-2.16,171498983500
2020-10-29,111000,-1.77,126700576500
2020-10-30,110500,-0.45,132157051000
2020-11-02,112000,1.36,55668512000
2020-11-03,112500,0.45,54740665500
2020-11-04,114000,1.33,93989131000
2020-11-05,116500,2.19,62068931500
2020-11-06,115000,-1.29,52693852500
2020-11-09,115000,0.0,54134655000
2020-11-10,116500,1.3,63434432000
2020-11-11,123000,5.58,187395850500
2020-11-12,120500,-2.03,81766385500
2020-11-13,120500,0.0,80775775500
2020-11-16,124000,2.9,106353941000
2020-11-17,124000,0.0,91810302000
2020-11-18,123000,-0.81,61013812000
2020-11-19,122500,-0.41,71807189000
2020-11-20,121000,-1.22,45063618000
2020-11-23,122500,1.24,60194093000
2020-11-24,125500,2.45,107582016000
2020-11-25,123500,-1.59,91644147000
2020-11-26,122500,-0.81,52079601000
2020-11-27,122500,0.0,51465536500
2020-11-30,120500,-1.63,105353932000
2020-12-01,121500,0.83,41564624000
2020-12-02,122000,0.41,69693506500
2020-12-03,122000,0.0,60854728000
2020-12-04,123500,1.23,123040986500
2020-12-07,123000,-0.4,63232175000
2020-12-08,124000,0.81,85870828500
2020-12-09,124500,0.4,62122117500
2020-12-10,125000,0.4,159041827500
2020-12-11,131500,5.2,206900711500
2020-12-14,130000,-1.14,151620882500
2020-12-15,128500,-1.15,91494559000
2020-12-16,128500,0.0,56810198500
2020-12-17,127500,-0.78,55671076500
2020-12-18,129000,1.18,77584146000
2020-12-21,127500,-1.16,79324105500
2020-12-22,132500,3.92,314539521000
2020-12-23,137000,3.4,239197522500
2020-12-24,139000,1.46,163483794000
2020-12-28,140000,0.72,200519240500
2020-12-29,136500,-2.5,164699336500
2020-12-30,138000,1.1,102767474000
2021-01-04,144000,4.35,194649719500
2021-01-05,144500,0.35,149205914500
2021-01-06,139500,-3.46,163316481000
2021-01-07,145000,3.94,188333984000
2021-01-08,151000,4.14,338370856500
2021-01-11,150500,-0.33,425084872000
2021-01-12,145500,-3.32,174211369000
2021-01-13,146000,0.34,123030171000
2021-01-14,152500,4.45,284104774000
2021-01-15,153500,0.66,186835556500
2021-01-18,143000,-6.84,349532443000
2021-01-19,144000,0.7,271264596500
2021-01-20,142000,-1.39,169809823500
2021-01-21,151000,6.34,236782631000
2021-01-22,146000,-3.31,138994593500
2021-01-25,146000,0.0,113895068000
2021-01-26,141500,-3.08,142452367000
2021-01-27,142000,0.35,98400773500
2021-01-28,134000,-5.63,263855530500
2021-01-29,130000,-2.99,173711628500
2021-02-01,130500,0.38,128985880500
2021-02-02,132000,1.15,131154636500
2021-02-03,136500,3.41,138970697500
2021-02-04,133500,-2.2,92256906500
2021-02-05,134500,0.75,58736979000
2021-02-08,132000,-1.86,76619896500
2021-02-09,131000,-0.76,59349526000
2021-02-10,131000,0.0,72926921000
2021-02-15,132000,0.76,58437375000
2021-02-16,133000,0.76,73921968500
2021-02-17,131000,-1.5,65675498000
2021-02-18,127000,-3.05,94991874000
2021-02-19,126000,-0.79,135508404500
2021-02-22,124000,-1.59,96171285000
2021-02-23,124500,0.4,63060525000
2021-02-24,122000,-2.01,76613771500
2021-02-25,125500,2.87,66306837500
2021-02-26,121500,-3.19,102758344500
2021-03-02,122500,0.82,57333377000
2021-03-03,124000,1.22,47339306500
2021-03-04,122000,-1.61,62596121500
2021-03-05,120000,-1.64,73127821000
2021-03-08,119500,-0.42,41632301000
2021-03-09,119500,0.0,70010223000
2021-03-10,118000,-1.26,54271214500
2021-03-11,120000,1.69,74331689500
2021-03-12,123500,2.92,64893286500
2021-03-15,122500,-0.81,37954228000
2021-03-16,124000,1.22,55523558000
2021-03-17,122000,-1.61,56360695000
2021-03-18,121500,-0.41,51705909000
2021-03-19,121500,0.0,42904017500
2021-03-22,120000,-1.23,39057105000
2021-03-23,120000,0.0,40911615500
2021-03-24,118500,-1.25,36048520000
2021-03-25,123500,4.22,81258506500
2021-03-26,123000,-0.4,56349545500
2021-03-29,122500,-0.41,49698320000
2021-03-30,126000,2.86,76824826500
2021-03-31,124500,-1.19,45827963000
2021-04-01,124500,0.0,31014794500
2021-04-02,124500,0.0,34802888500
2021-04-05,125000,0.4,35739139500
2021-04-06,125500,0.4,38579520000
2021-04-07,129000,2.79,83864746000
2021-04-08,128500,-0.39,89445830500
2021-04-09,129000,0.39,47043556000
2021-04-12,129500,0.39,43780175500
2021-04-13,135500,4.63,265918708000
2021-04-14,139000,2.58,123982158000
2021-04-15,136500,-1.8,84413608500
2021-04-16,139000,1.83,66934638000
2021-04-19,138500,-0.36,75801853500
2021-04-20,139500,0.72,98897991500
2021-04-21,135000,-3.23,112139961000
2021-04-22,134500,-0.37,70045229500
2021-04-23,135500,0.74,58975759500
2021-04-26,138500,2.21,112170596500
2021-04-27,137000,-1.08,65070025000
2021-04-28,133000,-2.92,161037115500
2021-04-29,140000,5.26,285863447500
2021-04-30,136000,-2.86,97088797000
2021-05-03,132000,-2.94,113188709500
2021-05-04,132500,0.38,52296436500
2021-05-06,133000,0.38,62764269500
2021-05-07,134500,1.13,52736567000
2021-05-10,136500,1.49,63196685000
2021-05-11,135000,-1.1,52072908000
2021-05-12,136500,1.11,134089387000
2021-05-13,132500,-2.93,89993582000
2021-05-14,140000,5.66,138207033500
2021-05-17,140000,0.0,92781854000
2021-05-18,139500,-0.36,54908516500
2021-05-20,139000,-0.36,62048775500
2021-05-21,137500,-1.08,50260292000
2021-05-24,136500,-0.73,46167256500
2021-05-25,138000,1.1,42440312000
2021-05-26,138500,0.36,32282750000
2021-05-27,137500,-0.72,59520697000
2021-05-28,138000,0.36,36258045000
2021-05-31,138500,0.36,48444256000
2021-06-01,143000,3.25,163804158000
2021-06-02,141500,-1.05,68442460500
2021-06-03,142000,0.35,99078194000
2021-06-04,140000,-1.41,53198301500
2021-06-07,141500,1.07,42575657000
2021-06-08,143000,1.06,62690617000
2021-06-09,140000,-2.1,50464988500
2021-06-10,140500,0.36,80817584500
2021-06-11,140500,0.0,36228304000
2021-06-14,139000,-1.07,52518705500
2021-06-15,138000,-0.72,33845194500
2021-06-16,138000,0.0,44990276500
2021-06-17,136500,-1.09,44292377500
2021-06-18,136000,-0.37,52461140000
2021-06-21,133000,-2.21,75824445500
2021-06-22,133500,0.38,47622984000
2021-06-23,134000,0.37,37091617000
2021-06-24,135000,0.75,35038779500
2021-06-25,136500,1.11,38154691500
2021-06-28,137000,0.37,36200485500
2021-06-29,137000,0.0,37000228500
2021-06-30,136500,-0.36,43887654500
2021-07-01,134000,-1.83,41676830500
2021-07-02,134000,0.0,33307213500
2021-07-05,134000,0.0,22332349000
2021-07-06,135000,0.75,30544654000
2021-07-07,133500,-1.11,29956430500
2021-07-08,130500,-2.25,79285937500
2021-07-09,128000,-1.92,89690483000
2021-07-12,131000,2.34,33501028000
2021-07-13,132500,1.15,27980652500
2021-07-14,134500,1.51,41255883500
2021-07-15,134500,0.0,29046673463
2021-07-16,134500,0.0,27505000000
2021-07-19,132500,-1.49,33535418500
2021-07-20,131500,-0.75,37803403500
2021-07-21,136500,3.8,124502202500
2021-07-22,137500,0.73,53274575000
2021-07-23,137500,0.0,32667906500
2021-07-26,136000,-1.09,25221534000
2021-07-27,138500,1.84,113950640000
2021-07-28,142500,2.89,127951769000
2021-07-29,144000,1.05,88442623500
2021-07-30,141500,-1.74,69073698500
2021-08-02,143500,1.41,64464745000
2021-08-03,143500,0.0,59921425000
2021-08-04,144500,0.7,55980161000
2021-08-05,145000,0.35,52230807500
2021-08-06,144500,-0.34,36374765500
2021-08-09,142500,-1.38,73065261000
2021-08-10,139500,-2.11,96790398500
2021-08-11,138500,-0.72,61660549000
2021-08-12,135000,-2.53,92996467500
2021-08-13,134000,-0.74,63568933000
2021-08-17,133500,-0.37,69410367500
2021-08-18,134000,0.37,54350116750
2021-08-19,129500,-3.36,67670726500
2021-08-20,127000,-1.93,51295468500
2021-08-23,129000,1.57,29558508000
2021-08-24,131500,1.94,33201994000
2021-08-25,133500,1.52,38754486000
2021-08-26,132000,-1.12,29018601500
2021-08-27,132500,0.38,32769481000
2021-08-30,131500,-0.75,27137504500
2021-08-31,133000,1.14,62498178500
2021-09-01,133000,0.0,29646245000
2021-09-02,131500,-1.13,36555547000
2021-09-03,132000,0.38,23832340000
2021-09-06,132000,0.0,20673806500
2021-09-07,130500,-1.14,24030242000
2021-09-08,130500,0.0,31502075800
2021-09-09,127500,-2.3,73526484500
2021-09-10,129000,1.18,33561030000
2021-09-13,129500,0.39,34850925500
2021-09-14,130000,0.39,35818655000
2021-09-15,130000,0.0,24334332500
2021-09-16,128500,-1.15,32329978500
2021-09-17,129500,0.78,38915698500
2021-09-23,130500,0.77,36602900000
2021-09-24,128000,-1.92,37477482000
2021-09-27,127500,-0.39,27586495500
2021-09-28,125000,-1.96,53203596500
2021-09-29,122500,-2.0,49506335500
2021-09-30,123500,0.82,33435923500
2021-10-01,121500,-1.62,29219023500
2021-10-05,122000,0.41,48172553000
2021-10-06,121000,-0.82,48936094500
2021-10-07,122500,1.24,27824229000
2021-10-08,122000,-0.41,36493995000
2021-10-12,118500,-2.87,58532433000
2021-10-13,120000,1.27,27557566000
2021-10-14,119500,-0.42,49768408500
2021-10-15,122500,2.51,39572092000
2021-10-18,120500,-1.63,33886105500
2021-10-19,121000,0.41,27293297500
2021-10-20,120500,-0.41,21461113500
2021-10-21,121500,0.83,27139033500
2021-10-22,120500,-0.82,22338863000
2021-10-25,120000,-0.41,19515040500
2021-10-26,121500,1.25,20172317000
2021-10-27,120500,-0.82,19940401500
2021-10-28,117000,-2.9,74016600500
2021-10-29,114000,-2.56,64255434000
2021-11-01,115000,0.88,25952265500
2021-11-02,117000,1.74,38896922000
2021-11-03,116500,-0.43,26005098000
2021-11-04,116500,0.0,28737407000
2021-11-05,116000,-0.43,27269659500
2021-11-08,116000,0.0,23402408500
2021-11-09,116000,0.0,24889648500
2021-11-10,114000,-1.72,24950872500
2021-11-11,111000,-2.63,85844352000
2021-11-12,112500,1.35,44117786500
2021-11-15,114500,1.78,42286428000
2021-11-16,114500,0.0,18072854500
2021-11-17,112000,-2.18,28898687000
2021-11-18,111000,-0.89,27772890500
2021-11-19,112500,1.35,34846966500
2021-11-22,116000,3.11,44820783500
2021-11-23,115500,-0.43,24264672000
2021-11-24,115000,-0.43,21451844000
2021-11-25,113000,-1.74,23673895000
2021-11-26,111000,-1.77,26530329000
2021-11-29,107500,-3.15,51539581000
2021-11-30,105500,-1.86,72620317500
2021-12-01,110000,4.27,41621679000
2021-12-02,114500,4.09,57005655530
2021-12-03,114000,-0.44,27402255000
2021-12-06,114000,0.0,31923727500
2021-12-07,115500,1.32,35162612500
2021-12-08,116500,0.87,41634622000
2021-12-09,117500,0.86,78401962000
2021-12-10,119500,1.7,41431800500
2021-12-13,117500,-1.67,37991848000
2021-12-14,117500,0.0,27501784000
2021-12-15,117500,0.0,18471355000
2021-12-16,117000,-0.43,23829493500
2021-12-17,118000,0.85,34350553000
2021-12-20,114500,-2.97,21975358700
2021-12-21,115500,0.87,24852643000
2021-12-22,116000,0.43,19960249500
2021-12-23,116500,0.43,24234505500
2021-12-24,117000,0.43,25557681500
2021-12-27,117000,0.0,21917354000
2021-12-28,118000,0.85,66178673000
2021-12-29,116000,-1.69,48737557000
2021-12-30,119000,2.59,92653648000
2022-01-03,117500,-1.26,34715765000
2022-01-04,117500,0.0,38128493000
2022-01-05,117500,0.0,51849309500
2022-01-06,115000,-2.13,31576981500
2022-01-07,116500,1.3,30871049500
2022-01-10,115000,-1.29,22409849000
2022-01-11,114500,-0.43,31555489500
2022-01-12,117500,2.62,43281462000
2022-01-13,116500,-0.85,46309205500
2022-01-14,115000,-1.29,23433181000
2022-01-17,113000,-1.74,24320338500
2022-01-18,110000,-2.65,33991473500
2022-01-19,111000,0.91,31299210500
2022-01-20,112000,0.9,28346371000
2022-01-21,111500,-0.45,20716574000
2022-01-24,109500,-1.79,24268058000
2022-01-25,107500,-1.83,32416389000
2022-01-26,106500,-0.93,28223323500
2022-01-27,101500,-4.69,68069019000
2022-01-28,107000,5.42,41649087000
2022-02-03,107000,0.0,25463487500
2022-02-04,108500,1.4,29977898000
2022-02-07,106000,-2.3,31133401000
2022-02-08,108000,1.89,26583820500
2022-02-09,108000,0.0,22203597000
2022-02-10,109000,0.93,53153277000
2022-02-11,108500,-0.46,30318599000
2022-02-14,107500,-0.92,31502893000
2022-02-15,108000,0.47,33899500500
2022-02-16,109500,1.39,23298926500
2022-02-17,111500,1.83,51193600000
2022-02-18,112500,0.9,25325517000
2022-02-21,111500,-0.89,20838507000
2022-02-22,109500,-1.79,32487214500
2022-02-23,110000,0.46,19930424000
2022-02-24,108500,-1.36,30047076000
2022-02-25,108500,0.0,27141869000
2022-02-28,110000,1.38,31469957500
2022-03-02,111000,0.91,26802220500
2022-03-03,113000,1.8,25691442000
2022-03-04,110500,-2.21,18427603000
2022-03-07,107500,-2.71,25431276000
2022-03-08,108000,0.47,24323111500
2022-03-10,115000,6.48,80674589500
2022-03-11,115000,0.0,35262740000
2022-03-14,114500,-0.43,52763382500
2022-03-15,113500,-0.87,23715483500
2022-03-16,115000,1.32,33794207000
2022-03-17,115500,0.43,31277095000
2022-03-18,115500,0.0,40070681000
2022-03-21,112500,-2.6,26755905000
2022-03-22,114000,1.33,19706298000
2022-03-23,114000,0.0,20855114500
2022-03-24,112500,-1.32,16655990000
2022-03-25,112000,-0.44,18780239500
2022-03-28,111000,-0.89,23691521500
2022-03-29,112500,1.35,19416914500
2022-03-30,113000,0.44,18146012500
2022-03-31,114000,0.88,26555211500
2022-04-01,112500,-1.32,24977616000
2022-04-04,113000,0.44,21931411500
2022-04-05,112500,-0.44,11806065000
2022-04-06,111000,-1.33,24814629000
2022-04-07,109000,-1.8,32267815500
2022-04-08,109500,0.46,17660034500
2022-04-11,109500,0.0,20210101000
2022-04-12,108500,-0.91,20536683000
2022-04-13,110500,1.84,22472737000
2022-04-14,110500,0.0,38408364500
2022-04-15,109000,-1.36,19534010000
2022-04-18,110000,0.92,11759628000
2022-04-19,110500,0.45,19273831000
2022-04-20,110000,-0.45,21912960500
2022-04-21,112000,1.82,21461491000
2022-04-22,110000,-1.79,18531205000
2022-04-25,108000,-1.82,22471598000
2022-04-26,108500,0.46,15657343400
2022-04-27,108000,-0.46,19477733000
2022-04-28,115500,6.94,70662086500
2022-04-29,115500,0.0,34667579500
2022-05-02,118000,2.16,39472320000
2022-05-03,115500,-2.12,27923015500
2022-05-04,116000,0.43,19259541000
2022-05-06,114500,-1.29,22215120500
2022-05-09,113000,-1.31,19817453500
2022-05-10,112000,-0.88,26196290000
2022-05-11,111500,-0.45,22093317000
2022-05-12,112000,0.45,33704301000
2022-05-13,115500,3.13,37397604500
2022-05-16,116000,0.43,31580467000
2022-05-17,117500,1.29,24564993000
2022-05-18,116000,-1.28,22159085500
2022-05-19,116000,0.0,34453038500
2022-05-20,116500,0.43,25827234500
2022-05-23,117500,0.86,18585196500
2022-05-24,115000,-2.13,24645664000
2022-05-25,116500,1.3,21718348000
2022-05-26,115500,-0.86,21266889500
2022-05-27,117000,1.3,20499651500
2022-05-30,120500,2.99,53314550500
2022-05-31,121000,0.41,63004825000
2022-06-02,119000,-1.65,33553155000
2022-06-03,119000,0.0,23847917000
2022-06-07,116500,-2.1,33321219000
2022-06-08,118000,1.29,28968694500
2022-06-09,117500,-0.42,44402864500
2022-06-10,116500,-0.85,20584707000
2022-06-13,113500,-2.58,34450697750
2022-06-14,113500,0.0,29044271500
2022-06-15,111000,-2.2,45794861000
2022-06-16,111500,0.45,25560809000
2022-06-17,112500,0.9,43989820500
2022-06-20,109500,-2.67,26471435500
2022-06-21,112000,2.28,28382275500
2022-06-22,110000,-1.79,29424908378
2022-06-23,108500,-1.36,51074652500
2022-06-24,111500,2.76,33362780000
2022-06-27,113500,1.79,28185195000
2022-06-28,117000,3.08,44759560500
2022-06-29,122000,4.27,110621504000
2022-06-30,123000,0.82,107574581500
2022-07-01,122500,-0.41,50695517500
2022-07-04,121500,-0.82,51407845000
2022-07-05,122000,0.41,51221428500
2022-07-06,112000,-8.2,95403162000
2022-07-07,114500,2.23,33378809500
2022-07-08,114000,-0.44,36255245000
2022-07-11,113000,-0.88,21266975500
2022-07-12,114500,1.33,31202495500
2022-07-13,113500,-0.87,28157824500
2022-07-14,113000,-0.44,38576171500
2022-07-15,113000,0.0,28621644500
2022-07-18,114500,1.33,24770812500
2022-07-19,115500,0.87,25314888500
2022-07-20,115500,0.0,23354244500
2022-07-21,118000,2.16,44844317500
2022-07-22,117000,-0.85,19987998500
2022-07-25,117500,0.43,12873569500
2022-07-26,118000,0.43,15782012500
2022-07-27,117500,-0.42,19885090500
2022-07-28,120000,2.13,39393755000
2022-07-29,120500,0.42,34533392500
2022-08-01,119000,-1.24,23655773000
2022-08-02,119000,0.0,25173504500
2022-08-03,118500,-0.42,20055864000
2022-08-04,118500,0.0,22905434000
2022-08-05,118500,0.0,22144452500
2022-08-08,121500,2.53,34136778500
2022-08-09,122500,0.82,25209772500
2022-08-10,123500,0.82,40588571000
2022-08-11,124000,0.4,42359136500
2022-08-12,124000,0.0,70997598250
2022-08-16,123000,-0.81,25802154000
2022-08-17,121500,-1.22,29109169000
2022-08-18,120500,-0.82,21440052500
2022-08-19,120000,-0.41,17793242500
2022-08-22,121000,0.83,24223903000
2022-08-23,119000,-1.65,20725708000
2022-08-24,123000,3.36,49610261000
2022-08-25,123500,0.41,29055921500
2022-08-26,122500,-0.81,23202374500
2022-08-29,119000,-2.86,28158536000
2022-08-30,119500,0.42,25579268000
2022-08-31,120500,0.84,38595069500
2022-09-01,117000,-2.9,38301258000
2022-09-02,116000,-0.85,22555836000
2022-09-05,115000,-0.86,16177614500
2022-09-06,115500,0.43,24332723500
2022-09-07,114000,-1.3,27066825500
2022-09-08,116000,1.75,28729510500
2022-09-13,117500,1.29,28753668500
2022-09-14,115000,-2.13,27429140500
2022-09-15,114500,-0.43,20071187500
2022-09-16,113000,-1.31,45159527500
2022-09-19,112000,-0.88,23169779000
2022-09-20,113500,1.34,40445664750
2022-09-21,112500,-0.88,18507771000
2022-09-22,111500,-0.89,35139318000
2022-09-23,108500,-2.69,27868292000
2022-09-26,105500,-2.76,29547821500
2022-09-27,107000,1.42,33573602500
2022-09-28,104000,-2.8,40888682500
2022-09-29,105500,1.44,39018395500
2022-09-30,103500,-1.9,33874016500
2022-10-04,107000,3.38,27044572000
2022-10-05,106500,-0.47,27007123000
2022-10-06,109000,2.35,19581381000
2022-10-07,110500,1.38,40590229500
2022-10-11,109500,-0.9,36433117500
2022-10-12,108000,-1.37,25598741000
2022-10-13,107000,-0.93,28098022000
2022-10-14,110500,3.27,22267864500
2022-10-17,111000,0.45,25955349500
2022-10-18,111000,0.0,24384719000
2022-10-19,108500,-2.25,23957144000
2022-10-20,110500,1.84,39271017000
2022-10-21,109500,-0.9,25051937000
2022-10-24,111000,1.37,21180244000
2022-10-25,110000,-0.9,14135846000
2022-10-26,112000,1.82,24791501000
2022-10-27,119000,6.25,105214570000
2022-10-28,118000,-0.84,31193923000
2022-10-31,118500,0.42,30054601500
2022-11-01,120000,1.27,22590886000
2022-11-02,119000,-0.83,35869848500
2022-11-03,121000,1.68,53981826500
2022-11-04,120500,-0.41,27084073000
2022-11-07,120500,0.0,23866039500
2022-11-08,121500,0.83,27056895500
2022-11-09,122000,0.41,35852901000
2022-11-10,121500,-0.41,33042154000
2022-11-11,123000,1.23,41331694000
2022-11-14,122500,-0.41,38038550000
2022-11-15,123000,0.41,25617830000
2022-11-16,124500,1.22,42421287000
2022-11-17,120000,-3.61,67098128500
2022-11-18,121500,1.25,29169926000
2022-11-21,122500,0.82,28583816500
2022-11-22,122500,0.0,29304059000
2022-11-23,119500,-2.45,39706954000
2022-11-24,120000,0.42,18283114000
2022-11-25,119500,-0.42,15268632000
2022-11-28,119500,0.0,21439392500
2022-11-29,121000,1.26,22200835000
2022-11-30,122000,0.83,39202586500
2022-12-01,121500,-0.41,25343209000
2022-12-02,117500,-3.29,43801923500
2022-12-05,116500,-0.85,23771810410
2022-12-06,116000,-0.43,24477842500
2022-12-07,116000,0.0,22795725000
2022-12-08,117500,1.29,47174349000
2022-12-09,118500,0.85,20905162500
2022-12-12,117500,-0.84,19234716500
2022-12-13,118500,0.85,22995958000
2022-12-14,121000,2.11,26001482000
2022-12-15,120000,-0.83,17310295000
2022-12-16,120000,0.0,19966127000
2022-12-19,120000,0.0,13091985500
2022-12-20,118000,-1.67,16548922500
2022-12-21,118500,0.42,11010287500
2022-12-22,120000,1.27,18617142000
2022-12-23,118000,-1.67,25327524000
2022-12-26,119500,1.27,22249386500
2022-12-27,119500,0.0,42830645500
2022-12-28,118000,-1.26,34049944000
2022-12-29,113500,-3.81,32121871000
2023-01-02,111500,-1.76,17457885000
2023-01-03,111000,-0.45,20699203500
2023-01-04,115500,4.05,26452311000
2023-01-05,113500,-1.73,24413456000
2023-01-06,114500,0.88,17965127000
2023-01-09,118500,3.49,30763713500
2023-01-10,117500,-0.84,25382232500
2023-01-11,117000,-0.43,18676811000
2023-01-12,117000,0.0,38130370500
2023-01-13,118000,0.85,27547165500
2023-01-16,117500,-0.42,13769295000
2023-01-17,119000,1.28,34201151500
2023-01-18,118500,-0.42,21811737000
2023-01-19,119000,0.42,21299425000
2023-01-20,119500,0.42,28088861000
2023-01-25,118800,-0.59,14498340100
2023-01-26,119700,0.76,21228989500
2023-01-27,120700,0.84,33646007300
2023-01-30,118600,-1.74,25736680700
2023-01-31,118500,-0.08,34932447300
2023-02-01,118800,0.25,26259290800
2023-02-02,115300,-2.95,96509123300
2023-02-03,114100,-1.04,57145841800
2023-02-06,113700,-0.35,36806398700
2023-02-07,113900,0.18,25854433200
2023-02-08,114400,0.44,24398511000
2023-02-09,113500,-0.79,23098954200
2023-02-10,113500,0.0,23894771800
2023-02-13,113800,0.26,25242988100
2023-02-14,113100,-0.62,27377647000
2023-02-15,111300,-1.59,28046188900
2023-02-16,115500,3.77,150528742600
2023-02-17,116100,0.52,54442622800
2023-02-20,115300,-0.69,30859424900
2023-02-21,114900,-0.35,32833365000
2023-02-22,113200,-1.48,33769616500
2023-02-23,113100,-0.09,22399178300
2023-02-24,112400,-0.62,25088921500
2023-02-27,111400,-0.89,22068573800
2023-02-28,110100,-1.17,41934086800
2023-03-02,110900,0.73,24963228600
2023-03-03,110400,-0.45,20410736300
2023-03-06,112000,1.45,29259426500
2023-03-07,110700,-1.16,30132991300
2023-03-08,111000,0.27,29368513200
2023-03-09,110000,-0.9,37132061700
2023-03-10,109300,-0.64,20946481200
2023-03-13,108900,-0.37,26978968900
2023-03-14,107000,-1.74,35560956600
2023-03-15,107600,0.56,19161011200
2023-03-16,107100,-0.46,22932573300
2023-03-17,109600,2.33,31165364600
2023-03-20,108200,-1.28,13618067200
2023-03-21,108800,0.55,13622314500
2023-03-22,108600,-0.18,17516313000
2023-03-23,108500,-0.09,26583552300
2023-03-24,108200,-0.28,23741980500
2023-03-27,107300,-0.83,17309803700
2023-03-28,108100,0.75,20277486600
2023-03-29,108200,0.09,17894188500
2023-03-30,108500,0.28,23939277800
2023-03-31,108200,-0.28,26595339400
2023-04-03,108200,0.0,19095361100
2023-04-04,108400,0.18,22064862200
2023-04-05,109200,0.74,16072860800
2023-04-06,107100,-1.92,26482767800
2023-04-07,106900,-0.19,20766758600
2023-04-10,106300,-0.56,24609882600
2023-04-11,108000,1.6,30333220600
2023-04-12,109500,1.39,30406896100
2023-04-13,108900,-0.55,26701390000
2023-04-14,110000,1.01,33956958900
2023-04-17,108500,-1.36,27560122900
2023-04-18,107600,-0.83,26721572900
2023-04-19,108300,0.65,22928536800
2023-04-20,107400,-0.83,25016112600
2023-04-21,107800,0.37,16935341700
2023-04-24,107500,-0.28,19479207200
2023-04-25,105900,-1.49,23724704500
2023-04-26,106200,0.28,19422907700
2023-04-27,107100,0.85,24725940100
2023-04-28,109600,2.33,40014478000
2023-05-02,109700,0.09,25153899800
2023-05-03,109700,0.0,16261357500
2023-05-04,109900,0.18,18959126400
2023-05-08,110800,0.82,27866652550
2023-05-09,111000,0.18,22143799600
2023-05-10,110200,-0.72,17919693400
2023-05-11,111400,1.09,24136837700
2023-05-12,111100,-0.27,19123062000
2023-05-15,110400,-0.63,13281669700
2023-05-16,109700,-0.63,14994375600
2023-05-17,109700,0.0,14460913500
2023-05-18,110300,0.55,13651026700
2023-05-19,111800,1.36,23675155300
2023-05-22,111800,0.0,20284771300
2023-05-23,111200,-0.54,15643953300
2023-05-24,111300,0.09,11948985600
2023-05-25,110100,-1.08,26288999300
2023-05-26,109900,-0.18,18907406400
2023-05-30,111300,1.27,29203576200
2023-05-31,110600,-0.63,46282382900
2023-06-01,108900,-1.54,44237404200
2023-06-02,109600,0.64,19059910900
2023-06-05,110200,0.55,16226684200
2023-06-07,111600,1.27,39690324700
2023-06-08,110700,-0.81,32602812500
2023-06-09,110200,-0.45,130439363300
2023-06-12,109600,-0.54,23560378100
2023-06-13,108700,-0.82,20500172400
2023-06-14,108200,-0.46,22609993900
2023-06-15,107500,-0.65,26136956100
2023-06-16,107600,0.09,25960829700
2023-06-19,107800,0.19,19322523400
2023-06-20,107100,-0.65,22614936600
2023-06-21,106200,-0.84,21214678000
2023-06-22,106600,0.38,14542856000
2023-06-23,104000,-2.44,26518973300
2023-06-26,106400,2.31,23847608600
2023-06-27,105400,-0.94,16813224700
2023-06-28,105200,-0.19,17141898800
2023-06-29,104500,-0.67,16437762400
2023-06-30,105700,1.15,16220416900
2023-07-03,105700,0.0,20761600200
2023-07-04,104900,-0.76,15129526300
2023-07-05,103400,-1.43,38796747500
2023-07-06,102300,-1.06,40168146500
2023-07-07,100100,-2.15,34471591900
2023-07-10,101200,1.1,18244103000
2023-07-11,101400,0.2,20844346000
2023-07-12,101600,0.2,16411528400
2023-07-13,103100,1.48,38536624900
2023-07-14,104200,1.07,19547869400
2023-07-17,104400,0.19,20660828600
2023-07-18,102800,-1.53,20465665700
2023-07-19,103300,0.49,14958685500
2023-07-20,102800,-0.48,13113273800
2023-07-21,103700,0.88,18449277500
2023-07-24,102700,-0.96,28571228000
2023-07-25,102300,-0.39,24105660300
2023-07-26,100200,-2.05,45802612400
2023-07-27,103000,2.79,32401436000
2023-07-28,102900,-0.1,18690335100
2023-07-31,103300,0.39,29917735700
2023-08-01,106000,2.61,43286258800
2023-08-02,104600,-1.32,29153476600
2023-08-03,105400,0.76,32732607500
2023-08-04,104200,-1.14,16680395000
2023-08-07,103600,-0.58,16691932400
2023-08-08,103700,0.1,20364271700
2023-08-09,104000,0.29,12878436200
2023-08-10,104100,0.1,18498485900
2023-08-11,104900,0.77,19508684800
2023-08-14,104500,-0.38,15785857300
2023-08-16,103800,-0.67,23842656300
2023-08-17,103500,-0.29,28421546100
2023-08-18,102400,-1.06,23972587500
2023-08-21,102500,0.1,16367713500
2023-08-22,103600,1.07,18293056300
2023-08-23,103900,0.29,19424201400
2023-08-24,104600,0.67,18799965200
2023-08-25,104900,0.29,17103184800
2023-08-28,106500,1.53,21923761100
2023-08-29,106800,0.28,20988678600
2023-08-30,106200,-0.56,15051909900
2023-08-31,104700,-1.41,39909403700
2023-09-01,107100,2.29,25071627100
2023-09-04,107500,0.37,19495522800
2023-09-05,106700,-0.74,18159631600
2023-09-06,106900,0.19,18902847900
2023-09-07,107000,0.09,21998789900
2023-09-08,107900,0.84,18580793100
2023-09-11,108400,0.46,13881806800
2023-09-12,108700,0.28,23479709700
2023-09-13,108900,0.18,18195301750
2023-09-14,109000,0.09,30610546653
2023-09-15,110000,0.92,29986593400
2023-09-18,108300,-1.55,15228645300
2023-09-19,108900,0.55,11968615600
2023-09-20,108700,-0.18,12339582100
2023-09-21,108200,-0.46,15674706800
2023-09-22,107800,-0.37,12937550400
2023-09-25,108900,1.02,21132333200
2023-09-26,107800,-1.01,18276853200
2023-09-27,107600,-0.19,13809549500
2023-10-04,106200,-1.3,29476347900
2023-10-05,104700,-1.41,18600335500
2023-10-06,104700,0.0,15399395600
2023-10-10,106400,1.62,25783664200
2023-10-11,106800,0.38,16960795100
2023-10-12,107900,1.03,19294208800
2023-10-13,107800,-0.09,13164436300
2023-10-16,106900,-0.83,12104021500
2023-10-17,107100,0.19,13727206700
2023-10-18,107900,0.75,20590214150
2023-10-19,107200,-0.65,21431043700
2023-10-20,107700,0.47,33290289900
2023-10-23,105500,-2.04,25261002000
2023-10-24,104600,-0.85,28265486100
2023-10-25,105600,0.96,22244717300
2023-10-26,103700,-1.8,22333141900
2023-10-27,103600,-0.1,18207432500
2023-10-30,106100,2.41,27238497600
2023-10-31,106700,0.57,31394336800
2023-11-01,106300,-0.37,24127734000
2023-11-02,107100,0.75,21847814500
2023-11-03,107300,0.19,13754973900
2023-11-06,109900,2.42,32541392305
2023-11-07,110100,0.18,27440153134
2023-11-08,111700,1.45,32316050300
2023-11-09,116200,4.03,68754143800
2023-11-10,114900,-1.12,23617004000
2023-11-13,116700,1.57,21659081400
2023-11-14,115800,-0.77,26370206200
2023-11-15,118300,2.16,37180539000
2023-11-16,117800,-0.42,14512128100
2023-11-17,117900,0.08,13500989800
2023-11-20,116900,-0.85,14922110500
2023-11-21,118700,1.54,20558360900
2023-11-22,118200,-0.42,11151985700
2023-11-23,118400,0.17,12195184200
2023-11-24,116100,-1.94,21153284900
2023-11-27,117000,0.78,11654933700
2023-11-28,119000,1.71,24269411300
2023-11-29,117800,-1.01,18442211800
2023-11-30,119300,1.27,62708172900
2023-12-01,118600,-0.59,37265842200
2023-12-04,120500,1.6,81984882900
2023-12-05,120300,-0.17,17982974400
2023-12-06,120100,-0.17,20339066200
2023-12-07,120900,0.67,13791328100
2023-12-08,124800,3.23,45157832900
2023-12-11,125300,0.4,23993710200
2023-12-12,129200,3.11,58659530800
2023-12-13,128700,-0.39,37959244100
2023-12-14,134000,4.12,119648889000
2023-12-15,129300,-3.51,72213660500
2023-12-18,129500,0.15,33387328300
2023-12-19,128300,-0.93,22694935100
2023-12-20,128100,-0.16,41560558200
2023-12-21,128300,0.16,19304217800
2023-12-22,127600,-0.55,22738823500
2023-12-26,128500,0.71,49061503000
2023-12-27,126100,-1.87,35803754800
2023-12-28,129500,2.7,47426646200
2024-01-02,129300,-0.15,22911190200
2024-01-03,128400,-0.7,24500154500
2024-01-04,127100,-1.01,24155339800
2024-01-05,125100,-1.57,24096134200
2024-01-08,124400,-0.56,14866441600
2024-01-09,124500,0.08,15168443800
2024-01-10,123800,-0.56,13004276700
2024-01-11,121600,-1.78,208268573948
2024-01-12,122300,0.58,18300589400
2024-01-15,120500,-1.47,26695991100
2024-01-16,119300,-1.0,25476026500
2024-01-17,117000,-1.93,25000353400
2024-01-18,115400,-1.37,27212000300
2024-01-19,117700,1.99,30018356900
2024-01-22,116600,-0.93,17727512800
2024-01-23,117600,0.86,17174763700
2024-01-24,117400,-0.17,15532605500
2024-01-25,119700,1.96,22428714100
2024-01-26,120300,0.5,20167661600
2024-01-29,127900,6.32,78535198800
2024-01-30,129700,1.41,84318310000
2024-01-31,138000,6.4,224854488000
2024-02-01,148700,7.75,355659258500
2024-02-02,148700,0.0,260227281859
2024-02-05,149400,0.47,240586535000
2024-02-06,147500,-1.27,99100620900
2024-02-07,153800,4.27,133726124600
2024-02-08,156500,1.76,121505032400
2024-02-13,156200,-0.19,126520278014
2024-02-14,152400,-2.43,98152601400
2024-02-15,156300,2.56,173416418600
2024-02-16,163800,4.8,152551721900
2024-02-19,170400,4.03,166801833700
2024-02-20,162300,-4.75,164688601100
2024-02-21,161300,-0.62,102339005900
2024-02-22,164100,1.74,81969301000
2024-02-23,160000,-2.5,131445147300
2024-02-26,152300,-4.81,155228817300
2024-02-27,147400,-3.22,90549242600
2024-02-28,155700,5.63,97755578600
2024-02-29,156700,0.64,139126443800
2024-03-04,163000,4.02,129792413900
2024-03-05,165000,1.23,97001046400
2024-03-06,163700,-0.79,72701817600
2024-03-07,164500,0.49,66426159853
2024-03-08,168200,2.25,67523968800
2024-03-11,168100,-0.06,50621992400
2024-03-12,163000,-3.03,59309956700
2024-03-13,165700,1.66,57822706000
2024-03-14,170800,3.08,149705307900
2024-03-15,154100,-9.78,295060424300
2024-03-18,152200,-1.23,113591337645
2024-03-19,150000,-1.45,69067510100
2024-03-20,156200,4.13,100691338100
2024-03-21,165000,5.63,112188260500
2024-03-22,160000,-3.03,93205411400
2024-03-25,158500,-0.94,65361642600
2024-03-26,160100,1.01,71318490500
2024-03-27,157700,-1.5,71147070100
2024-03-28,160100,1.52,59586441800
2024-03-29,158500,-1.0,38734156600
2024-04-01,157600,-0.57,43007933700
2024-04-02,155000,-1.65,55707782600
2024-04-03,150300,-3.03,67350112500
2024-04-04,151700,0.93,38550840100
2024-04-05,150800,-0.59,34944684700
2024-04-08,151200,0.27,43002080800
2024-04-09,149300,-1.26,42768557500
2024-04-11,147000,-1.54,105634746700
2024-04-12,140100,-4.69,87037209400
2024-04-15,144500,3.14,61763375800
2024-04-16,144500,0.0,47522400900
2024-04-17,138800,-3.94,50493649353
2024-04-18,140300,1.08,35888625800
2024-04-19,138200,-1.5,39875080600
2024-04-22,147400,6.66,48138203700
2024-04-23,150400,2.04,64478878900
2024-04-24,150400,0.0,37589876500
2024-04-25,150100,-0.2,35896678450
2024-04-26,151100,0.67,23905311700
2024-04-29,150000,-0.73,38278939800
2024-04-30,150100,0.07,40414515500
2024-05-02,146100,-2.66,32010960600
2024-05-03,146000,-0.07,24717892900
2024-05-07,150300,2.95,37694376800
2024-05-08,152200,1.26,30732874098
2024-05-09,148400,-2.5,49428983600
2024-05-10,150000,1.08,21136411204
2024-05-13,149300,-0.47,29852929900
2024-05-14,150000,0.47,24989731900
2024-05-16,153100,2.07,58975267200
2024-05-17,151800,-0.85,26562660600
2024-05-20,151500,-0.2,20724274700
2024-05-21,148400,-2.05,35338932500
2024-05-22,147000,-0.94,33993292200
2024-05-23,142100,-3.33,48489328200
2024-05-24,139400,-1.9,47704344200
2024-05-27,141100,1.22,37069383100
2024-05-28,138500,-1.84,33940184600
2024-05-29,134800,-2.67,50824278500
2024-05-30,136300,1.11,38858676100
2024-05-31,135100,-0.88,117422846000
2024-06-03,138700,2.66,28160544200
2024-06-04,135400,-2.38,24086188900
2024-06-05,135100,-0.22,27493172150
2024-06-07,137600,1.85,39518836400
2024-06-10,133600,-2.91,46280993350
2024-06-11,134400,0.6,32435461600
2024-06-12,135500,0.82,33608392900
2024-06-13,134400,-0.81,94950281876
2024-06-14,133000,-1.04,55602804944
2024-06-17,130700,-1.73,56265069600
2024-06-18,131400,0.54,33038332900
2024-06-19,135400,3.04,53296258800
2024-06-20,135100,-0.22,29393201341
2024-06-21,135300,0.15,34898673200
2024-06-24,135900,0.44,29302253540
2024-06-25,135800,-0.07,31118291094
2024-06-26,136100,0.22,37299709300
2024-06-27,138700,1.91,44741511900
2024-06-28,142000,2.38,55025009200
2024-07-01,140800,-0.85,20867525000
2024-07-02,141200,0.28,34093644700
2024-07-03,142300,0.78,39409150700
2024-07-04,145800,2.46,39757149300
2024-07-05,154300,5.83,121765609200
2024-07-08,148000,-4.08,47997755000
2024-07-09,147700,-0.2,28582753100
2024-07-10,147000,-0.47,21812369000
2024-07-11,151100,2.79,45906958600
2024-07-12,148100,-1.99,31855776300
2024-07-15,147900,-0.14,22756317200
2024-07-16,152200,2.91,63417174200
2024-07-17,152100,-0.07,42015369600
2024-07-18,149300,-1.84,32665020400
2024-07-19,147500,-1.21,25708909300
2024-07-22,149400,1.29,26018669400
2024-07-23,147800,-1.07,32230711616
2024-07-24,147900,0.07,17648971357
2024-07-25,146500,-0.95,25426713300
2024-07-26,147800,0.89,42241331200
2024-07-29,152000,2.84,48731257100
2024-07-30,150300,-1.12,41479941800
2024-07-31,155300,3.33,136804334100
2024-08-01,151300,-2.58,44075335600
2024-08-02,146900,-2.91,39738415500
2024-08-05,135300,-7.9,51374483100
2024-08-06,136500,0.89,68012517600
2024-08-07,137800,0.95,43483971600
2024-08-08,138100,0.22,49929024600
2024-08-09,141100,2.17,30117028900
2024-08-12,142600,1.06,15677882700
2024-08-13,141000,-1.12,17610888400
2024-08-14,139500,-1.06,26732096200
2024-08-16,144400,3.51,33177376500
2024-08-19,144200,-0.14,17517847500
2024-08-20,145100,0.62,13999070800
2024-08-21,146100,0.69,18655266000
2024-08-22,146700,0.41,19468308250
2024-08-23,149700,2.04,51769436300
2024-08-26,152300,1.74,35289219400
2024-08-27,151200,-0.72,23360336700
2024-08-28,150500,-0.46,25124014400
2024-08-29,149300,-0.8,28759832500
2024-08-30,147700,-1.07,78007480800
2024-09-02,146000,-1.15,27793890900
2024-09-03,154800,6.03,94819410100
2024-09-04,150800,-2.58,66154793400
2024-09-05,149900,-0.6,33626563260
2024-09-06,146700,-2.13,29850853400
2024-09-09,145300,-0.95,18085315900
2024-09-10,148500,2.2,33074988300
2024-09-11,147400,-0.74,47628589792
2024-09-12,149100,1.15,36082052800
2024-09-13,149200,0.07,26404538400
2024-09-19,150500,0.87,34993792200
2024-09-20,150200,-0.2,50287109500
2024-09-23,145400,-3.2,36690142600
2024-09-24,146600,0.83,29969985200
2024-09-25,138500,-5.53,89126597600
2024-09-26,142300,2.74,49755240500
2024-09-27,140200,-1.48,28131939100
2024-09-30,137800,-1.71,34711534000
2024-10-02,135000,-2.03,35202790300
2024-10-04,136100,0.81,26189021200
2024-10-07,135300,-0.59,22360923500
2024-10-08,134600,-0.52,41197964000
2024-10-10,132300,-1.71,45150930600
2024-10-11,134300,1.51,29296561400
2024-10-14,134000,-0.22,22977618100
2024-10-15,135700,1.27,30963297400
2024-10-16,134500,-0.88,21257975600
2024-10-17,137600,2.3,39939547300
2024-10-18,136700,-0.65,21399293800
2024-10-21,136500,-0.15,14425766400
2024-10-22,136100,-0.29,23487974600
2024-10-23,133300,-2.06,27087717000
2024-10-24,133600,0.23,20824980900
2024-10-25,132200,-1.05,28433245600
2024-10-28,134000,1.36,32343787100
2024-10-29,136200,1.64,29369561900
2024-10-30,129900,-4.63,60800814300
2024-10-31,117000,-9.93,159973981500
2024-11-01,119400,2.05,76292385000
2024-11-04,121300,1.59,28527833500
2024-11-05,122400,0.91,21599093200
2024-11-06,121400,-0.82,21590519700
2024-11-07,122400,0.82,23379868900
2024-11-08,123100,0.57,22121494100
2024-11-11,121300,-1.46,22379950800
2024-11-12,120000,-1.07,29106315600
2024-11-13,117000,-2.5,34043486800
2024-11-14,115800,-1.03,46446101400
2024-11-15,117300,1.3,48625259820
2024-11-18,124000,5.71,91435337600
2024-11-19,121400,-2.1,36847933500
2024-11-20,121800,0.33,19726672500
2024-11-21,121600,-0.16,28300796952
2024-11-22,123000,1.15,26889633200
2024-11-25,123700,0.57,67894539300
2024-11-26,124400,0.57,35623917900
2024-11-27,124700,0.24,27984667900
2024-11-28,124600,-0.08,16097685400
2024-11-29,119000,-4.49,45614519800
2024-12-02,121500,2.1,26234001800
2024-12-03,124200,2.22,39303771900
2024-12-04,122700,-1.21,32237170700
2024-12-05,121500,-0.98,25303516700
2024-12-06,120700,-0.66,32301299056
2024-12-09,116100,-3.81,28674115652
2024-12-10,116200,0.09,34472335504
2024-12-11,116500,0.26,29701085930
2024-12-12,118700,1.89,87209010033
2024-12-13,118800,0.08,28957538500
2024-12-16,117400,-1.18,22809065100
2024-12-17,116400,-0.85,23693788000
2024-12-18,118900,2.15,22326140800
2024-12-19,115700,-2.69,28754013600
2024-12-20,116900,1.04,37858283000
2024-12-23,118700,1.54,13663767600
2024-12-24,117600,-0.93,10367139000
2024-12-26,117600,0.0,11436415400
2024-12-27,115800,-1.53,16505379000
2024-12-30,114800,-0.86,22177839100
2025-01-02,113300,-1.31,18487799400
2025-01-03,115600,2.03,18008841350
2025-01-06,119000,2.94,27746304000
2025-01-07,118300,-0.59,25399473300
2025-01-08,120900,2.2,35428721000
2025-01-09,120600,-0.25,40957429245
2025-01-10,121400,0.66,23981747400
2025-01-13,119800,-1.32,27103085900
2025-01-14,119400,-0.33,21501985600
2025-01-15,118200,-1.01,22013311600
2025-01-16,120300,1.78,20586040600
2025-01-17,118800,-1.25,18101440200
2025-01-20,120700,1.6,17174514200
2025-01-21,119400,-1.08,16033337000
2025-01-22,122600,2.68,25556144600
2025-01-23,115600,-5.71,80089852100
2025-01-24,115000,-0.52,45189698600
2025-01-31,119900,4.26,74755729300
2025-02-03,118700,-1.0,49670955700
2025-02-04,118600,-0.08,35509756300
2025-02-05,118500,-0.08,21080079800
2025-02-06,119600,0.93,22025865400
2025-02-07,120000,0.33,25961670100
2025-02-10,118600,-1.17,34189227300
2025-02-11,118800,0.17,25581585600
2025-02-12,121000,1.85,27327864600
2025-02-13,121600,0.5,32703154400
2025-02-14,127600,4.93,86159125900
2025-02-17,130400,2.19,61195975300
2025-02-18,132900,1.92,52156059200
2025-02-19,134400,1.13,52964891500
2025-02-20,132700,-1.26,42913409400
2025-02-21,128900,-2.86,51428217300
2025-02-24,130100,0.93,30552751200
2025-02-25,129100,-0.77,32189964200
2025-02-26,125200,-3.02,58371587100
2025-02-27,126000,0.64,26754541000
2025-02-28,121500,-3.57,61135323900
2025-03-04,122200,0.58,24511351150
2025-03-05,121500,-0.57,29154320200
2025-03-06,122300,0.66,25820603250
2025-03-07,122200,-0.08,28218456400
2025-03-10,122200,0.0,16562482200
2025-03-11,119200,-2.45,24229162150
2025-03-12,119600,0.34,33620242100
2025-03-13,118900,-0.59,34170930200
2025-03-14,119600,0.59,32863040350
2025-03-17,123500,3.26,46025928750
2025-03-18,122300,-0.97,21780330550
2025-03-19,123200,0.74,19986039450
2025-03-20,124100,0.73,19801939200
2025-03-21,124900,0.64,47790551000
2025-03-24,124000,-0.72,17114878500
2025-03-25,124100,0.08,17287295400
2025-03-26,124300,0.16,16318503250
2025-03-27,124000,-0.24,18625970850
2025-03-28,119900,-3.31,27464269800
2025-03-31,116900,-2.5,41423400600
2025-04-01,119200,1.97,25798761300
2025-04-02,119300,0.08,36447187600
2025-04-03,118100,-1.01,28004261600
2025-04-04,117400,-0.59,31492609900
2025-04-07,112200,-4.43,38954134700
2025-04-08,111400,-0.71,26602679000
2025-04-09,108300,-2.78,30939791050
2025-04-10,113800,5.08,30732474850
2025-04-11,114500,0.62,21831128500
2025-04-14,113700,-0.7,15555570950
2025-04-15,115400,1.5,16515571250
2025-04-16,114000,-1.21,11428866100
2025-04-17,113800,-0.18,15404663250
2025-04-18,114400,0.53,7950436150
2025-04-21,114500,0.09,9092206750
2025-04-22,115800,1.14,14328562100
2025-04-23,117600,1.55,17463963800
2025-04-24,118100,0.43,16051227700
2025-04-25,117000,-0.93,18667522800
2025-04-28,117600,0.51,13614460350
2025-04-29,118900,1.11,15256562700
2025-04-30,122400,2.94,35292866950
2025-05-02,122200,-0.16,25920725900
2025-05-07,122800,0.49,27257533900
2025-05-08,121800,-0.81,23882597500
2025-05-09,123000,0.99,19799977550
2025-05-12,125300,1.87,21840537800
2025-05-13,124300,-0.8,18305506250
2025-05-14,125200,0.72,26086774900
2025-05-15,123200,-1.6,17184075400
2025-05-16,123900,0.57,13207072600
2025-05-19,122400,-1.21,22884349250
2025-05-20,124400,1.63,21055882450
2025-05-21,139000,11.74,237846914950
2025-05-22,138500,-0.36,269729923750
2025-05-23,142000,2.53,111205615900
2025-05-26,152100,7.11,151725046750
2025-05-27,150500,-1.05,151523808450
2025-05-28,151200,0.47,123895352650
2025-05-29,154500,2.18,100996333750
2025-05-30,149800,-3.04,166720493750
2025-06-02,151300,1.0,72897164600
2025-06-04,157800,4.3,126420057700
2025-06-05,168900,7.03,183752330500
2025-06-09,167100,-1.07,175919123400
2025-06-10,166300,-0.48,115137014750
2025-06-11,173200,4.15,122841806750
2025-06-12,168100,-2.94,173717451120
2025-06-13,165900,-1.31,107789845500
2025-06-16,172200,3.8,104806732500
2025-06-17,172400,0.12,94132484350
2025-06-18,164800,-4.41,151382810050
2025-06-19,165300,0.3,69118181100
2025-06-20,161900,-2.06,130816607850
2025-06-23,161600,-0.19,62486012850
2025-06-24,162500,0.56,89228322900
2025-06-25,165100,1.6,117983351550
2025-06-26,160600,-2.73,75248801600
2025-06-27,158800,-1.12,54498149800
2025-06-30,161400,1.64,57162942550
2025-07-01,165400,2.48,159421777050
2025-07-02,162200,-1.93,68059674150
2025-07-03,162700,0.31,45977557300
2025-07-04,162500,-0.12,90566867150
2025-07-07,162700,0.12,31155293750
2025-07-08,166600,2.4,61031347950
2025-07-09,170700,2.46,78961362100
2025-07-10,177900,4.22,184927381450
2025-07-11,172300,-3.15,116847028965
2025-07-14,183700,6.62,183549730050
2025-07-15,181500,-1.2,97609878050
2025-07-16,181400,-0.06,77661949750
2025-07-17,184400,1.65,163729967415
2025-07-18,174400,-5.42,122416495500
2025-07-21,174200,-0.11,55836557150
2025-07-22,170200,-2.3,75812218600
2025-07-23,170000,-0.12,60145332650
2025-07-24,168900,-0.65,52162282400
2025-07-25,168600,-0.18,35306967950
2025-07-28,167500,-0.65,45327356150
2025-07-29,172900,3.22,107380592900
2025-07-30,175500,1.5,70774172300
2025-07-31,168500,-3.99,118233482100
2025-08-01,161700,-4.04,74653880000
2025-08-04,161700,0.0,29620631200
2025-08-05,162600,0.56,37431308200
2025-08-06,162900,0.18,34791056500
2025-08-07,165100,1.35,35671329600
2025-08-08,162800,-1.39,46910992550
2025-08-11,162700,-0.06,27969200800
2025-08-12,160300,-1.48,31798433050
2025-08-13,161400,0.69,30850438501
2025-08-14,163900,1.55,59571993500
2025-08-18,161500,-1.46,30854708800
2025-08-19,160500,-0.62,31835083200
2025-08-20,159000,-0.93,42255180500
2025-08-21,162100,1.95,29187215600
2025-08-22,167200,3.15,59114331800
2025-08-25,166600,-0.36,31523633200
2025-08-26,162800,-2.28,51879735600
2025-08-27,163400,0.37,27868610400
2025-08-28,169100,3.49,92395616950
2025-08-29,167800,-0.77,31505524600
2025-09-01,166400,-0.83,23622104500
2025-09-02,168000,0.96,26318619950
2025-09-03,171300,1.96,43026568060
2025-09-04,174300,1.75,73656155300
2025-09-05,175000,0.4,33813005250
2025-09-08,175200,0.11,36510145600
2025-09-09,178500,1.88,85608465342
2025-09-10,182400,2.18,88477863000
2025-09-11,186500,2.25,113662664110
2025-09-12,183000,-1.88,61888541050
2025-09-15,195900,7.05,174040699542
2025-09-16,195900,0.0,70107668750
2025-09-17,193000,-1.48,61790401302
2025-09-18,196700,1.92,90159132466
2025-09-19,196400,-0.15,121610279700
2025-09-22,197700,0.66,49174708750
2025-09-23,197700,0.0,48406247750
2025-09-24,193700,-2.02,71662454750
2025-09-25,190300,-1.76,45437464500
2025-09-26,187900,-1.26,53556826650
2025-09-29,188000,0.05,45492346300
2025-09-30,184600,-1.81,68744127800
2025-10-01,188500,2.11,39700454750
2025-10-02,197800,4.93,129253977050
2025-10-10,202500,2.38,87867124100
2025-10-13,201500,-0.49,51703077900
2025-10-14,194800,-3.33,74847713100
2025-10-15,206000,5.75,78994386350
2025-10-16,217000,5.34,163194560250
2025-10-17,210500,-3.0,92136683750
2025-10-20,208000,-1.19,61624998750
2025-10-21,204500,-1.68,72579693000
2025-10-22,208000,1.71,49361327750
2025-10-23,206000,-0.96,51581969000
2025-10-24,209000,1.46,47505558250
2025-10-27,215500,3.11,81827502500
2025-10-28,207000,-3.94,83315820092
2025-10-29,231000,11.59,229857323000
2025-10-30,227000,-1.73,122387356750
2025-10-31,226000,-0.44,73164241500
2025-11-03,226500,0.22,70236416750
2025-11-04,221000,-2.43,79356936250
2025-11-05,215500,-2.49,72836720000
2025-11-06,217000,0.7,64496712250
2025-11-07,214000,-1.38,49478671750
2025-11-10,224500,4.91,89329354000
2025-11-11,225500,0.45,80985300550
2025-11-12,228500,1.33,58424827750
2025-11-13,225000,-1.53,60816101000
2025-11-14,219500,-2.44,45146306750
2025-11-17,220500,0.46,34576577250
2025-11-18,214500,-2.72,56474031750
2025-11-19,213000,-0.7,49964124250
2025-11-20,224000,5.16,73458005500
2025-11-21,216000,-3.57,88149852500
2025-11-24,218000,0.93,119608732750
2025-11-25,228500,4.82,106179635500
2025-11-26,236000,3.28,145925953000
2025-11-27,231500,-1.91,86002260000
2025-11-28,225000,-2.81,57033490250
2025-12-01,226500,0.67,53335094500
2025-12-02,224500,-0.88,52769567500
2025-12-03,245500,9.35,229086874750
2025-12-04,240500,-2.04,136418315250
2025-12-05,244000,1.46,71799117500
2025-12-08,251500,3.07,123274387500
2025-12-09,252000,0.2,83343640000
2025-12-10,247500,-1.79,54285839500
2025-12-11,252000,1.82,94859369750
2025-12-12,255000,1.19,51203657000
2025-12-15,246500,-3.33,75884321298
2025-12-16,243000,-1.42,71747647000
2025-12-17,243000,0.0,53563326500
2025-12-18,239500,-1.44,43559922250
2025-12-19,249000,3.97,93091624250
2025-12-22,244500,-1.81,76764217000
2025-12-23,240500,-1.64,56963917500
2025-12-24,240000,-0.21,32154740500
2025-12-26,240500,0.21,51519325250
2025-12-29,241500,0.42,54595818349
2025-12-30,239500,-0.83,49075579080
2026-01-02,245000,2.3,86278541750
2026-01-05,254500,3.88,109461543000
2026-01-06,260000,2.16,104775988000
2026-01-07,265000,1.92,144238366500
2026-01-08,270500,2.08,165015375314
2026-01-09,268500,-0.74,99281225000
2026-01-12,267500,-0.37,58256861500
2026-01-13,273500,2.24,140336041750
2026-01-14,283500,3.66,127832139000
2026-01-15,286000,0.88,121787695640
2026-01-16,290000,1.4,80596200106
2026-01-19,289000,-0.34,94605484000
2026-01-20,296000,2.42,199026426068
2026-01-21,299000,1.01,83590278500
2026-01-22,297500,-0.5,151828925250
2026-01-23,305500,2.69,124940050000
2026-01-26,297500,-2.62,117265579000
2026-01-27,298000,0.17,136812809250
2026-01-28,302000,1.34,111696364250
2026-01-29,303000,0.33,131071891156
2026-01-30,301500,-0.5,155156514250
2026-02-02,291000,-3.48,117045523500
2026-02-03,315000,8.25,108699570500
2026-02-04,316500,0.48,104440164250
2026-02-05,306000,-3.32,139088134250
2026-02-06,289500,-5.39,223213010500
2026-02-09,312500,7.94,177885582389
2026-02-10,317000,1.44,106053925323
2026-02-11,316500,-0.16,104484575046
2026-02-12,334000,5.53,187342987250
2026-02-13,318000,-4.79,182236024500
2026-02-19,319500,0.47,163381634750
2026-02-20,331000,3.6,167971803000
2026-02-23,332000,0.3,141840960500
2026-02-24,338000,1.81,140297358750
2026-02-25,347000,2.66,189286512500
2026-02-26,360000,3.75,223991836226
2026-02-27,350500,-2.64,237494418000
2026-03-03,317000,-9.56,236407539000
2026-03-04,272000,-14.2,278116838250
2026-03-05,293000,7.72,189892758301
2026-03-06,283500,-3.24,141991565750
2026-03-09,270500,-4.59,110948557250
2026-03-10,273000,0.92,135126132000
2026-03-11,283500,3.85,122814532250
2026-03-12,280500,-1.06,76146665000
2026-03-13,280500,0.0,86534172500
2026-03-16,278500,-0.71,88042046750
2026-03-17,279500,0.36,81665866750
2026-03-18,299000,6.98,156920252500
2026-03-19,291000,-2.68,68148976500
2026-03-20,297500,2.23,187265945000
2026-03-23,274500,-7.73,107587282000
2026-03-24,281500,2.55,94902678778
2026-03-25,289000,2.66,105754739000
2026-03-26,278000,-3.81,100126967250
2026-03-27,269000,-3.24,181003086500
2026-03-30,259500,-3.53,150787644250
2026-03-31,253500,-2.31,156611472500
2026-04-01,273000,7.69,123859299000
2026-04-02,264000,-3.3,96941506750
2026-04-03,263000,-0.38,68796059750
2026-04-06,269500,2.47,107122063750
2026-04-07,274000,1.67,99737520500
2026-04-08,309000,12.77,236578325000
2026-04-09,300000,-2.91,120744469000
2026-04-10,302500,0.83,78602935750
2026-04-13,289500,-4.3,115034004250
2026-04-14,296000,2.25,121972238500
2026-04-15,307500,3.89,124638790750
2026-04-16,306000,-0.49,103765285250
2026-04-17,301500,-1.47,57544445750
2026-04-20,300000,-0.5,53352823000
2026-04-21,304000,1.33,94330615070
2026-04-22,301000,-0.99,118156348325
2026-04-23,320000,6.31,223230339500
2026-04-24,311500,-2.66,100818805250
2026-04-27,312000,0.16,72266643250
2026-04-28,309500,-0.8,113105090500
2026-04-29,308500,-0.32,100378208000
2026-04-30,298500,-3.24,136085436000
2026-05-04,320000,7.2,200101110500
2026-05-06,375500,17.34,644451560580
2026-05-07,405000,7.86,473890410911
2026-05-08,422500,4.32,394438440008
2026-05-11,452000,6.98,602940798250
2026-05-12,435000,-3.76,426289043500
2026-05-13,428500,-1.49,344889590500
2026-05-14,442000,3.15,360199277000
2026-05-15,396500,-10.29,291503793750
2026-05-18,399500,0.76,192119476250
2026-05-19,380500,-4.76,264074547332
2026-05-20,370500,-2.63,219688187136
2026-05-21,418500,12.96,282708281000
2026-05-22,420500,0.48,193739844750
2026-05-26,411000,-2.26,171627058000
2026-05-27,410500,-0.12,228096316000
2026-05-28,399500,-2.68,176446755500
2026-05-29,432500,8.26,450096902500
2026-06-01,455000,5.2,467679604000
2026-06-02,485500,6.7,403527061282
2026-06-04,535000,10.2,699060907750
2026-06-05,460500,-13.93,382790206382
2026-06-08,408500,-11.29,224350455250
2026-06-09,429000,5.02,268891621486
2026-06-10,407500,-5.01,253912272500
2026-06-11,410000,0.61,250033980250
2026-06-12,432000,5.37,321076370750
2026-06-15,495000,14.58,327027942750
2026-06-16,497000,0.4,237425500000
2026-06-17,490000,-1.41,178515179750
2026-06-18,485500,-0.92,208231330000
2026-06-19,491500,1.24,729335188500
2026-06-22,520000,5.8,420505333000
2026-06-23,455000,-12.5,480682386000
2026-06-24,481500,5.82,559273209750
2026-06-25,519000,7.79,567244555500
2026-06-26,494500,-4.72,388969338860
2026-06-29,471000,-4.75,341252434000
2026-06-30,468500,-0.53,342268792500
2026-07-01,434000,-7.36,380896332500
2026-07-02,406500,-6.34,306648521500
2026-07-03,433500,6.64,277285186000
2026-07-06,449500,3.69,248597973000
2026-07-07,424500,-5.56,223075989750
2026-07-08,395000,-6.95,242024544820
2026-07-09,378500,-4.18,381466868250
2026-07-10,391500,3.43,196884639000
2026-07-13,361000,-7.79,211709373216
2026-07-14,354000,-1.94,263540802250
2026-07-15,367000,3.67,258802672750
2026-07-16,346000,-5.72,225585050750
2026-07-20,317500,-8.24,217315692000
2026-07-21,343500,8.19,220435098156
2026-07-22,354000,3.06,199575294000
2026-07-23,360000,1.69,126002955500
2026-07-24,342000,-5.0,114755190000
2026-07-27,339500,-0.73,92224623750
2026-07-28,305000,-10.16,193176148250
2026-07-29,285500,-6.39,250183567750
2026-07-30,294000,2.98,255264723250
2026-07-31,351500,19.56,430946057185
2026-08-03,329000,-6.4,98499101560
2026-08-04,322500,-1.98,154961375250
2026-08-05,347500,7.75,116600045500
2026-08-06,334000,-3.88,106480394000
2026-08-07,336500,0.75,88970918250
2026-08-10,336000,-0.15,82623819250
2026-08-11,344500,2.53,116714062500
2026-08-12,357500,3.77,164729341334
2026-08-13,365000,2.1,186181839000
2026-08-14,369000,1.1,101489609250
2026-08-18,369000,0.0,157089376500
2026-08-19,347000,-5.96,95339133500
2026-08-20,374000,7.78,171103644750
2026-08-21,395500,5.75,226818514250
2026-08-24,364500,-7.84,179549869000
2026-08-25,367000,0.69,157662002500
2026-08-26,387500,5.59,146560867000
2026-08-27,375500,-3.1,149411132844
2026-08-28,375000,-0.13,87728304500
2026-08-31,376500,0.4,115852110628
2026-09-01,390500,3.72,115761209250
2026-09-02,373000,-4.48,124478071750
2026-09-03,372000,-0.27,116609080250
2026-09-04,367000,-1.34,143670487250
2026-09-07,384000,4.63,105766309250
2026-09-08,382000,-0.52,157041985000
2026-09-09,376000,-1.57,143634007578
2026-09-10,379500,0.93,176095837000
2026-09-11,367000,-3.29,190639788250
2026-09-14,358500,-2.32,108444529000
2026-09-15,347000,-3.21,98550439000
2026-09-16,353500,1.87,82644877500
2026-09-17,355500,0.57,65715747530
2026-09-18,351000,-1.27,113669368500
2026-09-21,367500,4.7,114282351000
2026-09-22,367000,-0.14,97904732500
2026-09-23,367000,0.0,102096058500
