date,close,change_pct,trading_value
2015-01-02,535000,2.88,17057194000
2015-01-05,527000,-1.5,27508940000
2015-01-06,510000,-3.23,18237906000
2015-01-07,519000,1.76,15170768000
2015-01-08,506000,-2.5,24855231000
2015-01-09,499000,-1.38,50009481500
2015-01-12,522000,4.61,44744360000
2015-01-13,529000,1.34,35434923000
2015-01-14,526000,-0.57,16801295000
2015-01-15,536000,1.9,17177074000
2015-01-16,525000,-2.05,9851271000
2015-01-19,525000,0.0,8405408000
2015-01-20,541000,3.05,22584927000
2015-01-21,540000,-0.18,13020497000
2015-01-22,530000,-1.85,17741655000
2015-01-23,538000,1.51,12753578000
2015-01-26,529000,-1.67,14053495000
2015-01-27,533000,0.76,19003821000
2015-01-28,548000,2.81,33868711000
2015-01-29,549000,0.18,22938623000
2015-01-30,551000,0.36,22709997000
2015-02-02,556000,0.91,18664285000
2015-02-03,551000,-0.9,11762518000
2015-02-04,548000,-0.54,19728714000
2015-02-05,552000,0.73,23465096000
2015-02-06,529000,-4.17,39145761720
2015-02-09,520000,-1.7,23486973000
2015-02-10,528000,1.54,12266689000
2015-02-11,529000,0.19,11060228000
2015-02-12,527000,-0.38,10903707000
2015-02-13,529000,0.38,9162020940
2015-02-16,521000,-1.51,12287745000
2015-02-17,521000,0.0,9113995000
2015-02-23,528000,1.34,7607099000
2015-02-24,543000,2.84,23495276000
2015-02-25,570000,4.97,53927684000
2015-02-26,587000,2.98,47791803000
2015-02-27,591000,0.68,32680537811
2015-03-02,591000,0.0,28624560000
2015-03-03,583000,-1.35,25741017000
2015-03-04,575000,-1.37,11840613000
2015-03-05,575000,0.0,16508522000
2015-03-06,572000,-0.52,21194283000
2015-03-09,563000,-1.57,13957120000
2015-03-10,556000,-1.24,18821819000
2015-03-11,540000,-2.88,27517712000
2015-03-12,540000,0.0,20809722000
2015-03-13,539000,-0.19,17535830000
2015-03-16,533000,-1.11,17326825000
2015-03-17,554000,3.94,21941201000
2015-03-18,545000,-1.62,12581180000
2015-03-19,552000,1.28,15784768000
2015-03-20,544000,-1.45,14758320000
2015-03-23,552000,1.47,16079290000
2015-03-24,570000,3.26,22325116000
2015-03-25,569000,-0.18,16262674000
2015-03-26,552000,-2.99,13417887000
2015-03-27,553000,0.18,9293948000
2015-03-30,563000,1.81,11403101000
2015-03-31,566000,0.53,11213214000
2015-04-01,545000,-3.71,19828340000
2015-04-02,534000,-2.02,50979466000
2015-04-03,535000,0.19,16821850000
2015-04-06,538000,0.56,19236911000
2015-04-07,528000,-1.86,22066963000
2015-04-08,527000,-0.19,30865420000
2015-04-09,518000,-1.71,27387445000
2015-04-10,534000,3.09,24972225000
2015-04-13,547000,2.43,25543731000
2015-04-14,541000,-1.1,19289606000
2015-04-15,549000,1.48,45809192000
2015-04-16,549000,0.0,24376571000
2015-04-17,544000,-0.91,18132504000
2015-04-20,538000,-1.1,17388837000
2015-04-21,533000,-0.93,18191345000
2015-04-22,544000,2.06,27258111000
2015-04-23,568000,4.41,56403240500
2015-04-24,561000,-1.23,24810771000
2015-04-27,561000,0.0,15791143000
2015-04-28,566000,0.89,33546437000
2015-04-29,549000,-3.0,16934749000
2015-04-30,550000,0.18,24538340000
2015-05-04,536000,-2.55,12395521000
2015-05-06,527000,-1.68,19755655000
2015-05-07,514000,-2.47,24632109000
2015-05-08,527000,2.53,12198240000
2015-05-11,530000,0.57,13743003000
2015-05-12,530000,0.0,8551916000
2015-05-13,532000,0.38,8207058000
2015-05-14,528000,-0.75,9696715000
2015-05-15,522000,-1.14,11754063000
2015-05-18,516000,-1.15,12570534000
2015-05-19,512000,-0.78,11136950000
2015-05-20,512000,0.0,26141402000
2015-05-21,510000,-0.39,10615271000
2015-05-22,515000,0.98,16438664000
2015-05-26,550000,6.8,68265648000
2015-05-27,542000,-1.45,54683629000
2015-05-28,534000,-1.48,24726623000
2015-05-29,548000,2.62,30142554000
2015-06-01,542000,-1.09,16582615000
2015-06-02,527000,-2.77,17425851000
2015-06-03,516000,-2.09,12967873000
2015-06-04,514000,-0.39,13705163000
2015-06-05,511000,-0.58,10845290000
2015-06-08,508000,-0.59,14903309000
2015-06-09,507000,-0.2,15227992000
2015-06-10,503000,-0.79,14070379000
2015-06-11,490000,-2.58,86368873000
2015-06-12,483000,-1.43,46237629000
2015-06-15,461000,-4.55,24691610500
2015-06-16,469000,1.74,26793096500
2015-06-17,472000,0.64,14035519000
2015-06-18,467500,-0.95,19631433000
2015-06-19,491500,5.13,24464621000
2015-06-22,478500,-2.64,14348578000
2015-06-23,486500,1.67,11079468000
2015-06-24,491500,1.03,15272728500
2015-06-25,483000,-1.73,21319361500
2015-06-26,489500,1.35,14467052000
2015-06-29,487000,-0.51,16033735500
2015-06-30,491000,0.82,12951665000
2015-07-01,489000,-0.41,9504005000
2015-07-02,485500,-0.72,16661511000
2015-07-03,480000,-1.13,8702845056
2015-07-06,475000,-1.04,10576259500
2015-07-07,482000,1.47,13047163000
2015-07-08,478500,-0.73,14160268500
2015-07-09,477500,-0.21,14851150500
2015-07-10,471000,-1.36,15682574500
2015-07-13,515000,9.34,46516873500
2015-07-14,526000,2.14,31179843000
2015-07-15,510000,-3.04,24788608000
2015-07-16,552000,8.24,60278941000
2015-07-17,540000,-2.17,41158078000
2015-07-20,542000,0.37,11329775000
2015-07-21,542000,0.0,12453505000
2015-07-22,522000,-3.69,15903963000
2015-07-23,514000,-1.53,14833340000
2015-07-24,534000,3.89,19127528000
2015-07-27,511000,-4.31,24500202000
2015-07-28,509000,-0.39,14535266000
2015-07-29,497500,-2.26,13650544000
2015-07-30,485000,-2.51,13644603000
2015-07-31,489500,0.93,11019276000
2015-08-03,471500,-3.68,12241045500
2015-08-04,480000,1.8,5906143500
2015-08-05,481000,0.21,6771887000
2015-08-06,469500,-2.39,11352159500
2015-08-07,472500,0.64,6167177500
2015-08-10,401000,-15.13,77684965000
2015-08-11,398000,-0.75,33867386000
2015-08-12,388500,-2.39,31856384500
2015-08-13,398000,2.45,17672441500
2015-08-17,398000,0.0,12706782500
2015-08-18,395000,-0.75,14174032000
2015-08-19,382500,-3.16,18325933500
2015-08-20,379500,-0.78,10611315000
2015-08-21,362000,-4.61,21426159500
2015-08-24,358000,-1.1,16404856000
2015-08-25,359000,0.28,16802148500
2015-08-26,372000,3.62,19832495000
2015-08-27,368000,-1.08,24897615000
2015-08-28,384500,4.48,15841047500
2015-08-31,392500,2.08,19091353000
2015-09-01,382000,-2.68,15456339000
2015-09-02,369000,-3.4,19818919500
2015-09-03,370000,0.27,9204188000
2015-09-04,375000,1.35,19249008500
2015-09-07,378000,0.8,9922084000
2015-09-08,386000,2.12,15529214500
2015-09-09,400000,3.63,23382707500
2015-09-10,405000,1.25,23241379000
2015-09-11,407000,0.49,15928642000
2015-09-14,418000,2.7,23192225000
2015-09-15,417000,-0.24,13837599628
2015-09-16,416000,-0.24,22087321500
2015-09-17,422000,1.44,23516437000
2015-09-18,420000,-0.47,17495289000
2015-09-21,420500,0.12,10640120000
2015-09-22,419500,-0.24,10330757500
2015-09-23,408000,-2.74,10758534500
2015-09-24,413500,1.35,5616928500
2015-09-25,413500,0.0,5191231500
2015-09-30,413000,-0.12,10838236500
2015-10-01,421500,2.06,9164900000
2015-10-02,422500,0.24,6811921705
2015-10-05,424500,0.47,8506672000
2015-10-06,435500,2.59,14896048000
2015-10-07,432000,-0.8,8572370500
2015-10-08,428000,-0.93,7424890000
2015-10-12,437500,2.22,11588927500
2015-10-13,442000,1.03,8062040000
2015-10-14,435500,-1.47,6783787500
2015-10-15,441000,1.26,6384706000
2015-10-16,440000,-0.23,5552321500
2015-10-19,440500,0.11,8488255500
2015-10-20,439500,-0.23,4813994500
2015-10-21,438500,-0.23,7996081500
2015-10-22,441000,0.57,21016738000
2015-10-23,451500,2.38,17114716500
2015-10-26,448500,-0.66,7608573000
2015-10-27,437000,-2.56,12253620500
2015-10-28,429500,-1.72,11496329000
2015-10-29,421500,-1.86,14490599000
2015-10-30,408500,-3.08,14335372000
2015-11-02,463000,13.34,49346347500
2015-11-03,475000,2.59,30705796500
2015-11-04,472500,-0.53,19188965000
2015-11-05,472500,0.0,9830863500
2015-11-06,462000,-2.22,8405326000
2015-11-09,446000,-3.46,11169486000
2015-11-10,439500,-1.46,7843388500
2015-11-11,434000,-1.25,7286249500
2015-11-12,438000,0.92,7793931500
2015-11-13,429000,-2.05,8654864000
2015-11-16,426000,-0.7,6455600500
2015-11-17,426500,0.12,9067981500
2015-11-18,434000,1.76,8411772500
2015-11-19,453500,4.49,11511587500
2015-11-20,452000,-0.33,7746639000
2015-11-23,469500,3.87,16124695500
2015-11-24,465500,-0.85,9194216500
2015-11-25,466500,0.21,8413419000
2015-11-26,466500,0.0,8481537500
2015-11-27,462500,-0.86,5608877500
2015-11-30,459500,-0.65,10129198000
2015-12-01,471000,2.5,8165989500
2015-12-02,460500,-2.23,10449079500
2015-12-03,455000,-1.19,5879529500
2015-12-04,448500,-1.43,5871450000
2015-12-07,445000,-0.78,7593622000
2015-12-08,448000,0.67,6293309500
2015-12-09,445000,-0.67,6224206500
2015-12-10,433500,-2.58,11507976500
2015-12-11,442500,2.08,8110923000
2015-12-14,436500,-1.36,7512220500
2015-12-15,424000,-2.86,7681751000
2015-12-16,426000,0.47,11906952000
2015-12-17,430000,0.94,8118513500
2015-12-18,424000,-1.4,11939773500
2015-12-21,422500,-0.35,11897301500
2015-12-22,427500,1.18,11078222500
2015-12-23,427500,0.0,9857324000
2015-12-24,425500,-0.47,6920596000
2015-12-28,418500,-1.65,7761134000
2015-12-29,414500,-0.96,7098634500
2015-12-30,417500,0.72,12765884500
2016-01-04,406000,-2.75,12628466000
2016-01-05,410000,0.99,7687190500
2016-01-06,407500,-0.61,7849065500
2016-01-07,399000,-2.09,10384387500
2016-01-08,406000,1.75,6529686000
2016-01-11,401500,-1.11,5428851500
2016-01-12,404000,0.62,6405656000
2016-01-13,420000,3.96,18605833000
2016-01-14,405500,-3.45,10948730500
2016-01-15,399000,-1.6,9216118000
2016-01-18,401000,0.5,8132104000
2016-01-19,404500,0.87,9847502500
2016-01-20,393000,-2.84,10138679500
2016-01-21,390500,-0.64,6846966500
2016-01-22,405000,3.71,9005271500
2016-01-25,423500,4.57,16464926500
2016-01-26,407000,-3.9,15138926500
2016-01-27,418000,2.7,12643991000
2016-01-28,428500,2.51,16243137500
2016-01-29,437500,2.1,15426333500
2016-02-01,433500,-0.91,8795457500
2016-02-02,434000,0.12,8097148000
2016-02-03,432000,-0.46,6278496500
2016-02-04,444000,2.78,9199229000
2016-02-05,436000,-1.8,12006991500
2016-02-11,421000,-3.44,8406824000
2016-02-12,422500,0.36,11528508000
2016-02-15,424500,0.47,7033101000
2016-02-16,425000,0.12,10357706500
2016-02-17,430500,1.29,7682368000
2016-02-18,433000,0.58,10037775500
2016-02-19,434000,0.23,8748098000
2016-02-22,428000,-1.38,9039214000
2016-02-23,429500,0.35,9203277500
2016-02-24,421000,-1.98,15623065000
2016-02-25,430500,2.26,11879852000
2016-02-26,437500,1.63,15771533500
2016-02-29,426500,-2.51,10462476500
2016-03-02,423500,-0.7,12706808500
2016-03-03,422500,-0.24,10940135000
2016-03-04,422500,0.0,8353393500
2016-03-07,419500,-0.71,10475081000
2016-03-08,422500,0.72,11367272000
2016-03-09,417500,-1.18,11539714500
2016-03-10,416000,-0.36,18492932000
2016-03-11,411500,-1.08,9409865000
2016-03-14,404500,-1.7,15266682000
2016-03-15,409000,1.11,7583091500
2016-03-16,409000,0.0,8248043500
2016-03-17,420000,2.69,21441130500
2016-03-18,413000,-1.67,12377274000
2016-03-21,407000,-1.45,11306580000
2016-03-22,411000,0.98,8789583000
2016-03-23,417000,1.46,9560861500
2016-03-24,416000,-0.24,8952953500
2016-03-25,411000,-1.2,7537096500
2016-03-28,409500,-0.36,5706381000
2016-03-29,409500,0.0,10447520000
2016-03-30,408500,-0.24,9923561500
2016-03-31,416000,1.84,13651929500
2016-04-01,405500,-2.52,11801642431
2016-04-04,407500,0.49,7704895500
2016-04-05,402500,-1.23,8324729500
2016-04-06,400000,-0.62,8111094000
2016-04-07,398000,-0.5,7397342500
2016-04-08,397500,-0.13,7572714500
2016-04-11,398500,0.25,4987441000
2016-04-12,406500,2.01,6940852000
2016-04-14,415000,2.09,14804930500
2016-04-15,419000,0.96,12660824000
2016-04-18,416000,-0.72,6462383000
2016-04-19,421000,1.2,12077104000
2016-04-20,419000,-0.48,6623704000
2016-04-21,424000,1.19,6639983500
2016-04-22,425000,0.24,6473154000
2016-04-25,427000,0.47,7527782000
2016-04-26,432500,1.29,11788259000
2016-04-27,430500,-0.46,8073513000
2016-04-28,427000,-0.81,9080649000
2016-04-29,425000,-0.47,9136454200
2016-05-02,424000,-0.24,4573932000
2016-05-03,409500,-3.42,15328343000
2016-05-04,402500,-1.71,10411782500
2016-05-09,408000,1.37,13923776500
2016-05-10,409500,0.37,5144900000
2016-05-11,404500,-1.22,6704373500
2016-05-12,405000,0.12,5256013500
2016-05-13,403500,-0.37,6657825500
2016-05-16,403000,-0.12,4510399000
2016-05-17,401500,-0.37,5097888500
2016-05-18,398000,-0.87,7291997000
2016-05-19,397000,-0.25,7875359000
2016-05-20,394000,-0.76,9448474000
2016-05-23,394000,0.0,5443046000
2016-05-24,393000,-0.25,5196338500
2016-05-25,406500,3.44,11736272000
2016-05-26,408000,0.37,6211967000
2016-05-27,409000,0.25,4551524500
2016-05-30,402500,-1.59,5681917000
2016-05-31,404500,0.5,6874488588
2016-06-01,402000,-0.62,5359118000
2016-06-02,394000,-1.99,12056557500
2016-06-03,398500,1.14,7791928500
2016-06-07,399000,0.13,6803954000
2016-06-08,400500,0.38,5293385500
2016-06-09,395500,-1.25,13245957500
2016-06-10,399000,0.88,6626425500
2016-06-13,393000,-1.5,5718089500
2016-06-14,379000,-3.56,17894425500
2016-06-15,378000,-0.26,211506385250
2016-06-16,372500,-1.46,12943253500
2016-06-17,373000,0.13,11808058000
2016-06-20,379000,1.61,8236918000
2016-06-21,384500,1.45,8467918000
2016-06-22,385000,0.13,7522633500
2016-06-23,379500,-1.43,9127974500
2016-06-24,363500,-4.22,18554668500
2016-06-27,368000,1.24,7999534000
2016-06-28,365000,-0.82,7305912000
2016-06-29,373000,2.19,7139253000
2016-06-30,380500,2.01,15089932500
2016-07-01,383500,0.79,10053755000
2016-07-04,378000,-1.43,6927652500
2016-07-05,375000,-0.79,6876022500
2016-07-06,371000,-1.07,7534515500
2016-07-07,368500,-0.67,8351259000
2016-07-08,370000,0.41,3732232000
2016-07-11,373000,0.81,4959004000
2016-07-12,377500,1.21,6530574000
2016-07-13,379000,0.4,7226807000
2016-07-14,373500,-1.45,8460282500
2016-07-15,374000,0.13,6648111000
2016-07-18,376500,0.67,6230488500
2016-07-19,373500,-0.8,6492553000
2016-07-20,376500,0.8,5008924500
2016-07-21,382500,1.59,12076659500
2016-07-22,387500,1.31,16444243000
2016-07-25,388500,0.26,7662924500
2016-07-26,384500,-1.03,9109406500
2016-07-27,394000,2.47,14993414500
2016-07-28,403500,2.41,22033928000
2016-07-29,394500,-2.23,10771390813
2016-08-01,395500,0.25,4861951500
2016-08-02,391500,-1.01,5508216000
2016-08-03,385000,-1.66,5991996000
2016-08-04,408000,5.97,27427659500
2016-08-05,417500,2.33,49729905500
2016-08-08,424500,1.68,24814281500
2016-08-09,427000,0.59,20906554500
2016-08-10,417500,-2.22,20879357500
2016-08-11,421000,0.84,9510771000
2016-08-12,419500,-0.36,19821680000
2016-08-16,430000,2.5,16843445000
2016-08-17,427000,-0.7,10985550000
2016-08-18,432500,1.29,17021649000
2016-08-19,432000,-0.12,17660630000
2016-08-22,430500,-0.35,15921674000
2016-08-23,428500,-0.46,11164593000
2016-08-24,422500,-1.4,13141591000
2016-08-25,424000,0.36,10575823500
2016-08-26,415000,-2.12,19549767000
2016-08-29,409500,-1.33,7952109500
2016-08-30,411000,0.37,6018032000
2016-08-31,412500,0.36,13103668500
2016-09-01,407000,-1.33,9624297500
2016-09-02,409500,0.61,8697271000
2016-09-05,410500,0.24,8880560000
2016-09-06,406500,-0.97,17879797500
2016-09-07,396500,-2.46,12349806000
2016-09-08,403500,1.77,9512975000
2016-09-09,401000,-0.62,6758534000
2016-09-12,394000,-1.75,8151031500
2016-09-13,390500,-0.89,7076313500
2016-09-19,385500,-1.28,7190534000
2016-09-20,388000,0.65,7032147500
2016-09-21,384000,-1.03,7360581500
2016-09-22,390500,1.69,6509733000
2016-09-23,392000,0.38,5629945000
2016-09-26,387500,-1.15,6638600500
2016-09-27,394500,1.81,6987292500
2016-09-28,393000,-0.38,4295406000
2016-09-29,394000,0.25,5667065000
2016-09-30,395500,0.38,7842576500
2016-10-04,388000,-1.9,8519476000
2016-10-05,388000,0.0,7143209500
2016-10-06,416500,7.35,32527449000
2016-10-07,406500,-2.4,13317343500
2016-10-10,401500,-1.23,9794395000
2016-10-11,403000,0.37,12743268500
2016-10-12,412500,2.36,11825027000
2016-10-13,410000,-0.61,9819423000
2016-10-14,412500,0.61,9314898000
2016-10-17,402000,-2.55,7581779500
2016-10-18,409000,1.74,6160021500
2016-10-19,408500,-0.12,9211848000
2016-10-20,405500,-0.73,4646814500
2016-10-21,403000,-0.62,5807323000
2016-10-24,413000,2.48,11768788000
2016-10-25,422000,2.18,17106121000
2016-10-26,413000,-2.13,9879985000
2016-10-27,417000,0.97,8982314000
2016-10-28,414500,-0.6,8915222500
2016-10-31,404500,-2.41,9967307000
2016-11-01,399000,-1.36,6984777500
2016-11-02,387500,-2.88,11567101500
2016-11-03,388500,0.26,10382543000
2016-11-04,375000,-3.47,15212735500
2016-11-07,382500,2.0,7796385500
2016-11-08,398000,4.05,17545298500
2016-11-09,391500,-1.63,17301891000
2016-11-10,392000,0.13,13752127500
2016-11-11,387000,-1.28,7281759500
2016-11-14,386000,-0.26,5497906000
2016-11-15,383000,-0.78,5446150500
2016-11-16,396500,3.52,14030237500
2016-11-17,400000,0.88,5836523500
2016-11-18,389500,-2.63,10476584500
2016-11-21,388500,-0.26,6687527500
2016-11-22,389000,0.13,7801636500
2016-11-23,385000,-1.03,6300463500
2016-11-24,381000,-1.04,4197836500
2016-11-25,378500,-0.66,8716949000
2016-11-28,385000,1.72,8414838500
2016-11-29,373000,-3.12,17552549500
2016-11-30,372500,-0.13,8351662000
2016-12-01,371500,-0.27,5643592500
2016-12-02,371500,0.0,5549920500
2016-12-05,368500,-0.81,4635235000
2016-12-06,371000,0.68,6502165000
2016-12-07,368500,-0.67,4601702500
2016-12-08,371000,0.68,11702665000
2016-12-09,369500,-0.4,4906105500
2016-12-12,374000,1.22,5629832500
2016-12-13,375500,0.4,4345166000
2016-12-14,373000,-0.67,6487169500
2016-12-15,371000,-0.54,6737409500
2016-12-16,373500,0.67,9386022500
2016-12-19,370000,-0.94,5533226000
2016-12-20,369500,-0.14,4493759500
2016-12-21,372500,0.81,8844649000
2016-12-22,370000,-0.67,6340243000
2016-12-23,369000,-0.27,4785669500
2016-12-26,371000,0.54,3752467500
2016-12-27,371500,0.13,6853461000
2016-12-28,366000,-1.48,6264747500
2016-12-29,359500,-1.78,13447051500
2017-01-02,364000,1.25,4230089000
2017-01-03,361500,-0.69,8565204000
2017-01-04,373000,3.18,10479708000
2017-01-05,372500,-0.13,5369628500
2017-01-06,368000,-1.21,5297972500
2017-01-09,363000,-1.36,6334593500
2017-01-10,359000,-1.1,11752018000
2017-01-11,359500,0.14,7642737000
2017-01-12,361000,0.42,9683829500
2017-01-13,362500,0.42,8129266500
2017-01-16,358000,-1.24,9044318000
2017-01-17,353500,-1.26,14489447500
2017-01-18,348000,-1.56,13891452000
2017-01-19,346500,-0.43,16656689500
2017-01-20,343000,-1.01,10008147000
2017-01-23,339000,-1.17,9792381000
2017-01-24,344500,1.62,12380575000
2017-01-25,341500,-0.87,4992368000
2017-01-26,345500,1.17,6901152500
2017-01-31,347500,0.58,10264838500
2017-02-01,347000,-0.14,6288754500
2017-02-02,343000,-1.15,7552936500
2017-02-03,322000,-6.12,35140140500
2017-02-06,318000,-1.24,22550821500
2017-02-07,327500,2.99,11886873000
2017-02-08,323000,-1.37,13205202500
2017-02-09,326000,0.93,10323039075
2017-02-10,328000,0.61,7480071500
2017-02-13,334500,1.98,8144199500
2017-02-14,334000,-0.15,6719751500
2017-02-15,337000,0.9,6910164500
2017-02-16,340500,1.04,11368760500
2017-02-17,339500,-0.29,4723556000
2017-02-20,338500,-0.29,3819451500
2017-02-21,344500,1.77,7828546000
2017-02-22,342000,-0.73,5627865500
2017-02-23,341500,-0.15,7756302500
2017-02-24,344500,0.88,4358155500
2017-02-27,346000,0.44,6180996500
2017-02-28,346500,0.14,10114877500
2017-03-02,341000,-1.59,8032839500
2017-03-03,341500,0.15,6593251500
2017-03-06,336000,-1.61,9182656500
2017-03-07,343000,2.08,11476439500
2017-03-08,343500,0.15,6286065500
2017-03-09,339500,-1.16,4825047000
2017-03-10,343500,1.18,7994685000
2017-03-13,346000,0.73,5746078500
2017-03-14,353500,2.17,24169827000
2017-03-15,351000,-0.71,13891803000
2017-03-16,351500,0.14,7656803500
2017-03-17,355000,1.0,7545028000
2017-03-20,352000,-0.85,3822389000
2017-03-21,360000,2.27,15866283000
2017-03-22,352000,-2.22,9178338500
2017-03-23,360000,2.27,8316977500
2017-03-24,355500,-1.25,9735064500
2017-03-27,351000,-1.27,5977235000
2017-03-28,355500,1.28,6715617000
2017-03-29,354000,-0.42,4001980000
2017-03-30,354000,0.0,7611977500
2017-03-31,354000,0.0,7496949500
2017-04-03,352000,-0.56,4818335000
2017-04-04,351500,-0.14,4605549000
2017-04-05,348000,-1.0,11196867000
2017-04-06,349500,0.43,5114724000
2017-04-07,346000,-1.0,6645761000
2017-04-10,339500,-1.88,7372452000
2017-04-11,340000,0.15,4924556000
2017-04-12,337000,-0.88,4966811500
2017-04-13,341500,1.34,6931438500
2017-04-14,337500,-1.17,3837528000
2017-04-17,338500,0.3,7083663000
2017-04-18,336500,-0.59,9340968500
2017-04-19,338500,0.59,6442531000
2017-04-20,338500,0.0,7101307000
2017-04-21,341000,0.74,8559898000
2017-04-24,340000,-0.29,8966149500
2017-04-25,338500,-0.44,7478667000
2017-04-26,346500,2.36,15521044500
2017-04-27,340000,-1.88,17352919000
2017-04-28,340500,0.15,9873951500
2017-05-02,341500,0.29,6891293500
2017-05-04,341000,-0.15,9545607500
2017-05-08,346500,1.61,8868088000
2017-05-10,347500,0.29,13513755000
2017-05-11,352500,1.44,10515145500
2017-05-12,355500,0.85,10083223000
2017-05-15,356000,0.14,4970742000
2017-05-16,351000,-1.4,8509296000
2017-05-17,350000,-0.28,5664495500
2017-05-18,346000,-1.14,9444396000
2017-05-19,357000,3.18,12971684500
2017-05-22,373500,4.62,36955928500
2017-05-23,382500,2.41,28012469000
2017-05-24,383500,0.26,16406745500
2017-05-25,407500,6.26,43915034500
2017-05-26,408000,0.12,31319259500
2017-05-29,407000,-0.25,16372907000
2017-05-30,404000,-0.74,12031250500
2017-05-31,407500,0.87,17206510500
2017-06-01,400000,-1.84,16313193500
2017-06-02,404000,1.0,11552017000
2017-06-05,401500,-0.62,10663544500
2017-06-07,407500,1.49,13929931000
2017-06-08,413500,1.47,19744552500
2017-06-09,401000,-3.02,18932500500
2017-06-12,398000,-0.75,7915120500
2017-06-13,403000,1.26,5888200500
2017-06-14,401500,-0.37,6113147000
2017-06-15,399000,-0.62,8134821500
2017-06-16,397000,-0.5,8536326000
2017-06-19,396000,-0.25,13363425500
2017-06-20,405500,2.4,13486257500
2017-06-21,413000,1.85,17750197325
2017-06-22,419500,1.57,20811852000
2017-06-23,432000,2.98,31793649000
2017-06-26,425000,-1.62,15886707500
2017-06-27,420000,-1.18,9030266000
2017-06-28,424000,0.95,15512552000
2017-06-29,431000,1.65,7971288500
2017-06-30,436500,1.28,29324579000
2017-07-03,431000,-1.26,14285190500
2017-07-04,419000,-2.78,15153010500
2017-07-05,421000,0.48,7294731500
2017-07-06,410000,-2.61,14556473500
2017-07-07,413000,0.73,9156410000
2017-07-10,404500,-2.06,10505015500
2017-07-11,414000,2.35,12174363500
2017-07-12,405000,-2.17,5565876000
2017-07-13,406000,0.25,12513876000
2017-07-14,417000,2.71,16900945000
2017-07-17,425000,1.92,16782517500
2017-07-18,427000,0.47,9650191473
2017-07-19,430500,0.82,11897277000
2017-07-20,431000,0.12,8828869000
2017-07-21,430500,-0.12,8232079250
2017-07-24,430000,-0.12,7088980500
2017-07-25,431000,0.23,9530413500
2017-07-26,432500,0.35,9137296000
2017-07-27,433500,0.23,8190054500
2017-07-28,435000,0.35,11543258000
2017-07-31,436500,0.34,7829214000
2017-08-01,442500,1.37,13042946500
2017-08-02,440500,-0.45,12706882500
2017-08-03,432500,-1.82,9626120500
2017-08-04,431000,-0.35,10559796500
2017-08-07,411500,-4.52,20404925000
2017-08-08,408000,-0.85,11097130500
2017-08-09,411500,0.86,11703258000
2017-08-10,407000,-1.09,8331261000
2017-08-11,397000,-2.46,11424741000
2017-08-14,398000,0.25,5866038000
2017-08-16,401000,0.75,7528268000
2017-08-17,400500,-0.12,7939631500
2017-08-18,400500,0.0,5009319000
2017-08-21,396000,-1.12,4876526500
2017-08-22,389500,-1.64,10054171000
2017-08-23,387500,-0.51,8482728500
2017-08-24,392500,1.29,5386851500
2017-08-25,394000,0.38,4403149000
2017-08-28,396000,0.51,4656342500
2017-08-29,395500,-0.13,4664085000
2017-08-30,396000,0.13,4683038500
2017-08-31,396000,0.0,6564891500
2017-09-01,391000,-1.26,6560228000
2017-09-04,389500,-0.38,5891983500
2017-09-05,383500,-1.54,6472708000
2017-09-06,378500,-1.3,8848397500
2017-09-07,380000,0.4,4878826982
2017-09-08,379000,-0.26,3851587000
2017-09-11,379500,0.13,5452647500
2017-09-12,376000,-0.92,6790250000
2017-09-13,371000,-1.33,8256750500
2017-09-14,373500,0.67,7254793000
2017-09-15,380000,1.74,6885352000
2017-09-18,384500,1.18,9703337500
2017-09-19,388500,1.04,7596829500
2017-09-20,384000,-1.16,5514312500
2017-09-21,378500,-1.43,4859122500
2017-09-22,378500,0.0,4834302000
2017-09-25,360000,-4.89,10882956000
2017-09-26,372000,3.33,5628959000
2017-09-27,370000,-0.54,3269164000
2017-09-28,369500,-0.14,4668975000
2017-09-29,374500,1.35,5522585000
2017-10-10,379000,1.2,9309888000
2017-10-11,371000,-2.11,12591745000
2017-10-12,384000,3.5,9719264000
2017-10-13,381000,-0.78,8829341000
2017-10-16,394000,3.41,13159237000
2017-10-17,389000,-1.27,8332826000
2017-10-18,389000,0.0,5185424000
2017-10-19,391000,0.51,3757959500
2017-10-20,390000,-0.26,3720839500
2017-10-23,385000,-1.28,5727759000
2017-10-24,393500,2.21,8361207500
2017-10-25,391000,-0.64,4436463000
2017-10-26,393500,0.64,6354742500
2017-10-27,390000,-0.89,3721601500
2017-10-30,386000,-1.03,6872299000
2017-10-31,390000,1.04,7646999000
2017-11-01,386500,-0.9,6894907000
2017-11-02,386500,0.0,4416761000
2017-11-03,391500,1.29,6378216000
2017-11-06,405000,3.45,21318165000
2017-11-07,412500,1.85,22052144000
2017-11-08,411500,-0.24,6705037000
2017-11-09,407500,-0.97,9568961000
2017-11-10,405000,-0.61,7054883000
2017-11-13,398000,-1.73,8217218500
2017-11-14,395000,-0.75,7429721000
2017-11-15,396000,0.25,7918467000
2017-11-16,403500,1.89,12791861500
2017-11-17,394500,-2.23,7733981500
2017-11-20,387000,-1.9,12280855000
2017-11-21,387500,0.13,8422754500
2017-11-22,384500,-0.77,8484646000
2017-11-23,382500,-0.52,7751196000
2017-11-24,384000,0.39,5324267500
2017-11-27,382500,-0.39,6564456000
2017-11-28,383000,0.13,7316048500
2017-11-29,380000,-0.78,6672131500
2017-11-30,385500,1.45,16083972000
2017-12-01,381500,-1.04,5922838500
2017-12-04,391000,2.49,9923597000
2017-12-05,394000,0.77,7329722500
2017-12-06,396000,0.51,13418617000
2017-12-07,392500,-0.88,7498413000
2017-12-08,382000,-2.68,7581912500
2017-12-11,382000,0.0,6599480000
2017-12-12,383000,0.26,6260678000
2017-12-13,389000,1.57,5597985500
2017-12-14,320000,-17.74,11816980000
2017-12-15,382000,19.38,18659981500
2017-12-18,385500,0.92,6987741000
2017-12-19,380500,-1.3,10088339500
2017-12-20,380500,0.0,4782811500
2017-12-21,375000,-1.45,7897465500
2017-12-22,379000,1.07,5581022000
2017-12-26,377500,-0.4,9576549500
2017-12-27,367000,-2.78,11636569000
2017-12-28,381000,3.81,6533066692
2018-01-02,382000,0.26,4503414500
2018-01-03,380000,-0.52,4896466000
2018-01-04,380000,0.0,4383673000
2018-01-05,393000,3.42,13240111500
2018-01-08,393000,0.0,10310097000
2018-01-09,401500,2.16,11875698000
2018-01-10,407500,1.49,15219784000
2018-01-11,404500,-0.74,10896965500
2018-01-12,407000,0.62,7469361000
2018-01-15,413500,1.6,12900148500
2018-01-16,410500,-0.73,7850328000
2018-01-17,401000,-2.31,9576420000
2018-01-18,397500,-0.87,7641247500
2018-01-19,401000,0.88,5733867000
2018-01-22,405500,1.12,7067911500
2018-01-23,407500,0.49,7918401500
2018-01-24,404000,-0.86,7680656000
2018-01-25,404000,0.0,6686655500
2018-01-26,401500,-0.62,6987475000
2018-01-29,410000,2.12,10418495000
2018-01-30,423000,3.17,22809717500
2018-01-31,420500,-0.59,14913580500
2018-02-01,418500,-0.48,5852630500
2018-02-02,415500,-0.72,5915505000
2018-02-05,403000,-3.01,6614800000
2018-02-06,394500,-2.11,8372062500
2018-02-07,383000,-2.92,7975325500
2018-02-08,381500,-0.39,9872941500
2018-02-09,366000,-4.06,19110048500
2018-02-12,363000,-0.82,8036243000
2018-02-13,357000,-1.65,14145576000
2018-02-14,357500,0.14,5243050000
2018-02-19,365500,2.24,5630120500
2018-02-20,363500,-0.55,3954065500
2018-02-21,365000,0.41,5530842000
2018-02-22,363000,-0.55,2740985500
2018-02-23,364000,0.28,6522259000
2018-02-26,367500,0.96,5165279000
2018-02-27,365500,-0.54,6744278500
2018-02-28,362500,-0.82,6310138500
2018-03-02,354000,-2.34,6202591500
2018-03-05,346500,-2.12,5762359000
2018-03-06,350000,1.01,4661488500
2018-03-07,346000,-1.14,6531051500
2018-03-08,355500,2.75,8024443500
2018-03-09,356000,0.14,9214279000
2018-03-12,354000,-0.56,6471486500
2018-03-13,352000,-0.56,3738278500
2018-03-14,351000,-0.28,5336745500
2018-03-15,352000,0.28,5054464500
2018-03-16,353000,0.28,4965979000
2018-03-19,351000,-0.57,2538487500
2018-03-20,347000,-1.14,5479978500
2018-03-21,348500,0.43,3999608500
2018-03-22,348000,-0.14,5223810000
2018-03-23,342000,-1.72,6822491500
2018-03-26,335500,-1.9,8133003500
2018-03-27,336500,0.3,6065204500
2018-03-28,333500,-0.89,7441583500
2018-03-29,331500,-0.6,11408987500
2018-03-30,345500,4.22,15967159000
2018-04-02,345000,-0.14,6166899500
2018-04-03,342500,-0.72,6082579500
2018-04-04,341000,-0.44,7184569000
2018-04-05,348500,2.2,6441625000
2018-04-06,351500,0.86,11919016000
2018-04-09,353000,0.43,5483783000
2018-04-10,362000,2.55,11774574000
2018-04-11,364000,0.55,9127650500
2018-04-12,360000,-1.1,4426877000
2018-04-13,357000,-0.83,4712973500
2018-04-16,353000,-1.12,2617863500
2018-04-17,359500,1.84,5321012000
2018-04-18,371500,3.34,14602796500
2018-04-19,374000,0.67,12353026500
2018-04-20,375000,0.27,14042919500
2018-04-23,376000,0.27,12081738500
2018-04-24,387500,3.06,20384206000
2018-04-25,385000,-0.65,10454005000
2018-04-26,383500,-0.39,13793776000
2018-04-27,377500,-1.56,7318213000
2018-04-30,391000,3.58,10400665000
2018-05-02,393000,0.51,15022191000
2018-05-03,388500,-1.15,7073724000
2018-05-04,391000,0.64,10890881000
2018-05-08,389000,-0.51,12836161900
2018-05-09,373000,-4.11,18052145000
2018-05-10,373000,0.0,9440127500
2018-05-11,375000,0.54,6087838000
2018-05-14,380000,1.33,12963829500
2018-05-15,374500,-1.45,7345745000
2018-05-16,362000,-3.34,11218601000
2018-05-17,359500,-0.69,8125878200
2018-05-18,365000,1.53,6700708000
2018-05-21,358500,-1.78,4210224200
2018-05-23,357500,-0.28,6544138000
2018-05-24,353000,-1.26,7035281500
2018-05-25,347000,-1.7,13101488000
2018-05-28,359500,3.6,13992337500
2018-05-29,351500,-2.23,6970984500
2018-05-30,343000,-2.42,7937286500
2018-05-31,344500,0.44,13004470000
2018-06-01,350500,1.74,7729274000
2018-06-04,354500,1.14,5219665000
2018-06-05,355000,0.14,3663619000
2018-06-07,350000,-1.41,7213425000
2018-06-08,350500,0.14,4925021225
2018-06-11,355500,1.43,7376378356
2018-06-12,353500,-0.56,5250743500
2018-06-14,344000,-2.69,11902986000
2018-06-15,342000,-0.58,7439055500
2018-06-18,331500,-3.07,10525640500
2018-06-19,327000,-1.36,9357115500
2018-06-20,327000,0.0,5541775500
2018-06-21,326000,-0.31,7925827000
2018-06-22,329500,1.07,5761827500
2018-06-25,335000,1.67,7415773500
2018-06-26,331000,-1.19,5151964000
2018-06-27,329000,-0.6,7422597500
2018-06-28,328000,-0.3,3772689500
2018-06-29,328000,0.0,7253946000
2018-07-02,319000,-2.74,4366437500
2018-07-03,316500,-0.78,4397949500
2018-07-04,317000,0.16,2239116000
2018-07-05,318000,0.32,2430504500
2018-07-06,320500,0.79,3260938000
2018-07-09,323000,0.78,2829441000
2018-07-10,320500,-0.77,2729148000
2018-07-11,315500,-1.56,4358298000
2018-07-12,317000,0.48,3924970000
2018-07-13,323000,1.89,3150965000
2018-07-16,324500,0.46,2914370000
2018-07-17,318500,-1.85,3885040000
2018-07-18,316500,-0.63,2450597000
2018-07-19,314500,-0.63,3746015000
2018-07-20,316000,0.48,2648291000
2018-07-23,318000,0.63,3182543500
2018-07-24,321000,0.94,4872090000
2018-07-25,321500,0.16,4493355500
2018-07-26,321000,-0.16,4353717000
2018-07-27,321000,0.0,3987931500
2018-07-30,327000,1.87,5868825000
2018-07-31,339000,3.67,28405883500
2018-08-01,338000,-0.29,12131030500
2018-08-02,335000,-0.89,6696845000
2018-08-03,340000,1.49,6525486500
2018-08-06,342500,0.74,5381288500
2018-08-07,345500,0.88,14469064500
2018-08-08,342500,-0.87,10578475500
2018-08-09,342000,-0.15,7264661000
2018-08-10,336500,-1.61,6726113500
2018-08-13,333500,-0.89,3455819500
2018-08-14,343000,2.85,6196727000
2018-08-16,339000,-1.17,5323661500
2018-08-17,333000,-1.77,4612668000
2018-08-20,333000,0.0,5378790500
2018-08-21,336000,0.9,4083192500
2018-08-22,332500,-1.04,4737850500
2018-08-23,334500,0.6,4617340500
2018-08-24,333500,-0.3,4183438500
2018-08-27,332000,-0.45,4249855500
2018-08-28,336500,1.36,4560295000
2018-08-29,336500,0.0,3953198000
2018-08-30,324000,-3.71,10741260000
2018-08-31,324500,0.15,6802720500
2018-09-03,320000,-1.39,5261620500
2018-09-04,319000,-0.31,6049058500
2018-09-05,330000,3.45,9034892500
2018-09-06,332500,0.76,11520285500
2018-09-07,345000,3.76,10082723000
2018-09-10,348500,1.01,13000311000
2018-09-11,352000,1.0,12005416000
2018-09-12,349000,-0.85,9524703500
2018-09-13,346000,-0.86,14638139000
2018-09-14,343000,-0.87,7740984500
2018-09-17,340000,-0.87,12663373500
2018-09-18,339000,-0.29,8102963500
2018-09-19,331000,-2.36,8603170500
2018-09-20,337500,1.96,7597653000
2018-09-21,342500,1.48,11290211000
2018-09-27,336500,-1.75,10639664000
2018-09-28,339000,0.74,8452601500
2018-10-01,331500,-2.21,6976285000
2018-10-02,329000,-0.75,6002161500
2018-10-04,321500,-2.28,8616016500
2018-10-05,318000,-1.09,7456773000
2018-10-08,313000,-1.57,4779067500
2018-10-10,305500,-2.4,6616915000
2018-10-11,295500,-3.27,9909158500
2018-10-12,293500,-0.68,9415113500
2018-10-15,290000,-1.19,6384557500
2018-10-16,284000,-2.07,9692730000
2018-10-17,284500,0.18,6594517500
2018-10-18,282000,-0.88,4965450000
2018-10-19,280000,-0.71,5184379000
2018-10-22,280000,0.0,4723395000
2018-10-23,270500,-3.39,7887550500
2018-10-24,275500,1.85,5560105000
2018-10-25,265500,-3.63,9986853500
2018-10-26,261500,-1.51,5494465000
2018-10-29,254500,-2.68,4676634000
2018-10-30,250500,-1.57,7653934500
2018-10-31,247000,-1.4,11762436000
2018-11-01,259000,4.86,9757954500
2018-11-02,266000,2.7,6236472000
2018-11-05,261000,-1.88,3721656000
2018-11-06,255500,-2.11,12959075000
2018-11-07,255500,0.0,7582279500
2018-11-08,265000,3.72,9400489500
2018-11-09,267000,0.75,4306210000
2018-11-12,268000,0.37,4117474000
2018-11-13,268500,0.19,4843563000
2018-11-14,273000,1.68,4892599500
2018-11-15,265000,-2.93,6644289500
2018-11-16,272000,2.64,5057514500
2018-11-19,280000,2.94,6664022500
2018-11-20,280000,0.0,8005679000
2018-11-21,277500,-0.89,4274448500
2018-11-22,270000,-2.7,5333080000
2018-11-23,268500,-0.56,2455360000
2018-11-26,277000,3.17,4138082000
2018-11-27,279000,0.72,3426544500
2018-11-28,281000,0.72,2576977500
2018-11-29,284500,1.25,5876117500
2018-11-30,279000,-1.93,6170820000
2018-12-03,284000,1.79,3822959000
2018-12-04,286000,0.7,3297937000
2018-12-05,286500,0.17,3575140500
2018-12-06,287500,0.35,3613971500
2018-12-07,287500,0.0,3630039500
2018-12-10,283500,-1.39,4387821500
2018-12-11,283000,-0.18,2737906500
2018-12-12,290000,2.47,5303898000
2018-12-13,291500,0.52,10690875500
2018-12-14,290500,-0.34,4817965000
2018-12-17,293500,1.03,3715410000
2018-12-18,298000,1.53,6312528500
2018-12-19,302000,1.34,5978044500
2018-12-20,312500,3.48,11042103500
2018-12-21,312500,0.0,11208913500
2018-12-24,311500,-0.32,4709303500
2018-12-26,302000,-3.05,7682346500
2018-12-27,306000,1.32,5659920500
2018-12-28,309000,0.98,4972544500
2019-01-02,308500,-0.16,3689726500
2019-01-03,316500,2.59,8520178500
2019-01-04,309500,-2.21,4898038000
2019-01-07,303500,-1.94,9626391000
2019-01-08,303500,0.0,3587708000
2019-01-09,294500,-2.97,12798560500
2019-01-10,295000,0.17,7485253500
2019-01-11,297000,0.68,3832244500
2019-01-14,291500,-1.85,5305459500
2019-01-15,292000,0.17,6860349500
2019-01-16,299000,2.4,7308903000
2019-01-17,298000,-0.33,4988500500
2019-01-18,305500,2.52,5592179500
2019-01-21,308000,0.82,6008541500
2019-01-22,317000,2.92,11694236000
2019-01-23,324000,2.21,13177641000
2019-01-24,322500,-0.46,6044625500
2019-01-25,320500,-0.62,5244291500
2019-01-28,319000,-0.47,7901781000
2019-01-29,321500,0.78,7401662000
2019-01-30,321500,0.0,10177509000
2019-01-31,327000,1.71,10852626000
2019-02-01,337500,3.21,12344767000
2019-02-07,327000,-3.11,9509080000
2019-02-08,321000,-1.83,7600570500
2019-02-11,320000,-0.31,6164993500
2019-02-12,325500,1.72,7333589500
2019-02-13,315000,-3.23,8702526000
2019-02-14,321500,2.06,9851697500
2019-02-15,320000,-0.47,7469232500
2019-02-18,321500,0.47,6218054500
2019-02-19,315000,-2.02,6371511500
2019-02-20,325000,3.17,11385007500
2019-02-21,326000,0.31,8272378000
2019-02-22,324000,-0.61,3335211000
2019-02-25,326500,0.77,3933076500
2019-02-26,325000,-0.46,3668035000
2019-02-27,326500,0.46,4338784500
2019-02-28,319500,-2.14,5830535500
2019-03-04,316000,-1.1,4915803500
2019-03-05,320000,1.27,5039934000
2019-03-06,319000,-0.31,3008869500
2019-03-07,312000,-2.19,5753901000
2019-03-08,307500,-1.44,4817082500
2019-03-11,307500,0.0,3367699000
2019-03-12,310500,0.98,3235514000
2019-03-13,314500,1.29,3148282500
2019-03-14,318000,1.11,6816507000
2019-03-15,331500,4.25,11640873000
2019-03-18,325000,-1.96,4089584000
2019-03-19,326000,0.31,2524773500
2019-03-20,320000,-1.84,6909572500
2019-03-21,317000,-0.94,7984976500
2019-03-22,316000,-0.32,4896673000
2019-03-25,311500,-1.42,3888622000
2019-03-26,312500,0.32,4196770000
2019-03-27,311500,-0.32,2393499500
2019-03-28,307500,-1.28,2714241000
2019-03-29,318500,3.58,5277472500
2019-04-01,312500,-1.88,3671898000
2019-04-02,313500,0.32,4048643500
2019-04-03,316000,0.8,9581012000
2019-04-04,315000,-0.32,5066109500
2019-04-05,314500,-0.16,2407694500
2019-04-08,314000,-0.16,4145303500
2019-04-09,312500,-0.48,3685971000
2019-04-10,334000,6.88,23711019500
2019-04-11,335500,0.45,11331165500
2019-04-12,345500,2.98,12169601500
2019-04-15,349500,1.16,8850665500
2019-04-16,349500,0.0,5752483000
2019-04-17,348500,-0.29,4712953500
2019-04-18,348500,0.0,4805812500
2019-04-19,349500,0.29,5186320500
2019-04-22,352000,0.72,3771444500
2019-04-23,349000,-0.85,3974814500
2019-04-24,350500,0.43,15267664000
2019-04-25,352500,0.57,5397244000
2019-04-26,355500,0.85,8422739000
2019-04-29,361500,1.69,5527211000
2019-04-30,355000,-1.8,6016234500
2019-05-02,358500,0.99,4517083500
2019-05-03,350500,-2.23,4842327500
2019-05-07,344500,-1.71,6188028500
2019-05-08,348000,1.02,5196658000
2019-05-09,288000,-17.24,59701823500
2019-05-10,288000,0.0,17234746500
2019-05-13,274000,-4.86,17581618500
2019-05-14,270500,-1.28,13289096500
2019-05-15,270500,0.0,7312904000
2019-05-16,273500,1.11,10082851500
2019-05-17,282000,3.11,13989995500
2019-05-20,271500,-3.72,7140480000
2019-05-21,269000,-0.92,8718132500
2019-05-22,266000,-1.12,8303766000
2019-05-23,263500,-0.94,6920678000
2019-05-24,263500,0.0,4241071500
2019-05-27,260000,-1.33,6009557000
2019-05-28,257000,-1.15,13983975500
2019-05-29,254500,-0.97,6841287500
2019-05-30,255500,0.39,7274643500
2019-05-31,258000,0.98,9108512500
2019-06-03,256000,-0.78,7763186000
2019-06-04,267000,4.3,8947029000
2019-06-05,263000,-1.5,3670422500
2019-06-07,261000,-0.76,3778558500
2019-06-10,268500,2.87,6834175500
2019-06-11,269500,0.37,7311829250
2019-06-12,269000,-0.19,4140508500
2019-06-13,271000,0.74,8369988500
2019-06-14,270500,-0.18,4761242000
2019-06-17,267500,-1.11,3856996000
2019-06-18,268000,0.19,3952522500
2019-06-19,274000,2.24,3946005500
2019-06-20,273500,-0.18,4188972500
2019-06-21,278000,1.65,8482704000
2019-06-24,277500,-0.18,3319106500
2019-06-25,281000,1.26,6081620000
2019-06-26,281500,0.18,3538212000
2019-06-27,275000,-2.31,8140603500
2019-06-28,275500,0.18,3483826500
2019-07-01,276000,0.18,2276482500
2019-07-02,278000,0.72,2659950000
2019-07-03,268000,-3.6,5133167500
2019-07-04,273500,2.05,4605628500
2019-07-05,272000,-0.55,4148129500
2019-07-08,264000,-2.94,3507137000
2019-07-09,264000,0.0,2507429500
2019-07-10,260000,-1.52,3589914500
2019-07-11,260000,0.0,4725933500
2019-07-12,264500,1.73,6436923000
2019-07-15,261500,-1.13,2553978500
2019-07-16,265500,1.53,3353885500
2019-07-17,258000,-2.82,3068103000
2019-07-18,247000,-4.26,11255757000
2019-07-19,255000,3.24,5927948500
2019-07-22,254500,-0.2,4420135500
2019-07-23,254500,0.0,3354553500
2019-07-24,252500,-0.79,3347946500
2019-07-25,245500,-2.77,6346980000
2019-07-26,251500,2.44,5594075000
2019-07-29,244000,-2.98,3599524000
2019-07-30,237000,-2.87,7287724000
2019-07-31,243500,2.74,8530600500
2019-08-01,239500,-1.64,2872670500
2019-08-02,235000,-1.88,3936117000
2019-08-05,233500,-0.64,4465452000
2019-08-06,230000,-1.5,7109964000
2019-08-07,223000,-3.04,9689775500
2019-08-08,221500,-0.67,7076713500
2019-08-09,224500,1.35,3543121000
2019-08-12,224500,0.0,2488885000
2019-08-13,217000,-3.34,5956341000
2019-08-14,217500,0.23,4256279000
2019-08-16,215000,-1.15,2876716500
2019-08-19,220000,2.33,3330060000
2019-08-20,219500,-0.23,3112583500
2019-08-21,221500,0.91,4433124000
2019-08-22,218000,-1.58,4197075500
2019-08-23,219500,0.69,2697843500
2019-08-26,213000,-2.96,2819947500
2019-08-27,213000,0.0,4485480500
2019-08-28,219000,2.82,3289095000
2019-08-29,218000,-0.46,5006513000
2019-08-30,225500,3.44,5915685500
2019-09-02,225000,-0.22,3232295000
2019-09-03,226000,0.44,3251582000
2019-09-04,228000,0.88,3112768500
2019-09-05,224500,-1.54,4765757500
2019-09-06,222500,-0.89,3445390500
2019-09-09,222000,-0.22,2526151000
2019-09-10,227000,2.25,4451303500
2019-09-11,229000,0.88,7962205500
2019-09-16,234500,2.4,4905722000
2019-09-17,231500,-1.28,2637273500
2019-09-18,228500,-1.3,3758195500
2019-09-19,229500,0.44,2422267500
2019-09-20,231000,0.65,3744350000
2019-09-23,233000,0.87,2694841500
2019-09-24,233000,0.0,3180104500
2019-09-25,230000,-1.29,1985088500
2019-09-26,221500,-3.7,8390318500
2019-09-27,219500,-0.9,2870887000
2019-09-30,218000,-0.68,3200721500
2019-10-01,220500,1.15,2324411000
2019-10-02,214000,-2.95,7126339000
2019-10-04,209000,-2.34,4838924500
2019-10-07,206000,-1.44,4199363500
2019-10-08,204000,-0.97,8890056000
2019-10-10,206000,0.98,9648741000
2019-10-11,213000,3.4,7605242500
2019-10-14,218500,2.58,5175113500
2019-10-15,220000,0.69,5439078500
2019-10-16,222000,0.91,4347353500
2019-10-17,222500,0.23,3408408500
2019-10-18,220500,-0.9,4796969000
2019-10-21,224500,1.81,3305899500
2019-10-22,228000,1.56,3064854500
2019-10-23,226500,-0.66,4061948000
2019-10-24,227000,0.22,2637980500
2019-10-25,222500,-1.98,3132428000
2019-10-28,228500,2.7,3645038500
2019-10-29,227500,-0.44,2833156000
2019-10-30,224000,-1.54,2794177000
2019-10-31,226000,0.89,3861894500
2019-11-01,226000,0.0,2567092000
2019-11-04,239000,5.75,7457540500
2019-11-05,239500,0.21,5172838500
2019-11-06,243000,1.46,7966698500
2019-11-07,235000,-3.29,6308607500
2019-11-08,237500,1.06,5489083000
2019-11-11,230500,-2.95,4416495500
2019-11-12,233000,1.08,3577241000
2019-11-13,226000,-3.0,4261311500
2019-11-14,225000,-0.44,4410006500
2019-11-15,225500,0.22,3731673000
2019-11-18,221000,-2.0,4107073000
2019-11-19,220500,-0.23,7798869500
2019-11-20,215000,-2.49,5996838500
2019-11-21,217000,0.93,4465822000
2019-11-22,215500,-0.69,2564574500
2019-11-25,220000,2.09,2624732000
2019-11-26,217500,-1.14,7926376500
2019-11-27,221000,1.61,3853149500
2019-11-28,218500,-1.13,2613625500
2019-11-29,217000,-0.69,3826364000
2019-12-02,224000,3.23,3644448000
2019-12-03,224500,0.22,4005469500
2019-12-04,221000,-1.56,3323104500
2019-12-05,221500,0.23,2720704000
2019-12-06,221000,-0.23,3880658000
2019-12-09,217000,-1.81,3558837500
2019-12-10,218500,0.69,3279943500
2019-12-11,215500,-1.37,5119100000
2019-12-12,218000,1.16,8336750000
2019-12-13,227000,4.13,8180283000
2019-12-16,227500,0.22,5216257500
2019-12-17,232500,2.2,11816238000
2019-12-18,232000,-0.22,5069940500
2019-12-19,236000,1.72,6356980000
2019-12-20,232500,-1.48,12305509500
2019-12-23,232000,-0.22,4772028500
2019-12-24,233000,0.43,7011770500
2019-12-26,233500,0.21,20235425000
2019-12-27,233500,0.0,0
2019-12-30,233500,0.0,0
2020-01-02,233500,0.0,0
2020-01-03,233500,0.0,0
2020-01-06,233500,0.0,0
2020-01-07,233500,0.0,0
2020-01-08,233500,0.0,0
2020-01-09,233500,0.0,0
2020-01-10,233500,0.0,0
2020-01-13,233500,0.0,0
2020-01-14,233500,0.0,0
2020-01-15,233500,0.0,0
2020-01-16,233500,0.0,0
2020-01-17,233500,0.0,0
2020-01-20,233500,0.0,0
2020-01-21,238000,16.1,71857985000
2020-01-22,233500,-1.89,17284209500
2020-01-23,223500,-4.28,15804046000
2020-01-28,206000,-7.83,10844551000
2020-01-29,210000,1.94,9316022500
2020-01-30,205000,-2.38,7327085500
2020-01-31,201500,-1.71,5979630000
2020-02-03,194000,-3.72,10230041500
2020-02-04,195000,0.52,11883920000
2020-02-05,201000,3.08,10712017500
2020-02-06,209500,4.23,9291832000
2020-02-07,211000,0.72,4880628500
2020-02-10,215000,1.9,5153038500
2020-02-11,225500,4.88,11698938500
2020-02-12,231000,2.44,5956013000
2020-02-13,227000,-1.73,8240667500
2020-02-14,209000,-7.93,23343578500
2020-02-17,208000,-0.48,7055395000
2020-02-18,210000,0.96,3753348500
2020-02-19,208000,-0.95,5945635500
2020-02-20,210500,1.2,4908714500
2020-02-21,197500,-6.18,13765028000
2020-02-24,186000,-5.82,8859098000
2020-02-25,184000,-1.08,10941448500
2020-02-26,180000,-2.17,7287957500
2020-02-27,177000,-1.67,5748868500
2020-02-28,166500,-5.93,15671147000
2020-03-02,166000,-0.3,11570557500
2020-03-03,167000,0.6,8443030000
2020-03-04,168000,0.6,11006813500
2020-03-05,175000,4.17,8112233500
2020-03-06,172500,-1.43,5292109000
2020-03-09,165500,-4.06,6311660500
2020-03-10,165000,-0.3,10356397000
2020-03-11,164000,-0.61,7874748500
2020-03-12,153500,-6.4,11864758000
2020-03-13,145000,-5.54,9095697500
2020-03-16,145000,0.0,8506758000
2020-03-17,137500,-5.17,5957899500
2020-03-18,131500,-4.36,5443781000
2020-03-19,114000,-13.31,7527954000
2020-03-20,124000,8.77,6635052500
2020-03-23,107000,-13.71,8087278500
2020-03-24,114000,6.54,8769890500
2020-03-25,122000,7.02,11809548500
2020-03-26,128000,4.92,11707594500
2020-03-27,129500,1.17,8457925000
2020-03-30,130000,0.39,5418640000
2020-03-31,129500,-0.38,6057441500
2020-04-01,128000,-1.16,5903528000
2020-04-02,132000,3.13,3682391500
2020-04-03,130500,-1.14,2882071000
2020-04-06,133500,2.3,5356595500
2020-04-07,134000,0.37,8480243000
2020-04-08,134500,0.37,6413014000
2020-04-09,138000,2.6,9330931000
2020-04-10,152500,10.51,22856736500
2020-04-13,146500,-3.93,6802770000
2020-04-14,146500,0.0,7004450000
2020-04-16,142500,-2.73,7652524500
2020-04-17,144000,1.05,9165991500
2020-04-20,143000,-0.69,5588959500
2020-04-21,139500,-2.45,8422423000
2020-04-22,144500,3.58,7170090500
2020-04-23,157000,8.65,16628979500
2020-04-24,154500,-1.59,13383781500
2020-04-27,166500,7.77,15597778500
2020-04-28,166000,-0.3,7438732500
2020-04-29,165000,-0.6,6823034500
2020-05-04,159500,-3.33,6803099500
2020-05-06,157500,-1.25,8557265000
2020-05-07,157500,0.0,11297421000
2020-05-08,157500,0.0,6456168000
2020-05-11,153000,-2.86,6263467000
2020-05-12,148000,-3.27,9524826500
2020-05-13,147000,-0.68,11405590500
2020-05-14,144000,-2.04,14260134000
2020-05-15,143000,-0.69,9041168000
2020-05-18,143000,0.0,9780702000
2020-05-19,149000,4.2,15042636500
2020-05-20,150000,0.67,11066207500
2020-05-21,157500,5.0,20805315500
2020-05-22,152000,-3.49,10195216500
2020-05-25,150500,-0.99,6935404000
2020-05-26,154500,2.66,10353859500
2020-05-27,154000,-0.32,9266581000
2020-05-28,152500,-0.97,12064747500
2020-05-29,143500,-5.9,69676997500
2020-06-01,144000,0.35,23410138000
2020-06-02,147500,2.43,22542864500
2020-06-03,154500,4.75,29035978000
2020-06-04,152500,-1.29,21458798000
2020-06-05,156000,2.3,12033752000
2020-06-08,156500,0.32,11822314500
2020-06-09,156500,0.0,18371792500
2020-06-10,153500,-1.92,10285461500
2020-06-11,146500,-4.56,20779512000
2020-06-12,141000,-3.75,18331307500
2020-06-15,134500,-4.61,18955800000
2020-06-16,141500,5.2,17026777000
2020-06-17,144500,2.12,12306174000
2020-06-18,145000,0.35,9178035000
2020-06-19,143500,-1.03,7352207000
2020-06-22,139500,-2.79,7858872000
2020-06-23,140500,0.72,6038723000
2020-06-24,141000,0.36,5114042500
2020-06-25,136000,-3.55,13224388500
2020-06-26,136500,0.37,7030059000
2020-06-29,133000,-2.56,5777752000
2020-06-30,133000,0.0,5893627000
2020-07-01,133500,0.38,4331600000
2020-07-02,133500,0.0,3360642000
2020-07-03,134500,0.75,3932418000
2020-07-06,136000,1.12,4936994000
2020-07-07,135500,-0.37,4460416000
2020-07-08,134500,-0.74,4618377000
2020-07-09,137000,1.86,6279753500
2020-07-10,133000,-2.92,5856329000
2020-07-13,136500,2.63,3854165500
2020-07-14,136000,-0.37,3046857500
2020-07-15,140000,2.94,7533272000
2020-07-16,144500,3.21,8754937500
2020-07-17,141000,-2.42,5245665000
2020-07-20,139000,-1.42,3843326500
2020-07-21,142000,2.16,4368346500
2020-07-22,142500,0.35,8486795000
2020-07-23,138000,-3.16,8454548000
2020-07-24,136500,-1.09,3846153500
2020-07-27,135000,-1.1,7097591000
2020-07-28,134500,-0.37,3849369000
2020-07-29,139500,3.72,7077681000
2020-07-30,136500,-2.15,5086816000
2020-07-31,134500,-1.47,4552592000
2020-08-03,135000,0.37,3823582500
2020-08-04,136500,1.11,4051532500
2020-08-05,135500,-0.73,6620442500
2020-08-06,137000,1.11,10928927500
2020-08-07,136000,-0.73,5619098000
2020-08-10,142500,4.78,15098239000
2020-08-11,151500,6.32,28610554000
2020-08-12,157500,3.96,31313719500
2020-08-13,159500,1.27,33630521500
2020-08-14,162000,1.57,17740054000
2020-08-18,147000,-9.26,21909535500
2020-08-19,146500,-0.34,9260958000
2020-08-20,138000,-5.8,22644672000
2020-08-21,139000,0.72,6887830000
2020-08-24,140000,0.72,5846432500
2020-08-25,145000,3.57,7693928500
2020-08-26,142000,-2.07,7171107000
2020-08-27,140000,-1.41,7996710500
2020-08-28,139500,-0.36,7491054000
2020-08-31,139500,0.0,9856209500
2020-09-01,141500,1.43,6494528500
2020-09-02,144000,1.77,5625959000
2020-09-03,146500,1.74,8844578000
2020-09-04,142000,-3.07,7184553500
2020-09-07,151000,6.34,15023612500
2020-09-08,147500,-2.32,11482930000
2020-09-09,147000,-0.34,7048454000
2020-09-10,148500,1.02,8763343000
2020-09-11,149500,0.67,5016144000
2020-09-14,152000,1.67,7518042000
2020-09-15,149000,-1.97,5131697000
2020-09-16,147500,-1.01,5766720500
2020-09-17,158000,7.12,39894396000
2020-09-18,155500,-1.58,14226457500
2020-09-21,150500,-3.22,8525635500
2020-09-22,145000,-3.65,11381638500
2020-09-23,146500,1.03,7124190500
2020-09-24,142500,-2.73,7709244500
2020-09-25,139500,-2.11,5116245000
2020-09-28,144000,3.23,4399347500
2020-09-29,146000,1.39,5005507000
2020-10-05,153500,5.14,8878577500
2020-10-06,152000,-0.98,7147559000
2020-10-07,155000,1.97,7354479000
2020-10-08,154500,-0.32,9860814000
2020-10-12,156000,0.97,5481832500
2020-10-13,158000,1.28,7477602000
2020-10-14,157500,-0.32,7918076000
2020-10-15,156500,-0.63,7691241500
2020-10-16,157000,0.32,6457832000
2020-10-19,161500,2.87,12643303000
2020-10-20,157500,-2.48,7611957500
2020-10-21,157500,0.0,7565671000
2020-10-22,156000,-0.95,6563271000
2020-10-23,156500,0.32,3916972000
2020-10-26,162000,3.51,55087844000
2020-10-27,162000,0.0,11562723500
2020-10-28,160000,-1.23,6549470500
2020-10-29,156000,-2.5,9268337000
2020-10-30,153000,-1.92,9967285000
2020-11-02,158500,3.59,4189334500
2020-11-03,161000,1.58,7467810000
2020-11-04,160500,-0.31,6846948500
2020-11-05,162500,1.25,4949387500
2020-11-06,161500,-0.62,4674343500
2020-11-09,163000,0.93,6489772000
2020-11-10,168000,3.07,11936401500
2020-11-11,171500,2.08,19454767500
2020-11-12,169000,-1.46,13789525500
2020-11-13,163500,-3.25,13438849000
2020-11-16,168500,3.06,13058670500
2020-11-17,166500,-1.19,11239574500
2020-11-18,169500,1.8,4958389500
2020-11-19,166500,-1.77,8670668500
2020-11-20,167500,0.6,8434844500
2020-11-23,171000,2.09,11061806500
2020-11-24,171500,0.29,7928116500
2020-11-25,168500,-1.75,10058962500
2020-11-26,168500,0.0,5784259000
2020-11-27,170000,0.89,8942268000
2020-11-30,168000,-1.18,10337996000
2020-12-01,169500,0.89,6907167500
2020-12-02,172000,1.47,11331415500
2020-12-03,172000,0.0,7863463000
2020-12-04,171500,-0.29,10186363500
2020-12-07,169000,-1.46,9635343000
2020-12-08,167000,-1.18,8517702000
2020-12-09,171000,2.4,9198090500
2020-12-10,171000,0.0,8496527000
2020-12-11,177000,3.51,21613207000
2020-12-14,183500,3.67,19126286000
2020-12-15,185000,0.82,10353485000
2020-12-16,191000,3.24,16216816500
2020-12-17,192000,0.52,11236166500
2020-12-18,193000,0.52,9081356500
2020-12-21,189000,-2.07,8228824500
2020-12-22,184500,-2.38,9638782000
2020-12-23,189000,2.44,9194110500
2020-12-24,199500,5.56,22898914500
2020-12-28,194000,-2.76,17523051500
2020-12-29,193500,-0.26,10499783500
2020-12-30,197500,2.07,7018684500
2021-01-04,199000,0.76,15136313000
2021-01-05,204500,2.76,17163099000
2021-01-06,202500,-0.98,16776711500
2021-01-07,205500,1.48,14082291500
2021-01-08,210500,2.43,18200887500
2021-01-11,205000,-2.61,23496661500
2021-01-12,202000,-1.46,12671609500
2021-01-13,199500,-1.24,12084266000
2021-01-14,205000,2.76,14994922000
2021-01-15,202500,-1.22,7443104000
2021-01-18,196500,-2.96,12492930500
2021-01-19,201000,2.29,11240617500
2021-01-20,206000,2.49,11248589000
2021-01-21,209000,1.46,8070492000
2021-01-22,215000,2.87,19952547000
2021-01-25,221000,2.79,13574927000
2021-01-26,218500,-1.13,13198939000
2021-01-27,211500,-3.2,11351749500
2021-01-28,206000,-2.6,10085354500
2021-01-29,198500,-3.64,15124007000
2021-02-01,200500,1.01,8627069000
2021-02-02,203500,1.5,8140169000
2021-02-03,206000,1.23,8521920000
2021-02-04,202500,-1.7,11120798500
2021-02-05,202000,-0.25,8845382000
2021-02-08,207000,2.48,10541237000
2021-02-09,205000,-0.97,8989575000
2021-02-10,212500,3.66,14183000000
2021-02-15,216000,1.65,10432441500
2021-02-16,215000,-0.46,6449569000
2021-02-17,210000,-2.33,9028779500
2021-02-18,208500,-0.71,7364660500
2021-02-19,209000,0.24,8469286000
2021-02-22,209000,0.0,5855975000
2021-02-23,207000,-0.96,5757854500
2021-02-24,199000,-3.86,8626605000
2021-02-25,204000,2.51,5021208500
2021-02-26,199500,-2.21,6551703500
2021-03-02,201000,0.75,5871426500
2021-03-03,203000,1.0,3483157000
2021-03-04,203000,0.0,4064429500
2021-03-05,201000,-0.99,5951734000
2021-03-08,201500,0.25,5285041500
2021-03-09,200000,-0.74,6088621000
2021-03-10,198500,-0.75,3690449000
2021-03-11,200000,0.76,5618231000
2021-03-12,204000,2.0,4401241500
2021-03-15,207000,1.47,6251078000
2021-03-16,207000,0.0,4299787000
2021-03-17,204000,-1.45,4757683000
2021-03-18,204500,0.25,3006689500
2021-03-19,201500,-1.47,4196762000
2021-03-22,203000,0.74,2859455000
2021-03-23,206000,1.48,7078100500
2021-03-24,204500,-0.73,8410571500
2021-03-25,222500,8.8,42868120500
2021-03-26,229500,3.15,29024990000
2021-03-29,233500,1.74,21733523500
2021-03-30,227000,-2.78,13845339500
2021-03-31,237500,4.63,22243667500
2021-04-01,235000,-1.05,11603687500
2021-04-02,229000,-2.55,11031965500
2021-04-05,232500,1.53,8222466500
2021-04-06,250000,7.53,36997701000
2021-04-07,261000,4.4,27240707000
2021-04-08,273500,4.79,38647795000
2021-04-09,272000,-0.55,14213897500
2021-04-12,280500,3.13,20235729500
2021-04-13,274500,-2.14,17177941000
2021-04-14,276000,0.55,16201761000
2021-04-15,272500,-1.27,7172336000
2021-04-16,272000,-0.18,8472635000
2021-04-19,282000,3.68,13463685000
2021-04-20,286000,1.42,11615233000
2021-04-21,293000,2.45,22715448500
2021-04-22,316500,8.02,30670937500
2021-04-23,325000,2.69,38675277000
2021-04-26,325500,0.15,14955566500
2021-04-27,319000,-2.0,14429487000
2021-04-28,315000,-1.25,10025354500
2021-04-29,325000,3.17,13694437000
2021-04-30,313000,-3.69,19483282500
2021-05-03,297500,-4.95,24788689000
2021-05-04,304000,2.18,15723184500
2021-05-06,322000,5.92,17046045500
2021-05-07,317500,-1.4,9739951500
2021-05-10,341000,7.4,25473135500
2021-05-11,368500,8.06,46053275000
2021-05-12,353500,-4.07,35459136000
2021-05-13,335500,-5.09,33432547500
2021-05-14,340500,1.49,18036679000
2021-05-17,331000,-2.79,18336540500
2021-05-18,335000,1.21,10281811000
2021-05-20,336000,0.3,10609585000
2021-05-21,336000,0.0,13857586500
2021-05-24,334000,-0.6,11512500000
2021-05-25,328500,-1.65,13843252000
2021-05-26,311500,-5.18,35013258000
2021-05-27,312000,0.16,21761489000
2021-05-28,311000,-0.32,9136575000
2021-05-31,307500,-1.13,12808307500
2021-06-01,314000,2.11,13882374500
2021-06-02,325500,3.66,23921373500
2021-06-03,320000,-1.69,13876864500
2021-06-04,314000,-1.88,13332618500
2021-06-07,314500,0.16,9293101500
2021-06-08,312500,-0.64,9471492500
2021-06-09,307500,-1.6,9964248000
2021-06-10,304500,-0.98,18170486000
2021-06-11,317500,4.27,17945532500
2021-06-14,317500,0.0,12679773000
2021-06-15,309000,-2.68,15056877500
2021-06-16,307500,-0.49,10972081500
2021-06-17,307500,0.0,8690861000
2021-06-18,306000,-0.49,16889257000
2021-06-21,299500,-2.12,12708916000
2021-06-22,312000,4.17,15275485000
2021-06-23,311000,-0.32,11740784000
2021-06-24,310500,-0.16,7168647000
2021-06-25,333000,7.25,35128028500
2021-06-28,335500,0.75,24250510500
2021-06-29,338500,0.89,19593115000
2021-06-30,343500,1.48,15042708500
2021-07-01,333500,-2.91,16073629500
2021-07-02,338000,1.35,16135190000
2021-07-05,338500,0.15,6223790500
2021-07-06,333500,-1.48,13460915500
2021-07-07,328000,-1.65,18176340000
2021-07-08,318000,-3.05,19630413500
2021-07-09,312500,-1.73,16783739000
2021-07-12,311500,-0.32,12823387000
2021-07-13,312500,0.32,9187709500
2021-07-14,310500,-0.64,9565383500
2021-07-15,318000,2.42,12698652500
2021-07-16,324000,1.89,10637009500
2021-07-19,313000,-3.4,9745712000
2021-07-20,309500,-1.12,7089990000
2021-07-21,313000,1.13,6465822500
2021-07-22,320000,2.24,9505702500
2021-07-23,336000,5.0,26529428000
2021-07-26,322000,-4.17,15531483000
2021-07-27,322500,0.16,11324174000
2021-07-28,329000,2.02,11354826500
2021-07-29,352000,6.99,43771249500
2021-07-30,355000,0.85,38183823500
2021-08-02,352500,-0.7,18605906500
2021-08-03,343500,-2.55,14103119500
2021-08-04,349500,1.75,43670847500
2021-08-05,333500,-4.58,30409397500
2021-08-06,328500,-1.5,15214363500
2021-08-09,323500,-1.52,14072380500
2021-08-10,323000,-0.15,11077535500
2021-08-11,325500,0.77,12161359000
2021-08-12,323500,-0.61,16238521000
2021-08-13,320500,-0.93,12859012500
2021-08-17,310000,-3.28,12848156500
2021-08-18,311000,0.32,9824024500
2021-08-19,293500,-5.63,22366524500
2021-08-20,287000,-2.21,16314154500
2021-08-23,290000,1.05,9819239000
2021-08-24,332000,14.48,82109951500
2021-08-25,363000,9.34,88019944000
2021-08-26,364000,0.28,50959595000
2021-08-27,358000,-1.65,24828296000
2021-08-30,360500,0.7,19955479000
2021-08-31,360000,-0.14,15601976000
2021-09-01,385000,6.94,49158635000
2021-09-02,398000,3.38,43769801500
2021-09-03,385000,-3.27,25828966500
2021-09-06,442500,14.94,125053497500
2021-09-07,451000,1.92,53849641000
2021-09-08,448500,-0.55,28025285500
2021-09-09,448500,0.0,32277183500
2021-09-10,464500,3.57,41411957000
2021-09-13,459500,-1.08,35300153000
2021-09-14,464000,0.98,33163224000
2021-09-15,455500,-1.83,17786714500
2021-09-16,458000,0.55,27380150500
2021-09-17,454000,-0.87,23338329500
2021-09-23,443500,-2.31,29908692500
2021-09-24,455000,2.59,27883166000
2021-09-27,436500,-4.07,32617086500
2021-09-28,435500,-0.23,20461708500
2021-09-29,435000,-0.11,26019968500
2021-09-30,416000,-4.37,36255672000
2021-10-01,399500,-3.97,29179449500
2021-10-05,390000,-2.38,30454808000
2021-10-06,370500,-5.0,24923759500
2021-10-07,384500,3.78,22638181500
2021-10-08,377500,-1.82,14566424000
2021-10-12,378500,0.26,16804391500
2021-10-13,383500,1.32,17214466500
2021-10-14,387500,1.04,29199538000
2021-10-15,386000,-0.39,11604717000
2021-10-18,372000,-3.63,25381878000
2021-10-19,372500,0.13,13184302500
2021-10-20,360500,-3.22,14574575500
2021-10-21,359000,-0.42,15221017500
2021-10-22,352000,-1.95,15193912500
2021-10-25,348500,-0.99,23563013000
2021-10-26,352000,1.0,10807886000
2021-10-27,342500,-2.7,17483577500
2021-10-28,337000,-1.61,14238037500
2021-10-29,333000,-1.19,15257117500
2021-11-01,327000,-1.8,9970541000
2021-11-02,328000,0.31,11124504500
2021-11-03,320500,-2.29,19870649500
2021-11-04,318500,-0.62,15504118500
2021-11-05,315500,-0.94,19248230500
2021-11-08,338500,7.29,45214252000
2021-11-09,324500,-4.14,40002711000
2021-11-10,310500,-4.31,20941687000
2021-11-11,308500,-0.64,19949767000
2021-11-12,319500,3.57,21773044500
2021-11-15,326000,2.03,20753274000
2021-11-16,312000,-4.29,21501615000
2021-11-17,305000,-2.24,13907440500
2021-11-18,313000,2.62,13743505500
2021-11-19,308500,-1.44,9334388000
2021-11-22,311000,0.81,12789882000
2021-11-23,306000,-1.61,7065842500
2021-11-24,305000,-0.33,8701353000
2021-11-25,299000,-1.97,15791561500
2021-11-26,292000,-2.34,12426662500
2021-11-29,285000,-2.4,13585270500
2021-11-30,275000,-3.51,13698088000
2021-12-01,296000,7.64,24928019500
2021-12-02,301500,1.86,13148352500
2021-12-03,313500,3.98,27543483000
2021-12-06,320500,2.23,21425131500
2021-12-07,325000,1.4,15173162000
2021-12-08,321500,-1.08,15610393500
2021-12-09,325000,1.09,14288791000
2021-12-10,320500,-1.38,10826273500
2021-12-13,316000,-1.4,18078655500
2021-12-14,311000,-1.58,6202774000
2021-12-15,309000,-0.64,5737161000
2021-12-16,314500,1.78,9669268000
2021-12-17,315500,0.32,10612603500
2021-12-20,306500,-2.85,9544356000
2021-12-21,305500,-0.33,7383535000
2021-12-22,304000,-0.49,5737435000
2021-12-23,306000,0.66,6882790000
2021-12-24,308000,0.65,6144662000
2021-12-27,315000,2.27,15644142000
2021-12-28,315000,0.0,12269600000
2021-12-29,311000,-1.27,7670272000
2021-12-30,315000,1.29,9756991500
2022-01-03,309000,-1.9,8520601000
2022-01-04,387500,25.4,199488318000
2022-01-05,389000,0.39,82362612500
2022-01-06,387500,-0.39,97168340500
2022-01-07,379000,-2.19,46632314000
2022-01-10,368500,-2.77,34064848500
2022-01-11,370000,0.41,38890402000
2022-01-12,375500,1.49,27184628500
2022-01-13,374000,-0.4,25000239500
2022-01-14,374500,0.13,22165228500
2022-01-17,376000,0.4,81264933000
2022-01-18,383500,1.99,38576148500
2022-01-19,391500,2.09,46110036000
2022-01-20,387500,-1.02,26452682000
2022-01-21,365000,-5.81,34093799000
2022-01-24,356500,-2.33,20712652500
2022-01-25,344000,-3.51,26579343000
2022-01-26,355500,3.34,46245170000
2022-01-27,356500,0.28,33956465500
2022-01-28,381000,6.87,54438426500
2022-02-03,392000,2.89,44086323000
2022-02-04,406000,3.57,35359341000
2022-02-07,400500,-1.35,31040646500
2022-02-08,380000,-5.12,44737493500
2022-02-09,375000,-1.32,36851847500
2022-02-10,383500,2.27,42113579500
2022-02-11,373500,-2.61,32135875000
2022-02-14,375500,0.54,28916644500
2022-02-15,296500,-21.04,171818719000
2022-02-16,306500,3.37,54451631000
2022-02-17,312500,1.96,53423570000
2022-02-18,313500,0.32,19204020500
2022-02-21,323000,3.03,26980041000
2022-02-22,313000,-3.1,21254820000
2022-02-23,323000,3.19,21833582500
2022-02-24,312000,-3.41,20816726000
2022-02-25,331500,6.25,38880005500
2022-02-28,331500,0.0,19365302500
2022-03-02,329500,-0.6,20324203000
2022-03-03,332000,0.76,19122070500
2022-03-04,330000,-0.6,16815776500
2022-03-07,316000,-4.24,30074352500
2022-03-08,304000,-3.8,30296730500
2022-03-10,314000,3.29,27817405000
2022-03-11,323500,3.03,30921845500
2022-03-14,329500,1.85,23519836000
2022-03-15,318500,-3.34,19446496500
2022-03-16,326000,2.35,12373071500
2022-03-17,327000,0.31,14799186000
2022-03-18,325000,-0.61,17710266000
2022-03-21,328000,0.92,15846919000
2022-03-22,327000,-0.3,17341769000
2022-03-23,333500,1.99,16507505000
2022-03-24,333000,-0.15,15009573500
2022-03-25,336000,0.9,11905119000
2022-03-28,336000,0.0,13811030500
2022-03-29,341000,1.49,19910735000
2022-03-30,339500,-0.44,11156940000
2022-03-31,342000,0.74,8424669000
2022-04-01,337500,-1.32,14234722500
2022-04-04,343500,1.78,8503756500
2022-04-05,341500,-0.58,10799146500
2022-04-06,332000,-2.78,18453480500
2022-04-07,323000,-2.71,16571099500
2022-04-08,319000,-1.24,11260210500
2022-04-11,318000,-0.31,6021753500
2022-04-12,313500,-1.42,7059789500
2022-04-13,318500,1.59,7718009000
2022-04-14,321000,0.78,11235440000
2022-04-15,336500,4.83,23776850000
2022-04-18,331500,-1.49,6297124000
2022-04-19,333000,0.45,6088300000
2022-04-20,328500,-1.35,10623324500
2022-04-21,345000,5.02,34054981000
2022-04-22,340000,-1.45,11017201500
2022-04-25,344000,1.18,33638694000
2022-04-26,340000,-1.16,15374970000
2022-04-27,329500,-3.09,14816517000
2022-04-28,342500,3.95,17044716000
2022-04-29,342500,0.0,9676784000
2022-05-02,349500,2.04,12700878500
2022-05-03,355000,1.57,15019416500
2022-05-04,370000,4.23,63218006000
2022-05-06,370500,0.14,18625562500
2022-05-09,361500,-2.43,16898768500
2022-05-10,345000,-4.56,22906234000
2022-05-11,340000,-1.45,12613224500
2022-05-12,336000,-1.18,13258242000
2022-05-13,340000,1.19,9372487500
2022-05-16,333500,-1.91,12947814000
2022-05-17,343500,3.0,13104321000
2022-05-18,342500,-0.29,16057858500
2022-05-19,338000,-1.31,8707063500
2022-05-20,341500,1.04,8863852500
2022-05-23,342000,0.15,10421227500
2022-05-24,337500,-1.32,7918287000
2022-05-25,347500,2.96,16301193000
2022-05-26,344000,-1.01,8748943000
2022-05-27,352000,2.33,10555540000
2022-05-30,355000,0.85,11547853000
2022-05-31,349000,-1.69,15722244500
2022-06-02,348500,-0.14,8316810000
2022-06-03,359500,3.16,14021086000
2022-06-07,341500,-5.01,20236575000
2022-06-08,343000,0.44,7910148500
2022-06-09,340500,-0.73,13424898500
2022-06-10,337500,-0.88,7776286500
2022-06-13,317500,-5.93,18919770000
2022-06-14,309000,-2.68,19484651500
2022-06-15,304000,-1.62,13839446000
2022-06-16,305500,0.49,13057576000
2022-06-17,305000,-0.16,9943854500
2022-06-20,295000,-3.28,9705226500
2022-06-21,293000,-0.68,7977818500
2022-06-22,277500,-5.29,14032344500
2022-06-23,270000,-2.7,15653643000
2022-06-24,275000,1.85,11390724000
2022-06-27,286500,4.18,10801125500
2022-06-28,292500,2.09,6848843500
2022-06-29,288000,-1.54,5028174500
2022-06-30,287500,-0.17,7730533500
2022-07-01,293500,2.09,9659922500
2022-07-04,290500,-1.02,6941780000
2022-07-05,300500,3.44,7283396500
2022-07-06,285500,-4.99,10821468500
2022-07-07,289000,1.23,4717616500
2022-07-08,287500,-0.52,4988184500
2022-07-11,281500,-2.09,7181768000
2022-07-12,280000,-0.53,5099626500
2022-07-13,277000,-1.07,5385060500
2022-07-14,275500,-0.54,5309848000
2022-07-15,265000,-3.81,15418052000
2022-07-18,279000,5.28,10584822000
2022-07-19,275000,-1.43,5012302000
2022-07-20,284000,3.27,11894177500
2022-07-21,284500,0.18,4525706000
2022-07-22,284500,0.0,2913010500
2022-07-25,288000,1.23,5082417500
2022-07-26,288000,0.0,4314170000
2022-07-27,283000,-1.74,6742650000
2022-07-28,289000,2.12,7967379000
2022-07-29,291500,0.87,8577156500
2022-08-01,302000,3.6,18531317000
2022-08-02,297500,-1.49,8243056500
2022-08-03,310500,4.37,25409487000
2022-08-04,301000,-3.06,27002915500
2022-08-05,300500,-0.17,9946972000
2022-08-08,301500,0.33,8836225500
2022-08-09,300000,-0.5,6454928000
2022-08-10,304500,1.5,12623632500
2022-08-11,307000,0.82,8011701500
2022-08-12,307500,0.16,5952107500
2022-08-16,315500,2.6,14025429000
2022-08-17,311000,-1.43,6069732000
2022-08-18,306000,-1.61,5291270000
2022-08-19,300500,-1.8,5763791500
2022-08-22,302000,0.5,9668935500
2022-08-23,298000,-1.32,5541847500
2022-08-24,303500,1.85,5979577500
2022-08-25,303500,0.0,5876879500
2022-08-26,305000,0.49,10226050000
2022-08-29,287500,-5.74,16397510000
2022-08-30,291500,1.39,8448442000
2022-08-31,294500,1.03,8245615500
2022-09-01,287500,-2.38,10056779000
2022-09-02,284000,-1.22,7887629500
2022-09-05,284000,0.0,4133006500
2022-09-06,292000,2.82,8054759000
2022-09-07,282500,-3.25,10855473000
2022-09-08,284000,0.53,11539482000
2022-09-13,291500,2.64,8861469500
2022-09-14,282000,-3.26,10116340500
2022-09-15,284500,0.89,8439759000
2022-09-16,269000,-5.45,16282317500
2022-09-19,262000,-2.6,8220170500
2022-09-20,267500,2.1,5507816500
2022-09-21,269500,0.75,9560104000
2022-09-22,257000,-4.64,21623249000
2022-09-23,247500,-3.7,13567617000
2022-09-26,235000,-5.05,11294570000
2022-09-27,244000,3.83,12064976500
2022-09-28,234000,-4.1,11327802000
2022-09-29,235000,0.43,7383321000
2022-09-30,231500,-1.49,8232229500
2022-10-04,241000,4.1,5488949000
2022-10-05,244000,1.24,7004367000
2022-10-06,241500,-1.02,5025022500
2022-10-07,246500,2.07,5667091000
2022-10-11,237000,-3.85,4906172000
2022-10-12,245000,3.38,5225560500
2022-10-13,238500,-2.65,4893933000
2022-10-14,245500,2.94,4219219500
2022-10-17,242000,-1.43,2222074500
2022-10-18,245000,1.24,3871955000
2022-10-19,246500,0.61,5365076500
2022-10-20,241000,-2.23,4485922000
2022-10-21,233000,-3.32,6849787500
2022-10-24,236000,1.29,5831540000
2022-10-25,235500,-0.21,4955168500
2022-10-26,234000,-0.64,3631979500
2022-10-27,242000,3.42,5255697500
2022-10-28,239500,-1.03,3571493500
2022-10-31,244000,1.88,3496359500
2022-11-01,246000,0.82,2681014000
2022-11-02,249500,1.42,5097726500
2022-11-03,240500,-3.61,9998860500
2022-11-04,235500,-2.08,8511918500
2022-11-07,244500,3.82,5522852000
2022-11-08,246000,0.61,4241398000
2022-11-09,256000,4.07,9465551000
2022-11-10,250000,-2.34,9158146000
2022-11-11,253000,1.2,8517876500
2022-11-14,255000,0.79,9600020500
2022-11-15,255000,0.0,7398936500
2022-11-16,262500,2.94,11115098000
2022-11-17,262000,-0.19,5266809500
2022-11-18,257500,-1.72,5144479000
2022-11-21,252500,-1.94,3863626000
2022-11-22,246000,-2.57,62329433500
2022-11-23,241500,-1.83,9723419000
2022-11-24,240000,-0.62,7124697000
2022-11-25,238500,-0.63,7010981500
2022-11-28,237500,-0.42,5431391000
2022-11-29,238500,0.42,6101007500
2022-11-30,238500,0.0,9376635500
2022-12-01,241000,1.05,16881042500
2022-12-02,236000,-2.07,10027906500
2022-12-05,234000,-0.85,7514023500
2022-12-06,231000,-1.28,5362372500
2022-12-07,231000,0.0,4248837000
2022-12-08,231500,0.22,5716015000
2022-12-09,232000,0.22,4797449500
2022-12-12,229000,-1.29,2205993000
2022-12-13,234000,2.18,4006065000
2022-12-14,238000,1.71,5557205000
2022-12-15,235000,-1.26,2743662500
2022-12-16,231000,-1.7,4548836500
2022-12-19,230000,-0.43,1781149000
2022-12-20,226500,-1.52,4963659500
2022-12-21,221500,-2.21,7945994500
2022-12-22,226000,2.03,5681961500
2022-12-23,220000,-2.65,6815314500
2022-12-26,220500,0.23,3602048000
2022-12-27,224000,1.59,6628684500
2022-12-28,219000,-2.23,4703269500
2022-12-29,204500,-6.62,12614678000
2023-01-02,199500,-2.44,4449043000
2023-01-03,199000,-0.25,8784245000
2023-01-04,202000,1.51,6510612000
2023-01-05,207500,2.72,8066612500
2023-01-06,207500,0.0,5908420500
2023-01-09,214500,3.37,5251165500
2023-01-10,219500,2.33,7330742500
2023-01-11,221500,0.91,4536934500
2023-01-12,220000,-0.68,5393513000
2023-01-13,219500,-0.23,3347455500
2023-01-16,225000,2.51,9457522000
2023-01-17,224500,-0.22,6812073000
2023-01-18,223000,-0.67,3322345500
2023-01-19,222000,-0.45,4798238000
2023-01-20,227500,2.48,7576387500
2023-01-25,228500,0.44,5967429000
2023-01-26,231500,1.31,5587370000
2023-01-27,232500,0.43,6669265500
2023-01-30,233000,0.22,5854915000
2023-01-31,235500,1.07,5907364500
2023-02-01,232500,-1.27,5406075000
2023-02-02,237000,1.94,8958266500
2023-02-03,237500,0.21,5592929000
2023-02-06,239000,0.63,8315063500
2023-02-07,240000,0.42,6473001000
2023-02-08,239500,-0.21,6235212000
2023-02-09,240000,0.21,7033269500
2023-02-10,237000,-1.25,4677130000
2023-02-13,237000,0.0,5909560000
2023-02-14,242000,2.11,10118258000
2023-02-15,232000,-4.13,9966380500
2023-02-16,239000,3.02,10721070000
2023-02-17,238500,-0.21,6067613000
2023-02-20,240000,0.63,4045248500
2023-02-21,252500,5.21,18135751500
2023-02-22,247500,-1.98,13493522000
2023-02-23,258000,4.24,17510903000
2023-02-24,251000,-2.71,11114622500
2023-02-27,248500,-1.0,6690007500
2023-02-28,245500,-1.21,11610831000
2023-03-02,256000,4.28,15414927000
2023-03-03,255000,-0.39,6058284500
2023-03-06,250000,-1.96,8489128500
2023-03-07,250000,0.0,5702438000
2023-03-08,237500,-5.0,9641006000
2023-03-09,240500,1.26,7330843500
2023-03-10,236500,-1.66,4780388000
2023-03-13,233500,-1.27,6371502500
2023-03-14,223000,-4.5,7099931500
2023-03-15,217000,-2.69,11393899500
2023-03-16,214000,-1.38,5274255500
2023-03-17,216500,1.17,4680653500
2023-03-20,217500,0.46,3518185500
2023-03-21,223500,2.76,4951756000
2023-03-22,220500,-1.34,3113351000
2023-03-23,216500,-1.81,4396758000
2023-03-24,218500,0.92,3508525500
2023-03-27,216000,-1.14,4445597500
2023-03-28,219500,1.62,3490260500
2023-03-29,220000,0.23,4971583000
2023-03-30,223500,1.59,5610420500
2023-03-31,222000,-0.67,5694705000
2023-04-03,223500,0.68,3860573000
2023-04-04,227500,1.79,5001517500
2023-04-05,222500,-2.2,6304355500
2023-04-06,217000,-2.47,7497324500
2023-04-07,219500,1.15,3548989000
2023-04-10,217500,-0.91,7709501000
2023-04-11,223500,2.76,7571398500
2023-04-12,222500,-0.45,4953655000
2023-04-13,224000,0.67,5505798500
2023-04-14,226500,1.12,5905983500
2023-04-17,223000,-1.55,3411829500
2023-04-18,220000,-1.35,4605979000
2023-04-19,222500,1.14,3612867000
2023-04-20,224500,0.9,6123308500
2023-04-21,214000,-4.68,12661602500
2023-04-24,234000,9.35,55508621000
2023-04-25,227500,-2.78,11925622000
2023-04-26,219500,-3.52,7593492500
2023-04-27,220500,0.46,6355761000
2023-04-28,222000,0.68,6073006000
2023-05-02,225000,1.35,3521008500
2023-05-03,222000,-1.33,3429813500
2023-05-04,223500,0.68,5277299500
2023-05-08,223000,-0.22,5374060000
2023-05-09,219500,-1.57,5250572500
2023-05-10,216500,-1.37,5141289500
2023-05-11,219000,1.15,4408162000
2023-05-12,216000,-1.37,4389851500
2023-05-15,215500,-0.23,3854909500
2023-05-16,212500,-1.39,4138863000
2023-05-17,213000,0.24,3651513500
2023-05-18,212500,-0.23,4523519000
2023-05-19,213000,0.24,4776339000
2023-05-22,215500,1.17,4681757000
2023-05-23,216500,0.46,3770072500
2023-05-24,215500,-0.46,2377583500
2023-05-25,211500,-1.86,6545661000
2023-05-26,209000,-1.18,6104727500
2023-05-30,211000,0.96,4535956000
2023-05-31,208500,-1.18,5113346500
2023-06-01,208500,0.0,2845333000
2023-06-02,209000,0.24,4528023000
2023-06-05,212500,1.67,4170530500
2023-06-07,215000,1.18,5877633500
2023-06-08,215500,0.23,6771268500
2023-06-09,214000,-0.7,4024775500
2023-06-12,213000,-0.47,2820216000
2023-06-13,213000,0.0,2573912500
2023-06-14,210500,-1.17,5148879000
2023-06-15,205500,-2.38,9024247000
2023-06-16,202000,-1.7,8933570500
2023-06-19,206500,2.23,3993824500
2023-06-20,212500,2.91,7828974500
2023-06-21,206000,-3.06,5325133500
2023-06-22,207000,0.49,2972103500
2023-06-23,201500,-2.66,5308451000
2023-06-26,202500,0.5,3003330000
2023-06-27,202500,0.0,3856986000
2023-06-28,201000,-0.74,5541432500
2023-06-29,195100,-2.94,8849357700
2023-06-30,196400,0.67,5650113800
2023-07-03,200000,1.83,2525448700
2023-07-04,198000,-1.0,3230814500
2023-07-05,197000,-0.51,2535072800
2023-07-06,192400,-2.34,6206086500
2023-07-07,189500,-1.51,8373785000
2023-07-10,191300,0.95,3085530700
2023-07-11,191700,0.21,2445543800
2023-07-12,193400,0.89,3048990800
2023-07-13,210000,8.58,21681492000
2023-07-14,216000,2.86,12091225000
2023-07-17,224000,3.7,16395019000
2023-07-18,218500,-2.46,10116729500
2023-07-19,206500,-5.49,10800751000
2023-07-20,208000,0.73,3990512500
2023-07-21,206500,-0.72,3636159000
2023-07-24,204000,-1.21,5579823500
2023-07-25,203500,-0.25,5903642500
2023-07-26,198200,-2.6,6959971900
2023-07-27,197300,-0.45,4519843800
2023-07-28,210000,6.44,11392890500
2023-07-31,212000,0.95,6060706000
2023-08-01,215000,1.42,6939666000
2023-08-02,212000,-1.4,5155234500
2023-08-03,213000,0.47,6039497500
2023-08-04,210000,-1.41,4682481500
2023-08-07,215500,2.62,6284963000
2023-08-08,215000,-0.23,7026454500
2023-08-09,209500,-2.56,5916501500
2023-08-10,212500,1.43,4331799000
2023-08-11,215500,1.41,6005489000
2023-08-14,204000,-5.34,9205870500
2023-08-16,200500,-1.72,6052001400
2023-08-17,198400,-1.05,7249323300
2023-08-18,196500,-0.96,5313090900
2023-08-21,195000,-0.76,3515943700
2023-08-22,197000,1.03,3352155400
2023-08-23,197900,0.46,3575734700
2023-08-24,198000,0.05,1906868700
2023-08-25,197900,-0.05,1232568900
2023-08-28,208500,5.36,6698225800
2023-08-29,218500,4.8,15164876500
2023-08-30,217000,-0.69,5064419500
2023-08-31,218500,0.69,4493619000
2023-09-01,216500,-0.92,3108648500
2023-09-04,230000,6.24,16992177500
2023-09-05,227500,-1.09,8035740000
2023-09-06,221500,-2.64,4869651000
2023-09-07,221000,-0.23,4501450500
2023-09-08,224500,1.58,4494103500
2023-09-11,225500,0.45,4812088000
2023-09-12,226000,0.22,3951487500
2023-09-13,231000,2.21,8062426500
2023-09-14,246500,6.71,27559317000
2023-09-15,247500,0.41,11799756500
2023-09-18,265500,7.27,27304014000
2023-09-19,266000,0.19,13289402000
2023-09-20,262000,-1.5,6818016000
2023-09-21,257000,-1.91,9489611500
2023-09-22,252500,-1.75,5206772500
2023-09-25,253000,0.2,3610351000
2023-09-26,247500,-2.17,7760363500
2023-09-27,246500,-0.4,7975020500
2023-10-04,244000,-1.01,6139928000
2023-10-05,240500,-1.43,4779155500
2023-10-06,245500,2.08,4837663500
2023-10-10,238500,-2.85,4809517000
2023-10-11,242000,1.47,4996884500
2023-10-12,237000,-2.07,9630076500
2023-10-13,233500,-1.48,2484780500
2023-10-16,235000,0.64,3834321500
2023-10-17,233500,-0.64,2628827500
2023-10-18,232500,-0.43,2347746000
2023-10-19,228500,-1.72,3360946000
2023-10-20,225500,-1.31,3049302000
2023-10-23,224000,-0.67,2528110000
2023-10-24,224000,0.0,2320372000
2023-10-25,230000,2.68,3325782000
2023-10-26,222500,-3.26,2834843000
2023-10-27,224500,0.9,2890234000
2023-10-30,232500,3.56,4186930500
2023-10-31,237500,2.15,5724845000
2023-11-01,238500,0.42,3555253000
2023-11-02,242000,1.47,5209065000
2023-11-03,240500,-0.62,3090080000
2023-11-06,250000,3.95,5213851500
2023-11-07,241000,-3.6,5121067000
2023-11-08,242000,0.41,3577755000
2023-11-09,244500,1.03,4077517000
2023-11-10,239500,-2.04,3664778500
2023-11-13,240500,0.42,2243525000
2023-11-14,238500,-0.83,2829152500
2023-11-15,244000,2.31,2882616000
2023-11-16,236500,-3.07,4502700000
2023-11-17,236500,0.0,3028254000
2023-11-20,243000,2.75,4146916500
2023-11-21,233500,-3.91,9036986000
2023-11-22,229000,-1.93,8765254000
2023-11-23,225000,-1.75,7398799500
2023-11-24,227500,1.11,7119822500
2023-11-27,228500,0.44,4436617000
2023-11-28,228000,-0.22,3835597500
2023-11-29,211500,-7.24,27111030500
2023-11-30,208500,-1.42,9485735000
2023-12-01,210000,0.72,5144373000
2023-12-04,210000,0.0,6143270500
2023-12-05,214000,1.9,7256349000
2023-12-06,214500,0.23,4317465000
2023-12-07,217500,1.4,3558980500
2023-12-08,217000,-0.23,3731867000
2023-12-11,216000,-0.46,3262175500
2023-12-12,214000,-0.93,5743617500
2023-12-13,214000,0.0,4131474000
2023-12-14,225500,5.37,12168562500
2023-12-15,222500,-1.33,5222929000
2023-12-18,224000,0.67,4053425000
2023-12-19,222000,-0.89,2757778000
2023-12-20,227500,2.48,5795025000
2023-12-21,226500,-0.44,3229022000
2023-12-22,226500,0.0,2283475000
2023-12-26,227500,0.44,3062730000
2023-12-27,224500,-1.32,2614888000
2023-12-28,228500,1.78,4210568000
2024-01-02,228500,0.0,2660014500
2024-01-03,228000,-0.22,4901566500
2024-01-04,225500,-1.1,2787226000
2024-01-05,226500,0.44,2912866000
2024-01-08,222000,-1.99,1894396500
2024-01-09,222500,0.23,2081237000
2024-01-10,221000,-0.67,3810996500
2024-01-11,216000,-2.26,6590583000
2024-01-12,215000,-0.46,2287810000
2024-01-15,215000,0.0,1778522000
2024-01-16,212500,-1.16,2391985000
2024-01-17,203500,-4.24,5170207000
2024-01-18,201000,-1.23,3070362300
2024-01-19,202000,0.5,2254774500
2024-01-22,203500,0.74,2002594500
2024-01-23,215000,5.65,5565702500
2024-01-24,215500,0.23,4618131500
2024-01-25,219500,1.86,4320379500
2024-01-26,217500,-0.91,1899781000
2024-01-29,233500,7.36,13037721000
2024-01-30,244000,4.5,38299446500
2024-01-31,246500,1.02,11491674500
2024-02-01,266000,7.91,42583891000
2024-02-02,263500,-0.94,20969955500
2024-02-05,271500,3.04,24288225500
2024-02-06,267000,-1.66,15248310500
2024-02-07,269000,0.75,12020457500
2024-02-08,271000,0.74,27025334500
2024-02-13,264500,-2.4,22499519500
2024-02-14,255000,-3.59,16091044500
2024-02-15,254500,-0.2,13083642500
2024-02-16,266000,4.52,19924741000
2024-02-19,283500,6.58,21615972500
2024-02-20,276000,-2.65,12405380000
2024-02-21,271000,-1.81,8853036500
2024-02-22,273000,0.74,9068237500
2024-02-23,275000,0.73,9761413000
2024-02-26,260500,-5.27,19699427000
2024-02-27,261500,0.38,10030901500
2024-02-28,264000,0.96,8433007000
2024-02-29,265500,0.57,12699115500
2024-03-04,280500,5.65,15056892500
2024-03-05,279000,-0.53,8056782500
2024-03-06,286500,2.69,14522694500
2024-03-07,285000,-0.52,8976512000
2024-03-08,291500,2.28,12789735500
2024-03-11,278000,-4.63,8698617500
2024-03-12,274500,-1.26,10398465000
2024-03-13,278500,1.46,10019992500
2024-03-14,281500,1.08,9205745500
2024-03-15,276500,-1.78,12237582500
2024-03-18,274500,-0.72,4781988000
2024-03-19,280500,2.19,14933673000
2024-03-20,290000,3.39,13239557500
2024-03-21,289000,-0.34,10258234000
2024-03-22,286000,-1.04,6979948500
2024-03-25,278500,-2.62,10322940500
2024-03-26,274500,-1.44,7318676500
2024-03-27,270000,-1.64,12945176500
2024-03-28,265000,-1.85,11443742500
2024-03-29,259500,-2.08,9154203000
2024-04-01,257500,-0.77,9658937000
2024-04-02,255000,-0.97,7023479000
2024-04-03,259500,1.76,6861745000
2024-04-04,257000,-0.96,4590055000
2024-04-05,258500,0.58,3737429000
2024-04-08,249000,-3.68,7216485500
2024-04-09,249000,0.0,4933810000
2024-04-11,242000,-2.81,12466218000
2024-04-12,233000,-3.72,6606691000
2024-04-15,236000,1.29,3572290000
2024-04-16,231000,-2.12,5170895000
2024-04-17,229500,-0.65,6761298000
2024-04-18,235500,2.61,5664725500
2024-04-19,230000,-2.34,4077090500
2024-04-22,241500,5.0,4888547000
2024-04-23,246000,1.86,4537243000
2024-04-24,246000,0.0,3499552000
2024-04-25,248000,0.81,3015409000
2024-04-26,246000,-0.81,2485023500
2024-04-29,255000,3.66,6401731500
2024-04-30,252000,-1.18,5478079000
2024-05-02,247500,-1.79,4726126000
2024-05-03,280500,13.33,38362281500
2024-05-07,283500,1.07,14823969000
2024-05-08,288500,1.76,10072802500
2024-05-09,285000,-1.21,12058214000
2024-05-10,292000,2.46,12562233000
2024-05-13,298000,2.05,9089150500
2024-05-14,300500,0.84,10017930000
2024-05-16,295000,-1.83,5958732000
2024-05-17,314000,6.44,23841759000
2024-05-20,312000,-0.64,10120937000
2024-05-21,322000,3.21,22032203000
2024-05-22,320500,-0.47,8091901500
2024-05-23,311000,-2.96,12018370000
2024-05-24,305500,-1.77,13035196500
2024-05-27,301000,-1.47,8788764500
2024-05-28,299500,-0.5,6700574500
2024-05-29,307500,2.67,8405929500
2024-05-30,302500,-1.63,5178711500
2024-05-31,294000,-2.81,15143370500
2024-06-03,301000,2.38,6644949500
2024-06-04,297000,-1.33,7664272000
2024-06-05,301500,1.52,12676221500
2024-06-07,296000,-1.82,8805982500
2024-06-10,285500,-3.55,10616045500
2024-06-11,280000,-1.93,9734922500
2024-06-12,288000,2.86,8028028500
2024-06-13,280000,-2.78,8892146500
2024-06-14,279000,-0.36,4915478500
2024-06-17,279500,0.18,3820847000
2024-06-18,277000,-0.89,3198998000
2024-06-19,280000,1.08,3185775000
2024-06-20,281500,0.54,2981744500
2024-06-21,283500,0.71,6784266000
2024-06-24,277000,-2.29,4161269000
2024-06-25,307000,10.83,25955513500
2024-06-26,301000,-1.95,7768346000
2024-06-27,301500,0.17,9168123000
2024-06-28,308500,2.32,14586771500
2024-07-01,305500,-0.97,4287977500
2024-07-02,298500,-2.29,6233739000
2024-07-03,307000,2.85,8665877000
2024-07-04,319500,4.07,13539370500
2024-07-05,315000,-1.41,12882668000
2024-07-08,318000,0.95,4874142500
2024-07-09,305500,-3.93,8925839500
2024-07-10,308500,0.98,5944957000
2024-07-11,308000,-0.16,7529297000
2024-07-12,314000,1.95,12990227500
2024-07-15,335000,6.69,27608145500
2024-07-16,325000,-2.99,11702821500
2024-07-17,337500,3.85,22987012000
2024-07-18,330500,-2.07,13527783000
2024-07-19,326500,-1.21,8384673500
2024-07-22,316500,-3.06,7769801000
2024-07-23,315500,-0.32,5220665500
2024-07-24,331500,5.07,14058588500
2024-07-25,328000,-1.06,11334039000
2024-07-26,329500,0.46,15046959500
2024-07-29,326000,-1.06,13189482500
2024-07-30,332000,1.84,14282679500
2024-07-31,328500,-1.05,11106223000
2024-08-01,330000,0.46,12294439000
2024-08-02,304500,-7.73,12006815000
2024-08-05,278000,-8.7,18788698000
2024-08-06,297000,6.83,17112509500
2024-08-07,285000,-4.04,15118889000
2024-08-08,294000,3.16,11637653500
2024-08-09,292500,-0.51,11949145000
2024-08-12,307000,4.96,9174042500
2024-08-13,304000,-0.98,9616325500
2024-08-14,297000,-2.3,9359548000
2024-08-16,302500,1.85,9829528500
2024-08-19,303500,0.33,5285717000
2024-08-20,305500,0.66,7811112000
2024-08-21,300000,-1.8,7513594500
2024-08-22,297500,-0.83,9295523500
2024-08-23,300000,0.84,5881674500
2024-08-26,298000,-0.67,8989174000
2024-08-27,294000,-1.34,5916836500
2024-08-28,292000,-0.68,13206968000
2024-08-29,288000,-1.37,5778089500
2024-08-30,286500,-0.52,5904020500
2024-09-02,286500,0.0,4617631500
2024-09-03,300000,4.71,16316502500
2024-09-04,303500,1.17,14907717000
2024-09-05,300000,-1.15,8897403000
2024-09-06,298500,-0.5,10177401000
2024-09-09,295000,-1.17,5919605000
2024-09-10,286000,-3.05,5862078000
2024-09-11,281000,-1.75,6487880500
2024-09-12,281500,0.18,7212599500
2024-09-13,289000,2.66,7791459500
2024-09-19,289500,0.17,4327429000
2024-09-20,310500,7.25,20180623500
2024-09-23,305000,-1.77,7225214500
2024-09-24,314500,3.11,16522433000
2024-09-25,302000,-3.97,19153681000
2024-09-26,307500,1.82,7321936500
2024-09-27,308500,0.33,12359917000
2024-09-30,301500,-2.27,6927377500
2024-10-02,298000,-1.16,7756457000
2024-10-04,295500,-0.84,9985724500
2024-10-07,291000,-1.52,15862472000
2024-10-08,284000,-2.41,10959276000
2024-10-10,285000,0.35,10207983000
2024-10-11,284000,-0.35,6893511500
2024-10-14,286500,0.88,6695092000
2024-10-15,283000,-1.22,7990741500
2024-10-16,288000,1.77,8566265500
2024-10-17,276500,-3.99,11607722000
2024-10-18,277000,0.18,7408980500
2024-10-21,266500,-3.79,15247456000
2024-10-22,260500,-2.25,11236982500
2024-10-23,255500,-1.92,12286766000
2024-10-24,257000,0.59,8638217500
2024-10-25,258000,0.39,5901779000
2024-10-28,263500,2.13,6679946500
2024-10-29,260000,-1.33,3929528000
2024-10-30,261500,0.58,4186664000
2024-10-31,262500,0.38,7794784000
2024-11-01,260000,-0.95,5265892000
2024-11-04,256500,-1.35,8601323000
2024-11-05,256000,-0.19,10697996000
2024-11-06,241500,-5.66,17935688000
2024-11-07,243500,0.83,7512569000
2024-11-08,249000,2.26,7817419500
2024-11-11,243000,-2.41,4753285000
2024-11-12,243500,0.21,5527444500
2024-11-13,231000,-5.13,9574904500
2024-11-14,228000,-1.3,8205431000
2024-11-15,230500,1.1,5553514000
2024-11-18,240000,4.12,6429738000
2024-11-19,234000,-2.5,8165445500
2024-11-20,233500,-0.21,2560078000
2024-11-21,233000,-0.21,2886742000
2024-11-22,234000,0.43,4936431000
2024-11-25,233500,-0.21,9777435000
2024-11-26,236000,1.07,4374298000
2024-11-27,239000,1.27,5368884000
2024-11-28,243000,1.67,5471208500
2024-11-29,241500,-0.62,5540207000
2024-12-02,236000,-2.28,4062740000
2024-12-03,243500,3.18,4295613500
2024-12-04,234500,-3.7,8929871000
2024-12-05,230500,-1.71,3477960000
2024-12-06,234000,1.52,5519323000
2024-12-09,216500,-7.48,7573701000
2024-12-10,234500,8.31,7154303500
2024-12-11,232500,-0.85,4138414500
2024-12-12,238500,2.58,6163450500
2024-12-13,240000,0.63,3043275000
2024-12-16,236500,-1.46,3724388500
2024-12-17,237500,0.42,3275957500
2024-12-18,238000,0.21,3682243000
2024-12-19,230500,-3.15,5588209000
2024-12-20,228000,-1.08,4154042500
2024-12-23,231000,1.32,3355195500
2024-12-24,228500,-1.08,3074599000
2024-12-26,232500,1.75,5823557500
2024-12-27,233000,0.22,3305060000
2024-12-30,235500,1.07,3523756000
2025-01-02,228000,-3.18,5867669000
2025-01-03,230500,1.1,4005828000
2025-01-06,237000,2.82,6816103500
2025-01-07,238000,0.42,5542862000
2025-01-08,240000,0.84,5772320000
2025-01-09,239500,-0.21,5576775000
2025-01-10,251000,4.8,12567903500
2025-01-13,245000,-2.39,6411113500
2025-01-14,245000,0.0,6656086000
2025-01-15,247000,0.82,4281565500
2025-01-16,253500,2.63,6637606000
2025-01-17,254500,0.39,6704243500
2025-01-20,255500,0.39,5486886500
2025-01-21,251500,-1.57,4561609500
2025-01-22,250500,-0.4,5507167500
2025-01-23,245000,-2.2,6590891000
2025-01-24,245000,0.0,6135315000
2025-01-31,248500,1.43,6098067000
2025-02-03,245500,-1.21,4466807000
2025-02-04,252000,2.65,8698890500
2025-02-05,252500,0.2,6149343000
2025-02-06,258500,2.38,11087301500
2025-02-07,263000,1.74,14796119500
2025-02-10,271500,3.23,15287890000
2025-02-11,266500,-1.84,10038560000
2025-02-12,267500,0.38,4635341000
2025-02-13,272500,1.87,13830970000
2025-02-14,277000,1.65,7104770500
2025-02-17,286000,3.25,11089581500
2025-02-18,286000,0.0,6411583000
2025-02-19,280000,-2.1,10718091500
2025-02-20,278500,-0.54,7777672000
2025-02-21,275500,-1.08,8154787500
2025-02-24,274000,-0.54,5360366500
2025-02-25,277000,1.09,11435008500
2025-02-26,276000,-0.36,9491265500
2025-02-27,269500,-2.36,7501165000
2025-02-28,259500,-3.71,11554269500
2025-03-04,263500,1.54,6066399000
2025-03-05,267500,1.52,8656257500
2025-03-06,275000,2.8,9347253000
2025-03-07,272000,-1.09,8037912750
2025-03-10,282500,3.86,13145546750
2025-03-11,278500,-1.42,14005093250
2025-03-12,276500,-0.72,12978295750
2025-03-13,273000,-1.27,10695930000
2025-03-14,284000,4.03,12438544250
2025-03-17,281500,-0.88,6158995000
2025-03-18,278500,-1.07,6113550250
2025-03-19,283000,1.62,7958324250
2025-03-20,274000,-3.18,4471672750
2025-03-21,274500,0.18,4274208250
2025-03-24,282000,2.73,7833947250
2025-03-25,274500,-2.66,3688790750
2025-03-26,273000,-0.55,2394475750
2025-03-27,268000,-1.83,4176648500
2025-03-28,264500,-1.31,5371290750
2025-03-31,252500,-4.54,5277314750
2025-04-01,262500,3.96,4173056500
2025-04-02,265000,0.95,5423208000
2025-04-03,255500,-3.58,6223836000
2025-04-04,256500,0.39,3484236750
2025-04-07,239000,-6.82,4646777250
2025-04-08,241000,0.84,3244173500
2025-04-09,231500,-3.94,4648570750
2025-04-10,244500,5.62,3723600000
2025-04-11,241500,-1.23,3087191000
2025-04-14,241000,-0.21,3541302500
2025-04-15,243000,0.83,2936488500
2025-04-16,238000,-2.06,3234098750
2025-04-17,242000,1.68,3332852750
2025-04-18,242500,0.21,1966270250
2025-04-21,237500,-2.06,6038686250
2025-04-22,243000,2.32,5167550000
2025-04-23,247000,1.65,6482687000
2025-04-24,246500,-0.2,3086432000
2025-04-25,249000,1.01,4305672500
2025-04-28,249500,0.2,3221087250
2025-04-29,248500,-0.4,5035445750
2025-04-30,249500,0.4,2750476000
2025-05-02,252500,1.2,4281644250
2025-05-07,250000,-0.99,5279600000
2025-05-08,255000,2.0,6066010750
2025-05-09,262000,2.75,7033838250
2025-05-12,267500,2.1,5401332250
2025-05-13,264500,-1.12,4600579000
2025-05-14,265000,0.19,4566315000
2025-05-15,265000,0.0,4982523750
2025-05-16,259000,-2.26,6698593750
2025-05-19,253500,-2.12,3261045000
2025-05-20,258000,1.78,4028516500
2025-05-21,270500,4.84,9619322000
2025-05-22,270500,0.0,17929525000
2025-05-23,272000,0.55,4847484000
2025-05-26,284000,4.41,9612310500
2025-05-27,283000,-0.35,9219318250
2025-05-28,294500,4.06,13613632500
2025-05-29,312000,5.94,21605262500
2025-05-30,307500,-1.44,15430947250
2025-06-02,302000,-1.79,7210331750
2025-06-04,325000,7.62,18755209000
2025-06-05,327500,0.77,17577265250
2025-06-09,327000,-0.15,13254871250
2025-06-10,323000,-1.22,13955557750
2025-06-11,327500,1.39,12703805250
2025-06-12,322500,-1.53,12056571000
2025-06-13,315000,-2.33,13953862000
2025-06-16,318500,1.11,11753733500
2025-06-17,317000,-0.47,7054117000
2025-06-18,313000,-1.26,7217066250
2025-06-19,312000,-0.32,10262921250
2025-06-20,314000,0.64,10719043500
2025-06-23,304500,-3.03,9746162250
2025-06-24,308000,1.15,9760911250
2025-06-25,311000,0.97,10057575500
2025-06-26,310500,-0.16,8567374750
2025-06-27,309500,-0.32,8255513250
2025-06-30,312000,0.81,7355813750
2025-07-01,322500,3.37,16137402250
2025-07-02,323000,0.16,7962116500
2025-07-03,316500,-2.01,8873141500
2025-07-04,316000,-0.16,11223462250
2025-07-07,317000,0.32,7570986750
2025-07-08,326500,3.0,10517747500
2025-07-09,356000,9.04,39404001750
2025-07-10,367000,3.09,31263919250
2025-07-11,357000,-2.72,9909099250
2025-07-14,371500,4.06,32694973750
2025-07-15,372500,0.27,9860969250
2025-07-16,388000,4.16,41585017500
2025-07-17,390000,0.52,15443381750
2025-07-18,379000,-2.82,21105291000
2025-07-21,375000,-1.06,18255700250
2025-07-22,373500,-0.4,9617723250
2025-07-23,369500,-1.07,10843851750
2025-07-24,366000,-0.95,10322528250
2025-07-25,366500,0.14,5680396250
2025-07-28,370000,0.95,13579928750
2025-07-29,380000,2.7,13866603500
2025-07-30,378000,-0.53,8600608500
2025-07-31,370000,-2.12,7247524500
2025-08-01,350500,-5.27,18771703000
2025-08-04,376000,7.28,26307966500
2025-08-05,398000,5.85,26627420000
2025-08-06,393000,-1.26,7090709750
2025-08-07,385000,-2.04,11470980250
2025-08-08,386000,0.26,6793068000
2025-08-11,379000,-1.81,8806259250
2025-08-12,376000,-0.79,5833784500
2025-08-13,377000,0.27,6178910500
2025-08-14,378000,0.27,10469193250
2025-08-18,373500,-1.19,6284161000
2025-08-19,372000,-0.4,5230155000
2025-08-20,365500,-1.75,8817729500
2025-08-21,363000,-0.68,5120525500
2025-08-22,367500,1.24,6596177250
2025-08-25,375000,2.04,4800231250
2025-08-26,374500,-0.13,6334196000
2025-08-27,384500,2.67,8724137500
2025-08-28,393000,2.21,14868921250
2025-08-29,398000,1.27,7475206750
2025-09-01,395000,-0.75,7398048500
2025-09-02,393500,-0.38,5350343250
2025-09-03,391500,-0.51,5438831250
2025-09-04,392000,0.13,5195425000
2025-09-05,405000,3.32,10553574250
2025-09-08,411000,1.48,8055133500
2025-09-09,413000,0.49,9256056750
2025-09-10,418000,1.21,12660911250
2025-09-11,418000,0.0,12720044000
2025-09-12,418000,0.0,10270318000
2025-09-15,437500,4.67,17042732000
2025-09-16,433000,-1.03,7448661250
2025-09-17,423000,-2.31,6925534000
2025-09-18,428500,1.3,7618570250
2025-09-19,428000,-0.12,6331426250
2025-09-22,425500,-0.58,5931962500
2025-09-23,417000,-2.0,12084414500
2025-09-24,368000,-11.75,120026549250
2025-09-25,363000,-1.36,25978529500
2025-09-26,357000,-1.65,23981687500
2025-09-29,359000,0.56,13603767250
2025-09-30,384000,6.96,67255174500
2025-10-01,372000,-3.13,14706263250
2025-10-02,374000,0.54,23095627000
2025-10-10,384500,2.81,18386824250
2025-10-13,378500,-1.56,9170760500
2025-10-14,373000,-1.45,12247592500
2025-10-15,387500,3.89,12819504250
2025-10-16,393500,1.55,11128050000
2025-10-17,395500,0.51,14595813500
2025-10-20,396000,0.13,10792068750
2025-10-21,391500,-1.14,17671675500
2025-10-22,417500,6.64,18064634000
2025-10-23,413500,-0.96,10773077500
2025-10-24,417500,0.97,8452244250
2025-10-27,439500,5.27,20438467500
2025-10-28,434500,-1.14,8832898000
2025-10-29,453000,4.26,14921826250
2025-10-30,444000,-1.99,10114012250
2025-10-31,439500,-1.01,6993877750
2025-11-03,440000,0.11,9444462000
2025-11-04,427000,-2.95,12135003250
2025-11-05,405500,-5.04,14317351000
2025-11-06,419000,3.33,13279848250
2025-11-07,404000,-3.58,9475384500
2025-11-10,428000,5.94,15671300750
2025-11-11,414500,-3.15,8984670500
2025-11-12,430000,3.74,9676496000
2025-11-13,420000,-2.33,10741719250
2025-11-14,407000,-3.1,7694363250
2025-11-17,428000,5.16,24477321250
2025-11-18,412500,-3.62,9586447750
2025-11-19,406500,-1.45,8496646500
2025-11-20,415000,2.09,18579201500
2025-11-21,400500,-3.49,7904039250
2025-11-24,401500,0.25,8612355750
2025-11-25,408000,1.62,12158158500
2025-11-26,415000,1.72,9063714250
2025-11-27,417000,0.48,5881798000
2025-11-28,417000,0.0,5526686000
2025-12-01,418500,0.36,7337088500
2025-12-02,420500,0.48,4930647000
2025-12-03,437000,3.92,23112094000
2025-12-04,431000,-1.37,6988877750
2025-12-05,429000,-0.46,6567320000
2025-12-08,435500,1.52,5822604000
2025-12-09,438000,0.57,5887225500
2025-12-10,427000,-2.51,5784594000
2025-12-11,425000,-0.47,17429555250
2025-12-12,438000,3.06,10797602000
2025-12-15,432000,-1.37,5615570750
2025-12-16,420500,-2.66,7875710000
2025-12-17,424500,0.95,6417965750
2025-12-18,415000,-2.24,7513037750
2025-12-19,416000,0.24,6395352750
2025-12-22,419500,0.84,12045760750
2025-12-23,416500,-0.72,7244571000
2025-12-24,417500,0.24,4195436000
2025-12-26,410500,-1.68,7651222000
2025-12-29,419000,2.07,6803262250
2025-12-30,420500,0.36,7061105000
2026-01-02,393000,-6.54,28475992750
2026-01-05,400000,1.78,18241972000
2026-01-06,398000,-0.5,14219123500
2026-01-07,401000,0.75,12163180750
2026-01-08,403000,0.5,20735389500
2026-01-09,400000,-0.74,7984853000
2026-01-12,409500,2.38,9723665500
2026-01-13,425500,3.91,11076969250
2026-01-14,446500,4.94,21161013500
2026-01-15,441000,-1.23,10731341500
2026-01-16,439000,-0.45,12082122000
2026-01-19,429500,-2.16,11925546750
2026-01-20,438000,1.98,16236087500
2026-01-21,438500,0.11,8328377750
2026-01-22,443500,1.14,9718998250
2026-01-23,474500,6.99,28884913250
2026-01-26,461000,-2.85,10783620000
2026-01-27,459500,-0.33,13301128000
2026-01-28,466000,1.41,12514188250
2026-01-29,490000,5.15,22600828500
2026-01-30,489000,-0.2,17992693500
2026-02-02,474000,-3.07,17702620750
2026-02-03,497500,4.96,14635553750
2026-02-04,514000,3.32,18248316500
2026-02-05,474000,-7.78,25838918500
2026-02-06,462500,-2.43,15784538750
2026-02-09,485500,4.97,11789177500
2026-02-10,489500,0.82,9040526000
2026-02-11,549000,12.16,44627106750
2026-02-12,556000,1.28,26418661000
2026-02-13,563000,1.26,36475747500
2026-02-19,584000,3.73,22773709500
2026-02-20,583000,-0.17,15496133000
2026-02-23,599000,2.74,25772614500
2026-02-24,611000,2.0,26225013000
2026-02-25,675000,10.47,44543094500
2026-02-26,680000,0.74,35340572000
2026-02-27,651000,-4.26,30872309500
2026-03-03,583000,-10.45,36516373500
2026-03-04,495000,-15.09,24817756750
2026-03-05,539000,8.89,25414159500
2026-03-06,538000,-0.19,12839971000
2026-03-09,493500,-8.27,14438579000
2026-03-10,511000,3.55,17006674000
2026-03-11,560000,9.59,33987801500
2026-03-12,539000,-3.75,23781876500
2026-03-13,513000,-4.82,18890374000
2026-03-16,511000,-0.39,11452128000
2026-03-17,530000,3.72,18784773000
2026-03-18,558000,5.28,18505979500
2026-03-19,534000,-4.3,13287872000
2026-03-20,546000,2.25,15243644000
2026-03-23,496000,-9.16,12387921500
2026-03-24,517000,4.23,9121242000
2026-03-25,533000,3.09,16663103500
2026-03-26,525000,-1.5,10716243500
2026-03-27,525000,0.0,13612444500
2026-03-30,500000,-4.76,13521237250
2026-03-31,482000,-3.6,12617649750
2026-04-01,504000,4.56,13425284750
2026-04-02,462500,-8.23,33707273500
2026-04-03,464000,0.32,13137662000
2026-04-06,457000,-1.51,15360597750
2026-04-07,461000,0.88,14066619250
2026-04-08,518000,12.36,24204555750
2026-04-09,521000,0.58,19060532000
2026-04-10,526000,0.96,13118292000
2026-04-13,504000,-4.18,16124323750
2026-04-14,542000,7.54,18958794000
2026-04-15,547000,0.92,16900343000
2026-04-16,560000,2.38,18045333500
2026-04-17,541000,-3.39,22513232000
2026-04-20,554000,2.4,25371661000
2026-04-21,555000,0.18,22574221500
2026-04-22,551000,-0.72,17491141000
2026-04-23,561000,1.81,21501663000
2026-04-24,557000,-0.71,11698332500
2026-04-27,552000,-0.9,13882559000
2026-04-28,553000,0.18,13677345000
2026-04-29,576000,4.16,22062414500
2026-04-30,555000,-3.65,15202974000
2026-05-04,574000,3.42,18641083000
2026-05-06,623000,8.54,75565511500
2026-05-07,591000,-5.14,31246389000
2026-05-08,606000,2.54,17818438000
2026-05-11,606000,0.0,29990148000
2026-05-12,581000,-4.13,32475273000
2026-05-13,572000,-1.55,25706185500
2026-05-14,577000,0.87,19130898000
2026-05-15,534000,-7.45,27641014500
2026-05-18,522000,-2.25,20764533750
2026-05-19,499500,-4.31,24120361500
2026-05-20,483000,-3.3,19169630750
2026-05-21,530000,9.73,18747189500
2026-05-22,537000,1.32,8438485500
2026-05-26,575000,7.08,45263731000
2026-05-27,567000,-1.39,19280923000
2026-05-28,550000,-3.0,21489520500
2026-05-29,550000,0.0,27754265500
2026-06-01,554000,0.73,26415350000
2026-06-02,560000,1.08,19410240000
2026-06-04,579000,3.39,27901524000
2026-06-05,542000,-6.39,17599568000
2026-06-08,488000,-9.96,14360414500
2026-06-09,498000,2.05,15621191500
2026-06-10,488500,-1.91,13942891000
2026-06-11,490500,0.41,35326706750
2026-06-12,504000,2.75,13911857500
2026-06-15,558000,10.71,23818639500
2026-06-16,560000,0.36,16831999500
2026-06-17,549000,-1.96,12693553500
2026-06-18,533000,-2.91,17509514000
2026-06-19,524000,-1.69,27540213000
2026-06-22,517000,-1.34,12912327000
2026-06-23,478500,-7.45,19129230000
2026-06-24,479000,0.1,25475987500
2026-06-25,533000,11.27,41404890000
2026-06-26,494500,-7.22,29961810000
2026-06-29,490500,-0.81,21163038750
2026-06-30,486500,-0.82,25825290500
2026-07-01,477000,-1.95,17377761750
2026-07-02,470000,-1.47,16928349500
2026-07-03,489000,4.04,13248622500
2026-07-06,485000,-0.82,6885762500
2026-07-07,472000,-2.68,10940544750
2026-07-08,447500,-5.19,15069343750
2026-07-09,444500,-0.67,16367211500
2026-07-10,453500,2.02,7932077250
2026-07-13,434000,-4.3,12132758250
2026-07-14,418500,-3.57,16595305000
2026-07-15,431500,3.11,9999236000
2026-07-16,420000,-2.67,7221468750
2026-07-20,391000,-6.9,8264085000
2026-07-21,408500,4.48,10200887250
2026-07-22,419500,2.69,9633537250
2026-07-23,440500,5.01,8490027750
2026-07-24,421500,-4.31,5448098750
2026-07-27,417000,-1.07,5778713000
2026-07-28,380500,-8.75,9603622250
2026-07-29,352500,-7.36,14765526000
2026-07-30,355500,0.85,12919693750
2026-07-31,388000,9.14,10558025750
2026-08-03,370500,-4.51,7957657750
2026-08-04,396500,7.02,11396198250
2026-08-05,432000,8.95,11527134250
2026-08-06,429500,-0.58,9943198250
2026-08-07,442000,2.91,7118452250
2026-08-10,441000,-0.23,5632455250
2026-08-11,450000,2.04,6400633500
2026-08-12,454000,0.89,9659557500
2026-08-13,456000,0.44,11097196750
2026-08-14,465500,2.08,7191590250
2026-08-18,454500,-2.36,7397213000
2026-08-19,437500,-3.74,8822449000
2026-08-20,474500,8.46,19631519250
2026-08-21,484000,2.0,20643302000
2026-08-24,452000,-6.61,14979733000
2026-08-25,454000,0.44,8407304250
2026-08-26,472000,3.96,8623010750
2026-08-27,469500,-0.53,9540531500
2026-08-28,473500,0.85,9147492750
2026-08-31,474000,0.11,8717177250
2026-09-01,493500,4.11,12813660000
2026-09-02,479500,-2.84,14002304250
2026-09-03,485000,1.15,13851574250
2026-09-04,482000,-0.62,14501352750
2026-09-07,498500,3.42,9410524942
2026-09-08,500000,0.3,14470172250
2026-09-09,503000,0.6,15931121750
2026-09-10,495000,-1.59,22904006500
2026-09-11,485500,-1.92,13128037250
2026-09-14,473500,-2.47,8199769250
2026-09-15,470000,-0.74,15196289750
2026-09-16,466000,-0.85,9895306000
2026-09-17,461500,-0.97,10731032250
2026-09-18,468000,1.41,15974012500
2026-09-21,465000,-0.64,6682773500
2026-09-22,467500,0.54,11251478750
2026-09-23,476000,1.82,8944225750
