date,close,change_pct,trading_value
2015-01-02,485500,-0.10000000149011612,1146640500
2015-01-05,502000,3.4000000953674316,1424476000
2015-01-06,489000,-2.5899999141693115,982780000
2015-01-07,486500,-0.5099999904632568,1768767000
2015-01-08,495000,1.75,1043945000
2015-01-09,494000,-0.20000000298023224,548984000
2015-01-12,486000,-1.6200000047683716,1016024500
2015-01-13,486500,0.10000000149011612,1553542000
2015-01-14,475500,-2.259999990463257,1624860000
2015-01-15,476000,0.10999999940395355,2259158000
2015-01-16,472000,-0.8399999737739563,1647849500
2015-01-19,474000,0.41999998688697815,1172817500
2015-01-20,488500,3.059999942779541,1402108500
2015-01-21,499000,2.1500000953674316,1916516500
2015-01-22,497500,-0.30000001192092896,962689000
2015-01-23,507000,1.909999966621399,762044000
2015-01-26,503000,-0.7900000214576721,1270101000
2015-01-27,517000,2.7799999713897705,1205402000
2015-01-28,539000,4.260000228881836,2018607000
2015-01-29,550000,2.0399999618530273,2217080000
2015-01-30,569000,3.450000047683716,3007434000
2015-02-02,565000,-0.699999988079071,1581706000
2015-02-03,579000,2.4800000190734863,2148359000
2015-02-04,583000,0.6899999976158142,1988961000
2015-02-05,594000,1.8899999856948853,1106140000
2015-02-06,594000,0.0,1316517000
2015-02-09,581000,-2.190000057220459,2409031000
2015-02-10,569000,-2.069999933242798,1756580000
2015-02-11,590000,3.690000057220459,1413363000
2015-02-12,581000,-1.5299999713897705,838192000
2015-02-13,595000,2.4100000858306885,974508000
2015-02-16,601000,1.0099999904632568,1199427000
2015-02-17,604000,0.5,1212018000
2015-02-23,613000,1.4900000095367432,1396588000
2015-02-24,612000,-0.1599999964237213,1145131000
2015-02-25,600000,-1.9600000381469727,991108000
2015-02-26,587000,-2.1700000762939453,1089242000
2015-02-27,596000,1.5299999713897705,1312623000
2015-03-02,598000,0.3400000035762787,1468725000
2015-03-03,589000,-1.5099999904632568,1162782000
2015-03-04,596000,1.190000057220459,1359269000
2015-03-05,598000,0.3400000035762787,1006471000
2015-03-06,606000,1.340000033378601,1274146000
2015-03-09,588000,-2.9700000286102295,1017033000
2015-03-10,576000,-2.0399999618530273,1849336000
2015-03-11,558000,-3.130000114440918,2835557000
2015-03-12,548000,-1.7899999618530273,2697462000
2015-03-13,572000,4.380000114440918,1438008000
2015-03-16,583000,1.9199999570846558,1168595000
2015-03-17,587000,0.6899999976158142,2324149000
2015-03-18,575000,-2.0399999618530273,1320884000
2015-03-19,580000,0.8700000047683716,1659526000
2015-03-20,575000,-0.8600000143051147,1800213000
2015-03-23,582000,1.2200000286102295,1405688000
2015-03-24,593000,1.8899999856948853,1571972000
2015-03-25,594000,0.17000000178813934,1620135000
2015-03-26,607000,2.190000057220459,2091762000
2015-03-27,605000,-0.33000001311302185,1330793000
2015-03-30,607000,0.33000001311302185,1543284000
2015-03-31,597000,-1.649999976158142,2212551000
2015-04-01,603000,1.0099999904632568,1778519000
2015-04-02,605000,0.33000001311302185,1223512000
2015-04-03,606000,0.17000000178813934,348186000
2015-04-06,598000,-1.3200000524520874,1388292000
2015-04-07,607000,1.5099999904632568,1392702000
2015-04-08,609000,0.33000001311302185,1879902000
2015-04-09,613000,0.6600000262260437,1929608000
2015-04-10,658000,7.340000152587891,3605363000
2015-04-13,663000,0.7599999904632568,3622851000
2015-04-14,668000,0.75,2864357000
2015-04-15,661000,-1.0499999523162842,2261737000
2015-04-16,671000,1.5099999904632568,1634132000
2015-04-17,711000,5.960000038146973,5137801000
2015-04-20,699000,-1.690000057220459,2649933000
2015-04-21,684000,-2.1500000953674316,2452517000
2015-04-22,677000,-1.0199999809265137,3642856000
2015-04-23,700000,3.4000000953674316,3129664000
2015-04-24,721000,3.0,5152580000
2015-04-27,754000,4.579999923706055,3672634000
2015-04-28,722000,-4.239999771118164,3890764000
2015-04-29,723000,0.14000000059604645,2787310000
2015-04-30,704000,-2.630000114440918,2744410000
2015-05-04,728000,3.4100000858306885,3235587000
2015-05-06,691000,-5.079999923706055,3241535000
2015-05-07,690000,-0.14000000059604645,2881727000
2015-05-08,715000,3.619999885559082,3090283000
2015-05-11,740000,3.5,2736861000
2015-05-12,717000,-3.109999895095825,2964157000
2015-05-13,716000,-0.14000000059604645,1716810000
2015-05-14,715000,-0.14000000059604645,1739134000
2015-05-15,725000,1.399999976158142,2824503000
2015-05-18,749000,3.309999942779541,4024475000
2015-05-19,746000,-0.4000000059604645,5904306000
2015-05-20,763000,2.2799999713897705,2369807000
2015-05-21,776000,1.7000000476837158,4328938000
2015-05-22,775000,-0.12999999523162842,3571344000
2015-05-26,749000,-3.3499999046325684,3175799000
2015-05-27,735000,-1.8700000047683716,3307787000
2015-05-28,709000,-3.5399999618530273,4047109000
2015-05-29,725000,2.259999990463257,3378297000
2015-06-01,726000,0.14000000059604645,2144541000
2015-06-02,710000,-2.200000047683716,1962192000
2015-06-03,684000,-3.6600000858306885,2966322000
2015-06-04,664000,-2.9200000762939453,4482954000
2015-06-05,663000,-0.15000000596046448,3940112000
2015-06-08,682000,2.869999885559082,2490846000
2015-06-09,667000,-2.200000047683716,4820877000
2015-06-10,674000,1.0499999523162842,4595576000
2015-06-11,692000,2.6700000762939453,4337900000
2015-06-12,727000,5.059999942779541,4249086000
2015-06-15,721000,-0.8299999833106995,3016145000
2015-06-16,719000,-0.2800000011920929,3375690000
2015-06-17,710000,-1.25,2173949000
2015-06-18,740000,4.230000019073486,4678960000
2015-06-19,728000,-1.6200000047683716,2586417000
2015-06-22,742000,1.9199999570846558,2202654000
2015-06-23,746000,0.5400000214576721,2243907000
2015-06-24,737000,-1.2100000381469727,1978054000
2015-06-25,768000,4.210000038146973,3896283000
2015-06-26,772000,0.5199999809265137,2849398000
2015-06-29,784000,1.5499999523162842,3740000000
2015-06-30,794000,1.2799999713897705,4110732000
2015-07-01,779000,-1.8899999856948853,3457202000
2015-07-02,815000,4.619999885559082,3384569000
2015-07-03,815000,0.0,1432398000
2015-07-06,789000,-3.190000057220459,2723437000
2015-07-07,797000,1.0099999904632568,3869970000
2015-07-08,806000,1.1299999952316284,3668690000
2015-07-09,819000,1.6100000143051147,3640739000
2015-07-10,819000,0.0,2701577000
2015-07-13,852000,4.03000020980835,1850118000
2015-07-14,854000,0.23000000417232513,3480347000
2015-07-15,880000,3.0399999618530273,1468965000
2015-07-16,841000,-4.429999828338623,4695944000
2015-07-17,832000,-1.0700000524520874,4768601000
2015-07-20,868000,4.329999923706055,2475533000
2015-07-21,884000,1.840000033378601,2800915000
2015-07-22,856000,-3.1700000762939453,4193231000
2015-07-23,858000,0.23000000417232513,2605903000
2015-07-24,853000,-0.5799999833106995,2005511000
2015-07-27,826000,-3.1700000762939453,3185855000
2015-07-28,836000,1.2100000381469727,2526156000
2015-07-29,837000,0.11999999731779099,3560711000
2015-07-30,836000,-0.11999999731779099,2357405000
2015-07-31,822000,-1.6699999570846558,2190192000
2015-08-03,877000,6.690000057220459,4014441000
2015-08-04,910000,3.759999990463257,5101001000
2015-08-05,974000,7.03000020980835,14813013400
2015-08-06,1095000,12.420000076293945,8377159000
2015-08-07,1148000,4.840000152587891,11286721000
2015-08-10,1286000,12.020000457763672,36585323000
2015-08-11,1170000,-9.020000457763672,30512315000
2015-08-12,1107000,-5.380000114440918,24688991000
2015-08-13,1095000,-1.0800000429153442,12945462000
2015-08-17,1094000,-0.09000000357627869,9281895000
2015-08-18,1067000,-2.4700000286102295,9304359000
2015-08-19,1009000,-5.440000057220459,14677590000
2015-08-20,1001000,-0.7900000214576721,7307879000
2015-08-21,970000,-3.0999999046325684,11590297000
2015-08-24,945000,-2.5799999237060547,8922339000
2015-08-25,970000,2.6500000953674316,10426554000
2015-08-26,1009000,4.019999980926514,10338439000
2015-08-27,1113000,10.3100004196167,21490608000
2015-08-28,1079000,-3.049999952316284,16026336000
2015-08-31,1042000,-3.430000066757202,7406397000
2015-09-01,986000,-5.369999885559082,13074432000
2015-09-02,964000,-2.2300000190734863,9519105000
2015-09-03,979000,1.559999942779541,7759544000
2015-09-04,915000,-6.539999961853027,9384586000
2015-09-07,913000,-0.2199999988079071,6558565000
2015-09-08,911000,-0.2199999988079071,5319695000
2015-09-09,953000,4.610000133514404,8056750000
2015-09-10,987000,3.569999933242798,7216126000
2015-09-11,978000,-0.9100000262260437,5541559000
2015-09-14,969000,-0.9200000166893005,3289950000
2015-09-15,942000,-2.7899999618530273,5080031000
2015-09-16,952000,1.059999942779541,7379859000
2015-09-17,944000,-0.8399999737739563,7113487000
2015-09-18,996000,5.510000228881836,11408031000
2015-09-21,968000,-2.809999942779541,3914311000
2015-09-22,988000,2.069999933242798,4880905000
2015-09-23,975000,-1.3200000524520874,3851938000
2015-09-24,1017000,4.309999942779541,10511767000
2015-09-25,1020000,0.28999999165534973,6630196000
2015-09-30,1039000,1.8600000143051147,11903521000
2015-10-01,1090000,4.909999847412109,10771428000
2015-10-02,1072000,-1.649999976158142,8237864000
2015-10-05,1088000,1.4900000095367432,13092745000
2015-10-06,1130000,3.859999895095825,9024488000
2015-10-07,1028000,-9.029999732971191,14515280000
2015-10-08,1046000,1.75,9372768000
2015-10-12,1043000,-0.28999999165534973,10089393000
2015-10-13,1043000,0.0,8793047000
2015-10-14,1026000,-1.6299999952316284,10144393000
2015-10-15,1051000,2.440000057220459,10873177000
2015-10-16,1062000,1.0499999523162842,8664928000
2015-10-19,1067000,0.4699999988079071,7500989000
2015-10-20,1080000,1.2200000286102295,4164639000
2015-10-21,1082000,0.1899999976158142,4594932000
2015-10-22,999000,-7.670000076293945,20213715000
2015-10-23,989000,-1.0,12762307000
2015-10-26,1003000,1.4199999570846558,4880861000
2015-10-27,1057000,5.380000114440918,12247860000
2015-10-28,1093000,3.4100000858306885,9670112000
2015-10-29,1099000,0.550000011920929,8233980000
2015-10-30,1049000,-4.550000190734863,10239942000
2015-11-02,1023000,-2.4800000190734863,6473864000
2015-11-03,1022000,-0.10000000149011612,7364387000
2015-11-04,1021000,-0.10000000149011612,8920519000
2015-11-05,1033000,1.1799999475479126,6113779000
2015-11-06,1010000,-2.2300000190734863,4846010000
2015-11-09,995000,-1.4900000095367432,5500071000
2015-11-10,996000,0.10000000149011612,4567306000
2015-11-11,1004000,0.800000011920929,6292002000
2015-11-12,1040000,3.5899999141693115,7639594000
2015-11-13,1005000,-3.369999885559082,12509349000
2015-11-16,1021000,1.590000033378601,6945916000
2015-11-17,1051000,2.940000057220459,9428388000
2015-11-18,1035000,-1.5199999809265137,5686638000
2015-11-19,1056000,2.0299999713897705,8155446000
2015-11-20,1051000,-0.4699999988079071,7037396000
2015-11-23,1044000,-0.6700000166893005,7289318000
2015-11-24,1039000,-0.47999998927116394,8568425000
2015-11-25,1054000,1.440000057220459,10308957000
2015-11-26,1058000,0.3799999952316284,7700186000
2015-11-27,1061000,0.2800000011920929,10950047000
2015-11-30,1041000,-1.8899999856948853,105276758000
2015-12-01,1068000,2.5899999141693115,8013864000
2015-12-02,1039000,-2.7200000286102295,8534271000
2015-12-03,1035000,-0.3799999952316284,6432520000
2015-12-04,1005000,-2.9000000953674316,5509043000
2015-12-07,1032000,2.690000057220459,8258783000
2015-12-08,1043000,1.0700000524520874,6292085000
2015-12-09,1041000,-0.1899999976158142,6743448000
2015-12-10,1080000,3.75,8146674000
2015-12-11,1101000,1.940000057220459,7946772000
2015-12-14,1141000,3.630000114440918,10199896000
2015-12-15,1115000,-2.2799999713897705,8134692000
2015-12-16,1125000,0.8999999761581421,5970242000
2015-12-17,1135000,0.8899999856948853,4772709000
2015-12-18,1159000,2.109999895095825,7399177000
2015-12-21,1191000,2.759999990463257,5286150000
2015-12-22,1197000,0.5,4800488000
2015-12-23,1184000,-1.090000033378601,3889510000
2015-12-24,1173000,-0.9300000071525574,4811882000
2015-12-28,1200000,2.299999952316284,6339420000
2015-12-29,1206000,0.5,5410524000
2015-12-30,1225000,1.5800000429153442,7106433000
2016-01-04,1255000,2.45,7514681000
2016-01-05,1255000,0.0,11586814000
2016-01-06,1273000,1.43,10212890000
2016-01-07,1294000,1.65,7530292000
2016-01-08,1295000,0.08,6053306000
2016-01-11,1283000,-0.93,6048048000
2016-01-12,1277000,-0.47,5410207000
2016-01-13,1258000,-1.49,9049804000
2016-01-14,1238000,-1.59,8316162000
2016-01-15,1280000,3.39,9322500000
2016-01-18,1300000,1.56,6316520000
2016-01-19,1315000,1.15,7652361000
2016-01-20,1295000,-1.52,6591318000
2016-01-21,1319000,1.85,6691340000
2016-01-22,1425000,8.04,16005423000
2016-01-25,1377000,-3.37,13789804000
2016-01-26,1369000,-0.58,7842177000
2016-01-27,1376000,0.51,10340243000
2016-01-28,1383000,0.51,6765138000
2016-01-29,1414000,2.24,9287713000
2016-02-01,1384000,-2.12,11813939000
2016-02-02,1409000,1.81,8905110000
2016-02-03,1410000,0.07,5800391000
2016-02-04,1381000,-2.06,7003662000
2016-02-05,1259000,-8.83,23174045000
2016-02-11,1242000,-1.35,9199139000
2016-02-12,1180000,-4.99,13316925000
2016-02-15,1274000,7.97,11869076000
2016-02-16,1298000,1.88,8986600000
2016-02-17,1230000,-5.24,14923596000
2016-02-18,1240000,0.81,12530243000
2016-02-19,1238000,-0.16,12191282000
2016-02-22,1241000,0.24,6909728000
2016-02-23,1218000,-1.85,10380237000
2016-02-24,1172000,-3.78,14073265000
2016-02-25,1162000,-0.85,14512673000
2016-02-26,1189000,2.32,10806301000
2016-02-29,1146000,-3.62,18015193000
2016-03-02,1186000,3.49,13606114000
2016-03-03,1217000,2.61,15091618000
2016-03-04,1070000,-12.08,41604016000
2016-03-07,1072000,0.19,16327586000
2016-03-08,1037000,-3.26,16824170000
2016-03-09,1043000,0.58,16126687000
2016-03-10,1043000,0.0,7496943000
2016-03-11,1050000,0.67,8644464000
2016-03-14,1018000,-3.05,12235756000
2016-03-15,1020000,0.2,9890108000
2016-03-16,1033000,1.27,9417925000
2016-03-17,1019000,-1.36,12216311000
2016-03-18,999000,-1.96,30557345000
2016-03-21,986000,-1.3,13983164000
2016-03-22,1004000,1.83,11633811000
2016-03-23,997000,-0.7,7506161000
2016-03-24,990000,-0.7,8012595000
2016-03-25,983000,-0.71,6466424000
2016-03-28,954000,-2.95,12853247000
2016-03-29,925000,-3.04,16680820000
2016-03-30,911000,-1.51,14137950000
2016-03-31,907000,-0.44,7378280000
2016-04-01,928000,2.32,13822127000
2016-04-04,918000,-1.08,6724010000
2016-04-05,917000,-0.11,5081029000
2016-04-06,942000,2.73,8483171000
2016-04-07,928000,-1.49,5962733000
2016-04-08,914000,-1.51,6945247000
2016-04-11,887000,-2.95,7618010000
2016-04-12,856000,-3.49,11394054000
2016-04-14,864000,0.93,6830165000
2016-04-15,888000,2.78,6340026000
2016-04-18,877000,-1.24,8411670000
2016-04-19,878000,0.11,4691146000
2016-04-20,864000,-1.59,7337309000
2016-04-21,870000,0.69,5066221000
2016-04-22,855000,-1.72,4982451000
2016-04-25,871000,1.87,5427891848
2016-04-26,873000,0.23,3728466000
2016-04-27,842000,-3.55,8731958000
2016-04-28,818000,-2.85,9831258000
2016-04-29,817000,-0.12,8294989000
2016-05-02,832000,1.84,4112977000
2016-05-03,854000,2.64,8694942000
2016-05-04,871000,1.99,11075953000
2016-05-09,899000,3.21,14994641000
2016-05-10,882000,-1.89,7521243000
2016-05-11,861000,-2.38,8718040000
2016-05-12,882000,2.44,6725999000
2016-05-13,871000,-1.25,3505985000
2016-05-16,882000,1.26,4390767000
2016-05-17,912000,3.4,17158326000
2016-05-18,908000,-0.44,7661600000
2016-05-19,874000,-3.74,7761248000
2016-05-20,882000,0.92,4605119000
2016-05-23,866000,-1.81,3290719000
2016-05-24,862000,-0.46,4860467000
2016-05-25,872000,1.16,5401233000
2016-05-26,871000,-0.11,4625395000
2016-05-27,886000,1.72,6383822000
2016-05-30,859000,-3.05,7473010000
2016-05-31,848000,-1.28,8641473000
2016-06-01,857000,1.06,5620434000
2016-06-02,863000,0.7,4119012000
2016-06-03,860000,-0.35,4318246000
2016-06-07,874000,1.63,3968903000
2016-06-08,885000,1.26,5461673000
2016-06-09,854000,-3.5,9727430000
2016-06-10,863000,1.05,3373575000
2016-06-13,867000,0.46,4238328000
2016-06-14,852000,-1.73,7115884000
2016-06-15,840000,-1.41,3479957000
2016-06-16,823000,-2.02,4516652000
2016-06-17,822000,-0.12,2964082000
2016-06-20,825000,0.36,2833856000
2016-06-21,825000,0.0,1896721000
2016-06-22,829000,0.48,2887606000
2016-06-23,818000,-1.33,2755179000
2016-06-24,790000,-3.42,6767995000
2016-06-27,798000,1.01,4242808000
2016-06-28,829000,3.88,5714149000
2016-06-29,818000,-1.33,3832230000
2016-06-30,823000,0.61,4074125000
2016-07-01,830000,0.85,3611017000
2016-07-04,845000,1.81,4554356000
2016-07-05,841000,-0.47,2657987000
2016-07-06,844000,0.36,4503395000
2016-07-07,850000,0.71,2742607000
2016-07-08,842000,-0.94,3770662000
2016-07-11,848000,0.71,2659822000
2016-07-12,843000,-0.59,2079124000
2016-07-13,837000,-0.71,2825219000
2016-07-14,821000,-1.91,5249455000
2016-07-15,809000,-1.46,4761641000
2016-07-18,808000,-0.12,3748259000
2016-07-19,805000,-0.37,3240979000
2016-07-20,806000,0.12,2695113000
2016-07-21,804000,-0.25,3519316000
2016-07-22,812000,1.0,4383501000
2016-07-25,791000,-2.59,4607649000
2016-07-26,787000,-0.51,4027577000
2016-07-27,788000,0.13,1881505000
2016-07-28,786000,-0.25,2489859000
2016-07-29,781000,-0.64,3763023204
2016-08-01,769000,-1.54,4560283000
2016-08-02,774000,0.65,3861307000
2016-08-03,755000,-2.45,4374822000
2016-08-04,753000,-0.26,4411276000
2016-08-05,745000,-1.06,5123254000
2016-08-08,771000,3.49,5473919000
2016-08-09,778000,0.91,2992082000
2016-08-10,802000,3.08,6314539000
2016-08-11,801000,-0.12,3166352000
2016-08-12,798000,-0.37,2711714000
2016-08-16,821000,2.88,6183774000
2016-08-17,809000,-1.46,4343480000
2016-08-18,780000,-3.58,4461049000
2016-08-19,760000,-2.56,5962725000
2016-08-22,740000,-2.63,4767568000
2016-08-23,727000,-1.76,6332641000
2016-08-24,717000,-1.38,5551211000
2016-08-25,718000,0.14,4267530000
2016-08-26,717000,-0.14,5331035000
2016-08-29,710000,-0.98,4302261000
2016-08-30,702000,-1.13,4418619000
2016-08-31,699000,-0.43,8744858000
2016-09-01,701000,0.29,3366635000
2016-09-02,714000,1.85,4514680000
2016-09-05,719000,0.7,2569628000
2016-09-06,710000,-1.25,2548206000
2016-09-07,680000,-4.23,8078433000
2016-09-08,687000,1.03,4526476000
2016-09-09,665000,-3.2,5179098000
2016-09-12,664000,-0.15,2267100000
2016-09-13,683000,2.86,6686563000
2016-09-19,697000,2.05,3899151000
2016-09-20,737000,5.74,10356484000
2016-09-21,734000,-0.41,3175320000
2016-09-22,743000,1.23,4563541000
2016-09-23,740000,-0.4,3983127000
2016-09-26,755000,2.03,5606465000
2016-09-27,757000,0.26,3443561000
2016-09-28,758000,0.13,3599262000
2016-09-29,755000,-0.4,2679315000
2016-09-30,750000,-0.66,3031514000
2016-10-04,742000,-1.07,1897972000
2016-10-05,744000,0.27,2454111000
2016-10-06,732000,-1.61,2769494000
2016-10-07,721000,-1.5,2164555000
2016-10-10,728000,0.97,1928261000
2016-10-11,736000,1.1,2251540000
2016-10-12,745000,1.22,1928704000
2016-10-13,720000,-3.36,3786965000
2016-10-14,710000,-1.39,2473480000
2016-10-17,695000,-2.11,3446962000
2016-10-18,703000,1.15,2546137000
2016-10-19,691000,-1.71,2039928000
2016-10-20,683000,-1.16,1982113000
2016-10-21,680000,-0.44,1278906000
2016-10-24,684000,0.59,1515273000
2016-10-25,675000,-1.32,2249222000
2016-10-26,662000,-1.93,4183046000
2016-10-27,683000,3.17,3023714000
2016-10-28,674000,-1.32,2445797000
2016-10-31,658000,-2.37,2689022000
2016-11-01,644000,-2.13,3723427000
2016-11-02,615000,-4.5,3943128000
2016-11-03,656000,6.67,4091000000
2016-11-04,660000,0.61,2063632000
2016-11-07,663000,0.45,1926341000
2016-11-08,667000,0.6,938322000
2016-11-09,660000,-1.05,2961488000
2016-11-10,659000,-0.15,2998165000
2016-11-11,650000,-1.37,2163254000
2016-11-14,646000,-0.62,2083134000
2016-11-15,716000,10.84,11875388000
2016-11-16,722000,0.84,5537641000
2016-11-17,731000,1.25,3340441000
2016-11-18,715000,-2.19,2488467000
2016-11-21,694000,-2.94,2256985000
2016-11-22,702000,1.15,2043378000
2016-11-23,691000,-1.57,2557166000
2016-11-24,673000,-2.6,2861911000
2016-11-25,675000,0.3,2397591000
2016-11-28,662000,-1.93,2542355000
2016-11-29,691000,4.38,3796120000
2016-11-30,692000,0.14,3292030000
2016-12-01,687000,-0.72,2131866000
2016-12-02,670000,-2.47,2226222000
2016-12-05,663000,-1.04,1580657000
2016-12-06,662000,-0.15,2556753000
2016-12-07,655000,-1.06,2480116000
2016-12-08,673000,2.75,2810206000
2016-12-09,663000,-1.49,1842879000
2016-12-12,672000,1.36,1941080000
2016-12-13,688000,2.38,3701024000
2016-12-14,688000,0.0,1668076000
2016-12-15,687000,-0.15,1622628000
2016-12-16,713000,3.78,7344499000
2016-12-19,702000,-1.54,3657826000
2016-12-20,693000,-1.28,1767366000
2016-12-21,681000,-1.73,2691704000
2016-12-22,668000,-1.91,2986341000
2016-12-23,666000,-0.3,3398559000
2016-12-26,664000,-0.3,2612842000
2016-12-27,670000,0.9,1676421000
2016-12-28,664000,-0.9,1686821000
2016-12-29,662000,-0.3,1414741000
2017-01-02,653000,-1.36,1384807000
2017-01-03,649000,-0.61,1905485000
2017-01-04,643000,-0.92,4012934000
2017-01-05,644000,0.16,3749369000
2017-01-06,647000,0.47,1618305000
2017-01-09,641000,-0.93,1733794000
2017-01-10,627000,-2.18,3592917000
2017-01-11,630000,0.48,3452033000
2017-01-12,637000,1.11,2079390000
2017-01-13,649000,1.88,2195301000
2017-01-16,652000,0.46,2777305000
2017-01-17,641000,-1.69,3991460000
2017-01-18,640000,-0.16,1717254000
2017-01-19,652000,1.88,2968618000
2017-01-20,664000,1.84,4198253000
2017-01-23,661000,-0.45,2851449000
2017-01-24,657000,-0.61,1270521000
2017-01-25,637000,-3.04,3924337000
2017-01-26,635000,-0.31,1707019000
2017-01-31,650000,2.36,3833908000
2017-02-01,649000,-0.15,2009725000
2017-02-02,669000,3.08,6140634000
2017-02-03,696000,4.04,10420096000
2017-02-06,765000,9.91,22119688000
2017-02-07,751000,-1.83,10713078000
2017-02-08,739000,-1.6,6519307000
2017-02-09,732000,-0.95,5118190000
2017-02-10,736000,0.55,5076605000
2017-02-13,728000,-1.09,6923065000
2017-02-14,738000,1.37,5747736000
2017-02-15,752000,1.9,8175602000
2017-02-16,744000,-1.06,4163700000
2017-02-17,740000,-0.54,2867479000
2017-02-20,732000,-1.08,4361851000
2017-02-21,725000,-0.96,5125093000
2017-02-22,724000,-0.14,5216012000
2017-02-23,749000,3.45,12367023000
2017-02-24,756000,0.93,9606615000
2017-02-27,744000,-1.59,4297066000
2017-02-28,748000,0.54,6698858000
2017-03-02,727000,-2.81,6182814000
2017-03-03,719000,-1.1,3512320000
2017-03-06,709000,-1.39,3716105000
2017-03-07,711000,0.28,2699975000
2017-03-08,699000,-1.69,3829424000
2017-03-09,698000,-0.14,4347950000
2017-03-10,709000,1.58,3224039000
2017-03-13,712000,0.42,1836736000
2017-03-14,706000,-0.84,3299508000
2017-03-15,713000,0.99,2176497000
2017-03-16,696000,-2.38,3967222000
2017-03-17,700000,0.57,3528178000
2017-03-20,706000,0.86,2204803000
2017-03-21,715000,1.27,3852034000
2017-03-22,714000,-0.14,2314651000
2017-03-23,700000,-1.96,5722029000
2017-03-24,736000,5.14,9191053000
2017-03-27,752000,2.17,8247651000
2017-03-28,762000,1.33,6441932000
2017-03-29,762000,0.0,3241125000
2017-03-30,752000,-1.31,2776886000
2017-03-31,760000,1.06,2375903000
2017-04-03,759000,-0.13,3216069000
2017-04-04,759000,0.0,2370427000
2017-04-05,764000,0.66,2462801000
2017-04-06,763000,-0.13,2004301000
2017-04-07,765000,0.26,1916883000
2017-04-10,757000,-1.05,3347414000
2017-04-11,745000,-1.59,1480019000
2017-04-12,748000,0.4,2153520000
2017-04-13,754000,0.8,2087755000
2017-04-14,751000,-0.4,1530649000
2017-04-17,754000,0.4,1813576000
2017-04-18,744000,-1.33,2535149000
2017-04-19,752000,1.08,1957913000
2017-04-20,773000,2.79,6378285000
2017-04-21,766000,-0.91,2707830000
2017-04-24,756000,-1.31,1383350000
2017-04-25,746000,-1.32,3231738000
2017-04-26,754000,1.07,3307815000
2017-04-27,743000,-1.46,3073633000
2017-04-28,737000,-0.81,3404573000
2017-05-02,735000,-0.27,2156854000
2017-05-04,738000,0.41,2657175000
2017-05-08,764000,3.52,5276448000
2017-05-10,795000,4.06,10941899000
2017-05-11,800000,0.63,5837313000
2017-05-12,794000,-0.75,3245641000
2017-05-15,803000,1.13,3890075000
2017-05-16,811000,1.0,6742129000
2017-05-17,795000,-1.97,5385970000
2017-05-18,795000,0.0,3880197000
2017-05-19,797000,0.25,2552736000
2017-05-22,798000,0.13,3361073000
2017-05-23,820000,2.76,7083899000
2017-05-24,820000,0.0,4453185000
2017-05-25,820000,0.0,5831918940
2017-05-26,825000,0.61,3298609000
2017-05-29,819000,-0.73,2748129000
2017-05-30,843000,2.93,4553329000
2017-05-31,851000,0.95,5571648000
2017-06-01,840000,-1.29,3654646000
2017-06-02,840000,0.0,3737578000
2017-06-05,837000,-0.36,2731603000
2017-06-07,830000,-0.84,4614973000
2017-06-08,864000,4.1,18025068000
2017-06-09,884000,2.31,9333275000
2017-06-12,871000,-1.47,4521200000
2017-06-13,885000,1.61,4723700000
2017-06-14,863000,-2.49,7367728000
2017-06-15,855000,-0.93,6323912000
2017-06-16,850000,-0.58,4372164000
2017-06-19,848000,-0.24,2566890000
2017-06-20,816000,-3.77,6727019000
2017-06-21,836000,2.45,7048425000
2017-06-22,813000,-2.75,4638794000
2017-06-23,815000,0.25,3680202000
2017-06-26,802000,-1.6,5172118000
2017-06-27,806000,0.5,3537931000
2017-06-28,796000,-1.24,4694363000
2017-06-29,781000,-1.88,5251363000
2017-06-30,790000,1.15,2562208000
2017-07-03,795000,0.63,2724981000
2017-07-04,796000,0.13,2279711000
2017-07-05,795000,-0.13,1631155000
2017-07-06,790000,-0.63,1910160000
2017-07-07,772000,-2.28,4233372000
2017-07-10,749000,-2.98,8151424000
2017-07-11,764000,2.0,4504466000
2017-07-12,750000,-1.83,3316226000
2017-07-13,747000,-0.4,2998617000
2017-07-14,747000,0.0,3434105000
2017-07-17,745000,-0.27,3251355000
2017-07-18,738000,-0.94,4639069000
2017-07-19,742000,0.54,4365334000
2017-07-20,753000,1.48,2562405000
2017-07-21,745000,-1.06,3345501000
2017-07-24,799000,7.25,43341741000
2017-07-25,795000,-0.5,20644691000
2017-07-26,794000,-0.13,8973073000
2017-07-27,804000,1.26,11306499000
2017-07-28,798000,-0.75,8662684000
2017-07-31,783000,-1.88,5985853000
2017-08-01,792000,1.15,6654419000
2017-08-02,783000,-1.14,5398445000
2017-08-03,777000,-0.77,4265275000
2017-08-04,764000,-1.67,5400805000
2017-08-07,765000,0.13,2464238000
2017-08-08,754000,-1.44,5948432000
2017-08-09,750000,-0.53,3043889000
2017-08-10,756000,0.8,3912439000
2017-08-11,746000,-1.32,3816240000
2017-08-14,756000,1.34,2452035000
2017-08-16,764000,1.06,4302217000
2017-08-17,762000,-0.26,2654704000
2017-08-18,773000,1.44,3122894000
2017-08-21,767000,-0.78,2095887000
2017-08-22,752000,-1.96,4108977000
2017-08-23,755000,0.4,1813718000
2017-08-24,761000,0.79,1848457000
2017-08-25,762000,0.13,1632785000
2017-08-28,766000,0.52,1212302000
2017-08-29,766000,0.0,1957184000
2017-08-30,767000,0.13,1424797000
2017-08-31,761000,-0.78,1872886000
2017-09-01,751000,-1.31,3331227000
2017-09-04,744000,-0.93,1878873000
2017-09-05,747000,0.4,1625306000
2017-09-06,744000,-0.4,1867679000
2017-09-07,744000,0.0,1991113060
2017-09-08,748000,0.54,2259772000
2017-09-11,759000,1.47,2962061000
2017-09-12,755000,-0.53,1224260000
2017-09-13,741000,-1.85,3148719000
2017-09-14,739000,-0.27,5372539000
2017-09-15,749000,1.35,3061156000
2017-09-18,740000,-1.2,2785474000
2017-09-19,751000,1.49,3446638000
2017-09-20,746000,-0.67,1926628000
2017-09-21,737000,-1.21,2336932000
2017-09-22,736000,-0.14,2376825000
2017-09-25,722000,-1.9,2852482000
2017-09-26,729000,0.97,2649729000
2017-09-27,728000,-0.14,1612809000
2017-09-28,729000,0.14,1823987000
2017-09-29,734000,0.69,1495720000
2017-10-10,743000,1.23,4204768000
2017-10-11,753000,1.35,4110514000
2017-10-12,753000,0.0,2964410000
2017-10-13,753000,0.0,2835432000
2017-10-16,753000,0.0,2434267000
2017-10-17,750000,-0.4,2685442000
2017-10-18,780000,4.0,9054843000
2017-10-19,784000,0.51,6168148000
2017-10-20,771000,-1.66,2393721000
2017-10-23,760000,-1.43,1844508000
2017-10-24,780000,2.63,2633732000
2017-10-25,765000,-1.92,3978968000
2017-10-26,770000,0.65,2248557000
2017-10-27,783000,1.69,4585353000
2017-10-30,765000,-2.3,3868433000
2017-10-31,759000,-0.78,3497937000
2017-11-01,751000,-1.05,4763135000
2017-11-02,751000,0.0,2730699000
2017-11-03,757000,0.8,2033356000
2017-11-06,758000,0.13,1457518000
2017-11-07,749000,-1.19,3312415000
2017-11-08,752000,0.4,2228896000
2017-11-09,770000,2.39,6519584000
2017-11-10,761000,-1.17,1978712000
2017-11-13,757000,-0.53,1819860000
2017-11-14,759000,0.26,1830113000
2017-11-15,753000,-0.79,2271695000
2017-11-16,752000,-0.13,1636837000
2017-11-17,789000,4.92,13966326000
2017-11-20,826000,4.69,18076712000
2017-11-21,826000,0.0,7811596000
2017-11-22,804000,-2.66,5070066000
2017-11-23,810000,0.75,2251996000
2017-11-24,800000,-1.23,2667981000
2017-11-27,808000,1.0,3444634000
2017-11-28,828000,2.48,5410227000
2017-11-29,809000,-2.29,3712083000
2017-11-30,794000,-1.85,6201861000
2017-12-01,791000,-0.38,3361616000
2017-12-04,792000,0.13,4696926000
2017-12-05,820000,3.54,6150759000
2017-12-06,795000,-3.05,4258481000
2017-12-07,800000,0.63,3796738000
2017-12-08,778000,-2.75,4988678000
2017-12-11,791000,1.67,1736683000
2017-12-12,792000,0.13,2320207000
2017-12-13,804000,1.52,3327049000
2017-12-14,794000,-1.24,5283465000
2017-12-15,821000,3.4,10142347000
2017-12-18,821000,0.0,4603159000
2017-12-19,812000,-1.1,2696403000
2017-12-20,817000,0.62,2268943000
2017-12-21,788000,-3.55,4699251000
2017-12-22,798000,1.27,1962721000
2017-12-26,802000,0.5,2842616000
2017-12-27,800000,-0.25,2414012000
2017-12-28,806000,0.75,2402097534
2018-01-02,807000,0.12,3094486000
2018-01-03,800000,-0.87,3074962000
2018-01-04,784000,-2.0,4164054000
2018-01-05,792000,1.02,3835633000
2018-01-08,792000,0.0,2661217000
2018-01-09,788000,-0.51,2783295000
2018-01-10,796000,1.02,2956447000
2018-01-11,783000,-1.63,4188176000
2018-01-12,778000,-0.64,3236472000
2018-01-15,778000,0.0,2405829000
2018-01-16,791000,1.67,2360039000
2018-01-17,778000,-1.64,2602631000
2018-01-18,775000,-0.39,2066936000
2018-01-19,779000,0.52,2176832000
2018-01-22,784000,0.64,1695864000
2018-01-23,779000,-0.64,3912505000
2018-01-24,784000,0.64,2457475000
2018-01-25,785000,0.13,2670771000
2018-01-26,796000,1.4,6554173000
2018-01-29,791000,-0.63,5224832000
2018-01-30,780000,-1.39,5033806000
2018-01-31,770000,-1.28,7722425000
2018-02-01,769000,-0.13,3781745000
2018-02-02,759000,-1.3,5088652000
2018-02-05,730000,-3.82,8835581000
2018-02-06,721000,-1.23,4575376000
2018-02-07,713000,-1.11,4050618000
2018-02-08,712000,-0.14,3577285000
2018-02-09,711000,-0.14,4650221000
2018-02-12,697000,-1.97,5219148000
2018-02-13,684000,-1.87,6080774000
2018-02-14,684000,0.0,5559302000
2018-02-19,699000,2.19,2864286000
2018-02-20,694000,-0.72,1928453000
2018-02-21,697000,0.43,1893965000
2018-02-22,700000,0.43,1815520000
2018-02-23,726000,3.71,5274268000
2018-02-26,716000,-1.38,4117229000
2018-02-27,723000,0.98,4147120000
2018-02-28,707000,-2.21,2994744000
2018-03-02,698000,-1.27,3707685000
2018-03-05,696000,-0.29,1827594000
2018-03-06,695000,-0.14,1858684000
2018-03-07,691000,-0.58,2757238000
2018-03-08,738000,6.8,11119967000
2018-03-09,735000,-0.41,4374174000
2018-03-12,733000,-0.27,2776628000
2018-03-13,725000,-1.09,3270085000
2018-03-14,723000,-0.28,2591184000
2018-03-15,733000,1.38,2848535000
2018-03-16,727000,-0.82,2210325000
2018-03-19,723000,-0.55,1030639000
2018-03-20,722000,-0.14,1993643000
2018-03-21,723000,0.14,1568543000
2018-03-22,727000,0.55,1698666000
2018-03-23,704000,-3.16,2920775000
2018-03-26,711000,0.99,1437406000
2018-03-27,708000,-0.42,1819095000
2018-03-28,712000,0.56,1088273000
2018-03-29,711000,-0.14,1380876000
2018-03-30,712000,0.14,4652369000
2018-04-02,737000,3.51,5372118000
2018-04-03,767000,4.07,10089969000
2018-04-04,762000,-0.65,5892089000
2018-04-05,764000,0.26,3431964000
2018-04-06,765000,0.13,2652827000
2018-04-09,774000,1.18,3184354000
2018-04-10,778000,0.52,3575598000
2018-04-11,774000,-0.51,2923620000
2018-04-12,772000,-0.26,1571806000
2018-04-13,761000,-1.42,2484669000
2018-04-16,781000,2.63,5087333000
2018-04-17,790000,1.15,4021337000
2018-04-18,779000,-1.39,2767329000
2018-04-19,775000,-0.51,2981204000
2018-04-20,782000,0.9,1759963000
2018-04-23,786000,0.51,3384182000
2018-04-24,786000,0.0,3336344000
2018-04-25,772000,-1.78,2328842000
2018-04-26,771000,-0.13,2401424000
2018-04-27,771000,0.0,1937842000
2018-04-30,794000,2.98,3409612000
2018-05-02,781000,-1.64,3219734000
2018-05-03,771000,-1.28,1985458000
2018-05-04,761000,-1.3,2763261000
2018-05-08,748000,-1.71,2705648000
2018-05-09,746000,-0.27,2371282000
2018-05-10,739000,-0.94,3975508000
2018-05-11,741000,0.27,3254051000
2018-05-14,746000,0.67,2276293000
2018-05-15,747000,0.13,3354078000
2018-05-16,784000,4.95,5980881000
2018-05-17,777000,-0.89,3084942000
2018-05-18,784000,0.9,3751616000
2018-05-21,783000,-0.13,2354568000
2018-05-23,773000,-1.28,2568392000
2018-05-24,772000,-0.13,1509038000
2018-05-25,758000,-1.81,2167495000
2018-05-28,779000,2.77,2384610000
2018-05-29,782000,0.39,2690153000
2018-05-30,784000,0.26,3997374000
2018-05-31,810000,3.32,12703708000
2018-06-01,857000,5.8,17988368000
2018-06-04,855000,-0.23,11914291000
2018-06-05,846000,-1.05,5034355000
2018-06-07,890000,5.2,11664162000
2018-06-08,888000,-0.22,6994806000
2018-06-11,888000,0.0,5404491000
2018-06-12,886000,-0.23,4250291000
2018-06-14,878000,-0.9,11650095000
2018-06-15,859000,-2.16,4829978000
2018-06-18,850000,-1.05,4786361000
2018-06-19,838000,-1.41,4217923000
2018-06-20,844000,0.72,4600764000
2018-06-21,821000,-2.73,4207055000
2018-06-22,860000,4.75,5781562000
2018-06-25,844000,-1.86,2705207000
2018-06-26,846000,0.24,3829898000
2018-06-27,822000,-2.84,5102081000
2018-06-28,831000,1.09,2464465000
2018-06-29,859000,3.37,7840450000
2018-07-02,837000,-2.56,3885419000
2018-07-03,835000,-0.24,3617714000
2018-07-04,835000,0.0,2138045000
2018-07-05,818000,-2.04,2551427000
2018-07-06,839000,2.57,3757410000
2018-07-09,841000,0.24,1950962000
2018-07-10,832000,-1.07,3275740000
2018-07-11,833000,0.12,2675591000
2018-07-12,844000,1.32,3258326000
2018-07-13,828000,-1.9,2451232000
2018-07-16,836000,0.97,2725909000
2018-07-17,820000,-1.91,3229673000
2018-07-18,836000,1.95,4913591000
2018-07-19,820000,-1.91,1762499000
2018-07-20,843000,2.8,3164517000
2018-07-23,869000,3.08,6566603000
2018-07-24,866000,-0.35,3279367000
2018-07-25,861000,-0.58,3804277000
2018-07-26,845000,-1.86,3697409000
2018-07-27,856000,1.3,2452156000
2018-07-30,865000,1.05,2495099000
2018-07-31,882000,1.97,5799258745
2018-08-01,877000,-0.57,3637066000
2018-08-02,884000,0.8,4119725000
2018-08-03,888000,0.45,2520410000
2018-08-06,887000,-0.11,2862202000
2018-08-07,881000,-0.68,2991844000
2018-08-08,870000,-1.25,4999634000
2018-08-09,877000,0.8,4352098000
2018-08-10,878000,0.11,2689512000
2018-08-13,867000,-1.25,2149232000
2018-08-14,815000,-6.0,4672017000
2018-08-16,800000,-1.84,8325541000
2018-08-17,782000,-2.25,6767902000
2018-08-20,751000,-3.96,11884851000
2018-08-21,748000,-0.4,6078449000
2018-08-22,741000,-0.94,4607488000
2018-08-23,746000,0.67,3504079000
2018-08-24,745000,-0.13,2957695000
2018-08-27,732000,-1.74,6771743000
2018-08-28,735000,0.41,3787354000
2018-08-29,731000,-0.54,3353874000
2018-08-30,728000,-0.41,3329940000
2018-08-31,725000,-0.41,3535347000
2018-09-03,725000,0.0,3099096000
2018-09-04,725000,0.0,2605593000
2018-09-05,718000,-0.97,4520283000
2018-09-06,722000,0.56,2167928000
2018-09-07,720000,-0.28,2709680000
2018-09-10,711000,-1.25,3273981000
2018-09-11,715000,0.56,2813787000
2018-09-12,714000,-0.14,2692557000
2018-09-13,711000,-0.42,3357150000
2018-09-14,717000,0.84,4368760000
2018-09-17,714000,-0.42,1766072000
2018-09-18,711000,-0.42,2166593000
2018-09-19,709000,-0.28,1678953000
2018-09-20,705000,-0.56,2960128000
2018-09-21,726000,2.98,5625709000
2018-09-27,740000,1.93,7573709000
2018-09-28,747000,0.95,6370300000
2018-10-01,737000,-1.34,2642346000
2018-10-02,724000,-1.76,3229198000
2018-10-04,718000,-0.83,2913594000
2018-10-05,709000,-1.25,3641930000
2018-10-08,702000,-0.99,3122358000
2018-10-10,689000,-1.85,3022372000
2018-10-11,670000,-2.76,3931342000
2018-10-12,667000,-0.45,3362652000
2018-10-15,682000,2.25,3063428000
2018-10-16,676000,-0.88,1747011000
2018-10-17,681000,0.74,1727916000
2018-10-18,666000,-2.2,3350381000
2018-10-19,663000,-0.45,3481238000
2018-10-22,668000,0.75,2529764000
2018-10-23,653000,-2.25,3090570000
2018-10-24,686000,5.05,4904861000
2018-10-25,686000,0.0,3227233000
2018-10-26,675000,-1.6,2616129000
2018-10-29,668000,-1.04,2668171000
2018-10-30,668000,0.0,2850535000
2018-10-31,659000,-1.35,4244946000
2018-11-01,654000,-0.76,3478794000
2018-11-02,662000,1.22,3896110000
2018-11-05,655000,-1.06,2062504000
2018-11-06,664000,1.37,2266351000
2018-11-07,682000,2.71,5311533000
2018-11-08,681000,-0.15,2859225000
2018-11-09,661000,-2.94,2932848000
2018-11-12,659000,-0.3,2475500000
2018-11-13,659000,0.0,2630775000
2018-11-14,679000,3.03,3468564000
2018-11-15,694000,2.21,3376729000
2018-11-16,717000,3.31,5371471000
2018-11-19,712000,-0.7,2689194000
2018-11-20,723000,1.54,3964029000
2018-11-21,727000,0.55,2670008000
2018-11-22,728000,0.14,2070970000
2018-11-23,730000,0.27,2585102000
2018-11-26,755000,3.42,6421879000
2018-11-27,756000,0.13,2918167000
2018-11-28,738000,-2.38,2603420000
2018-11-29,728000,-1.36,3200973000
2018-11-30,741000,1.79,5692383000
2018-12-03,729000,-1.62,2542039000
2018-12-04,732000,0.41,2422101000
2018-12-05,741000,1.23,1819495000
2018-12-06,736000,-0.67,2041784000
2018-12-07,731000,-0.68,1457907000
2018-12-10,736000,0.68,2509702000
2018-12-11,736000,0.0,2003484000
2018-12-12,738000,0.27,3168292000
2018-12-13,745000,0.95,4669939000
2018-12-14,743000,-0.27,2348370000
2018-12-17,744000,0.13,2845828000
2018-12-18,739000,-0.67,3168156000
2018-12-19,740000,0.14,2708634000
2018-12-20,753000,1.76,3967640000
2018-12-21,747000,-0.8,4641062000
2018-12-24,725000,-2.95,1937816000
2018-12-26,722000,-0.41,2464805000
2018-12-27,720000,-0.28,1989878000
2018-12-28,724000,0.56,1966433000
2019-01-02,716000,-1.1,1800689000
2019-01-03,726000,1.4,2177587000
2019-01-04,768000,5.79,7092390000
2019-01-07,760000,-1.04,3464229000
2019-01-08,776000,2.11,4743155000
2019-01-09,780000,0.52,4368389000
2019-01-10,770000,-1.28,2973307000
2019-01-11,786000,2.08,3197091000
2019-01-14,791000,0.64,4325394000
2019-01-15,782000,-1.14,2199156000
2019-01-16,771000,-1.41,2494139000
2019-01-17,772000,0.13,2305567000
2019-01-18,768000,-0.52,1483149000
2019-01-21,765000,-0.39,1823942000
2019-01-22,784000,2.48,2557021000
2019-01-23,800000,2.04,4013833000
2019-01-24,784000,-2.0,2674310000
2019-01-25,773000,-1.4,3425634000
2019-01-28,770000,-0.39,2235373000
2019-01-29,780000,1.3,1985320000
2019-01-30,778000,-0.26,2310395000
2019-01-31,779000,0.13,2889299000
2019-02-01,774000,-0.64,1879850000
2019-02-07,766000,-1.03,2890431000
2019-02-08,784000,2.35,2976367000
2019-02-11,788000,0.51,1893479000
2019-02-12,778000,-1.27,2102429000
2019-02-13,783000,0.64,1930933000
2019-02-14,798000,1.92,2480875000
2019-02-15,792000,-0.75,1958406000
2019-02-18,776000,-2.02,4997322000
2019-02-19,772000,-0.52,3803238000
2019-02-20,768000,-0.52,4549555000
2019-02-21,764000,-0.52,3612342000
2019-02-22,761000,-0.39,4351623000
2019-02-25,761000,0.0,2643088000
2019-02-26,766000,0.66,2930496000
2019-02-27,768000,0.26,2671830000
2019-02-28,764000,-0.52,6193204000
2019-03-04,759000,-0.65,3038892000
2019-03-05,768000,1.19,2453356000
2019-03-06,766000,-0.26,2226400000
2019-03-07,763000,-0.39,2488255000
2019-03-08,761000,-0.26,1091469000
2019-03-11,765000,0.53,4663395000
2019-03-12,767000,0.26,1629141000
2019-03-13,769000,0.26,2489670000
2019-03-14,772000,0.39,3758194000
2019-03-15,775000,0.39,5396196000
2019-03-18,782000,0.9,5127190000
2019-03-19,779000,-0.38,2047796000
2019-03-20,771000,-1.03,1779124000
2019-03-21,751000,-2.59,5227626000
2019-03-22,747000,-0.53,2160484000
2019-03-25,752000,0.67,1820263000
2019-03-26,755000,0.4,1456820000
2019-03-27,762000,0.93,1968260000
2019-03-28,761000,-0.13,1941412000
2019-03-29,771000,1.31,3787633000
2019-04-01,759000,-1.56,3017072000
2019-04-02,750000,-1.19,3154872000
2019-04-03,748000,-0.27,2549258000
2019-04-04,747000,-0.13,3181939000
2019-04-05,745000,-0.27,1613362000
2019-04-08,742000,-0.4,3168794000
2019-04-09,740000,-0.27,1798825000
2019-04-10,741000,0.14,3257992000
2019-04-11,745000,0.54,2521040000
2019-04-12,746000,0.13,2121241000
2019-04-15,749000,0.4,2997225000
2019-04-16,739000,-1.34,2986033000
2019-04-17,734000,-0.68,2197796000
2019-04-18,726000,-1.09,3388345000
2019-04-19,727000,0.14,1638979000
2019-04-22,728000,0.14,1408292000
2019-04-23,728000,0.0,1539041000
2019-04-24,724000,-0.55,2224055000
2019-04-25,724000,0.0,1654387000
2019-04-26,722000,-0.28,1525488000
2019-04-29,735000,1.8,1596693000
2019-04-30,726000,-1.22,1253084000
2019-05-02,726000,0.0,1614375000
2019-05-03,720000,-0.83,1567452000
2019-05-07,717000,-0.42,1484797000
2019-05-08,720000,0.42,2078358000
2019-05-09,698000,-3.06,2810601000
2019-05-10,702000,0.57,1782695000
2019-05-13,699000,-0.43,1396343000
2019-05-14,695000,-0.57,2175051000
2019-05-15,706000,1.58,5232257000
2019-05-16,730000,3.4,6795252000
2019-05-17,723000,-0.96,1903786000
2019-05-20,720000,-0.41,810730000
2019-05-21,729000,1.25,1767275000
2019-05-22,723000,-0.82,1894930000
2019-05-23,726000,0.41,1401096000
2019-05-24,728000,0.28,1230387000
2019-05-27,714000,-1.92,1830181000
2019-05-28,706000,-1.12,4699834000
2019-05-29,719000,1.84,2328908000
2019-05-30,708000,-1.53,2234866000
2019-05-31,711000,0.42,1617183000
2019-06-03,712000,0.14,1629978000
2019-06-04,711000,-0.14,1670079000
2019-06-05,704000,-0.98,1650539000
2019-06-07,694000,-1.42,2770040000
2019-06-10,705000,1.59,1620713000
2019-06-11,708000,0.43,1216779000
2019-06-12,714000,0.85,1430584000
2019-06-13,715000,0.14,3040462000
2019-06-14,712000,-0.42,2259945000
2019-06-17,714000,0.28,1434791000
2019-06-18,708000,-0.84,2295542000
2019-06-19,703000,-0.71,4131054000
2019-06-20,703000,0.0,1560366000
2019-06-21,699000,-0.57,3398186000
2019-06-24,693000,-0.86,2126696000
2019-06-25,690000,-0.43,2886388000
2019-06-26,688000,-0.29,1722692000
2019-06-27,691000,0.44,1994539000
2019-06-28,685000,-0.87,1657137000
2019-07-01,681000,-0.58,1796071000
2019-07-02,686000,0.73,2593470000
2019-07-03,687000,0.15,1564768000
2019-07-04,686000,-0.15,1446684000
2019-07-05,691000,0.73,1332638000
2019-07-08,681000,-1.45,1135951000
2019-07-09,678000,-0.44,1481547000
2019-07-10,676000,-0.29,2163679000
2019-07-11,682000,0.89,2082696000
2019-07-12,677000,-0.73,2048279000
2019-07-15,667000,-1.48,1986104000
2019-07-16,669000,0.3,1584804000
2019-07-17,661000,-1.2,2030842000
2019-07-18,662000,0.15,2838787000
2019-07-19,664000,0.3,2548955000
2019-07-22,656000,-1.2,2711934000
2019-07-23,664000,1.22,3123723000
2019-07-24,668000,0.6,1735898000
2019-07-25,668000,0.0,1623308000
2019-07-26,658000,-1.5,1579331000
2019-07-29,649000,-1.37,1686063000
2019-07-30,647000,-0.31,1217426000
2019-07-31,645000,-0.31,2000278000
2019-08-01,640000,-0.78,1477982000
2019-08-02,630000,-1.56,1686823000
2019-08-05,615000,-2.38,3018094000
2019-08-06,619000,0.65,2943640000
2019-08-07,610000,-1.45,2467312000
2019-08-08,614000,0.66,2006834000
2019-08-09,614000,0.0,1445267000
2019-08-12,610000,-0.65,1068995000
2019-08-13,609000,-0.16,921718000
2019-08-14,602000,-1.15,2345148000
2019-08-16,583000,-3.16,2660254000
2019-08-19,582000,-0.17,4287821000
2019-08-20,584000,0.34,1611453000
2019-08-21,587000,0.51,1892504000
2019-08-22,581000,-1.02,2015726000
2019-08-23,569000,-2.07,2018383000
2019-08-26,559000,-1.76,1459205000
2019-08-27,551000,-1.43,3634363000
2019-08-28,564000,2.36,1692018000
2019-08-29,567000,0.53,1114201000
2019-08-30,571000,0.71,1315926000
2019-09-02,572000,0.18,880979000
2019-09-03,572000,0.0,2043856000
2019-09-04,578000,1.05,1718476000
2019-09-05,570000,-1.38,1790053000
2019-09-06,568000,-0.35,1472475000
2019-09-09,566000,-0.35,1198295000
2019-09-10,566000,0.0,1789272000
2019-09-11,566000,0.0,3901390000
2019-09-16,582000,2.83,3046471000
2019-09-17,586000,0.69,1909330000
2019-09-18,593000,1.19,2210128000
2019-09-19,584000,-1.52,2083666000
2019-09-20,594000,1.71,2887541000
2019-09-23,589000,-0.84,1440328000
2019-09-24,589000,0.0,810888000
2019-09-25,584000,-0.85,1296976000
2019-09-26,582000,-0.34,859077000
2019-09-27,579000,-0.52,989354000
2019-09-30,583000,0.69,695300000
2019-10-01,581000,-0.34,818800000
2019-10-02,569000,-2.07,1417156000
2019-10-04,562000,-1.23,1187452000
2019-10-07,571000,1.6,764586000
2019-10-08,569000,-0.35,1184645000
2019-10-10,563000,-1.05,1874313000
2019-10-11,562000,-0.18,1031036000
2019-10-14,569000,1.25,1215885000
2019-10-15,575000,1.05,858597000
2019-10-16,579000,0.7,772564000
2019-10-17,579000,0.0,1178343000
2019-10-18,583000,0.69,1146962000
2019-10-21,583000,0.0,857267000
2019-10-22,581000,-0.34,1247961000
2019-10-23,572000,-1.55,1121570000
2019-10-24,575000,0.52,1149434000
2019-10-25,569000,-1.04,800063000
2019-10-28,570000,0.18,1009636000
2019-10-29,564000,-1.05,1044926000
2019-10-30,567000,0.53,977617000
2019-10-31,565000,-0.35,1294078000
2019-11-01,568000,0.53,631323000
2019-11-04,576000,1.41,1372676000
2019-11-05,577000,0.17,1017649000
2019-11-06,575000,-0.35,1909042942
2019-11-07,581000,1.04,1339410000
2019-11-08,578000,-0.52,1400823000
2019-11-11,581000,0.52,1382786000
2019-11-12,579000,-0.34,1111086000
2019-11-13,575000,-0.69,864154000
2019-11-14,570000,-0.87,1697981000
2019-11-15,572000,0.35,1602434000
2019-11-18,570000,-0.35,1108498000
2019-11-19,564000,-1.05,2059584000
2019-11-20,563000,-0.18,2840542000
2019-11-21,554000,-1.6,2928787000
2019-11-22,551000,-0.54,1473608000
2019-11-25,553000,0.36,1882323000
2019-11-26,566000,2.35,4480782000
2019-11-27,564000,-0.35,1882633000
2019-11-28,568000,0.71,2381240000
2019-11-29,557000,-1.94,1913932000
2019-12-02,556000,-0.18,1618791000
2019-12-03,551000,-0.9,1220892000
2019-12-04,547000,-0.73,1286726000
2019-12-05,543000,-0.73,1305645000
2019-12-06,540000,-0.55,1466640000
2019-12-09,529000,-2.04,2493757000
2019-12-10,526000,-0.57,2022735000
2019-12-11,535000,1.71,1181291000
2019-12-12,544000,1.68,3292434000
2019-12-13,550000,1.1,1845103000
2019-12-16,548000,-0.36,1245099000
2019-12-17,548000,0.0,1615816000
2019-12-18,552000,0.73,1696837000
2019-12-19,556000,0.72,1076481000
2019-12-20,542000,-2.52,3311485000
2019-12-23,555000,2.4,2468836000
2019-12-24,549000,-1.08,2109434000
2019-12-26,555000,1.09,983245000
2019-12-27,558000,0.54,1838216000
2019-12-30,554000,-0.72,1398250000
2020-01-02,549000,-0.9,1722063000
2020-01-03,548000,-0.18,2594799000
2020-01-06,538000,-1.82,1233999000
2020-01-07,540000,0.37,1145479000
2020-01-08,525000,-2.78,2631598000
2020-01-09,525000,0.0,1951968000
2020-01-10,525000,0.0,1220993000
2020-01-13,534000,1.71,1576046000
2020-01-14,541000,1.31,2232113000
2020-01-15,546000,0.92,1479106000
2020-01-16,542000,-0.73,1686844000
2020-01-17,544000,0.37,1339844000
2020-01-20,538000,-1.1,1031477000
2020-01-21,537000,-0.19,696194000
2020-01-22,541000,0.74,873892000
2020-01-23,535000,-1.11,1687227000
2020-01-28,524000,-2.06,2441114000
2020-01-29,519000,-0.95,1702915000
2020-01-30,514000,-0.96,1511546000
2020-01-31,507000,-1.36,1731925000
2020-02-03,500000,-1.38,3146997000
2020-02-04,498500,-0.3,2472090000
2020-02-05,502000,0.7,2128396000
2020-02-06,533000,6.18,3718768000
2020-02-07,527000,-1.13,1866102000
2020-02-10,528000,0.19,1757457000
2020-02-11,532000,0.76,1561869000
2020-02-12,535000,0.56,1821341000
2020-02-13,530000,-0.93,1928415000
2020-02-14,531000,0.19,1963998000
2020-02-17,537000,1.13,2383935000
2020-02-18,527000,-1.86,1517642000
2020-02-19,520000,-1.33,1869339000
2020-02-20,516000,-0.77,2124497000
2020-02-21,512000,-0.78,2482859000
2020-02-24,544000,6.25,17459395000
2020-02-25,519000,-4.6,8189013000
2020-02-26,513000,-1.16,6718173000
2020-02-27,513000,0.0,3236120000
2020-02-28,497000,-3.12,8573051000
2020-03-02,491000,-1.21,4563469000
2020-03-03,490500,-0.1,4967472000
2020-03-04,516000,5.2,6976197000
2020-03-05,523000,1.36,4426783000
2020-03-06,514000,-1.72,2677248000
2020-03-09,497000,-3.31,3629488500
2020-03-10,491000,-1.21,3446910500
2020-03-11,487000,-0.81,3116981500
2020-03-12,465000,-4.52,5580601500
2020-03-13,463000,-0.43,5857006000
2020-03-16,467000,0.86,4003374000
2020-03-17,460000,-1.5,3731896000
2020-03-18,445500,-3.15,3034467000
2020-03-19,434000,-2.58,4928348000
2020-03-20,463000,6.68,4276587500
2020-03-23,435500,-5.94,2478604500
2020-03-24,459500,5.51,2849791000
2020-03-25,467000,1.63,3396658500
2020-03-26,465500,-0.32,3274846500
2020-03-27,461500,-0.86,4023834500
2020-03-30,469000,1.63,2794320500
2020-03-31,475500,1.39,3360429000
2020-04-01,472500,-0.63,6852769000
2020-04-02,494000,4.55,3454551500
2020-04-03,507000,2.63,4635398500
2020-04-06,545000,7.5,9463806000
2020-04-07,544000,-0.18,6094726000
2020-04-08,535000,-1.65,4331826000
2020-04-09,535000,0.0,3044289000
2020-04-10,525000,-1.87,2470496000
2020-04-13,532000,1.33,3275611000
2020-04-14,532000,0.0,2416793000
2020-04-16,537000,0.94,3451191000
2020-04-17,536000,-0.19,3659856000
2020-04-20,536000,0.0,2723345000
2020-04-21,526000,-1.87,3094040000
2020-04-22,532000,1.14,2195685000
2020-04-23,540000,1.5,3035902000
2020-04-24,539000,-0.19,4496700000
2020-04-27,552000,2.41,5781425000
2020-04-28,548000,-0.72,2705246000
2020-04-29,545000,-0.55,2332802000
2020-05-04,531000,-2.57,2797778000
2020-05-06,535000,0.75,1890123000
2020-05-07,534000,-0.19,2112064000
2020-05-08,537000,0.56,2082014000
2020-05-11,534000,-0.56,2889336000
2020-05-12,530000,-0.75,2119517000
2020-05-13,538000,1.51,2359826000
2020-05-14,534000,-0.74,2339538000
2020-05-15,589000,10.3,18869724000
2020-05-18,601000,2.04,10753284000
2020-05-19,577000,-3.99,8033721000
2020-05-20,575000,-0.35,3620576000
2020-05-21,575000,0.0,3340870000
2020-05-22,571000,-0.7,2700171000
2020-05-25,566000,-0.88,3413961000
2020-05-26,567000,0.18,2830716000
2020-05-27,568000,0.18,3075099000
2020-05-28,561000,-1.23,4439672000
2020-05-29,551000,-1.78,5570748000
2020-06-01,559000,1.45,2115334000
2020-06-02,561000,0.36,3008124000
2020-06-03,563000,0.36,5497256000
2020-06-04,568000,0.89,3775312000
2020-06-05,571000,0.53,3368544000
2020-06-08,581000,1.75,7331051000
2020-06-09,586000,0.86,4639024000
2020-06-10,590000,0.68,4118705000
2020-06-11,579000,-1.86,5368724000
2020-06-12,582000,0.52,5419742000
2020-06-15,549000,-5.67,7043067000
2020-06-16,576000,4.92,4079655000
2020-06-17,584000,1.39,5139377000
2020-06-18,571000,-2.23,3637080000
2020-06-19,587000,2.8,4975222000
2020-06-22,577000,-1.7,3398801000
2020-06-23,574000,-0.52,3805236000
2020-06-24,572000,-0.35,2611667000
2020-06-25,559000,-2.27,3279044000
2020-06-26,560000,0.18,1812538000
2020-06-29,551000,-1.61,2110987000
2020-06-30,557000,1.09,1600309000
2020-07-01,563000,1.08,1662146000
2020-07-02,566000,0.53,2020995000
2020-07-03,573000,1.24,2502958000
2020-07-06,572000,-0.17,2638216000
2020-07-07,565000,-1.22,2808016000
2020-07-08,567000,0.35,2425009000
2020-07-09,576000,1.59,5135184000
2020-07-10,573000,-0.52,3518541000
2020-07-13,569000,-0.7,2422543000
2020-07-14,565000,-0.7,2263361000
2020-07-15,575000,1.77,4023433000
2020-07-16,571000,-0.7,1700984000
2020-07-17,567000,-0.7,1517005000
2020-07-20,563000,-0.71,2682150000
2020-07-21,561000,-0.36,2598370000
2020-07-22,561000,0.0,2530223000
2020-07-23,558000,-0.53,1983985000
2020-07-24,552000,-1.08,2068830000
2020-07-27,556000,0.72,2846087000
2020-07-28,556000,0.0,2354759000
2020-07-29,557000,0.18,1526181000
2020-07-30,556000,-0.18,1275786000
2020-07-31,558000,0.36,2997706000
2020-08-03,568000,1.79,3873163390
2020-08-04,569000,0.18,3581833000
2020-08-05,566000,-0.53,2518749000
2020-08-06,569000,0.53,2516981000
2020-08-07,568000,-0.18,3049110000
2020-08-10,573000,0.88,4199958000
2020-08-11,590000,2.97,7924894000
2020-08-12,605000,2.54,12794607000
2020-08-13,599000,-0.99,5398864000
2020-08-14,593000,-1.0,5565388000
2020-08-18,583000,-1.69,6985753000
2020-08-19,595000,2.06,3481055000
2020-08-20,574000,-3.53,4741717000
2020-08-21,585000,1.92,2566518000
2020-08-24,595000,1.71,3758213000
2020-08-25,598000,0.5,2929807000
2020-08-26,591000,-1.17,2833689000
2020-08-27,580000,-1.86,3591440000
2020-08-28,609000,5.0,7198792000
2020-08-31,602000,-1.15,8226899000
2020-09-01,602000,0.0,3627904000
2020-09-02,596000,-1.0,2465967000
2020-09-03,592000,-0.67,2411292000
2020-09-04,581000,-1.86,3779940000
2020-09-07,582000,0.17,2233378000
2020-09-08,582000,0.0,1896873000
2020-09-09,587000,0.86,2772893000
2020-09-10,596000,1.53,4219546000
2020-09-11,589000,-1.17,2290298000
2020-09-14,590000,0.17,1969888000
2020-09-15,586000,-0.68,2155007000
2020-09-16,585000,-0.17,2049588000
2020-09-17,578000,-1.2,2032651000
2020-09-18,589000,1.9,2772975000
2020-09-21,584000,-0.85,1690809000
2020-09-22,577000,-1.2,2256200000
2020-09-23,577000,0.0,1978809000
2020-09-24,561000,-2.77,2653791000
2020-09-25,562000,0.18,1516280000
2020-09-28,570000,1.42,1068419000
2020-09-29,568000,-0.35,1754999000
2020-10-05,575000,1.23,1891943000
2020-10-06,576000,0.17,1421507000
2020-10-07,575000,-0.17,1263471000
2020-10-08,576000,0.17,2832999000
2020-10-12,577000,0.17,1603378000
2020-10-13,571000,-1.04,3772607000
2020-10-14,564000,-1.23,2400568000
2020-10-15,564000,0.0,1292636000
2020-10-16,560000,-0.71,1420285000
2020-10-19,562000,0.36,1903926000
2020-10-20,553000,-1.6,2213294000
2020-10-21,567000,2.53,1655770000
2020-10-22,568000,0.18,1765594000
2020-10-23,567000,-0.18,1178884000
2020-10-26,559000,-1.41,1317683000
2020-10-27,554000,-0.89,1815114000
2020-10-28,555000,0.18,990776000
2020-10-29,548000,-1.26,1803101000
2020-10-30,532000,-2.92,3179391000
2020-11-02,535000,0.56,1671542000
2020-11-03,541000,1.12,969174000
2020-11-04,543000,0.37,2481383000
2020-11-05,548000,0.92,2041740000
2020-11-06,545000,-0.55,2672020000
2020-11-09,550000,0.92,3546061000
2020-11-10,545000,-0.91,3939747000
2020-11-11,568000,4.22,9945811000
2020-11-12,562000,-1.06,2814305000
2020-11-13,556000,-1.07,4115697000
2020-11-16,557000,0.18,2712767000
2020-11-17,562000,0.9,2121473000
2020-11-18,556000,-1.07,4443852000
2020-11-19,552000,-0.72,3523117000
2020-11-20,554000,0.36,2640700000
2020-11-23,555000,0.18,4166691000
2020-11-24,552000,-0.54,4236568000
2020-11-25,554000,0.36,4412328000
2020-11-26,550000,-0.72,2604092000
2020-11-27,561000,2.0,4202456000
2020-11-30,556000,-0.89,8780200000
2020-12-01,558000,0.36,2372236000
2020-12-02,558000,0.0,2576941000
2020-12-03,558000,0.0,2069368000
2020-12-04,554000,-0.72,2831612000
2020-12-07,556000,0.36,1882984000
2020-12-08,553000,-0.54,1295016000
2020-12-09,555000,0.36,2662307000
2020-12-10,552000,-0.54,4753109000
2020-12-11,555000,0.54,2649747000
2020-12-14,554000,-0.18,2817770000
2020-12-15,555000,0.18,2115906000
2020-12-16,557000,0.36,2755910000
2020-12-17,556000,-0.18,1809891000
2020-12-18,556000,0.0,5801546000
2020-12-21,562000,1.08,3823017000
2020-12-22,571000,1.6,8508712000
2020-12-23,574000,0.53,3518793000
2020-12-24,578000,0.7,2859415000
2020-12-28,585000,1.21,5970880000
2020-12-29,574000,-1.88,3850346000
2020-12-30,577000,0.52,3030605000
2021-01-04,567000,-1.73,3876077000
2021-01-05,573000,1.06,4330964000
2021-01-06,573000,0.0,5104638000
2021-01-07,573000,0.0,4165152000
2021-01-08,581000,1.4,9309999000
2021-01-11,572000,-1.55,8504509000
2021-01-12,572000,0.0,5260864000
2021-01-13,581000,1.57,5664911000
2021-01-14,579000,-0.34,4134194000
2021-01-15,573000,-1.04,5207751000
2021-01-18,560000,-2.27,5264886000
2021-01-19,561000,0.18,3349006000
2021-01-20,561000,0.0,4774201000
2021-01-21,565000,0.71,2785470000
2021-01-22,569000,0.71,3576398000
2021-01-25,582000,2.28,8255972000
2021-01-26,574000,-1.37,5391629000
2021-01-27,582000,1.39,4178157000
2021-01-28,573000,-1.55,4177053000
2021-01-29,561000,-2.09,5424666000
2021-02-01,567000,1.07,2749665000
2021-02-02,566000,-0.18,2453333000
2021-02-03,567000,0.18,3036696000
2021-02-04,566000,-0.18,2450719000
2021-02-05,569000,0.53,1873463000
2021-02-08,573000,0.7,2436354000
2021-02-09,577000,0.7,3133288000
2021-02-10,575000,-0.35,2228610000
2021-02-15,576000,0.17,2878904000
2021-02-16,581000,0.87,4611912000
2021-02-17,578000,-0.52,3512860000
2021-02-18,576000,-0.35,3746776000
2021-02-19,573000,-0.52,3401950000
2021-02-22,572000,-0.17,2368266000
2021-02-23,570000,-0.35,2914058000
2021-02-24,562000,-1.4,4158986000
2021-02-25,565000,0.53,2557041000
2021-02-26,560000,-0.88,4994905000
2021-03-02,569000,1.61,3356007000
2021-03-03,580000,1.93,5605809000
2021-03-04,580000,0.0,3370896000
2021-03-05,578000,-0.34,2334189000
2021-03-08,579000,0.17,4082044000
2021-03-09,583000,0.69,7180884000
2021-03-10,598000,2.57,11265268000
2021-03-11,601000,0.5,9003910000
2021-03-12,586000,-2.5,11118386000
2021-03-15,580000,-1.02,3070010000
2021-03-16,583000,0.52,3082006000
2021-03-17,586000,0.51,2223098000
2021-03-18,584000,-0.34,2382091000
2021-03-19,586000,0.34,3438159000
2021-03-22,583000,-0.51,2311007000
2021-03-23,582000,-0.17,2496062000
2021-03-24,576000,-1.03,1496915000
2021-03-25,571000,-0.87,42194631000
2021-03-26,569000,-0.35,1694010000
2021-03-29,574000,0.88,1578155000
2021-03-30,576000,0.35,1577427000
2021-03-31,570000,-1.04,2342841000
2021-04-01,570000,0.0,1447800000
2021-04-02,571000,0.18,1537606000
2021-04-05,569000,-0.35,2338626000
2021-04-06,568000,-0.18,1118294000
2021-04-07,571000,0.53,1494181000
2021-04-08,568000,-0.53,2609455000
2021-04-09,571000,0.53,2678337000
2021-04-12,575000,0.7,1290436000
2021-04-13,574000,-0.17,1447063000
2021-04-14,574000,0.0,2449323000
2021-04-15,570000,-0.7,4745958000
2021-04-16,570000,0.0,2941038000
2021-04-19,572000,0.35,3768691000
2021-04-20,573000,0.17,2718095000
2021-04-21,567000,-1.05,3918437000
2021-04-22,562000,-0.88,5374630000
2021-04-23,561000,-0.18,3988270000
2021-04-26,563000,0.36,2307223000
2021-04-27,561000,-0.36,2578796000
2021-04-28,554000,-1.25,4988188000
2021-04-29,551000,-0.54,2554229000
2021-04-30,555000,0.73,3298337000
2021-05-03,549000,-1.08,4103912000
2021-05-04,536000,-2.37,7494783000
2021-05-06,533000,-0.56,5365826000
2021-05-07,540000,1.31,8405920000
2021-05-10,546000,1.11,7432818000
2021-05-11,551000,0.92,6019398000
2021-05-12,548000,-0.54,5667399000
2021-05-13,550000,0.36,6211923000
2021-05-14,547000,-0.55,3222955000
2021-05-17,545000,-0.37,3528953000
2021-05-18,553000,1.47,3061846000
2021-05-20,555000,0.36,4303469000
2021-05-21,549000,-1.08,3208703000
2021-05-24,547000,-0.36,5506928000
2021-05-25,547000,0.0,4600012000
2021-05-26,543000,-0.73,7175041000
2021-05-27,534000,-1.66,77809607000
2021-05-28,542000,1.5,9485647000
2021-05-31,546000,0.74,7897698000
2021-06-01,551000,0.92,6681691000
2021-06-02,548000,-0.54,6464846000
2021-06-03,546000,-0.36,5523828000
2021-06-04,544000,-0.37,4498872000
2021-06-07,544000,0.0,6352351000
2021-06-08,545000,0.18,4619119000
2021-06-09,543000,-0.37,3496846000
2021-06-10,543000,0.0,5535914000
2021-06-11,542000,-0.18,3704029000
2021-06-14,547000,0.92,3784717000
2021-06-15,549000,0.37,5919079000
2021-06-16,554000,0.91,10811549000
2021-06-17,550000,-0.72,4347710000
2021-06-18,544000,-1.09,6175595000
2021-06-21,543000,-0.18,5460112000
2021-06-22,547000,0.74,3107778000
2021-06-23,544000,-0.55,3178109000
2021-06-24,543000,-0.18,2560426000
2021-06-25,543000,0.0,2816010000
2021-06-28,544000,0.18,1924361000
2021-06-29,543000,-0.18,2153181000
2021-06-30,544000,0.18,2127282000
2021-07-01,541000,-0.55,3019589000
2021-07-02,541000,0.0,2649243000
2021-07-05,542000,0.18,1672094000
2021-07-06,542000,0.0,2397416000
2021-07-07,539000,-0.55,2709688000
2021-07-08,534000,-0.93,5113707000
2021-07-09,524000,-1.87,8225621000
2021-07-12,529000,0.95,1935525000
2021-07-13,531000,0.38,2595221000
2021-07-14,528000,-0.56,1882360000
2021-07-15,558000,5.68,25453796000
2021-07-16,558000,0.0,15399534000
2021-07-19,556000,-0.36,7842134000
2021-07-20,557000,0.18,5347499000
2021-07-21,550000,-1.26,4537768000
2021-07-22,544000,-1.09,4483008000
2021-07-23,545000,0.18,2712800000
2021-07-26,536000,-1.65,2994786000
2021-07-27,533000,-0.56,2852422000
2021-07-28,528000,-0.94,4707253000
2021-07-29,540000,2.27,3722006000
2021-07-30,539000,-0.19,2462485000
2021-08-02,538000,-0.19,2193314000
2021-08-03,534000,-0.74,1566086000
2021-08-04,537000,0.56,2110232000
2021-08-05,537000,0.0,2125502000
2021-08-06,534000,-0.56,1680762000
2021-08-09,540000,1.12,3930466000
2021-08-10,535000,-0.93,2337965000
2021-08-11,530000,-0.93,2479332000
2021-08-12,530000,0.0,2799188000
2021-08-13,523000,-1.32,3938830000
2021-08-17,523000,0.0,3423153000
2021-08-18,524000,0.19,2069529000
2021-08-19,513000,-2.1,3091699000
2021-08-20,506000,-1.36,3108922000
2021-08-23,507000,0.2,1825775000
2021-08-24,528000,4.14,3572939000
2021-08-25,521000,-1.33,1358098000
2021-08-26,518000,-0.58,1677688000
2021-08-27,519000,0.19,1189795000
2021-08-30,520000,0.19,1376091000
2021-08-31,517000,-0.58,1720208000
2021-09-01,528000,2.13,2870133000
2021-09-02,523000,-0.95,1396520000
2021-09-03,521000,-0.38,1245504000
2021-09-06,521000,0.0,1201081000
2021-09-07,518000,-0.58,1221838000
2021-09-08,515000,-0.58,1377809000
2021-09-09,510000,-0.97,1860729000
2021-09-10,511000,0.2,1181931000
2021-09-13,505000,-1.17,3140414000
2021-09-14,509000,0.79,1964991000
2021-09-15,508000,-0.2,1533976000
2021-09-16,506000,-0.39,1125580000
2021-09-17,512000,1.19,3006387000
2021-09-23,505000,-1.37,2511976000
2021-09-24,502000,-0.59,2052599000
2021-09-27,501000,-0.2,1597888000
2021-09-28,494500,-1.3,3527748500
2021-09-29,490000,-0.91,2663582000
2021-09-30,492000,0.41,2836584000
2021-10-01,488000,-0.81,2019432500
2021-10-05,488500,0.1,1887213500
2021-10-06,485000,-0.72,2150304000
2021-10-07,492500,1.55,1759275000
2021-10-08,489500,-0.61,1227547000
2021-10-12,474500,-3.06,3003184500
2021-10-13,478500,0.84,1669172000
2021-10-14,484000,1.15,1731478000
2021-10-15,489000,1.03,2065244500
2021-10-18,486000,-0.61,1829526000
2021-10-19,490000,0.82,1548642500
2021-10-20,486000,-0.82,1383491500
2021-10-21,487500,0.31,1159121500
2021-10-22,485000,-0.51,1492640000
2021-10-25,487000,0.41,982847500
2021-10-26,489000,0.41,785601000
2021-10-27,488500,-0.1,1030947500
2021-10-28,485000,-0.72,1415659000
2021-10-29,481000,-0.82,1595582000
2021-11-01,482500,0.31,966713500
2021-11-02,483000,0.1,1401758000
2021-11-03,474500,-1.76,2542315000
2021-11-04,474000,-0.11,1977883000
2021-11-05,472500,-0.32,1611438500
2021-11-08,473000,0.11,1576547000
2021-11-09,471000,-0.42,1354470500
2021-11-10,460500,-2.23,2393998000
2021-11-11,465500,1.09,1624857000
2021-11-12,467000,0.32,1036605500
2021-11-15,472500,1.18,1132069000
2021-11-16,471000,-0.32,855509500
2021-11-17,460500,-2.23,2607427500
2021-11-18,462000,0.33,1085640000
2021-11-19,461000,-0.22,960185000
2021-11-22,466000,1.08,1342461000
2021-11-23,462000,-0.86,1186060000
2021-11-24,461500,-0.11,838576500
2021-11-25,458000,-0.76,960104000
2021-11-26,453500,-0.98,1867918500
2021-11-29,453000,-0.11,1545102500
2021-11-30,435500,-3.86,2917941000
2021-12-01,443000,1.72,1432116000
2021-12-02,453500,2.37,1566489500
2021-12-03,452000,-0.33,1405796000
2021-12-06,455000,0.66,1488774500
2021-12-07,459000,0.88,1169169500
2021-12-08,458500,-0.11,2087571500
2021-12-09,461000,0.55,2155074500
2021-12-10,456000,-1.08,1677490500
2021-12-13,457000,0.22,1660266000
2021-12-14,467000,2.19,3696243500
2021-12-15,462000,-1.07,1890068500
2021-12-16,460500,-0.32,1687927500
2021-12-17,465000,0.98,4770636000
2021-12-20,462000,-0.65,1283448000
2021-12-21,465000,0.65,1211364000
2021-12-22,464500,-0.11,712620500
2021-12-23,466500,0.43,690976000
2021-12-24,468000,0.32,857329500
2021-12-27,466500,-0.32,964053500
2021-12-28,470000,0.75,1871028000
2021-12-29,463000,-1.49,1425804000
2021-12-30,456000,-1.51,1453318500
2022-01-03,451500,-0.99,1218851000
2022-01-04,453000,0.33,1395471000
2022-01-05,448000,-1.1,1321663000
2022-01-06,440000,-1.79,2418201000
2022-01-07,448500,1.93,1523646500
2022-01-10,463000,3.23,3133715000
2022-01-11,452500,-2.27,1758136500
2022-01-12,453500,0.22,1073771500
2022-01-13,451500,-0.44,1037667000
2022-01-14,438500,-2.88,3099810000
2022-01-17,438500,0.0,1118546000
2022-01-18,436000,-0.57,964487500
2022-01-19,435000,-0.23,1237070500
2022-01-20,439000,0.92,772129000
2022-01-21,436000,-0.68,923744500
2022-01-24,450000,3.21,3130749500
2022-01-25,443000,-1.56,2278297000
2022-01-26,440500,-0.56,1345733500
2022-01-27,430000,-2.38,2008342500
2022-01-28,437500,1.74,1193530000
2022-02-03,443000,1.26,1006503500
2022-02-04,452000,2.03,1188948000
2022-02-07,454500,0.55,2237375000
2022-02-08,457000,0.55,1325940500
2022-02-09,459000,0.44,1301634000
2022-02-10,460000,0.22,1545617500
2022-02-11,454500,-1.2,1329476500
2022-02-14,455500,0.22,1348710000
2022-02-15,459000,0.77,1708532000
2022-02-16,461500,0.54,1360455000
2022-02-17,453500,-1.73,1994819500
2022-02-18,451000,-0.55,1395611000
2022-02-21,454000,0.67,847902000
2022-02-22,444500,-2.09,1113683500
2022-02-23,446500,0.45,711164500
2022-02-24,438500,-1.79,1505022000
2022-02-25,437500,-0.23,1731149500
2022-02-28,433000,-1.03,1258693500
2022-03-02,433000,0.0,1302832500
2022-03-03,438500,1.27,1122452500
2022-03-04,438000,-0.11,969299500
2022-03-07,430500,-1.71,1602855000
2022-03-08,424500,-1.39,1607233000
2022-03-10,433000,2.0,1882142500
2022-03-11,426500,-1.5,1871431500
2022-03-14,423000,-0.82,1208906000
2022-03-15,420000,-0.71,1000439000
2022-03-16,423500,0.83,845994500
2022-03-17,427500,0.94,1849781500
2022-03-18,429000,0.35,1066013000
2022-03-21,429500,0.12,1313839500
2022-03-22,433000,0.81,1263760000
2022-03-23,435000,0.46,957390500
2022-03-24,441000,1.38,40153059000
2022-03-25,446000,1.13,1511746000
2022-03-28,449500,0.78,1798101000
2022-03-29,446000,-0.78,1643820000
2022-03-30,447500,0.34,1162766000
2022-03-31,446500,-0.22,1229453500
2022-04-01,444500,-0.45,1806036000
2022-04-04,459000,3.26,3080692500
2022-04-05,458000,-0.22,1302113000
2022-04-06,468000,2.18,5270425000
2022-04-07,471500,0.75,3768215500
2022-04-08,464500,-1.48,1552739000
2022-04-11,459500,-1.08,1372496000
2022-04-12,461000,0.33,1257456500
2022-04-13,462000,0.22,897615500
2022-04-14,466000,0.87,1103540500
2022-04-15,457000,-1.93,946713500
2022-04-18,459000,0.44,715298500
2022-04-19,467500,1.85,2071092000
2022-04-20,475000,1.6,3855542500
2022-04-21,475000,0.0,1259937500
2022-04-22,467000,-1.68,1483652500
2022-04-25,474500,1.61,6306310000
2022-04-26,471000,-0.74,1628648500
2022-04-27,468000,-0.64,1589969000
2022-04-28,468000,0.0,1071533000
2022-04-29,470000,0.43,1037542000
2022-05-02,465000,-1.06,690984000
2022-05-03,456000,-1.94,1376626000
2022-05-04,459000,0.66,790668500
2022-05-06,455500,-0.76,1097515500
2022-05-09,448500,-1.54,1714402500
2022-05-10,449500,0.22,2217027000
2022-05-11,450500,0.22,1427289000
2022-05-12,443500,-1.55,2139337000
2022-05-13,453500,2.25,1463661500
2022-05-16,449500,-0.88,1361153500
2022-05-17,448500,-0.22,1373402500
2022-05-18,443000,-1.23,1483694000
2022-05-19,430000,-2.93,2917967500
2022-05-20,449500,4.53,1973834000
2022-05-23,454000,1.0,1383757500
2022-05-24,450500,-0.77,736598000
2022-05-25,446500,-0.89,1287148000
2022-05-26,440500,-1.34,1194248000
2022-05-27,452500,2.72,1547858000
2022-05-30,452500,0.0,744276000
2022-05-31,443000,-2.1,1521204500
2022-06-02,441500,-0.34,1793330000
2022-06-03,448500,1.59,904133000
2022-06-07,440500,-1.78,979628000
2022-06-08,442500,0.45,705881500
2022-06-09,442000,-0.11,1304898500
2022-06-10,440000,-0.45,835382000
2022-06-13,430500,-2.16,1277180000
2022-06-14,427500,-0.7,1184665000
2022-06-15,431000,0.82,1107391500
2022-06-16,428500,-0.58,688608500
2022-06-17,429000,0.12,2481394500
2022-06-20,429000,0.0,1115715500
2022-06-21,430000,0.23,736618000
2022-06-22,422500,-1.74,1041128500
2022-06-23,422500,0.0,1484347500
2022-06-24,432500,2.37,1226534000
2022-06-27,435000,0.58,1084064000
2022-06-28,431000,-0.92,691934000
2022-06-29,425500,-1.28,862468000
2022-06-30,424000,-0.35,583172500
2022-07-01,429500,1.3,1154994500
2022-07-04,437500,1.86,1362084000
2022-07-05,433000,-1.03,1275294500
2022-07-06,430500,-0.58,1546591000
2022-07-07,433500,0.7,1114974000
2022-07-08,433500,0.0,981958000
2022-07-11,447000,3.11,2411244500
2022-07-12,444500,-0.56,2071850000
2022-07-13,451000,1.46,2030676500
2022-07-14,451000,0.0,3358391500
2022-07-15,447000,-0.89,1668015500
2022-07-18,443000,-0.89,1259077500
2022-07-19,462500,4.4,4393587000
2022-07-20,456500,-1.3,1457711500
2022-07-21,452000,-0.99,1719165000
2022-07-22,450000,-0.44,1358714500
2022-07-25,452000,0.44,915696500
2022-07-26,455000,0.66,1353861500
2022-07-27,450500,-0.99,1243093000
2022-07-28,452000,0.33,1218128000
2022-07-29,449500,-0.55,1285121000
2022-08-01,446500,-0.67,1048096500
2022-08-02,444000,-0.56,1326606500
2022-08-03,443000,-0.23,930138000
2022-08-04,437000,-1.35,2328075500
2022-08-05,442000,1.14,1622372500
2022-08-08,450500,1.92,80788338000
2022-08-09,468500,4.0,5716756000
2022-08-10,466500,-0.43,2377505000
2022-08-11,469000,0.54,1335254500
2022-08-12,468000,-0.21,1370048500
2022-08-16,472000,0.85,2598224500
2022-08-17,485500,2.86,6007378500
2022-08-18,484000,-0.31,3019225000
2022-08-19,486500,0.52,2468758500
2022-08-22,489000,0.51,2779989000
2022-08-23,480000,-1.84,2877772500
2022-08-24,498000,3.75,4663636000
2022-08-25,493500,-0.9,2195941000
2022-08-26,492000,-0.3,1456949000
2022-08-29,483500,-1.73,2063198500
2022-08-30,482500,-0.21,1047872000
2022-08-31,479000,-0.73,1380826500
2022-09-01,472500,-1.36,1489763500
2022-09-02,475500,0.63,1493563500
2022-09-05,476500,0.21,1093291500
2022-09-06,472500,-0.84,929278000
2022-09-07,465000,-1.59,2361818500
2022-09-08,460000,-1.08,1459604500
2022-09-13,468000,1.74,1299940000
2022-09-14,465500,-0.53,1188085500
2022-09-15,457500,-1.72,1131632500
2022-09-16,463000,1.2,1656958500
2022-09-19,468000,1.08,1515947000
2022-09-20,471000,0.64,1166557500
2022-09-21,466000,-1.06,1221360500
2022-09-22,479500,2.9,2254933000
2022-09-23,476500,-0.63,2235758500
2022-09-26,473500,-0.63,2883017500
2022-09-27,481500,1.69,2559836000
2022-09-28,480000,-0.31,4331038500
2022-09-29,478000,-0.42,2204913000
2022-09-30,461000,-3.56,1935349500
2022-10-04,461000,0.0,1153530000
2022-10-05,461000,0.0,1796785500
2022-10-06,461000,0.0,860300500
2022-10-07,457000,-0.87,1466908500
2022-10-11,444500,-2.74,1260188500
2022-10-12,441000,-0.79,1083035500
2022-10-13,439500,-0.34,1544418500
2022-10-14,445500,1.37,1023524000
2022-10-17,441500,-0.9,1080893500
2022-10-18,446500,1.13,1186652000
2022-10-19,443500,-0.67,881324000
2022-10-20,439500,-0.9,920535500
2022-10-21,435000,-1.02,1780620000
2022-10-24,439500,1.03,1441693500
2022-10-25,440500,0.23,1117016500
2022-10-26,438000,-0.57,516104500
2022-10-27,441500,0.8,929170500
2022-10-28,445000,0.79,858970500
2022-10-31,441500,-0.79,879585000
2022-11-01,440500,-0.23,900613500
2022-11-02,445000,1.02,1873156000
2022-11-03,440500,-1.01,1220403000
2022-11-04,446000,1.25,1045579500
2022-11-07,444000,-0.45,906269000
2022-11-08,442500,-0.34,1312915000
2022-11-09,441000,-0.34,1775344500
2022-11-10,442500,0.34,1606047500
2022-11-11,444500,0.45,2576366000
2022-11-14,453500,2.02,2739410500
2022-11-15,447000,-1.43,1878352500
2022-11-16,463500,3.69,3771393000
2022-11-17,467000,0.76,1972825500
2022-11-18,453500,-2.89,1826632500
2022-11-21,461000,1.65,1792702000
2022-11-22,455500,-1.19,1074906500
2022-11-23,455500,0.0,1223220000
2022-11-24,450000,-1.21,1834098000
2022-11-25,449000,-0.22,925446500
2022-11-28,450500,0.33,972085500
2022-11-29,446500,-0.89,1076701000
2022-11-30,445500,-0.22,1482276000
2022-12-01,450000,1.01,1184403000
2022-12-02,444000,-1.33,1366388000
2022-12-05,447000,0.68,1504100500
2022-12-06,444500,-0.56,887327500
2022-12-07,448000,0.79,811151000
2022-12-08,449000,0.22,2281488500
2022-12-09,454000,1.11,1420475000
2022-12-12,458000,0.88,1450537500
2022-12-13,454000,-0.87,1210771500
2022-12-14,460000,1.32,1529204000
2022-12-15,459500,-0.11,914253500
2022-12-16,457500,-0.44,3086594500
2022-12-19,458000,0.11,642148000
2022-12-20,460000,0.44,1009013000
2022-12-21,480500,4.46,4097743000
2022-12-22,478000,-0.52,2750366000
2022-12-23,480500,0.52,2160766500
2022-12-26,481000,0.1,1170944000
2022-12-27,486000,1.04,1915529000
2022-12-28,482000,-0.82,2786960500
2022-12-29,476000,-1.24,1815354000
2023-01-02,464500,-2.42,1424253500
2023-01-03,456500,-1.72,1229196000
2023-01-04,452500,-0.88,1248958500
2023-01-05,453000,0.11,1257559000
2023-01-06,450500,-0.55,1058809500
2023-01-09,455500,1.11,2768313000
2023-01-10,461500,1.32,1826021000
2023-01-11,456000,-1.19,1459714500
2023-01-12,457500,0.33,941637000
2023-01-13,456000,-0.33,1530783500
2023-01-16,457500,0.33,1530459000
2023-01-17,452500,-1.09,1025656000
2023-01-18,455000,0.55,1306801500
2023-01-19,463000,1.76,1403581500
2023-01-20,457500,-1.19,1273454000
2023-01-25,463000,1.2,1237820500
2023-01-26,466000,0.65,1235454000
2023-01-27,470000,0.86,1326776500
2023-01-30,461500,-1.81,1263662500
2023-01-31,476000,3.14,2133129500
2023-02-01,470000,-1.26,2274570500
2023-02-02,466500,-0.74,1932272000
2023-02-03,473000,1.39,2190237500
2023-02-06,468500,-0.95,1244706000
2023-02-07,467000,-0.32,964770500
2023-02-08,470500,0.75,2408935000
2023-02-09,475000,0.96,1991817500
2023-02-10,480500,1.16,2142508000
2023-02-13,471000,-1.98,2326342000
2023-02-14,470000,-0.21,1806847000
2023-02-15,462000,-1.7,2304752500
2023-02-16,461000,-0.22,1591771500
2023-02-17,457000,-0.87,2433926000
2023-02-20,459000,0.44,1609761500
2023-02-21,453000,-1.31,1793656000
2023-02-22,440000,-2.87,4475362500
2023-02-23,447500,1.7,1487874500
2023-02-24,446500,-0.22,827277000
2023-02-27,447000,0.11,1054598000
2023-02-28,440000,-1.57,1503675500
2023-03-02,436000,-0.91,1675532500
2023-03-03,437500,0.34,1847474500
2023-03-06,444500,1.6,1816378500
2023-03-07,448500,0.9,1495440000
2023-03-08,443000,-1.23,1183250000
2023-03-09,444000,0.23,1198574500
2023-03-10,439000,-1.13,1067429000
2023-03-13,439000,0.0,1306408500
2023-03-14,433000,-1.37,1309989500
2023-03-15,436000,0.69,1317664000
2023-03-16,431500,-1.03,790961000
2023-03-17,432000,0.12,2390663000
2023-03-20,434500,0.58,1375167000
2023-03-21,443000,1.96,972986500
2023-03-22,440000,-0.68,893295500
2023-03-23,443500,0.8,1194528000
2023-03-24,437000,-1.47,1264566500
2023-03-27,438000,0.23,1197121500
2023-03-28,440500,0.57,851633000
2023-03-29,441500,0.23,1228553000
2023-03-30,441000,-0.11,1148648500
2023-03-31,448000,1.59,1445854500
2023-04-03,442500,-1.23,934361000
2023-04-04,444500,0.45,1199794500
2023-04-05,444500,0.0,1026792500
2023-04-06,445000,0.11,2148202500
2023-04-07,447000,0.45,903886000
2023-04-10,442000,-1.12,1265877000
2023-04-11,447500,1.24,1118251500
2023-04-12,445500,-0.45,1373047000
2023-04-13,455000,2.13,2020312500
2023-04-14,450000,-1.1,1211030000
2023-04-17,447500,-0.56,1340553500
2023-04-18,450500,0.67,1538641500
2023-04-19,450000,-0.11,1450037500
2023-04-20,453000,0.67,1073145000
2023-04-21,450500,-0.55,1019335500
2023-04-24,454000,0.78,1883109500
2023-04-25,456000,0.44,2300022000
2023-04-26,463500,1.64,3089067500
2023-04-27,456000,-1.62,1527781000
2023-04-28,462000,1.32,1517471000
2023-05-02,464500,0.54,1465457500
2023-05-03,468000,0.75,1325391000
2023-05-04,462500,-1.18,1106646000
2023-05-08,470000,1.62,1881667000
2023-05-09,462500,-1.6,654982500
2023-05-10,466000,0.76,1039100500
2023-05-11,462500,-0.75,853301000
2023-05-12,458000,-0.97,1405297500
2023-05-15,464000,1.31,1301062500
2023-05-16,461500,-0.54,2171047500
2023-05-17,452000,-2.06,1726093000
2023-05-18,455000,0.66,944428500
2023-05-19,456500,0.33,1419573000
2023-05-22,458000,0.33,1329166500
2023-05-23,457000,-0.22,760815500
2023-05-24,459000,0.44,1985131000
2023-05-25,453000,-1.31,1530023000
2023-05-26,450000,-0.66,1132079500
2023-05-30,449000,-0.22,1126540000
2023-05-31,444500,-1.0,3347541500
2023-06-01,443500,-0.22,1186300500
2023-06-02,452000,1.92,1364075000
2023-06-05,456000,0.88,1354591500
2023-06-07,459000,0.66,1465909000
2023-06-08,456500,-0.54,1554927000
2023-06-09,452500,-0.88,1462658500
2023-06-12,452500,0.0,1285939500
2023-06-13,451500,-0.22,2709164248
2023-06-14,447000,-1.0,1785766000
2023-06-15,444500,-0.56,1346125500
2023-06-16,441500,-0.67,3058962500
2023-06-19,428500,-2.94,5242047000
2023-06-20,424000,-1.05,2701848500
2023-06-21,420000,-0.94,2701237500
2023-06-22,417000,-0.71,2179795000
2023-06-23,408000,-2.16,2556302500
2023-06-26,403000,-1.23,2882865500
2023-06-27,404500,0.37,4073238000
2023-06-28,400000,-1.11,3017574500
2023-06-29,388500,-2.88,4930677000
2023-06-30,392500,1.03,2389624000
2023-07-03,399000,1.66,2434377500
2023-07-04,394500,-1.13,2148348500
2023-07-05,390500,-1.01,1877104000
2023-07-06,386000,-1.15,2583641500
2023-07-07,378000,-2.07,3162322500
2023-07-10,378000,0.0,1845145500
2023-07-11,376000,-0.53,2526382500
2023-07-12,377500,0.4,1674698500
2023-07-13,378500,0.26,3279308000
2023-07-14,385000,1.72,4158706500
2023-07-17,379000,-1.56,3928367500
2023-07-18,374500,-1.19,3650758500
2023-07-19,372000,-0.67,2968583000
2023-07-20,370500,-0.4,3705670500
2023-07-21,371000,0.13,2103615500
2023-07-24,361500,-2.56,4830808000
2023-07-25,353500,-2.21,4663881000
2023-07-26,346500,-1.98,5415292000
2023-07-27,360500,4.04,5256656000
2023-07-28,355000,-1.53,2100167000
2023-07-31,356500,0.42,1502720000
2023-08-01,366500,2.81,3181337500
2023-08-02,364000,-0.68,2261563000
2023-08-03,366000,0.55,1916795000
2023-08-04,366500,0.14,1223623000
2023-08-07,371500,1.36,2570823000
2023-08-08,368500,-0.81,2060354500
2023-08-09,369000,0.14,1328698000
2023-08-10,375000,1.63,3062347000
2023-08-11,379500,1.2,3742569500
2023-08-14,390000,2.77,13529293500
2023-08-16,374000,-4.1,5680692000
2023-08-17,371000,-0.8,3297687000
2023-08-18,368000,-0.81,2216863500
2023-08-21,366500,-0.41,2193928000
2023-08-22,370000,0.95,2289568000
2023-08-23,366000,-1.08,1528909000
2023-08-24,364000,-0.55,2045303000
2023-08-25,369000,1.37,2262361500
2023-08-28,371000,0.54,2316914500
2023-08-29,369000,-0.54,1623998000
2023-08-30,368500,-0.14,1576585000
2023-08-31,368000,-0.14,4065376500
2023-09-01,365000,-0.82,1529656000
2023-09-04,367000,0.55,930854000
2023-09-05,365000,-0.54,1249282500
2023-09-06,363500,-0.41,1466307500
2023-09-07,359000,-1.24,1754607000
2023-09-08,362000,0.84,1264594500
2023-09-11,367000,1.38,1560596000
2023-09-12,369000,0.54,1790349000
2023-09-13,368500,-0.14,944988000
2023-09-14,369500,0.27,1433328500
2023-09-15,372000,0.68,3071952500
2023-09-18,368500,-0.94,1543442500
2023-09-19,368000,-0.14,1031975000
2023-09-20,368500,0.14,563607000
2023-09-21,363500,-1.36,1475767000
2023-09-22,358500,-1.38,1797902000
2023-09-25,357500,-0.28,977346500
2023-09-26,358000,0.14,1413400000
2023-09-27,365000,1.96,1871985500
2023-10-04,355000,-2.74,2725220000
2023-10-05,358000,0.85,1689914000
2023-10-06,370000,3.35,3482412500
2023-10-10,368000,-0.54,2755814000
2023-10-11,371500,0.95,1497146000
2023-10-12,370500,-0.27,1175630500
2023-10-13,368500,-0.54,1181199500
2023-10-16,377000,2.31,4637513500
2023-10-17,373500,-0.93,2405045000
2023-10-18,372000,-0.4,1283620000
2023-10-19,369500,-0.67,1657420000
2023-10-20,367500,-0.54,1885989500
2023-10-23,368500,0.27,1361054500
2023-10-24,367500,-0.27,1350072000
2023-10-25,372000,1.22,2106603000
2023-10-26,373000,0.27,2657937000
2023-10-27,369000,-1.07,1225659000
2023-10-30,372000,0.81,1156650000
2023-10-31,374500,0.67,1866541000
2023-11-01,389500,4.01,7914062000
2023-11-02,383000,-1.67,2952877000
2023-11-03,388000,1.31,2308359000
2023-11-06,384000,-1.03,4130702000
2023-11-07,378500,-1.43,2654890500
2023-11-08,379500,0.26,1831780000
2023-11-09,389000,2.5,4549295000
2023-11-10,385500,-0.9,1699973500
2023-11-13,393500,2.08,4545784000
2023-11-14,402000,2.16,4865966000
2023-11-15,393000,-2.24,6854185000
2023-11-16,391000,-0.51,1693222500
2023-11-17,397500,1.66,2989147000
2023-11-20,397500,0.0,1926148000
2023-11-21,394000,-0.88,2026273500
2023-11-22,396000,0.51,1316844000
2023-11-23,397000,0.25,1298253500
2023-11-24,397000,0.0,730175500
2023-11-27,398000,0.25,2372302500
2023-11-28,392000,-1.51,2436505000
2023-11-29,381500,-2.68,3332582500
2023-11-30,378500,-0.79,2382256500
2023-12-01,380000,0.4,1704624000
2023-12-04,382000,0.53,2116712000
2023-12-05,382000,0.0,2411945500
2023-12-06,388500,1.7,1953068000
2023-12-07,388500,0.0,1003193500
2023-12-08,384500,-1.03,1021374500
2023-12-11,384500,0.0,1013935000
2023-12-12,387000,0.65,810059000
2023-12-13,385000,-0.52,1181786500
2023-12-14,384500,-0.13,2878076500
2023-12-15,394000,2.47,3308753000
2023-12-18,397000,0.76,1795787500
2023-12-19,398000,0.25,1485356500
2023-12-20,399500,0.38,1926383500
2023-12-21,396500,-0.75,1167199500
2023-12-22,395500,-0.25,887256000
2023-12-26,400000,1.14,2497438500
2023-12-27,395000,-1.25,1495346000
2023-12-28,400000,1.27,1829272500
2024-01-02,400000,0.0,1364441000
2024-01-03,396000,-1.0,1493083000
2024-01-04,393000,-0.76,982288500
2024-01-05,392000,-0.25,1042253500
2024-01-08,400000,2.04,3310263000
2024-01-09,409000,2.25,4155002500
2024-01-10,404500,-1.1,1504712500
2024-01-11,399500,-1.24,1229530500
2024-01-12,407000,1.88,2514947000
2024-01-15,409000,0.49,1553813000
2024-01-16,403500,-1.34,1258203000
2024-01-17,395000,-2.11,1499905500
2024-01-18,391500,-0.89,1308953000
2024-01-19,391000,-0.13,933629500
2024-01-22,391000,0.0,636061500
2024-01-23,392000,0.26,1016884500
2024-01-24,392000,0.0,1034597000
2024-01-25,393000,0.26,1143378500
2024-01-26,392500,-0.13,605307500
2024-01-29,395500,0.76,1004085000
2024-01-30,399500,1.01,969361500
2024-01-31,400000,0.13,1543911500
2024-02-01,407000,1.75,3383797000
2024-02-02,415000,1.97,3918519500
2024-02-05,416500,0.36,2541040500
2024-02-06,410500,-1.44,1394625000
2024-02-07,414500,0.97,1527259500
2024-02-08,410500,-0.97,1492263500
2024-02-13,412000,0.37,1424615000
2024-02-14,403000,-2.18,1893002000
2024-02-15,402000,-0.25,992088000
2024-02-16,406000,1.0,1013096500
2024-02-19,408000,0.49,861349500
2024-02-20,404000,-0.98,1105454500
2024-02-21,404000,0.0,619700500
2024-02-22,405500,0.37,987852500
2024-02-23,406500,0.25,551948500
2024-02-26,409500,0.74,902948000
2024-02-27,406500,-0.73,663638500
2024-02-28,405500,-0.25,693379000
2024-02-29,401000,-1.11,1140690500
2024-03-04,403000,0.5,921942000
2024-03-05,404500,0.37,699744000
2024-03-06,402000,-0.62,574495000
2024-03-07,392000,-2.49,2034462000
2024-03-08,394500,0.64,1072619000
2024-03-11,395000,0.13,488117500
2024-03-12,394500,-0.13,681287500
2024-03-13,392000,-0.63,1010465000
2024-03-14,391000,-0.26,1718680500
2024-03-15,393500,0.64,2371936500
2024-03-18,390000,-0.89,1518102000
2024-03-19,384500,-1.41,1944973000
2024-03-20,384000,-0.13,1284390000
2024-03-21,391000,1.82,998153500
2024-03-22,392500,0.38,1150285500
2024-03-25,390000,-0.64,789415000
2024-03-26,395000,1.28,1097311500
2024-03-27,400500,1.39,1606208500
2024-03-28,398500,-0.5,973729500
2024-03-29,395500,-0.75,800492500
2024-04-01,405000,2.4,2006501500
2024-04-02,403000,-0.49,1070056500
2024-04-03,408000,1.24,1488787500
2024-04-04,404000,-0.98,733337000
2024-04-05,401500,-0.62,640218000
2024-04-08,397500,-1.0,1243866000
2024-04-09,400000,0.63,642921500
2024-04-11,396000,-1.0,2008045000
2024-04-12,394000,-0.51,1253194500
2024-04-15,399500,1.4,1864850000
2024-04-16,395500,-1.0,1042023500
2024-04-17,394000,-0.38,785432000
2024-04-18,392000,-0.51,794616500
2024-04-19,395500,0.89,1071882500
2024-04-22,411500,4.05,2900049500
2024-04-23,411000,-0.12,1528531000
2024-04-24,409000,-0.49,1315773000
2024-04-25,428500,4.77,7306495000
2024-04-26,413000,-3.62,3294866000
2024-04-29,422000,2.18,1841538500
2024-04-30,417000,-1.18,1416811500
2024-05-02,426500,2.28,2919398500
2024-05-03,423500,-0.7,655871500
2024-05-07,426000,0.59,1844872000
2024-05-08,422000,-0.94,684966000
2024-05-09,427000,1.18,2293866000
2024-05-10,430500,0.82,3232446000
2024-05-13,441500,2.56,6701060500
2024-05-14,434000,-1.7,2358928500
2024-05-16,433500,-0.12,2778598000
2024-05-17,451500,4.15,14644471500
2024-05-20,453500,0.44,6652561500
2024-05-21,450000,-0.77,3472688000
2024-05-22,450000,0.0,3053795500
2024-05-23,442500,-1.67,3264303000
2024-05-24,445500,0.68,3164978000
2024-05-27,457000,2.58,5700871000
2024-05-28,460500,0.77,6005029500
2024-05-29,457000,-0.76,4478539500
2024-05-30,448500,-1.86,3565502500
2024-05-31,455000,1.45,1879701000
2024-06-03,457000,0.44,2632990000
2024-06-04,441500,-3.39,2308337500
2024-06-05,445000,0.79,1590375000
2024-06-07,466000,4.72,9311614000
2024-06-10,480500,3.11,13268100000
2024-06-11,486000,1.14,8151887500
2024-06-12,487500,0.31,4649580000
2024-06-13,485500,-0.41,12437985500
2024-06-14,492000,1.34,9471745500
2024-06-17,497500,1.12,6224887000
2024-06-18,478000,-3.92,7573026000
2024-06-19,458500,-4.08,7718486500
2024-06-20,454000,-0.98,3436934000
2024-06-21,456000,0.44,4157796000
2024-06-24,445500,-2.3,3027700000
2024-06-25,444000,-0.34,1541129000
2024-06-26,435000,-2.03,4077117000
2024-06-27,428000,-1.61,2298534500
2024-06-28,433000,1.17,1458235500
2024-07-01,424500,-1.96,2365457000
2024-07-02,422000,-0.59,2216962500
2024-07-03,417000,-1.18,2152002000
2024-07-04,418000,0.24,2985477000
2024-07-05,419500,0.36,2520421000
2024-07-08,431000,2.74,3017949000
2024-07-09,430000,-0.23,1790043000
2024-07-10,428000,-0.47,1593769000
2024-07-11,433500,1.29,3024039500
2024-07-12,432500,-0.23,1869072000
2024-07-15,435500,0.69,2691435500
2024-07-16,431000,-1.03,1239146000
2024-07-17,433000,0.46,1167360500
2024-07-18,436500,0.81,2193234500
2024-07-19,432000,-1.03,1110251500
2024-07-22,428000,-0.93,1562367500
2024-07-23,431000,0.7,892367500
2024-07-24,434000,0.7,1048437500
2024-07-25,428000,-1.38,1601266500
2024-07-26,426000,-0.47,872013000
2024-07-29,430500,1.06,871107000
2024-07-30,428000,-0.58,702609500
2024-07-31,436000,1.87,2334421000
2024-08-01,436000,0.0,1527117000
2024-08-02,432000,-0.92,1440913500
2024-08-05,403000,-6.71,4393560500
2024-08-06,403500,0.12,2743158000
2024-08-07,403500,0.0,1852037500
2024-08-08,411000,1.86,1606632500
2024-08-09,408000,-0.73,1154717000
2024-08-12,408500,0.12,874929000
2024-08-13,412500,0.98,1117140500
2024-08-14,427000,3.52,2125896000
2024-08-16,416500,-2.46,2808168500
2024-08-19,421000,1.08,956707500
2024-08-20,415000,-1.43,760514000
2024-08-21,418500,0.84,566847000
2024-08-22,418000,-0.12,646134500
2024-08-23,414000,-0.96,722144500
2024-08-26,410000,-0.97,1352148500
2024-08-27,418500,2.07,1440887000
2024-08-28,421500,0.72,1726514500
2024-08-29,418000,-0.83,995455500
2024-08-30,416500,-0.36,1647505000
2024-09-02,409000,-1.8,1537490000
2024-09-03,410000,0.24,1341627000
2024-09-04,397000,-3.17,1715238500
2024-09-05,402500,1.39,1155090000
2024-09-06,394500,-1.99,947232500
2024-09-09,400000,1.39,1245030000
2024-09-10,402000,0.5,1189213000
2024-09-11,402500,0.12,907300000
2024-09-12,402500,0.0,2122332500
2024-09-13,411000,2.11,2982542500
2024-09-19,423000,2.92,3671081000
2024-09-20,426000,0.71,1611627000
2024-09-23,419500,-1.53,587095000
2024-09-24,424500,1.19,766759000
2024-09-25,424500,0.0,1718773000
2024-09-26,431000,1.53,1194594500
2024-09-27,435500,1.04,2829762500
2024-09-30,426500,-2.07,1772957000
2024-10-02,416500,-2.34,1447226000
2024-10-04,412000,-1.08,1337750000
2024-10-07,412000,0.0,1161753500
2024-10-08,407500,-1.09,1115072000
2024-10-10,415000,1.84,2498083500
2024-10-11,412000,-0.72,1386185500
2024-10-14,411500,-0.12,875135500
2024-10-15,411500,0.0,615146000
2024-10-16,410000,-0.36,758106000
2024-10-17,410000,0.0,758482000
2024-10-18,402500,-1.83,820699500
2024-10-21,406000,0.87,770208000
2024-10-22,412500,1.6,1285319000
2024-10-23,407500,-1.21,1012698500
2024-10-24,418000,2.58,2516209000
2024-10-25,410500,-1.79,798076500
2024-10-28,413500,0.73,764905500
2024-10-29,415000,0.36,1024111000
2024-10-30,409500,-1.33,1339276000
2024-10-31,421500,2.93,1215352000
2024-11-01,407000,-3.44,1776256500
2024-11-04,418500,2.83,1196181500
2024-11-05,415000,-0.84,1031238500
2024-11-06,415000,0.0,908562500
2024-11-07,406000,-2.17,1634578000
2024-11-08,404500,-0.37,530535500
2024-11-11,395000,-2.35,1203193500
2024-11-12,390000,-1.27,938014500
2024-11-13,384000,-1.54,1009220000
2024-11-14,384000,0.0,1654730500
2024-11-15,385000,0.26,1113581500
2024-11-18,393000,2.08,736352500
2024-11-19,388500,-1.15,1006005000
2024-11-20,401500,3.35,1559559000
2024-11-21,401500,0.0,751975500
2024-11-22,404000,0.62,873786500
2024-11-25,397500,-1.61,1145260000
2024-11-26,406500,2.26,1122637000
2024-11-27,405500,-0.25,509231500
2024-11-28,407000,0.37,675427000
2024-11-29,413000,1.47,1229878000
2024-12-02,403500,-2.3,1150023500
2024-12-03,406000,0.62,1432533500
2024-12-04,404500,-0.37,1536461500
2024-12-05,398000,-1.61,752726000
2024-12-06,396500,-0.38,1212824500
2024-12-09,393000,-0.88,1342850500
2024-12-10,402000,2.29,691495000
2024-12-11,407500,1.37,602306500
2024-12-12,414500,1.72,2758308500
2024-12-13,410000,-1.09,1195042500
2024-12-16,403000,-1.71,1657137500
2024-12-17,408000,1.24,1250508500
2024-12-18,407500,-0.12,539632500
2024-12-19,409500,0.49,1819137000
2024-12-20,411000,0.37,1408570500
2024-12-23,410500,-0.12,719528000
2024-12-24,406500,-0.97,1083652000
2024-12-26,407500,0.25,876458500
2024-12-27,400500,-1.72,953606000
2024-12-30,395500,-1.25,1018538000
2025-01-02,390500,-1.26,968390500
2025-01-03,389500,-0.26,1009730000
2025-01-06,390500,0.26,834641500
2025-01-07,390000,-0.13,999698000
2025-01-08,391500,0.38,715984500
2025-01-09,395500,1.02,1222567500
2025-01-10,389000,-1.64,1831307000
2025-01-13,387000,-0.51,1711842000
2025-01-14,383000,-1.03,1635445000
2025-01-15,378500,-1.17,1661008500
2025-01-16,379500,0.26,1048016000
2025-01-17,382000,0.66,600154500
2025-01-20,385000,0.79,684630500
2025-01-21,384500,-0.13,712082000
2025-01-22,384500,0.0,797196000
2025-01-23,381000,-0.91,621267000
2025-01-24,381500,0.13,444009000
2025-01-31,384000,0.66,887756500
2025-02-03,380000,-1.04,1667073000
2025-02-04,379500,-0.13,779005000
2025-02-05,380500,0.26,898361000
2025-02-06,385500,1.31,1203654500
2025-02-07,381500,-1.04,586213000
2025-02-10,381500,0.0,1034397500
2025-02-11,383000,0.39,678908000
2025-02-12,381500,-0.39,978958500
2025-02-13,383000,0.39,1779056000
2025-02-14,383500,0.13,1177141500
2025-02-17,387500,1.04,1042237500
2025-02-18,384500,-0.77,1764056000
2025-02-19,388500,1.04,1456868500
2025-02-20,394500,1.54,1933483500
2025-02-21,392500,-0.51,715691500
2025-02-24,395000,0.64,1089252000
2025-02-25,388000,-1.77,1107397000
2025-02-26,392500,1.16,742791500
2025-02-27,393000,0.13,675104000
2025-02-28,387000,-1.53,2128741000
2025-03-04,387500,0.13,1282255500
2025-03-05,393500,1.55,2030200000
2025-03-06,409000,3.94,5035249000
2025-03-07,407000,-0.49,2696614500
2025-03-10,404500,-0.61,1285737250
2025-03-11,398000,-1.61,1550019500
2025-03-12,400500,0.63,1223246750
2025-03-13,397500,-0.75,2078258250
2025-03-14,394500,-0.75,1679270250
2025-03-17,399500,1.27,932556000
2025-03-18,402500,0.75,926920000
2025-03-19,409500,1.74,2803154000
2025-03-20,423500,3.42,3899607000
2025-03-21,426500,0.71,4028360750
2025-03-24,415500,-2.58,1994251500
2025-03-25,414000,-0.36,1433025000
2025-03-26,410500,-0.85,771054250
2025-03-27,410500,0.0,815914500
2025-03-28,415500,1.22,1156967000
2025-03-31,413500,-0.48,1050942000
2025-04-01,408000,-1.33,975703750
2025-04-02,409500,0.37,909244500
2025-04-03,405500,-0.98,1037519000
2025-04-04,405500,0.0,740413000
2025-04-07,396500,-2.22,1491637000
2025-04-08,392000,-1.13,1112580250
2025-04-09,382000,-2.55,1939141500
2025-04-10,395000,3.4,1165793500
2025-04-11,396500,0.38,608520000
2025-04-14,394000,-0.63,513113500
2025-04-15,400000,1.52,809725500
2025-04-16,404000,1.0,1027292500
2025-04-17,402500,-0.37,838236500
2025-04-18,404500,0.5,735191750
2025-04-21,404000,-0.12,285291750
2025-04-22,402000,-0.5,654997500
2025-04-23,401000,-0.25,704337250
2025-04-24,399000,-0.5,356791000
2025-04-25,401500,0.63,654778750
2025-04-28,398500,-0.75,605834500
2025-04-29,404500,1.51,872714500
2025-04-30,400500,-0.99,686774750
2025-05-02,402000,0.37,1436917000
2025-05-07,400000,-0.5,1384559750
2025-05-08,398500,-0.38,1853566750
2025-05-09,402500,1.0,1488211500
2025-05-12,397000,-1.37,1679562000
2025-05-13,396000,-0.25,1400697500
2025-05-14,396500,0.13,2002699500
2025-05-15,393500,-0.76,1133963750
2025-05-16,403000,2.41,3614086500
2025-05-19,391500,-2.85,2355734250
2025-05-20,387000,-1.15,2064100500
2025-05-21,383500,-0.9,2510191000
2025-05-22,386000,0.65,1458919250
2025-05-23,386000,0.0,772874250
2025-05-26,395500,2.46,1522746250
2025-05-27,393000,-0.63,1158499500
2025-05-28,390500,-0.64,1645762750
2025-05-29,395000,1.15,1696845250
2025-05-30,398000,0.76,1420905750
2025-06-02,391000,-1.76,1714833250
2025-06-04,399500,2.17,2551773750
2025-06-05,401500,0.5,2375629000
2025-06-09,404000,0.62,3584431750
2025-06-10,401500,-0.62,2255070000
2025-06-11,400000,-0.37,2509504250
2025-06-12,397500,-0.63,4852176250
2025-06-13,395000,-0.63,3067685000
2025-06-16,394000,-0.25,2069420500
2025-06-17,391500,-0.63,3132078250
2025-06-18,390500,-0.26,2794666250
2025-06-19,391000,0.13,1356800500
2025-06-20,397500,1.66,4685777250
2025-06-23,389000,-2.14,3034082250
2025-06-24,395500,1.67,1966052250
2025-06-25,397000,0.38,2231969500
2025-06-26,394500,-0.63,1694590500
2025-06-27,391000,-0.89,1793256000
2025-06-30,394000,0.77,1336602250
2025-07-01,399500,1.4,3535060250
2025-07-02,408500,2.25,6335684000
2025-07-03,407500,-0.24,1986538250
2025-07-04,400500,-1.72,1614105250
2025-07-07,405500,1.25,3003451250
2025-07-08,399500,-1.48,1799505250
2025-07-09,405000,1.38,2246911750
2025-07-10,406500,0.37,2524086500
2025-07-11,409500,0.74,2390653750
2025-07-14,411000,0.37,4046037750
2025-07-15,408000,-0.73,2072346500
2025-07-16,403500,-1.1,2385484750
2025-07-17,404000,0.12,2127658250
2025-07-18,408000,0.99,2531046250
2025-07-21,403500,-1.1,1500309750
2025-07-22,404000,0.12,1303697500
2025-07-23,403000,-0.25,1384458750
2025-07-24,399500,-0.87,2039998250
2025-07-25,398000,-0.38,1216832750
2025-07-28,395500,-0.63,1813083500
2025-07-29,396500,0.25,2030347750
2025-07-30,399500,0.76,1427536500
2025-07-31,398500,-0.25,961552750
2025-08-01,391500,-1.76,2350305000
2025-08-04,398500,1.79,4070284000
2025-08-05,396000,-0.63,1443684250
2025-08-06,399500,0.88,2305685750
2025-08-07,401000,0.38,1974177000
2025-08-08,399000,-0.5,1578604750
2025-08-11,396000,-0.75,1219017500
2025-08-12,394000,-0.51,1204913750
2025-08-13,392000,-0.51,1713849250
2025-08-14,390500,-0.38,2119614500
2025-08-18,385500,-1.28,2985514750
2025-08-19,382500,-0.78,2332702500
2025-08-20,383500,0.26,2379317250
2025-08-21,383500,0.0,1164502250
2025-08-22,382500,-0.26,1841456750
2025-08-25,383000,0.13,1045141750
2025-08-26,384500,0.39,2361668250
2025-08-27,383500,-0.26,1427362250
2025-08-28,386000,0.65,2024125000
2025-08-29,383500,-0.65,1959227750
2025-09-01,394000,2.74,6952964750
2025-09-02,392000,-0.51,1779566500
2025-09-03,394000,0.51,2171710000
2025-09-04,394000,0.0,1695762104
2025-09-05,395000,0.25,1603461000
2025-09-08,390000,-1.27,1878884250
2025-09-09,391000,0.26,1168868500
2025-09-10,394500,0.9,1538325500
2025-09-11,409000,3.68,8977592000
2025-09-12,433000,5.87,24665627500
2025-09-15,429000,-0.92,7194833750
2025-09-16,424000,-1.17,5214598000
2025-09-17,429000,1.18,8254550000
2025-09-18,429500,0.12,3540137000
2025-09-19,425500,-0.93,3144233750
2025-09-22,419000,-1.53,2592852250
2025-09-23,416000,-0.72,2606904000
2025-09-24,412500,-0.84,3160496500
2025-09-25,412000,-0.12,1874652250
2025-09-26,414000,0.49,3169520250
2025-09-29,410500,-0.85,1827343750
2025-09-30,410500,0.0,1057889500
2025-10-01,409500,-0.24,1687873750
2025-10-02,405500,-0.98,5135694250
2025-10-10,399000,-1.6,3492708500
2025-10-13,393500,-1.38,2960960750
2025-10-14,391000,-0.64,2234906750
2025-10-15,393000,0.51,1816946250
2025-10-16,394500,0.38,2084735000
2025-10-17,394000,-0.13,2436971000
2025-10-20,392500,-0.38,2264348750
2025-10-21,390000,-0.64,3404101500
2025-10-22,392500,0.64,1875310000
2025-10-23,390000,-0.64,2782267500
2025-10-24,388500,-0.38,3112530000
2025-10-27,391000,0.64,2090970750
2025-10-28,391500,0.13,2008245750
2025-10-29,390000,-0.38,2044548250
2025-10-30,388000,-0.51,2520319250
2025-10-31,388500,0.13,1200201500
2025-11-03,386500,-0.51,2777375250
2025-11-04,388000,0.39,2575586250
2025-11-05,385500,-0.64,2514038750
2025-11-06,387000,0.39,1525743750
2025-11-07,386000,-0.26,2439970750
2025-11-10,389500,0.91,1928602750
2025-11-11,388000,-0.39,1786208500
2025-11-12,389500,0.39,2428039750
2025-11-13,390000,0.13,2572113500
2025-11-14,386000,-1.03,2641091250
2025-11-17,390000,1.04,3296446500
2025-11-18,384500,-1.41,2124927250
2025-11-19,387500,0.78,1996504250
2025-11-20,389000,0.39,2080884000
2025-11-21,391000,0.51,2530360750
2025-11-24,387500,-0.9,1913453000
2025-11-25,384000,-0.9,2260564750
2025-11-26,388000,1.04,1543856250
2025-11-27,387500,-0.13,1058338500
2025-11-28,389000,0.39,1377722250
2025-12-01,389000,0.0,1768250250
2025-12-02,389000,0.0,2853307500
2025-12-03,391500,0.64,1751237250
2025-12-04,390000,-0.38,3029493000
2025-12-05,390000,0.0,1290916250
2025-12-08,388500,-0.38,3236800500
2025-12-09,387500,-0.26,1389037750
2025-12-10,389000,0.39,1119815500
2025-12-11,390000,0.26,3091104750
2025-12-12,391000,0.26,1420854500
2025-12-15,389500,-0.38,2449289250
2025-12-16,389000,-0.13,3426333250
2025-12-17,390000,0.26,1746707750
2025-12-18,387500,-0.64,1517614500
2025-12-19,389000,0.39,1537675000
2025-12-22,389500,0.13,1685463750
2025-12-23,388000,-0.39,1727099500
2025-12-24,389000,0.26,1554516500
2025-12-26,388500,-0.13,1339747000
2025-12-29,385000,-0.9,1801018250
2025-12-30,385000,0.0,1538606750
2026-01-02,383000,-0.52,1699681250
2026-01-05,381500,-0.39,2136127750
2026-01-06,380500,-0.26,3251540000
2026-01-07,375000,-1.45,3751700000
2026-01-08,375000,0.0,2496359000
2026-01-09,376000,0.27,1773161000
2026-01-12,374000,-0.53,2737801250
2026-01-13,378000,1.07,1944597750
2026-01-14,382500,1.19,1826830500
2026-01-15,383000,0.13,1754007500
2026-01-16,384000,0.26,1670130250
2026-01-19,381500,-0.65,2115352750
2026-01-20,388000,1.7,2914968000
2026-01-21,384000,-1.03,2395171000
2026-01-22,387500,0.91,2704498000
2026-01-23,391000,0.9,2826558750
2026-01-26,387500,-0.9,2350267000
2026-01-27,389500,0.52,2144875000
2026-01-28,387000,-0.64,3343711750
2026-01-29,387500,0.13,2759745000
2026-01-30,386000,-0.39,2820726750
2026-02-02,379000,-1.81,3136789500
2026-02-03,382000,0.79,3321073750
2026-02-04,390000,2.09,3215163750
2026-02-05,391000,0.26,2903228250
2026-02-06,388500,-0.64,2097457000
2026-02-09,391000,0.64,1967417750
2026-02-10,394000,0.77,3732287000
2026-02-11,395000,0.25,2397660750
2026-02-12,405000,2.53,5214685000
2026-02-13,402500,-0.62,2794413750
2026-02-19,400000,-0.62,2754208500
2026-02-20,400500,0.13,1871767750
2026-02-23,413500,3.25,5251431500
2026-02-24,411000,-0.6,2674862000
2026-02-25,407000,-0.97,2917250750
2026-02-26,399000,-1.97,4607858750
2026-02-27,397500,-0.38,3541679000
2026-03-03,388500,-2.26,3179654500
2026-03-04,362500,-6.69,7110662250
2026-03-05,372500,2.76,3974081500
2026-03-06,367000,-1.48,3353354750
2026-03-09,357500,-2.59,2304813500
2026-03-10,360000,0.7,1956418500
2026-03-11,370000,2.78,2218641750
2026-03-12,376500,1.76,1893297500
2026-03-13,365500,-2.92,3125963000
2026-03-16,366000,0.14,1952700750
2026-03-17,370000,1.09,2188893750
2026-03-18,373500,0.95,2078535000
2026-03-19,368500,-1.34,1990456250
2026-03-20,368000,-0.14,11658980750
2026-03-23,360000,-2.17,2685769250
2026-03-24,368000,2.22,1256080750
2026-03-25,370500,0.68,1077856250
2026-03-26,362500,-2.16,1765350750
2026-03-27,359500,-0.83,1536087250
2026-03-30,358000,-0.42,1409238750
2026-03-31,359500,0.42,2911609250
2026-04-01,366000,1.81,3769645500
2026-04-02,355500,-2.87,2263551500
2026-04-03,355500,0.0,1937076750
2026-04-06,355000,-0.14,1081494750
2026-04-07,355000,0.0,2687323500
2026-04-08,357500,0.7,2337987750
2026-04-09,370000,3.5,2068434000
2026-04-10,367000,-0.81,1526013750
2026-04-13,362500,-1.23,1556272750
2026-04-14,367500,1.38,1392867250
2026-04-15,367500,0.0,2514096500
2026-04-16,371500,1.09,2009575500
2026-04-17,369000,-0.67,2295538500
2026-04-20,365500,-0.95,1187490750
2026-04-21,365000,-0.14,1469087500
2026-04-22,364500,-0.14,1121169750
2026-04-23,365500,0.27,1367182500
2026-04-24,368500,0.82,1177318750
2026-04-27,365500,-0.81,1478600250
2026-04-28,364000,-0.41,1717380000
2026-04-29,365500,0.41,1460975000
2026-04-30,365500,0.0,1861445000
2026-05-04,364000,-0.41,1770328500
2026-05-06,357000,-1.92,3494301500
2026-05-07,356000,-0.28,1835907250
2026-05-08,360000,1.12,2300772000
2026-05-11,355000,-1.39,1785103750
2026-05-12,347500,-2.11,2995476000
2026-05-13,344500,-0.86,1621080250
2026-05-14,364000,5.66,3449957000
2026-05-15,360000,-1.1,3820917750
2026-05-18,353500,-1.81,1140588000
2026-05-19,352000,-0.42,1227546250
2026-05-20,343000,-2.56,1832232750
2026-05-21,342000,-0.29,1526093500
2026-05-22,350000,2.34,1450080250
2026-05-26,342000,-2.29,2323563000
2026-05-27,340500,-0.44,2233616500
2026-05-28,339000,-0.44,2023403500
2026-05-29,334000,-1.47,1760905750
2026-06-01,332500,-0.45,2295706500
2026-06-02,330500,-0.6,7057934250
2026-06-04,332000,0.45,2237573750
2026-06-05,328500,-1.05,1147656500
2026-06-08,320000,-2.59,1370472750
2026-06-09,319000,-0.31,1651874000
2026-06-10,316500,-0.78,2665345250
2026-06-11,340000,7.42,5382941500
2026-06-12,329500,-3.09,2300192750
2026-06-15,335500,1.82,1521423500
2026-06-16,333500,-0.6,1325190000
2026-06-17,331000,-0.75,1025401000
2026-06-18,319500,-3.47,1280533000
2026-06-19,314000,-1.72,2117666000
2026-06-22,306000,-2.55,1465066000
2026-06-23,303000,-0.98,1495151500
2026-06-24,301500,-0.5,1681919250
2026-06-25,300000,-0.5,880322750
2026-06-26,295000,-1.67,1349069500
2026-06-29,310500,5.25,1426435250
2026-06-30,303000,-2.42,1618562500
2026-07-01,308500,1.82,1293852500
2026-07-02,319000,3.4,1649472500
2026-07-03,319000,0.0,2010891250
2026-07-06,317000,-0.63,612146750
2026-07-07,323000,1.89,1194494000
2026-07-08,317500,-1.7,999138000
2026-07-09,331500,4.41,2440581750
2026-07-10,312500,-5.73,2461637500
2026-07-13,312500,0.0,1774086500
2026-07-14,306500,-1.92,1740415000
2026-07-15,305000,-0.49,1724042250
2026-07-16,313000,2.62,967130250
2026-07-20,306500,-2.08,856676000
2026-07-21,306000,-0.16,1182109500
2026-07-22,309500,1.14,1222803000
2026-07-23,314000,1.45,1486668000
2026-07-24,319000,1.59,1958512500
2026-07-27,317500,-0.47,1456112750
2026-07-28,316000,-0.47,2063497500
2026-07-29,319000,0.95,4805926750
2026-07-30,329000,3.13,2510487750
2026-07-31,323500,-1.67,1875875500
2026-08-03,320500,-0.93,1824154000
2026-08-04,322500,0.62,1294923250
2026-08-05,323500,0.31,1034119000
2026-08-06,334500,3.4,1497853500
2026-08-07,341500,2.09,1710245500
2026-08-10,335500,-1.76,942367500
2026-08-11,333000,-0.75,1079097500
2026-08-12,325000,-2.4,1410686500
2026-08-13,326500,0.46,1327654250
2026-08-14,337000,3.22,3305919750
2026-08-18,326000,-3.26,1723330000
2026-08-19,320000,-1.84,1082282500
2026-08-20,323500,1.09,1998662250
2026-08-21,323000,-0.15,923792500
2026-08-24,333000,3.1,1649397250
2026-08-25,331500,-0.45,1287013500
2026-08-26,337500,1.81,1732676000
2026-08-27,326000,-3.41,1715594250
2026-08-28,339000,3.99,1535792750
2026-08-31,336500,-0.74,2182442250
2026-09-01,336500,0.0,972402500
2026-09-02,336000,-0.15,2226821000
2026-09-03,336000,0.0,2005986500
2026-09-04,334000,-0.6,961761000
2026-09-07,332000,-0.6,1207035000
2026-09-08,332500,0.15,764876500
2026-09-09,334000,0.45,983112000
2026-09-10,336500,0.75,1964996000
2026-09-11,332500,-1.19,1063077000
2026-09-14,331500,-0.3,749266250
2026-09-15,323500,-2.41,798035250
2026-09-16,321500,-0.62,721843750
2026-09-17,320000,-0.47,408288500
2026-09-18,313000,-2.19,2115834000
2026-09-21,314000,0.32,582582000
2026-09-22,312500,-0.48,1280803000
2026-09-23,311500,-0.32,841246250
2026-09-28,321000,3.049999952316284,1405438000
2026-09-29,315500,-1.7100000381469729,584429750
2026-09-30,315000,-0.1599999964237213,710693750
2026-10-01,313000,-0.6299999952316284,652302000
2026-10-02,316000,0.959999978542328,666890000
