date,close,change_pct,trading_value
2015-01-02,169000,0.0,77441258500
2015-01-05,168000,-0.5899999737739563,76211663500
2015-01-06,164500,-2.0799999237060547,104856982500
2015-01-07,170000,3.3399999141693115,86384012000
2015-01-08,178000,4.710000038146973,158423821252
2015-01-09,180000,1.1200000047683716,129654383500
2015-01-12,177500,-1.3899999856948853,121579685000
2015-01-13,179500,1.1299999952316284,128536882500
2015-01-14,177500,-1.1100000143051147,70138148500
2015-01-15,174500,-1.690000057220459,66215887992
2015-01-16,171000,-2.009999990463257,99874820000
2015-01-19,172500,0.8799999952316284,54798378500
2015-01-20,173500,0.5799999833106995,39850569500
2015-01-21,171500,-1.149999976158142,83558547071
2015-01-22,168000,-2.0399999618530273,157946184000
2015-01-23,168000,0.0,137137777858
2015-01-26,164500,-2.0799999237060547,168950184500
2015-01-27,164000,-0.30000001192092896,132006433500
2015-01-28,165500,0.9100000262260437,94682950500
2015-01-29,167000,0.9100000262260437,69372868582
2015-01-30,169500,1.5,120277005000
2015-02-02,171000,0.8799999952316284,73801066500
2015-02-03,166000,-2.9200000762939453,117397763000
2015-02-04,166500,0.30000001192092896,137630614000
2015-02-05,166000,-0.30000001192092896,63437828000
2015-02-06,163500,-1.5099999904632568,171218086325
2015-02-09,157500,-3.6700000762939453,136598628000
2015-02-10,156500,-0.6299999952316284,85510541500
2015-02-11,157000,0.3199999928474426,92452376500
2015-02-12,155000,-1.2699999809265137,85216459500
2015-02-13,158000,1.940000057220459,89577310620
2015-02-16,158000,0.0,48362367500
2015-02-17,162500,2.8499999046325684,99892206000
2015-02-23,162000,-0.3100000023841858,107929853000
2015-02-24,162500,0.3100000023841858,73274486000
2015-02-25,164000,0.9200000166893005,82321866992
2015-02-26,163500,-0.30000001192092896,77153662500
2015-02-27,160500,-1.8300000429153442,107754403688
2015-03-02,161500,0.6200000047683716,77180844768
2015-03-03,166500,3.0999999046325684,122397097500
2015-03-04,163500,-1.7999999523162842,105461880000
2015-03-05,167500,2.450000047683716,80422160500
2015-03-06,173000,3.2799999713897705,159748655000
2015-03-09,169000,-2.309999942779541,105149841500
2015-03-10,173000,2.369999885559082,113345967500
2015-03-11,176500,2.0199999809265137,198767976500
2015-03-12,172000,-2.549999952316284,146177117000
2015-03-13,172000,0.0,85652724000
2015-03-16,175500,2.0299999713897705,139487153500
2015-03-17,182000,3.700000047683716,214995308000
2015-03-18,182000,0.0,159668221000
2015-03-19,184000,1.100000023841858,142020142500
2015-03-20,181000,-1.6299999952316284,144576462000
2015-03-23,179000,-1.100000023841858,115962501125
2015-03-24,175000,-2.2300000190734863,151589915000
2015-03-25,170000,-2.859999895095825,152863523000
2015-03-26,169000,-0.5899999737739563,107007936000
2015-03-27,167500,-0.8899999856948853,93573960500
2015-03-30,167000,-0.30000001192092896,67080610500
2015-03-31,168500,0.8999999761581421,92403288275
2015-04-01,164000,-2.6700000762939453,113148569000
2015-04-02,164000,0.0,82717508000
2015-04-03,166000,1.2200000286102295,67619882800
2015-04-06,162000,-2.4100000858306885,92702485500
2015-04-07,161500,-0.3100000023841858,79829469500
2015-04-08,161000,-0.3100000023841858,94164238000
2015-04-09,161500,0.3100000023841858,89795103500
2015-04-10,167500,3.7200000286102295,149671589500
2015-04-13,167000,-0.30000001192092896,146419712000
2015-04-14,171000,2.4000000953674316,145048734000
2015-04-15,170000,-0.5799999833106995,99578980000
2015-04-16,169000,-0.5899999737739563,107995337000
2015-04-17,170000,0.5899999737739563,98989516500
2015-04-20,174500,2.6500000953674316,164272094500
2015-04-21,171000,-2.009999990463257,129196247500
2015-04-22,170000,-0.5799999833106995,140776595000
2015-04-23,175500,3.240000009536743,211044701500
2015-04-24,177500,1.1399999856948853,216143906500
2015-04-27,176000,-0.8500000238418579,133146398670
2015-04-28,172500,-1.9900000095367432,127626979000
2015-04-29,171000,-0.8700000047683716,102143260500
2015-04-30,169000,-1.1699999570846558,72463633500
2015-05-04,172000,1.7799999713897705,65336060500
2015-05-06,171500,-0.28999999165534973,86829679500
2015-05-07,173000,0.8700000047683716,69423959978
2015-05-08,173000,0.0,81310710500
2015-05-11,169500,-2.0199999809265137,75065601500
2015-05-12,169000,-0.28999999165534973,77641184000
2015-05-13,166000,-1.7799999713897705,126110656000
2015-05-14,164000,-1.2000000476837158,90075527000
2015-05-15,163500,-0.30000001192092896,107960084750
2015-05-18,162500,-0.6100000143051147,79064584500
2015-05-19,162500,0.0,80840727500
2015-05-20,162500,0.0,79401681500
2015-05-21,159500,-1.850000023841858,89949917500
2015-05-22,162500,1.8799999952316284,78050824500
2015-05-26,160000,-1.5399999618530273,123861409500
2015-05-27,157000,-1.8799999952316284,127927196214
2015-05-28,156000,-0.6399999856948853,112487889147
2015-05-29,158000,1.2799999713897705,124851407000
2015-06-01,154500,-2.2200000286102295,102017554000
2015-06-02,138500,-10.359999656677246,493414797000
2015-06-03,135500,-2.1700000762939453,423369923636
2015-06-04,139000,2.5799999237060547,241370514000
2015-06-05,137500,-1.0800000429153442,149765240500
2015-06-08,134500,-2.180000066757202,150824836000
2015-06-09,135500,0.7400000095367432,89545305000
2015-06-10,134500,-0.7400000095367432,131728326500
2015-06-11,138000,2.5999999046325684,230030908000
2015-06-12,136000,-1.4500000476837158,88428800000
2015-06-15,136500,0.3700000047683716,63492973000
2015-06-16,137000,0.3700000047683716,144133584000
2015-06-17,136000,-0.7300000190734863,75222117500
2015-06-18,131500,-3.309999942779541,148192772000
2015-06-19,130000,-1.1399999856948853,126492467000
2015-06-22,132000,1.5399999618530273,103281033500
2015-06-23,131000,-0.7599999904632568,94565146928
2015-06-24,133000,1.5299999713897705,90176502800
2015-06-25,132000,-0.75,72236081000
2015-06-26,135000,2.2699999809265137,110758541000
2015-06-29,134500,-0.3700000047683716,84290611000
2015-06-30,136000,1.1200000047683716,86456555500
2015-07-01,136500,0.3700000047683716,90062066700
2015-07-02,135500,-0.7300000190734863,148273494000
2015-07-03,135000,-0.3700000047683716,47463283280
2015-07-06,133000,-1.4800000190734863,104143770500
2015-07-07,131500,-1.1299999952316284,105497407500
2015-07-08,128000,-2.6600000858306885,130360883000
2015-07-09,127000,-0.7799999713897705,115620686500
2015-07-10,124000,-2.359999895095825,146152449000
2015-07-13,125500,1.2100000381469727,46190384500
2015-07-14,125500,0.0,73025543500
2015-07-15,126500,0.800000011920929,62450194500
2015-07-16,127000,0.4000000059604645,65908232000
2015-07-17,123500,-2.759999990463257,111345876000
2015-07-20,124000,0.4000000059604645,66763222500
2015-07-21,133000,7.260000228881836,174372917500
2015-07-22,131000,-1.5,115761395000
2015-07-23,138000,5.340000152587891,205969205500
2015-07-24,139000,0.7200000286102295,140389346500
2015-07-27,145000,4.320000171661377,202421803442
2015-07-28,145000,0.0,170232127000
2015-07-29,146000,0.6899999976158142,106474723000
2015-07-30,150000,2.740000009536743,183867413000
2015-07-31,149000,-0.6700000166893005,110452776500
2015-08-03,143500,-3.690000057220459,108967653000
2015-08-04,144000,0.3499999940395355,52782089500
2015-08-05,145500,1.0399999618530273,51804499600
2015-08-06,139500,-4.119999885559082,116288634000
2015-08-07,138000,-1.0800000429153442,80033999000
2015-08-10,140000,1.4500000476837158,51445195500
2015-08-11,139000,-0.7099999785423279,53767760000
2015-08-12,146000,5.039999961853027,240956422500
2015-08-13,144500,-1.0299999713897705,138780632000
2015-08-17,143500,-0.6899999976158142,64953460500
2015-08-18,146500,2.0899999141693115,92076035500
2015-08-19,148000,1.0199999809265137,119722823000
2015-08-20,149000,0.6800000071525574,103420253500
2015-08-21,146000,-2.009999990463257,119235491500
2015-08-24,142500,-2.4000000953674316,116148949000
2015-08-25,147500,3.509999990463257,191051481500
2015-08-26,150000,1.690000057220459,120222151500
2015-08-27,147000,-2.0,129032349000
2015-08-28,144000,-2.0399999618530273,134377336000
2015-08-31,149000,3.4700000286102295,112629021500
2015-09-01,146500,-1.6799999475479126,64005046000
2015-09-02,151500,3.4100000858306885,171143025000
2015-09-03,152000,0.33000001311302185,80151573000
2015-09-04,150000,-1.3200000524520874,65842597000
2015-09-07,152000,1.3300000429153442,97574870000
2015-09-08,156500,2.9600000381469727,133016340500
2015-09-09,155500,-0.6399999856948853,94732615500
2015-09-10,156500,0.6399999856948853,116422925000
2015-09-11,156000,-0.3199999928474426,102099011000
2015-09-14,154500,-0.9599999785423279,73030915000
2015-09-15,156500,1.2899999618530273,146638818668
2015-09-16,163000,4.150000095367432,187593414000
2015-09-17,163500,0.3100000023841858,105144504500
2015-09-18,165500,1.2200000286102295,147899731000
2015-09-21,159000,-3.930000066757202,135791227000
2015-09-22,164000,3.140000104904175,116863092000
2015-09-23,157000,-4.269999980926514,150833848500
2015-09-24,158000,0.6399999856948853,572573505000
2015-09-25,162000,2.5299999713897705,139265045500
2015-09-30,164000,1.2300000190734863,158179752400
2015-10-01,168000,2.440000057220459,134340121612
2015-10-02,167000,-0.6000000238418579,82678697610
2015-10-05,164000,-1.7999999523162842,77540561500
2015-10-06,158000,-3.6600000858306885,203208957500
2015-10-07,160500,1.5800000429153442,84967469500
2015-10-08,162000,0.9300000071525574,91728341500
2015-10-12,159500,-1.5399999618530273,83199087500
2015-10-13,163500,2.509999990463257,117372243750
2015-10-14,163000,-0.3100000023841858,98788463000
2015-10-15,162500,-0.3100000023841858,80589766500
2015-10-16,161000,-0.9200000166893005,100543827907
2015-10-19,161000,0.0,53641122500
2015-10-20,162500,0.9300000071525574,54467993000
2015-10-21,163000,0.3100000023841858,52448608260
2015-10-22,162000,-0.6100000143051147,99234426000
2015-10-23,158000,-2.4700000286102295,104171358000
2015-10-26,159000,0.6299999952316284,64263053500
2015-10-27,159000,0.0,45073291500
2015-10-28,155500,-2.200000047683716,88276365000
2015-10-29,153500,-1.2899999618530273,69388515000
2015-10-30,156000,1.6299999952316284,103457264500
2015-11-02,158500,1.600000023841858,42925201500
2015-11-03,162500,2.5199999809265137,122302958500
2015-11-04,165500,1.850000023841858,146376837000
2015-11-05,165500,0.0,54587454500
2015-11-06,164500,-0.6000000238418579,55460829000
2015-11-09,165000,0.30000001192092896,48063210000
2015-11-10,162500,-1.5199999809265137,372028654343
2015-11-11,163000,0.3100000023841858,66535016728
2015-11-12,160500,-1.5299999713897705,41894041000
2015-11-13,156500,-2.490000009536743,68814326500
2015-11-16,158000,0.9599999785423279,96796886000
2015-11-17,157000,-0.6299999952316284,56909392000
2015-11-18,158000,0.6399999856948853,46726825000
2015-11-19,159500,0.949999988079071,35707651500
2015-11-20,158000,-0.9399999976158142,32050405000
2015-11-23,157000,-0.6299999952316284,46839485000
2015-11-24,155000,-1.2699999809265137,66187639500
2015-11-25,151500,-2.259999990463257,80770990000
2015-11-26,152500,0.6600000262260437,62251337000
2015-11-27,151000,-0.9800000190734863,48323986500
2015-11-30,147500,-2.319999933242798,153915934000
2015-12-01,153000,3.7300000190734863,85795894500
2015-12-02,152000,-0.6499999761581421,38499799500
2015-12-03,153000,0.6600000262260437,43066755500
2015-12-04,151500,-0.9800000190734863,72109198300
2015-12-07,150500,-0.6600000262260437,42841854000
2015-12-08,150000,-0.33000001311302185,36157402500
2015-12-09,151500,1.0,53571399000
2015-12-10,151500,0.0,80180780000
2015-12-11,148500,-1.9800000190734863,78352597500
2015-12-14,150500,1.350000023841858,90176732500
2015-12-15,151500,0.6600000262260437,48990711500
2015-12-16,153000,0.9900000095367432,71750453500
2015-12-17,155500,1.6299999952316284,72046889500
2015-12-18,154000,-0.9599999785423279,62663537500
2015-12-21,152000,-1.2999999523162842,44841261500
2015-12-22,153000,0.6600000262260437,73779082000
2015-12-23,151500,-0.9800000190734863,106227489000
2015-12-24,151500,0.0,52583476000
2015-12-28,151000,-0.33000001311302185,44637274000
2015-12-29,149000,-1.3200000524520874,42051716500
2015-12-30,149000,0.0,37966109500
2016-01-04,144000,-3.36,64510089000
2016-01-05,143500,-0.35,76197803600
2016-01-06,140000,-2.44,108592245500
2016-01-07,137500,-1.79,81097214000
2016-01-08,136500,-0.73,120708326500
2016-01-11,140000,2.56,74734852500
2016-01-12,139500,-0.36,54126268500
2016-01-13,140500,0.72,47658671500
2016-01-14,141000,0.36,93160879000
2016-01-15,138500,-1.77,78687025500
2016-01-18,139000,0.36,55460916500
2016-01-19,140000,0.72,46056347000
2016-01-20,136500,-2.5,74511341500
2016-01-21,137000,0.37,62273889000
2016-01-22,139000,1.46,76381910000
2016-01-25,137500,-1.08,74568286000
2016-01-26,136000,-1.09,76659902000
2016-01-27,137000,0.74,95885319000
2016-01-28,135000,-1.46,65189573500
2016-01-29,133000,-1.48,132185206000
2016-02-01,132500,-0.38,90675410500
2016-02-02,129500,-2.26,77692527000
2016-02-03,129000,-0.39,83149709500
2016-02-04,132500,2.71,78680763500
2016-02-05,133500,0.75,68186121000
2016-02-11,131000,-1.87,90552959500
2016-02-12,137000,4.58,171514559500
2016-02-15,139500,1.82,122605730500
2016-02-16,141000,1.08,73845357000
2016-02-17,147000,4.26,112192530000
2016-02-18,147000,0.0,68772828500
2016-02-19,149000,1.36,71187112500
2016-02-22,147500,-1.01,40347925500
2016-02-23,149000,1.02,37062018500
2016-02-24,149000,0.0,28410504500
2016-02-25,147000,-1.34,72818302500
2016-02-26,147000,0.0,51428563500
2016-02-29,147500,0.34,83905959500
2016-03-02,150000,1.69,80529836500
2016-03-03,147500,-1.67,92886614500
2016-03-04,147500,0.0,101240459000
2016-03-07,146500,-0.68,46423351500
2016-03-08,148000,1.02,54141327500
2016-03-09,149500,1.01,67191062440
2016-03-10,148000,-1.0,102507469500
2016-03-11,149000,0.68,60714912000
2016-03-14,148500,-0.34,53727250500
2016-03-15,147000,-1.01,45430504500
2016-03-16,146500,-0.34,30262274500
2016-03-17,146500,0.0,72486719500
2016-03-18,150500,2.73,115079109500
2016-03-21,154500,2.66,123069250000
2016-03-22,159000,2.91,137393820750
2016-03-23,158000,-0.63,71856282500
2016-03-24,155500,-1.58,44878323500
2016-03-25,153000,-1.61,42926231000
2016-03-28,154000,0.65,28844120500
2016-03-29,155000,0.65,35484730500
2016-03-30,155500,0.32,58548585561
2016-03-31,152500,-1.93,87802476000
2016-04-01,149500,-1.97,90258604858
2016-04-04,144000,-3.68,111153612500
2016-04-05,144500,0.35,42208876500
2016-04-06,144000,-0.35,54948221500
2016-04-07,146500,1.74,53261020500
2016-04-08,146000,-0.34,49355262000
2016-04-11,146000,0.0,28782465800
2016-04-12,148500,1.71,53468325000
2016-04-14,152000,2.36,75064170000
2016-04-15,151500,-0.33,44860678500
2016-04-18,154000,1.65,62434286000
2016-04-19,153000,-0.65,47518832000
2016-04-20,151500,-0.98,41298560500
2016-04-21,154000,1.65,45614282000
2016-04-22,151000,-1.95,48285434000
2016-04-25,149500,-0.99,40991505500
2016-04-26,153500,2.68,55442553000
2016-04-27,149000,-2.93,56151920500
2016-04-28,148000,-0.67,69105690328
2016-04-29,143500,-3.04,106244390500
2016-05-02,142500,-0.7,34562376000
2016-05-03,142500,0.0,51204771500
2016-05-04,139000,-2.46,113213536500
2016-05-09,135500,-2.52,65971913000
2016-05-10,139500,2.95,48288116000
2016-05-11,139000,-0.36,39638131500
2016-05-12,136500,-1.8,57740055000
2016-05-13,135000,-1.1,71910102500
2016-05-16,135500,0.37,53992445471
2016-05-17,134500,-0.74,42628847000
2016-05-18,133000,-1.12,84056333158
2016-05-19,134500,1.13,52320062000
2016-05-20,132000,-1.86,61273615000
2016-05-23,133000,0.76,41473986000
2016-05-24,133500,0.38,47548501000
2016-05-25,135000,1.12,67859181500
2016-05-26,135000,0.0,46427122500
2016-05-27,136000,0.74,46952114320
2016-05-30,136500,0.37,64632095268
2016-05-31,139500,2.2,240813308000
2016-06-01,138000,-1.08,69855701000
2016-06-02,138000,0.0,57869689000
2016-06-03,138500,0.36,48863916704
2016-06-07,139500,0.72,84254555500
2016-06-08,139500,0.0,83742817500
2016-06-09,139000,-0.36,80302668000
2016-06-10,139000,0.0,48792377500
2016-06-13,135500,-2.52,65244659500
2016-06-14,138500,2.21,59237282000
2016-06-15,135500,-2.17,55901270000
2016-06-16,134500,-0.74,53651497500
2016-06-17,134500,0.0,44248931500
2016-06-20,136500,1.49,41798402000
2016-06-21,138000,1.1,48713476500
2016-06-22,140000,1.45,57956030000
2016-06-23,141000,0.71,38532778000
2016-06-24,139500,-1.06,124664040500
2016-06-27,141500,1.43,145808074000
2016-06-28,139000,-1.77,79738704500
2016-06-29,139000,0.0,60493642000
2016-06-30,135500,-2.52,368799159250
2016-07-01,137000,1.11,53236816000
2016-07-04,137000,0.0,71523188000
2016-07-05,135000,-1.46,52673797000
2016-07-06,130000,-3.7,143777557000
2016-07-07,131000,0.77,46165361000
2016-07-08,130500,-0.38,61547847500
2016-07-11,131000,0.38,51965971853
2016-07-12,132000,0.76,52956918000
2016-07-13,135500,2.65,76281878000
2016-07-14,131500,-2.95,90852389500
2016-07-15,133000,1.14,80957865000
2016-07-18,132000,-0.75,55118969000
2016-07-19,130000,-1.52,82210653000
2016-07-20,129500,-0.38,66623447500
2016-07-21,130000,0.39,59548029000
2016-07-22,129000,-0.77,47224855500
2016-07-25,135500,5.04,158438163000
2016-07-26,136000,0.37,154711263000
2016-07-27,137000,0.74,61518543000
2016-07-28,136000,-0.73,61446290500
2016-07-29,132000,-2.94,92926631144
2016-08-01,135500,2.65,68791567000
2016-08-02,134000,-1.11,51403148500
2016-08-03,132000,-1.49,51985061000
2016-08-04,130500,-1.14,72094635000
2016-08-05,133000,1.92,57032950000
2016-08-08,133000,0.0,48868354852
2016-08-09,136500,2.63,80319574000
2016-08-10,134000,-1.83,67019290000
2016-08-11,134500,0.37,45683270000
2016-08-12,136000,1.12,59855452000
2016-08-16,133000,-2.21,75597790000
2016-08-17,135000,1.5,61281034621
2016-08-18,132500,-1.85,66624329850
2016-08-19,132500,0.0,49817390000
2016-08-22,132000,-0.38,52822481012
2016-08-23,132500,0.38,56066929500
2016-08-24,135500,2.26,97468660000
2016-08-25,136500,0.74,119910840000
2016-08-26,135500,-0.73,57927989000
2016-08-29,134000,-1.11,43872009500
2016-08-30,132500,-1.12,44162692000
2016-08-31,133000,0.38,82451127500
2016-09-01,131500,-1.13,75581943886
2016-09-02,135000,2.66,152470713000
2016-09-05,139000,2.96,93992703000
2016-09-06,139500,0.36,63248463500
2016-09-07,139000,-0.36,71910780500
2016-09-08,139000,0.0,83704923000
2016-09-09,139500,0.36,59904406500
2016-09-12,138500,-0.72,62032610500
2016-09-13,138500,0.0,77922045000
2016-09-19,137000,-1.08,73737363000
2016-09-20,138500,1.09,71502594500
2016-09-21,138000,-0.36,63975609500
2016-09-22,138000,0.0,49355297500
2016-09-23,142000,2.9,84125179000
2016-09-26,140500,-1.06,62232790500
2016-09-27,141500,0.71,63484880000
2016-09-28,138500,-2.12,71244000500
2016-09-29,139500,0.72,65842252500
2016-09-30,135500,-2.87,84444888000
2016-10-04,139000,2.58,98676945090
2016-10-05,140000,0.72,76268323000
2016-10-06,139000,-0.71,37760668000
2016-10-07,136500,-1.8,61478110000
2016-10-10,133500,-2.2,91757548000
2016-10-11,134500,0.75,47693799772
2016-10-12,136500,1.49,56977611500
2016-10-13,134000,-1.83,59793526500
2016-10-14,133000,-0.75,51468211500
2016-10-17,133000,0.0,74112999000
2016-10-18,134500,1.13,48005232500
2016-10-19,133000,-1.12,63421340500
2016-10-20,132000,-0.75,54420959500
2016-10-21,133500,1.14,50023352500
2016-10-24,134500,0.75,34469946000
2016-10-25,138000,2.6,118940959500
2016-10-26,137500,-0.36,75526182000
2016-10-27,138000,0.36,69249514500
2016-10-28,140500,1.81,99498635500
2016-10-31,140000,-0.36,55179300500
2016-11-01,141500,1.07,61686130500
2016-11-02,139500,-1.41,92100865500
2016-11-03,136500,-2.15,71530065000
2016-11-04,136000,-0.37,46995694000
2016-11-07,137000,0.74,53183312250
2016-11-08,138500,1.09,47296995000
2016-11-09,134000,-3.25,142693607250
2016-11-10,129000,-3.73,163923120500
2016-11-11,131500,1.94,75014203000
2016-11-14,132000,0.38,49034737500
2016-11-15,130500,-1.14,54374022000
2016-11-16,131000,0.38,49973843500
2016-11-17,132000,0.76,28642546634
2016-11-18,129500,-1.89,36717920000
2016-11-21,133500,3.09,51999280500
2016-11-22,133500,0.0,49137898500
2016-11-23,134000,0.37,39291810500
2016-11-24,135000,0.75,46139340639
2016-11-25,136000,0.74,24425718500
2016-11-28,135000,-0.74,34630685500
2016-11-29,134500,-0.37,41848952000
2016-11-30,133000,-1.12,158283320500
2016-12-01,132000,-0.75,63868123000
2016-12-02,133500,1.14,54274135000
2016-12-05,134000,0.37,32837090000
2016-12-06,136500,1.87,51048502500
2016-12-07,136500,0.0,38303359500
2016-12-08,142000,4.03,125326391500
2016-12-09,144000,1.41,92982923000
2016-12-12,144500,0.35,54960230500
2016-12-13,145000,0.35,40980012000
2016-12-14,143500,-1.03,37488752500
2016-12-15,142000,-1.05,40620748000
2016-12-16,139500,-1.76,73266518500
2016-12-19,142000,1.79,41590084500
2016-12-20,143500,1.06,57095572636
2016-12-21,143500,0.0,44523172548
2016-12-22,142000,-1.05,47474193000
2016-12-23,144000,1.41,51221298500
2016-12-26,144500,0.35,29749595000
2016-12-27,144500,0.0,48791976956
2016-12-28,143500,-0.69,53912610544
2016-12-29,146000,1.74,55246730000
2017-01-02,150000,2.74,81356726476
2017-01-03,153000,2.0,109970710416
2017-01-04,154000,0.65,92914988630
2017-01-05,153500,-0.32,60046275528
2017-01-06,151000,-1.63,55198493306
2017-01-09,150500,-0.33,48905479520
2017-01-10,152000,1.0,62606817744
2017-01-11,148500,-2.3,100631211705
2017-01-12,148000,-0.34,64587095000
2017-01-13,149000,0.68,43743378000
2017-01-16,150500,1.01,47488848500
2017-01-17,153500,1.99,74506434500
2017-01-18,154000,0.33,60940977000
2017-01-19,152000,-1.3,38767972538
2017-01-20,153000,0.66,47340474500
2017-01-23,149000,-2.61,63438133076
2017-01-24,146500,-1.68,75960567345
2017-01-25,142000,-3.07,108337987985
2017-01-26,142500,0.35,89809640000
2017-01-31,139500,-2.11,80470954500
2017-02-01,139500,0.0,62393845500
2017-02-02,136000,-2.51,83607746000
2017-02-03,137500,1.1,62266322632
2017-02-06,136500,-0.73,40279910000
2017-02-07,139000,1.83,54895380500
2017-02-08,139000,0.0,57493239500
2017-02-09,140000,0.72,71796453500
2017-02-10,141000,0.71,46356122500
2017-02-13,139500,-1.06,44828110500
2017-02-14,140000,0.36,41267804000
2017-02-15,145500,3.93,98637733000
2017-02-16,150500,3.44,148927753000
2017-02-17,150500,0.0,72757013000
2017-02-20,150000,-0.33,36061214500
2017-02-21,151000,0.67,48902695000
2017-02-22,149500,-0.99,63203216000
2017-02-23,146000,-2.34,115831566600
2017-02-24,148000,1.37,36645512048
2017-02-27,148500,0.34,27239584000
2017-02-28,149500,0.67,71089164012
2017-03-02,148500,-0.67,98735474518
2017-03-03,142000,-4.38,110458431000
2017-03-06,145000,2.11,81423300000
2017-03-07,144000,-0.69,52090469000
2017-03-08,144500,0.35,61581520500
2017-03-09,145000,0.35,74730699250
2017-03-10,146000,0.69,60906740027
2017-03-13,146000,0.0,50595650382
2017-03-14,149000,2.05,59756709500
2017-03-15,149500,0.34,61689925500
2017-03-16,151500,1.34,76983893500
2017-03-17,151500,0.0,58365311000
2017-03-20,156500,3.3,116380806500
2017-03-21,170000,8.63,349235822820
2017-03-22,170000,0.0,184523239500
2017-03-23,165000,-2.94,130944773000
2017-03-24,164000,-0.61,101907176500
2017-03-27,162000,-1.22,89593139000
2017-03-28,160000,-1.23,84739877000
2017-03-29,156000,-2.5,93311307500
2017-03-30,158500,1.6,85682012000
2017-03-31,157500,-0.63,81827588750
2017-04-03,156500,-0.63,87894779500
2017-04-04,152000,-2.88,105461525000
2017-04-05,150000,-1.32,110324170813
2017-04-06,148000,-1.33,80764146040
2017-04-07,144500,-2.36,118633021261
2017-04-10,146000,1.04,54423244500
2017-04-11,142500,-2.4,66102718500
2017-04-12,141500,-0.7,66574648000
2017-04-13,142500,0.71,76449805000
2017-04-14,142500,0.0,33479640500
2017-04-17,144000,1.05,50742993904
2017-04-18,141000,-2.08,72684682500
2017-04-19,137000,-2.84,141784133000
2017-04-20,141500,3.28,117774970300
2017-04-21,141500,0.0,73631118505
2017-04-24,141500,0.0,66706262000
2017-04-25,144500,2.12,96400585500
2017-04-26,151000,4.5,191294637870
2017-04-27,147000,-2.65,111009185500
2017-04-28,144000,-2.04,98864351000
2017-05-02,151000,4.86,132191595500
2017-05-04,152000,0.66,84580607776
2017-05-08,158000,3.95,116963519000
2017-05-10,156500,-0.95,142474905500
2017-05-11,157500,0.64,107724970500
2017-05-12,155000,-1.59,84853192500
2017-05-15,154000,-0.65,49392152500
2017-05-16,157500,2.27,75055589273
2017-05-17,158500,0.63,54282686000
2017-05-18,165000,4.1,208499465000
2017-05-19,170000,3.03,315789501000
2017-05-22,170000,0.0,115250800500
2017-05-23,170000,0.0,111105818500
2017-05-24,164000,-3.53,145313583000
2017-05-25,165000,0.61,103876931500
2017-05-26,163500,-0.91,80264654000
2017-05-29,162000,-0.92,66123433500
2017-05-30,164000,1.23,64484990000
2017-05-31,163000,-0.61,93016917260
2017-06-01,165500,1.53,72559440000
2017-06-02,163000,-1.51,92979927884
2017-06-05,161500,-0.92,60293432000
2017-06-07,159000,-1.55,118427600686
2017-06-08,160000,0.63,87539637000
2017-06-09,160000,0.0,55026456000
2017-06-12,162500,1.56,63328457500
2017-06-13,164500,1.23,90823499500
2017-06-14,169000,2.74,107793313500
2017-06-15,163000,-3.55,109743699500
2017-06-16,165000,1.23,50978424000
2017-06-19,167000,1.21,55915445000
2017-06-20,166500,-0.3,62236511000
2017-06-21,160500,-3.6,90267689500
2017-06-22,161500,0.62,64588983000
2017-06-23,164000,1.55,47932655500
2017-06-26,164000,0.0,34661083500
2017-06-27,160500,-2.13,72390500000
2017-06-28,160000,-0.31,55810820500
2017-06-29,161000,0.63,64462873000
2017-06-30,159500,-0.93,54243207580
2017-07-03,163500,2.51,63239001000
2017-07-04,158500,-3.06,71283807000
2017-07-05,156000,-1.58,83301310485
2017-07-06,155500,-0.32,59214794644
2017-07-07,151500,-2.57,130347252500
2017-07-10,148000,-2.31,119556222749
2017-07-11,148000,0.0,87690214925
2017-07-12,149000,0.68,88758592500
2017-07-13,149000,0.0,91246666000
2017-07-14,154000,3.36,118214707800
2017-07-17,150500,-2.27,75936326000
2017-07-18,148000,-1.66,78873806000
2017-07-19,148500,0.34,71084232000
2017-07-20,148000,-0.34,70864182448
2017-07-21,147500,-0.34,44612137000
2017-07-24,145000,-1.69,81236440285
2017-07-25,146000,0.69,112518575500
2017-07-26,148000,1.37,148140985250
2017-07-27,146500,-1.01,80539536000
2017-07-28,149500,2.05,127940474000
2017-07-31,145000,-3.01,127126987668
2017-08-01,145500,0.34,60674192831
2017-08-02,147500,1.37,67844013404
2017-08-03,148500,0.68,95359845500
2017-08-04,150000,1.01,78022853000
2017-08-07,148000,-1.33,41862342500
2017-08-08,144000,-2.7,94689364000
2017-08-09,146000,1.39,56787450000
2017-08-10,145000,-0.68,83846269500
2017-08-11,142000,-2.07,86505159000
2017-08-14,144500,1.76,46234339000
2017-08-16,144500,0.0,60228705500
2017-08-17,144000,-0.35,35839164000
2017-08-18,144500,0.35,36647968000
2017-08-21,148000,2.42,62924966500
2017-08-22,147000,-0.68,78399085500
2017-08-23,146500,-0.34,35917727000
2017-08-24,143500,-2.05,73125032500
2017-08-25,144500,0.7,52242382000
2017-08-28,144500,0.0,46231399000
2017-08-29,144000,-0.35,47682948000
2017-08-30,143000,-0.69,108021818000
2017-08-31,140500,-1.75,117891394000
2017-09-01,143000,1.78,76599871500
2017-09-04,140000,-2.1,46097846210
2017-09-05,138000,-1.43,75761683000
2017-09-06,136000,-1.45,94073342000
2017-09-07,138000,1.47,73525402222
2017-09-08,135500,-1.81,86098171500
2017-09-11,135000,-0.37,65947165000
2017-09-12,136000,0.74,51515501500
2017-09-13,134000,-1.47,79206938000
2017-09-14,137000,2.24,122316742460
2017-09-15,136500,-0.36,50147947000
2017-09-18,137000,0.37,56844651000
2017-09-19,140000,2.19,87763707000
2017-09-20,142000,1.43,87607312500
2017-09-21,141500,-0.35,65655030500
2017-09-22,142000,0.35,61362059000
2017-09-25,141000,-0.7,43424403000
2017-09-26,147500,4.61,122483280000
2017-09-27,147500,0.0,91967144296
2017-09-28,147000,-0.34,79529377300
2017-09-29,150500,2.38,121452486000
2017-10-10,151000,0.33,133260026000
2017-10-11,155000,2.65,153257054000
2017-10-12,156500,0.97,88971260000
2017-10-13,154500,-1.28,99167679500
2017-10-16,153000,-0.97,80017272000
2017-10-17,149500,-2.29,76654377500
2017-10-18,150500,0.67,104670135500
2017-10-19,151500,0.66,72181044500
2017-10-20,151500,0.0,34429499000
2017-10-23,151500,0.0,58808460500
2017-10-24,151000,-0.33,54072843000
2017-10-25,148500,-1.66,122735794000
2017-10-26,159500,7.41,240868929500
2017-10-27,158500,-0.63,123513449600
2017-10-30,156000,-1.58,84410787500
2017-10-31,161000,3.21,144863906500
2017-11-01,160500,-0.31,96579433000
2017-11-02,160000,-0.31,56310936500
2017-11-03,161500,0.94,69110814000
2017-11-06,158500,-1.86,84793996500
2017-11-07,155000,-2.21,117123375500
2017-11-08,155000,0.0,59608056500
2017-11-09,155500,0.32,84272404000
2017-11-10,154500,-0.64,51544891500
2017-11-13,160500,3.88,106173391500
2017-11-14,160500,0.0,78579127500
2017-11-15,161500,0.62,91785537400
2017-11-16,159500,-1.24,62546741000
2017-11-17,157000,-1.57,77343305500
2017-11-20,156500,-0.32,61139127000
2017-11-21,157000,0.32,43917157500
2017-11-22,155000,-1.27,46559656500
2017-11-23,157000,1.29,51032342500
2017-11-24,159000,1.27,65307644500
2017-11-27,158500,-0.31,80964450000
2017-11-28,157000,-0.95,57139674000
2017-11-29,160500,2.23,88126822500
2017-11-30,164500,2.49,199242963500
2017-12-01,161500,-1.82,86035942500
2017-12-04,160500,-0.62,65828977000
2017-12-05,161500,0.62,48113367000
2017-12-06,162000,0.31,70315839000
2017-12-07,161500,-0.31,51269247000
2017-12-08,158500,-1.86,88929459500
2017-12-11,150000,-5.36,186954665500
2017-12-12,150000,0.0,89212374000
2017-12-13,151500,1.0,67962603000
2017-12-14,150500,-0.66,128590477000
2017-12-15,154000,2.33,63312858000
2017-12-18,154000,0.0,46938251000
2017-12-19,153000,-0.65,46170462000
2017-12-20,152500,-0.33,50366686000
2017-12-21,150000,-1.64,59255780500
2017-12-22,153000,2.0,39194265000
2017-12-26,154000,0.65,49031236500
2017-12-27,156500,1.62,69137803000
2017-12-28,156000,-0.32,62441858940
2018-01-02,149500,-4.17,110423755000
2018-01-03,150500,0.67,67683231500
2018-01-04,146500,-2.66,136879708000
2018-01-05,149000,1.71,68484154641
2018-01-08,151000,1.34,72347831250
2018-01-09,152500,0.99,70607951248
2018-01-10,155500,1.97,123328328000
2018-01-11,155000,-0.32,73732577500
2018-01-12,154000,-0.65,65596734750
2018-01-15,155000,0.65,48489944500
2018-01-16,158000,1.94,69058182592
2018-01-17,157500,-0.32,57100855500
2018-01-18,155000,-1.59,50431942340
2018-01-19,162000,4.52,101387948500
2018-01-22,162500,0.31,94434840000
2018-01-23,161000,-0.92,119032179000
2018-01-24,156500,-2.8,103055304000
2018-01-25,158500,1.28,121566476000
2018-01-26,152500,-3.79,160582361500
2018-01-29,154500,1.31,77789577000
2018-01-30,156000,0.97,71840314500
2018-01-31,162000,3.85,148019007500
2018-02-01,160500,-0.93,76598993500
2018-02-02,162500,1.25,132184831500
2018-02-05,159000,-2.15,107737586000
2018-02-06,157500,-0.94,108405515000
2018-02-07,157500,0.0,87358605500
2018-02-08,161000,2.22,142235674500
2018-02-09,155000,-3.73,112849487500
2018-02-12,154000,-0.65,85571432000
2018-02-13,152500,-0.97,81126138500
2018-02-14,154500,1.31,40931247000
2018-02-19,155000,0.32,41214803500
2018-02-20,153500,-0.97,33742081000
2018-02-21,160000,4.23,85269022000
2018-02-22,157000,-1.88,53411567890
2018-02-23,159000,1.27,43696272000
2018-02-26,161000,1.26,82468975500
2018-02-27,161000,0.0,44116854740
2018-02-28,161500,0.31,80085035000
2018-03-02,156000,-3.41,92286763500
2018-03-05,153000,-1.92,63374562500
2018-03-06,157000,2.61,58767333500
2018-03-07,152500,-2.87,91746651000
2018-03-08,154500,1.31,75105119000
2018-03-09,154000,-0.32,70908326000
2018-03-12,153500,-0.32,65038787180
2018-03-13,153500,0.0,58015221500
2018-03-14,156000,1.63,93879884000
2018-03-15,157500,0.96,57821332500
2018-03-16,157500,0.0,55329373500
2018-03-19,151500,-3.81,113399882000
2018-03-20,152500,0.66,47299406500
2018-03-21,154500,1.31,42695257000
2018-03-22,152500,-1.29,50516103500
2018-03-23,151500,-0.66,87814195542
2018-03-26,149500,-1.32,70189711500
2018-03-27,154000,3.01,104230720500
2018-03-28,151500,-1.62,137478492000
2018-03-29,143500,-5.28,221730471000
2018-03-30,143500,0.0,75731501500
2018-04-02,148500,3.48,83907272000
2018-04-03,152000,2.36,342071155000
2018-04-04,156500,2.96,188731779000
2018-04-05,154000,-1.6,62716982500
2018-04-06,152500,-0.97,57901107000
2018-04-09,151000,-0.98,48377736500
2018-04-10,151000,0.0,56066248000
2018-04-11,150000,-0.66,49557359000
2018-04-12,152000,1.33,44920402500
2018-04-13,150500,-0.99,64004061000
2018-04-16,153000,1.66,46144857000
2018-04-17,157500,2.94,105295018500
2018-04-18,158500,0.63,80383771000
2018-04-19,158000,-0.32,53994427500
2018-04-20,160000,1.27,64795842600
2018-04-23,159500,-0.31,45093721500
2018-04-24,162500,1.88,105357416000
2018-04-25,164000,0.92,66449139500
2018-04-26,156500,-4.57,136834788500
2018-04-27,158000,0.96,139624592000
2018-04-30,160000,1.27,55982014500
2018-05-02,160000,0.0,60120692000
2018-05-03,160000,0.0,52500875500
2018-05-04,158000,-1.25,70715815000
2018-05-08,156000,-1.27,93467182000
2018-05-09,153500,-1.6,79248292000
2018-05-10,152000,-0.98,113613475728
2018-05-11,153000,0.66,48807099000
2018-05-14,151000,-1.31,66843745500
2018-05-15,148500,-1.66,91350483500
2018-05-16,150500,1.35,89722779500
2018-05-17,149500,-0.66,44671567500
2018-05-18,150000,0.33,49304619000
2018-05-21,149000,-0.67,49707906000
2018-05-23,144500,-3.02,155062144000
2018-05-24,140000,-3.11,195581477000
2018-05-25,139000,-0.71,97231962000
2018-05-28,138500,-0.36,69260548500
2018-05-29,140000,1.08,66050004000
2018-05-30,137500,-1.79,88939526000
2018-05-31,139000,1.09,115864035500
2018-06-01,140000,0.72,55124875500
2018-06-04,143000,2.14,129007107568
2018-06-05,142500,-0.35,53232488000
2018-06-07,142500,0.0,72962378500
2018-06-08,141000,-1.05,76018291500
2018-06-11,139500,-1.06,61636377766
2018-06-12,140500,0.72,68314365500
2018-06-14,135000,-3.91,141569479924
2018-06-15,134000,-0.74,102805168319
2018-06-18,135000,0.75,67297783000
2018-06-19,131500,-2.59,103566257130
2018-06-20,129500,-1.52,77342423593
2018-06-21,127000,-1.93,77799408000
2018-06-22,130000,2.36,92245648766
2018-06-25,129000,-0.77,72732035650
2018-06-26,129500,0.39,91257258666
2018-06-27,127500,-1.54,120132666000
2018-06-28,125000,-1.96,137849139787
2018-06-29,125500,0.4,62032030500
2018-07-02,123500,-1.59,53016589000
2018-07-03,122000,-1.21,67701727500
2018-07-04,119500,-2.05,61096958500
2018-07-05,121500,1.67,101362170250
2018-07-06,123500,1.65,81800421316
2018-07-09,124500,0.81,37698783204
2018-07-10,123500,-0.8,40617474500
2018-07-11,121500,-1.62,46701557000
2018-07-12,123000,1.23,75584619500
2018-07-13,122500,-0.41,37827267500
2018-07-16,126000,2.86,62312267000
2018-07-17,126500,0.4,55567310928
2018-07-18,124000,-1.98,40706543750
2018-07-19,124000,0.0,44654162500
2018-07-20,127000,2.42,58558001000
2018-07-23,129500,1.97,85642659500
2018-07-24,129500,0.0,61374138000
2018-07-25,130500,0.77,39689762000
2018-07-26,130000,-0.38,62746731500
2018-07-27,129500,-0.38,47543614500
2018-07-30,130500,0.77,23452947000
2018-07-31,129500,-0.77,39638220500
2018-08-01,128500,-0.77,31487301000
2018-08-02,125500,-2.33,53403439000
2018-08-03,124000,-1.2,58200894400
2018-08-06,124500,0.4,39531240293
2018-08-07,125000,0.4,35595922617
2018-08-08,127500,2.0,104410296500
2018-08-09,126000,-1.18,67090316500
2018-08-10,126000,0.0,24452093500
2018-08-13,123500,-1.98,39606410000
2018-08-14,123000,-0.4,35999356500
2018-08-16,126500,2.85,70269589345
2018-08-17,126500,0.0,26221504500
2018-08-20,127500,0.79,39598070000
2018-08-21,125500,-1.57,42590672000
2018-08-22,126000,0.4,41355840000
2018-08-23,124500,-1.19,28463514500
2018-08-24,124500,0.0,28791158000
2018-08-27,124000,-0.4,28089208000
2018-08-28,125000,0.81,50351145699
2018-08-29,124000,-0.8,38389468300
2018-08-30,123500,-0.4,47799276420
2018-08-31,125000,1.21,66059761232
2018-09-03,125000,0.0,32944553500
2018-09-04,126500,1.2,37489997000
2018-09-05,129000,1.98,112827357000
2018-09-06,134000,3.88,124905380000
2018-09-07,133000,-0.75,106359073250
2018-09-10,131000,-1.5,42077506000
2018-09-11,128000,-2.29,66186920500
2018-09-12,129500,1.17,44125935500
2018-09-13,128500,-0.77,52991746000
2018-09-14,129500,0.78,33702697000
2018-09-17,128500,-0.77,39286434000
2018-09-18,128000,-0.39,47386935699
2018-09-19,126500,-1.17,53275276000
2018-09-20,129000,1.98,48767981211
2018-09-21,129000,0.0,98804046495
2018-09-27,130500,1.16,60446826000
2018-09-28,129500,-0.77,38228234000
2018-10-01,129000,-0.39,30163404000
2018-10-02,128500,-0.39,27691931250
2018-10-04,124500,-3.11,83451319500
2018-10-05,124500,0.0,35400939500
2018-10-08,122000,-2.01,47257105000
2018-10-10,120000,-1.64,64795088324
2018-10-11,116000,-3.33,82578912412
2018-10-12,115500,-0.43,77931654500
2018-10-15,113500,-1.73,79014444000
2018-10-16,116500,2.64,58492904000
2018-10-17,118500,1.72,45603104500
2018-10-18,116000,-2.11,81827466500
2018-10-19,115500,-0.43,56927357490
2018-10-22,118000,2.16,43780083000
2018-10-23,116500,-1.27,66510769500
2018-10-24,117000,0.43,91104151325
2018-10-25,110000,-5.98,178785177600
2018-10-26,108000,-1.82,95606496500
2018-10-29,106000,-1.85,92563469129
2018-10-30,107500,1.42,46465166500
2018-10-31,106500,-0.93,79039146750
2018-11-01,108500,1.88,52212359000
2018-11-02,110000,1.38,63780361000
2018-11-05,104000,-5.45,96378174402
2018-11-06,107500,3.37,82931245500
2018-11-07,107500,0.0,66087321000
2018-11-08,105500,-1.86,62876014000
2018-11-09,105000,-0.47,71382476500
2018-11-12,102000,-2.86,80935370500
2018-11-13,102500,0.49,40162015800
2018-11-14,101500,-0.98,65008728000
2018-11-15,103000,1.48,45804379500
2018-11-16,103000,0.0,37129487500
2018-11-19,101500,-1.46,56513838500
2018-11-20,97500,-3.94,127403430900
2018-11-21,97800,0.31,85557251172
2018-11-22,92800,-5.11,143743787100
2018-11-23,93700,0.97,52133868200
2018-11-26,95100,1.49,63090694300
2018-11-27,101000,6.2,142786228663
2018-11-28,101000,0.0,60523148878
2018-11-29,100000,-0.99,81710222300
2018-11-30,107000,7.0,320622891000
2018-12-03,108500,1.4,78386090517
2018-12-04,107500,-0.92,65463463228
2018-12-05,107500,0.0,55850891500
2018-12-06,110500,2.79,99357641000
2018-12-07,111000,0.45,62793931315
2018-12-10,110500,-0.45,40415995500
2018-12-11,111500,0.9,41100711500
2018-12-12,118500,6.28,184993177720
2018-12-13,118500,0.0,129608877000
2018-12-14,116500,-1.69,62704131500
2018-12-17,116500,0.0,69345391000
2018-12-18,118000,1.29,105259141000
2018-12-19,123000,4.24,102074507500
2018-12-20,121500,-1.22,83684515326
2018-12-21,122500,0.82,78512115500
2018-12-24,123000,0.41,37113745500
2018-12-26,120000,-2.44,66075410000
2018-12-27,118500,-1.25,54529979000
2018-12-28,118500,0.0,47289560500
2019-01-02,114000,-3.8,65112405500
2019-01-03,116500,2.19,71200837500
2019-01-04,119500,2.58,160184770000
2019-01-07,120500,0.84,51588956000
2019-01-08,119500,-0.83,69683905000
2019-01-09,123000,2.93,103424408500
2019-01-10,123000,0.0,79044611000
2019-01-11,123000,0.0,54188595250
2019-01-14,121500,-1.22,36267408000
2019-01-15,127500,4.94,104572972500
2019-01-16,128500,0.78,50688177500
2019-01-17,129500,0.78,66247137500
2019-01-18,131000,1.16,72713698500
2019-01-21,127000,-3.05,84459208500
2019-01-22,127500,0.39,56418274500
2019-01-23,129000,1.18,54450345608
2019-01-24,130000,0.78,99880381000
2019-01-25,128500,-1.15,68895773500
2019-01-28,126500,-1.56,68676537000
2019-01-29,128000,1.19,56939066000
2019-01-30,129500,1.17,59581091470
2019-01-31,129500,0.0,66073780500
2019-02-01,129500,0.0,50881031500
2019-02-07,126000,-2.7,67295907500
2019-02-08,125500,-0.4,45988751000
2019-02-11,127500,1.59,54325591000
2019-02-12,128500,0.78,56812181500
2019-02-13,124500,-3.11,77942802500
2019-02-14,121500,-2.41,129587060500
2019-02-15,121000,-0.41,54074143000
2019-02-18,120500,-0.41,67044519500
2019-02-19,119500,-0.83,56216206000
2019-02-20,119000,-0.42,88159585500
2019-02-21,120000,0.84,70790279000
2019-02-22,121000,0.83,42763409000
2019-02-25,121000,0.0,38029189500
2019-02-26,122500,1.24,95979202500
2019-02-27,129000,5.31,157974831500
2019-02-28,126500,-1.94,120587896500
2019-03-04,122000,-3.56,114712970000
2019-03-05,121500,-0.41,51691934500
2019-03-06,124500,2.47,74732540000
2019-03-07,125500,0.8,99224689000
2019-03-08,120000,-4.38,56864803500
2019-03-11,121000,0.83,33948856000
2019-03-12,125500,3.72,77323893250
2019-03-13,122500,-2.39,97502387500
2019-03-14,119000,-2.86,157429711000
2019-03-15,121000,1.68,105858092500
2019-03-18,124000,2.48,47254251000
2019-03-19,124000,0.0,37687147500
2019-03-20,124000,0.0,39014613000
2019-03-21,124500,0.4,39871775000
2019-03-22,123500,-0.8,59883512500
2019-03-25,120000,-2.83,55139754500
2019-03-26,118500,-1.25,55430964000
2019-03-27,118500,0.0,28152131500
2019-03-28,119500,0.84,36295793500
2019-03-29,119500,0.0,51987242000
2019-04-01,120500,0.84,43797875448
2019-04-02,119000,-1.24,44459295000
2019-04-03,124000,4.2,79516325500
2019-04-04,123500,-0.4,57514153500
2019-04-05,126000,2.02,58951454000
2019-04-08,128000,1.59,58038991500
2019-04-09,127000,-0.78,40300979500
2019-04-10,127500,0.39,44488465500
2019-04-11,128000,0.39,70245993000
2019-04-12,126500,-1.17,36224798000
2019-04-15,125500,-0.79,28095534500
2019-04-16,128500,2.39,96898339303
2019-04-17,131000,1.95,69723496500
2019-04-18,134000,2.29,205680927500
2019-04-19,134000,0.0,45010003000
2019-04-22,134000,0.0,30827334000
2019-04-23,136000,1.49,65156322500
2019-04-24,138500,1.84,192898862112
2019-04-25,138000,-0.36,82498863000
2019-04-26,135500,-1.81,89695705521
2019-04-29,139000,2.58,105162567000
2019-04-30,138500,-0.36,86758552500
2019-05-02,138500,0.0,59892616500
2019-05-03,137500,-0.72,59371579500
2019-05-07,136000,-1.09,74086637600
2019-05-08,135500,-0.37,57468649000
2019-05-09,131000,-3.32,107469860500
2019-05-10,130000,-0.76,70936538000
2019-05-13,129000,-0.77,49709271500
2019-05-14,128000,-0.78,56730051500
2019-05-15,128000,0.0,63212993000
2019-05-16,127500,-0.39,130611722500
2019-05-17,125500,-1.57,37706929000
2019-05-20,129000,2.79,106224099500
2019-05-21,127000,-1.55,93189026500
2019-05-22,127000,0.0,48457805750
2019-05-23,127500,0.39,81634053500
2019-05-24,130500,2.35,83905448950
2019-05-27,135000,3.45,95962210000
2019-05-28,136500,1.11,164030859500
2019-05-29,134000,-1.83,85120663000
2019-05-30,135500,1.12,66543557500
2019-05-31,134500,-0.74,123694978000
2019-06-03,138500,2.97,88928721500
2019-06-04,139000,0.36,81326296290
2019-06-05,141000,1.44,85466499330
2019-06-07,140000,-0.71,69112520628
2019-06-10,143000,2.14,66627155500
2019-06-11,143500,0.35,51563308000
2019-06-12,141000,-1.74,75528251500
2019-06-13,141000,0.0,132583386000
2019-06-14,140500,-0.35,47804085000
2019-06-17,140000,-0.36,32094471000
2019-06-18,141000,0.71,31296377000
2019-06-19,140000,-0.71,42578764000
2019-06-20,140500,0.36,36370338500
2019-06-21,140500,0.0,40977481500
2019-06-24,142500,1.42,41035245000
2019-06-25,141500,-0.7,41638446500
2019-06-26,141500,0.0,33809069000
2019-06-27,140500,-0.71,48441831000
2019-06-28,140000,-0.36,38369741500
2019-07-01,141000,0.71,46191075000
2019-07-02,137000,-2.84,61162973000
2019-07-03,136000,-0.73,79397063500
2019-07-04,139000,2.21,42091820500
2019-07-05,141500,1.8,47637114000
2019-07-08,138500,-2.12,47476389000
2019-07-09,137500,-0.72,60616050000
2019-07-10,137000,-0.36,77761381000
2019-07-11,139000,1.46,147661516000
2019-07-12,139500,0.36,76924045000
2019-07-15,138000,-1.08,38640096500
2019-07-16,133000,-3.62,120876676000
2019-07-17,133500,0.38,50121086500
2019-07-18,134000,0.37,47471144500
2019-07-19,134500,0.37,48674446500
2019-07-22,133000,-1.12,81357556000
2019-07-23,132000,-0.75,147746210500
2019-07-24,132500,0.38,55638286000
2019-07-25,131500,-0.75,80425373500
2019-07-26,130500,-0.76,51685859000
2019-07-29,128000,-1.92,59478507500
2019-07-30,128000,0.0,41139680000
2019-07-31,126500,-1.17,62240758500
2019-08-01,125500,-0.79,59818661500
2019-08-02,127500,1.59,77017302264
2019-08-05,127500,0.0,94950536000
2019-08-06,126000,-1.18,95703374500
2019-08-07,127000,0.79,95819628000
2019-08-08,130000,2.36,169851534500
2019-08-09,132500,1.92,68651966879
2019-08-12,131000,-1.13,46081776000
2019-08-13,129000,-1.53,43412988500
2019-08-14,127500,-1.16,79120008436
2019-08-16,128000,0.39,44545711500
2019-08-19,128000,0.0,31070093000
2019-08-20,126500,-1.17,60762830000
2019-08-21,125500,-0.79,66656592500
2019-08-22,124000,-1.2,59860507000
2019-08-23,126000,1.61,32113595500
2019-08-26,124500,-1.19,49020949000
2019-08-27,125000,0.4,130495324000
2019-08-28,127500,2.0,98390335000
2019-08-29,126500,-0.78,49991259500
2019-08-30,128500,1.58,55583451622
2019-09-02,131000,1.95,50162825500
2019-09-03,128500,-1.91,65303938500
2019-09-04,128500,0.0,63613280500
2019-09-05,128000,-0.39,61283894500
2019-09-06,127500,-0.39,48431988500
2019-09-09,127000,-0.39,48049148500
2019-09-10,128000,0.79,58501354000
2019-09-11,129000,0.78,97205874000
2019-09-16,128000,-0.78,99073672500
2019-09-17,126000,-1.56,76971970500
2019-09-18,127500,1.19,68452206000
2019-09-19,129000,1.18,79245661750
2019-09-20,129500,0.39,93048836500
2019-09-23,133000,2.7,133232745500
2019-09-24,134000,0.75,82247103500
2019-09-25,134500,0.37,59909692000
2019-09-26,133000,-1.12,60611876890
2019-09-27,133500,0.38,46330004750
2019-09-30,134000,0.37,57742930500
2019-10-01,132500,-1.12,51487805000
2019-10-02,128500,-3.02,58078847500
2019-10-04,126500,-1.56,62327623500
2019-10-07,128000,1.19,33169390500
2019-10-08,129500,1.17,50586033500
2019-10-10,126500,-2.32,97610397000
2019-10-11,126000,-0.4,46754109000
2019-10-14,122000,-3.17,155596430000
2019-10-15,122000,0.0,80550556500
2019-10-16,123000,0.82,53289597750
2019-10-17,123000,0.0,63931965000
2019-10-18,123000,0.0,51622410000
2019-10-21,122000,-0.81,45610989500
2019-10-22,122000,0.0,63639537000
2019-10-23,121000,-0.82,62014332500
2019-10-24,122000,0.83,79609830500
2019-10-25,123500,1.23,120981161000
2019-10-28,121500,-1.62,69261961500
2019-10-29,122500,0.82,97519699000
2019-10-30,122500,0.0,48852047500
2019-10-31,122000,-0.41,54047076000
2019-11-01,124000,1.64,56530801000
2019-11-04,124000,0.0,58931363000
2019-11-05,125000,0.81,58813438000
2019-11-06,123500,-1.2,85062103500
2019-11-07,123500,0.0,105537087000
2019-11-08,124000,0.4,41611980000
2019-11-11,123500,-0.4,45934865500
2019-11-12,125500,1.62,74646976500
2019-11-13,124500,-0.8,66185381500
2019-11-14,124500,0.0,67320382500
2019-11-15,125500,0.8,58621093500
2019-11-18,126000,0.4,74821738500
2019-11-19,125000,-0.79,67359182500
2019-11-20,124500,-0.4,73745326500
2019-11-21,124500,0.0,89742261000
2019-11-22,123500,-0.8,88014861500
2019-11-25,125000,1.21,79961640500
2019-11-26,122500,-2.0,228478622000
2019-11-27,123500,0.82,86163540000
2019-11-28,124000,0.4,92102055500
2019-11-29,121000,-2.42,123747324500
2019-12-02,121500,0.41,103482157500
2019-12-03,121500,0.0,102397687000
2019-12-04,122000,0.41,182983949500
2019-12-05,118000,-3.28,186511952000
2019-12-06,118500,0.42,178095897000
2019-12-09,119500,0.84,107991071000
2019-12-10,120000,0.42,94084351000
2019-12-11,119000,-0.83,121699714000
2019-12-12,120000,0.84,623637458000
2019-12-13,121000,0.83,127702944000
2019-12-16,119000,-1.65,121320650000
2019-12-17,122000,2.52,231229842962
2019-12-18,123000,0.82,139056993500
2019-12-19,123500,0.41,111094184000
2019-12-20,124000,0.4,123690538000
2019-12-23,122500,-1.21,181157947000
2019-12-24,122000,-0.41,73396886000
2019-12-26,122500,0.41,67500566000
2019-12-27,120500,-1.63,50926938000
2019-12-30,120500,0.0,56479010000
2020-01-02,118000,-2.07,66204982000
2020-01-03,116000,-1.69,133656979500
2020-01-06,116000,0.0,38906862000
2020-01-07,115500,-0.43,78229338000
2020-01-08,112000,-3.03,117813434500
2020-01-09,111500,-0.45,153594468500
2020-01-10,113500,1.79,101622162500
2020-01-13,115000,1.32,79658083515
2020-01-14,116000,0.87,86137868500
2020-01-15,115000,-0.86,64980602500
2020-01-16,118500,3.04,194518479500
2020-01-17,118500,0.0,68191197000
2020-01-20,118000,-0.42,52705867500
2020-01-21,117000,-0.85,63918936000
2020-01-22,127000,8.55,340288836250
2020-01-23,130500,2.76,324324299000
2020-01-28,131000,0.38,239774836500
2020-01-29,131000,0.0,172673065000
2020-01-30,127500,-2.67,132575269500
2020-01-31,125000,-1.96,131039084500
2020-02-03,123500,-1.2,156536828500
2020-02-04,124000,0.4,149758250000
2020-02-05,124000,0.0,128709638000
2020-02-06,132000,6.45,216359565500
2020-02-07,131000,-0.76,129586426000
2020-02-10,130000,-0.76,87193041500
2020-02-11,132500,1.92,126260718000
2020-02-12,136000,2.64,186255655500
2020-02-13,133000,-2.21,139172509000
2020-02-14,133500,0.38,79206672500
2020-02-17,135500,1.5,74968482000
2020-02-18,132500,-2.21,98501957000
2020-02-19,131500,-0.75,102458807500
2020-02-20,130000,-1.14,92715774000
2020-02-21,128000,-1.54,88036416000
2020-02-24,122500,-4.3,112556580000
2020-02-25,122500,0.0,97773495500
2020-02-26,122500,0.0,122241743500
2020-02-27,121000,-1.22,94837096000
2020-02-28,115000,-4.96,206007967500
2020-03-02,113500,-1.3,134959953500
2020-03-03,112500,-0.88,161333218250
2020-03-04,113000,0.44,149363060000
2020-03-05,114000,0.88,129793912000
2020-03-06,110500,-3.07,193639922000
2020-03-09,104000,-5.88,174734134500
2020-03-10,102000,-1.92,255286319500
2020-03-11,100000,-1.96,203193415713
2020-03-12,95000,-5.0,222456844500
2020-03-13,87200,-8.21,419199413100
2020-03-16,82900,-4.93,229285884000
2020-03-17,80100,-3.38,199815883500
2020-03-18,73500,-8.24,208604238400
2020-03-19,65900,-10.34,216863354200
2020-03-20,71100,7.89,228807950400
2020-03-23,68900,-3.09,163093956100
2020-03-24,74800,8.56,208243035200
2020-03-25,84500,12.97,379083589900
2020-03-26,84900,0.47,328816514700
2020-03-27,86400,1.77,218468667900
2020-03-30,85400,-1.16,146635365000
2020-03-31,88700,3.86,187446469400
2020-04-01,85400,-3.72,188904266000
2020-04-02,86600,1.41,126867638400
2020-04-03,86300,-0.35,100999816800
2020-04-06,88800,2.9,147605624600
2020-04-07,90400,1.8,235242467500
2020-04-08,90000,-0.44,161229046200
2020-04-09,97100,7.89,361742271200
2020-04-10,99700,2.68,278874874000
2020-04-13,97800,-1.91,131410012200
2020-04-14,100000,2.25,158286052900
2020-04-16,99100,-0.9,133088067900
2020-04-17,100500,1.41,150446572700
2020-04-20,97600,-2.89,211637681700
2020-04-21,93500,-4.2,340858862400
2020-04-22,92600,-0.96,284405807800
2020-04-23,92400,-0.22,298777847100
2020-04-24,90100,-2.49,193746149850
2020-04-27,91600,1.66,111649031400
2020-04-28,93200,1.75,135079147900
2020-04-29,93600,0.43,111461267700
2020-05-04,91500,-2.24,115938604700
2020-05-06,93200,1.86,97001963400
2020-05-07,92600,-0.64,76341596400
2020-05-08,94500,2.05,164765745700
2020-05-11,93700,-0.85,179622589400
2020-05-12,91900,-1.92,116030534800
2020-05-13,93100,1.31,89063053000
2020-05-14,92300,-0.86,90381666500
2020-05-15,92300,0.0,75565353400
2020-05-18,91900,-0.43,67871796200
2020-05-19,99100,7.83,443223883800
2020-05-20,97300,-1.82,177696912600
2020-05-21,97200,-0.1,143260669100
2020-05-22,94500,-2.78,154341040700
2020-05-25,96000,1.59,112858849100
2020-05-26,97800,1.88,196607076300
2020-05-27,98100,0.31,159479437400
2020-05-28,97200,-0.92,156756597200
2020-05-29,98000,0.82,197009654400
2020-06-01,100000,2.04,190437070900
2020-06-02,102500,2.5,218540608700
2020-06-03,108500,5.85,335572192000
2020-06-04,108500,0.0,305905003500
2020-06-05,111000,2.3,233901907900
2020-06-08,113000,1.8,185546437500
2020-06-09,112000,-0.88,168761844500
2020-06-10,111500,-0.45,152318459500
2020-06-11,108500,-2.69,258600766500
2020-06-12,103500,-4.61,204514384000
2020-06-15,97000,-6.28,201921141500
2020-06-16,101500,4.64,139600224400
2020-06-17,100500,-0.99,132460196400
2020-06-18,100000,-0.5,115783313300
2020-06-19,100000,0.0,90214823800
2020-06-22,98500,-1.5,91146825300
2020-06-23,98700,0.2,108733005900
2020-06-24,103000,4.36,185192525800
2020-06-25,99400,-3.5,108277182200
2020-06-26,100000,0.6,67026633300
2020-06-29,97700,-2.3,92469708200
2020-06-30,97700,0.0,97294840800
2020-07-01,98200,0.51,63300144700
2020-07-02,99000,0.81,72462608000
2020-07-03,99200,0.2,56539440000
2020-07-06,101500,2.32,120141682500
2020-07-07,99200,-2.27,138837520200
2020-07-08,99600,0.4,85954847800
2020-07-09,99600,0.0,92306090700
2020-07-10,98300,-1.31,108082370700
2020-07-13,101500,3.26,138569456700
2020-07-14,101500,0.0,105886578500
2020-07-15,109000,7.39,484086045500
2020-07-16,110000,0.92,359998616500
2020-07-17,117500,6.82,489190771000
2020-07-20,121500,3.4,542553058500
2020-07-21,121500,0.0,381187608500
2020-07-22,118500,-2.47,288831014500
2020-07-23,124500,5.06,546851424500
2020-07-24,122500,-1.61,489357991000
2020-07-27,123500,0.82,254537023000
2020-07-28,123000,-0.4,217376981000
2020-07-29,125000,1.63,235018489500
2020-07-30,127500,2.0,351119705500
2020-07-31,126500,-0.78,217244662000
2020-08-03,127000,0.4,236001457000
2020-08-04,132500,4.33,328677840500
2020-08-05,134000,1.13,248928134000
2020-08-06,144500,7.84,573497284275
2020-08-07,147000,1.73,471439724500
2020-08-10,170000,15.65,1380327846500
2020-08-11,179000,5.29,1160211562122
2020-08-12,172000,-3.91,849763235000
2020-08-13,170000,-1.16,685908473000
2020-08-14,167000,-1.76,739685611000
2020-08-18,158000,-5.39,699733323500
2020-08-19,164500,4.11,533271287995
2020-08-20,155000,-5.78,575205955500
2020-08-21,156000,0.65,527578510500
2020-08-24,161500,3.53,463684541000
2020-08-25,166000,2.79,555524533500
2020-08-26,167500,0.9,439643843500
2020-08-27,163500,-2.39,402652110500
2020-08-28,172000,5.2,956330052500
2020-08-31,176500,2.62,940955196500
2020-09-01,180000,1.98,482876093500
2020-09-02,176000,-2.22,496552612740
2020-09-03,176500,0.28,324253322500
2020-09-04,172500,-2.27,494310852000
2020-09-07,170000,-1.45,258150196500
2020-09-08,168000,-1.18,327665925500
2020-09-09,167500,-0.3,284169323000
2020-09-10,169000,0.9,224080106500
2020-09-11,171500,1.48,260944365000
2020-09-14,180000,4.96,560494417500
2020-09-15,179000,-0.56,479451731000
2020-09-16,183500,2.51,620186023000
2020-09-17,184000,0.27,821064892500
2020-09-18,181000,-1.63,469435172500
2020-09-21,185000,2.21,582682896500
2020-09-22,179500,-2.97,548354984000
2020-09-23,179500,0.0,614907269500
2020-09-24,171500,-4.46,492341228500
2020-09-25,170000,-0.87,353228976000
2020-09-28,175500,3.24,239886558000
2020-09-29,178500,1.71,263523904000
2020-10-05,187000,4.76,506603780000
2020-10-06,182500,-2.41,396028352000
2020-10-07,183000,0.27,274158231000
2020-10-08,180500,-1.37,318075080000
2020-10-12,180000,-0.28,296867227500
2020-10-13,179000,-0.56,307804795000
2020-10-14,178000,-0.56,347319395000
2020-10-15,176000,-1.12,280077134000
2020-10-16,172000,-2.27,548368526500
2020-10-19,168000,-2.33,375690481500
2020-10-20,167500,-0.3,924496647000
2020-10-21,165500,-1.19,291532765500
2020-10-22,162500,-1.81,275399478500
2020-10-23,167000,2.77,313275328500
2020-10-26,171500,2.69,512891848000
2020-10-27,172500,0.58,579159503000
2020-10-28,173500,0.58,243956691500
2020-10-29,170000,-2.02,251603267000
2020-10-30,164500,-3.24,241959565000
2020-11-02,170500,3.65,177093717500
2020-11-03,170500,0.0,171739121000
2020-11-04,171500,0.59,293321362000
2020-11-05,175000,2.04,226049073000
2020-11-06,170500,-2.57,384931489000
2020-11-09,172500,1.17,262931037000
2020-11-10,173500,0.58,310911686000
2020-11-11,175500,1.15,728300751500
2020-11-12,174000,-0.85,343644797500
2020-11-13,177500,2.01,426340747500
2020-11-16,179000,0.85,495861523000
2020-11-17,182500,1.96,626907100000
2020-11-18,179500,-1.64,402785323500
2020-11-19,180000,0.28,247733158000
2020-11-20,177000,-1.67,232739808516
2020-11-23,179000,1.13,266632790062
2020-11-24,181000,1.12,275435802000
2020-11-25,179500,-0.83,377338587000
2020-11-26,179000,-0.28,225708977500
2020-11-27,181000,1.12,186286169000
2020-11-30,181500,0.28,734770823500
2020-12-01,183500,1.1,326319671000
2020-12-02,182500,-0.54,318675816500
2020-12-03,196500,7.67,1153366325000
2020-12-04,196500,0.0,635647011500
2020-12-07,193500,-1.53,487736071500
2020-12-08,186500,-3.62,598331660500
2020-12-09,191500,2.68,342713791500
2020-12-10,191500,0.0,419462504000
2020-12-11,190000,-0.78,315065721000
2020-12-14,189000,-0.53,238260800000
2020-12-15,188500,-0.26,254280515500
2020-12-16,190000,0.8,241898197500
2020-12-17,190500,0.26,184437667000
2020-12-18,189000,-0.79,176497330000
2020-12-21,187000,-1.06,208922630000
2020-12-22,184000,-1.6,255079388000
2020-12-23,185000,0.54,241543555500
2020-12-24,187000,1.08,198783811500
2020-12-28,189500,1.34,458917420000
2020-12-29,190500,0.53,282192952000
2020-12-30,192000,0.79,261408462000
2021-01-04,207500,8.07,1162238349000
2021-01-05,209500,0.96,631437838500
2021-01-06,203000,-3.1,585670853000
2021-01-07,206000,1.48,515291526500
2021-01-08,246000,19.42,4851141605500
2021-01-11,267500,8.74,3919184079500
2021-01-12,261000,-2.43,2106294704000
2021-01-13,259000,-0.77,1496753077000
2021-01-14,250500,-3.28,853485004500
2021-01-15,240000,-4.19,958824239500
2021-01-18,241000,0.42,816920468500
2021-01-19,261500,8.51,1272694419500
2021-01-20,259000,-0.96,1394729280068
2021-01-21,264500,2.12,682782686000
2021-01-22,257000,-2.84,541876714000
2021-01-25,260000,1.17,487788239500
2021-01-26,251500,-3.27,469759121500
2021-01-27,245500,-2.39,544355167500
2021-01-28,238500,-2.85,486785424000
2021-01-29,229000,-3.98,617412863000
2021-02-01,238500,4.15,417673049444
2021-02-02,240500,0.84,365303362000
2021-02-03,245500,2.08,738904279000
2021-02-04,248500,1.22,474785278500
2021-02-05,249500,0.4,381091945000
2021-02-08,234000,-6.21,754390479000
2021-02-09,236500,1.07,330405455000
2021-02-10,245000,3.59,297335707500
2021-02-15,247500,1.02,225800076000
2021-02-16,247500,0.0,292575545500
2021-02-17,243500,-1.62,212456316500
2021-02-18,235500,-3.29,300175417500
2021-02-19,242000,2.76,279405291000
2021-02-22,241500,-0.21,281745896000
2021-02-23,244500,1.24,395451916500
2021-02-24,235000,-3.89,497655913000
2021-02-25,245000,4.26,375602335000
2021-02-26,237000,-3.27,650243538500
2021-03-02,239000,0.84,610330100500
2021-03-03,240000,0.42,217935268000
2021-03-04,235000,-2.08,299638122500
2021-03-05,235000,0.0,268136211000
2021-03-08,230500,-1.91,198495446000
2021-03-09,231500,0.43,290065564500
2021-03-10,227500,-1.73,207383994500
2021-03-11,228500,0.44,265076611212
2021-03-12,232500,1.75,190566327500
2021-03-15,232000,-0.22,179482806000
2021-03-16,234000,0.86,147860457500
2021-03-17,232000,-0.85,144944285000
2021-03-18,234000,0.86,237036814540
2021-03-19,229500,-1.92,242977681805
2021-03-22,229000,-0.22,169372504672
2021-03-23,226500,-1.09,232563974351
2021-03-24,221000,-2.43,232120316500
2021-03-25,218000,-1.36,236684528500
2021-03-26,215500,-1.15,317323290500
2021-03-29,215500,0.0,254266904000
2021-03-30,219500,1.86,205105089500
2021-03-31,218000,-0.68,164963338500
2021-04-01,219000,0.46,165856463000
2021-04-02,233500,6.62,850018811500
2021-04-05,234000,0.21,230723766500
2021-04-06,230000,-1.71,170703492500
2021-04-07,230000,0.0,162941936500
2021-04-08,231500,0.65,211452255000
2021-04-09,228500,-1.3,166069146500
2021-04-12,226000,-1.09,149366093500
2021-04-13,230000,1.77,145104683000
2021-04-14,232500,1.09,219766826000
2021-04-15,230500,-0.86,128131601500
2021-04-16,231500,0.43,133926724849
2021-04-19,230000,-0.65,165144540000
2021-04-20,229000,-0.43,165733167000
2021-04-21,225500,-1.53,191335094076
2021-04-22,226000,0.22,233565448000
2021-04-23,221000,-2.21,266192797372
2021-04-26,221500,0.23,144751178000
2021-04-27,220000,-0.68,167336243500
2021-04-28,221500,0.68,155253505000
2021-04-29,217500,-1.81,228658375000
2021-04-30,212000,-2.53,248343193000
2021-05-03,218000,2.83,259616031000
2021-05-04,223500,2.52,211747972500
2021-05-06,223500,0.0,143878356000
2021-05-07,224000,0.22,143381347500
2021-05-10,229500,2.46,255443753500
2021-05-11,226500,-1.31,192643496000
2021-05-12,227500,0.44,376439161000
2021-05-13,229500,0.88,364552243000
2021-05-14,229000,-0.22,313063406000
2021-05-17,227000,-0.87,199303166000
2021-05-18,231000,1.76,238825803000
2021-05-20,224500,-2.81,268348417500
2021-05-21,227500,1.34,305859642500
2021-05-24,228000,0.22,175655529500
2021-05-25,227500,-0.22,177734385500
2021-05-26,223500,-1.76,244850131000
2021-05-27,220500,-1.34,509591137500
2021-05-28,232000,5.22,550692027000
2021-05-31,235000,1.29,264646360500
2021-06-01,237000,0.85,242589664000
2021-06-02,238000,0.42,408368081500
2021-06-03,238500,0.21,246605146000
2021-06-04,241500,1.26,321531070500
2021-06-07,241500,0.0,327410483000
2021-06-08,243500,0.83,212175559500
2021-06-09,239500,-1.64,227704136500
2021-06-10,236000,-1.46,259484891500
2021-06-11,238500,1.06,164607398500
2021-06-14,238000,-0.21,133136551500
2021-06-15,237000,-0.42,111811024500
2021-06-16,239500,1.05,187128942500
2021-06-17,236500,-1.25,171814724000
2021-06-18,235000,-0.63,244676157008
2021-06-21,233000,-0.85,192116336500
2021-06-22,241000,3.43,312358481000
2021-06-23,242500,0.62,203349893500
2021-06-24,242500,0.0,365731706500
2021-06-25,243000,0.21,130455190500
2021-06-28,241000,-0.82,138789048000
2021-06-29,239500,-0.62,150635106000
2021-06-30,239500,0.0,156348960372
2021-07-01,242000,1.04,246618055500
2021-07-02,239000,-1.24,199354278880
2021-07-05,236000,-1.26,204034479500
2021-07-06,236000,0.0,117483789500
2021-07-07,232000,-1.69,261173856500
2021-07-08,229500,-1.08,285696744500
2021-07-09,226000,-1.53,257051487500
2021-07-12,230000,1.77,121763889000
2021-07-13,230000,0.0,119274191000
2021-07-14,230000,0.0,134128443500
2021-07-15,231500,0.65,126202088500
2021-07-16,230000,-0.65,107408730000
2021-07-19,227500,-1.09,98310964000
2021-07-20,227000,-0.22,144592463500
2021-07-21,228000,0.44,144952638500
2021-07-22,228500,0.22,181148279500
2021-07-23,225500,-1.31,354660479500
2021-07-26,224500,-0.44,161846277000
2021-07-27,225000,0.22,166121665500
2021-07-28,222500,-1.11,197414184500
2021-07-29,222000,-0.22,110601784000
2021-07-30,218000,-1.8,199699977000
2021-08-02,220000,0.92,148191758500
2021-08-03,223500,1.59,170834044500
2021-08-04,225000,0.67,121522704000
2021-08-05,223000,-0.89,105047863000
2021-08-06,222500,-0.22,85799990000
2021-08-09,221000,-0.67,128424525000
2021-08-10,219000,-0.9,109077408500
2021-08-11,218500,-0.23,107400890000
2021-08-12,219000,0.23,190616832000
2021-08-13,217000,-0.91,186875661000
2021-08-17,213000,-1.84,184240997000
2021-08-18,212500,-0.23,142323688500
2021-08-19,206500,-2.82,245142371000
2021-08-20,201500,-2.42,265652412500
2021-08-23,204000,1.24,173109213500
2021-08-24,209500,2.7,155397620000
2021-08-25,209500,0.0,100035095000
2021-08-26,210000,0.24,87689036000
2021-08-27,208500,-0.71,104071141500
2021-08-30,210000,0.72,86450556000
2021-08-31,212500,1.19,163722401000
2021-09-01,215000,1.18,184645640000
2021-09-02,211500,-1.63,138804871500
2021-09-03,214500,1.42,158586731328
2021-09-06,215000,0.23,83569958500
2021-09-07,212500,-1.16,92132619500
2021-09-08,213000,0.24,126065413000
2021-09-09,208500,-2.11,163271993000
2021-09-10,206500,-0.96,139653476000
2021-09-13,205000,-0.73,121012037000
2021-09-14,209000,1.95,151199404000
2021-09-15,209500,0.24,99211076500
2021-09-16,208000,-0.72,86594341000
2021-09-17,209000,0.48,145613958000
2021-09-23,208500,-0.24,108593449500
2021-09-24,207000,-0.72,85796261500
2021-09-27,204000,-1.45,119599467500
2021-09-28,201500,-1.23,145140151500
2021-09-29,201500,0.0,186654009000
2021-09-30,200000,-0.74,118839397500
2021-10-01,193500,-3.25,229855859000
2021-10-05,193500,0.0,202638659005
2021-10-06,194000,0.26,178119638500
2021-10-07,201000,3.61,211714691000
2021-10-08,205000,1.99,203380363000
2021-10-12,204500,-0.24,167375105000
2021-10-13,211000,3.18,245664493000
2021-10-14,209000,-0.95,180700176500
2021-10-15,208500,-0.24,110813043500
2021-10-18,209500,0.48,126640612500
2021-10-19,209000,-0.24,89829336000
2021-10-20,209000,0.0,98990986000
2021-10-21,207500,-0.72,161446273000
2021-10-22,207500,0.0,75290566000
2021-10-25,211000,1.69,136728122500
2021-10-26,213500,1.18,165900938500
2021-10-27,213500,0.0,129785935500
2021-10-28,210000,-1.64,134006098500
2021-10-29,208000,-0.95,139296563500
2021-11-01,208000,0.0,82277148000
2021-11-02,210000,0.96,87725718000
2021-11-03,208500,-0.71,99316887500
2021-11-04,214000,2.64,240371303000
2021-11-05,215000,0.47,147781543500
2021-11-08,215000,0.0,114165998000
2021-11-09,213000,-0.93,132466916500
2021-11-10,208500,-2.11,141704830000
2021-11-11,205000,-1.68,145402923000
2021-11-12,208000,1.46,86372910000
2021-11-15,209000,0.48,78785442500
2021-11-16,206500,-1.2,106237104500
2021-11-17,207000,0.24,147041821000
2021-11-18,205000,-0.97,115703230000
2021-11-19,209500,2.2,174108389500
2021-11-22,218500,4.3,350306172500
2021-11-23,215000,-1.6,176395712000
2021-11-24,212000,-1.4,138547753000
2021-11-25,210000,-0.94,87414092500
2021-11-26,205500,-2.14,185762708000
2021-11-29,200500,-2.43,181686334500
2021-11-30,195500,-2.49,260036120500
2021-12-01,201000,2.81,148026297000
2021-12-02,205500,2.24,159128828000
2021-12-03,206000,0.24,106166005500
2021-12-06,206500,0.24,103613066500
2021-12-07,207500,0.48,103518135500
2021-12-08,207500,0.0,105182024500
2021-12-09,207000,-0.24,161068910500
2021-12-10,207500,0.24,91945845500
2021-12-13,209000,0.72,186026541500
2021-12-14,211000,0.96,104999352000
2021-12-15,209000,-0.95,91325416000
2021-12-16,209500,0.24,95837776000
2021-12-17,209500,0.0,131088032500
2021-12-20,205000,-2.15,111756485500
2021-12-21,205000,0.0,112834290000
2021-12-22,206500,0.73,99493015000
2021-12-23,209000,1.21,77657491500
2021-12-24,215500,3.11,219906037725
2021-12-27,213500,-0.93,114111057000
2021-12-28,214000,0.23,187741995500
2021-12-29,212000,-0.93,140427239500
2021-12-30,209000,-1.42,122059514500
2022-01-03,210500,0.72,98499786000
2022-01-04,210000,-0.24,105027828500
2022-01-05,213500,1.67,252035723500
2022-01-06,214000,0.23,186008232500
2022-01-07,215000,0.47,124275874500
2022-01-10,209500,-2.56,157183962000
2022-01-11,210500,0.48,101312427000
2022-01-12,211500,0.48,99519449500
2022-01-13,210000,-0.71,105273127000
2022-01-14,209000,-0.48,85051263000
2022-01-17,205000,-1.91,147896466500
2022-01-18,202500,-1.22,117840781500
2022-01-19,200500,-0.99,105691744500
2022-01-20,202000,0.75,90743483000
2022-01-21,200000,-0.99,102511448500
2022-01-24,197000,-1.5,129556979000
2022-01-25,194500,-1.27,226501425000
2022-01-26,190000,-2.31,227716402000
2022-01-27,186500,-1.84,201398741000
2022-01-28,189500,1.61,262933349000
2022-02-03,191500,1.06,162359812500
2022-02-04,190000,-0.78,158837370000
2022-02-07,186500,-1.84,154255883000
2022-02-08,184500,-1.07,213482958750
2022-02-09,185000,0.27,187268554000
2022-02-10,185500,0.27,236066955500
2022-02-11,183000,-1.35,182882388000
2022-02-14,176500,-3.55,245693106500
2022-02-15,180500,2.27,173765277000
2022-02-16,182000,0.83,102665914000
2022-02-17,183500,0.82,141277855500
2022-02-18,183500,0.0,77860962000
2022-02-21,185000,0.82,84775684500
2022-02-22,181500,-1.89,103828348000
2022-02-23,180500,-0.55,99201730500
2022-02-24,173000,-4.16,299981808000
2022-02-25,174000,0.58,165140246500
2022-02-28,175000,0.57,214008093000
2022-03-02,170500,-2.57,236690612580
2022-03-03,177500,4.11,219555826500
2022-03-04,172500,-2.82,150929113500
2022-03-07,168000,-2.61,242123139000
2022-03-08,168000,0.0,122377177000
2022-03-10,169000,0.6,182840828500
2022-03-11,169000,0.0,129579195500
2022-03-14,164500,-2.66,182845925500
2022-03-15,163000,-0.91,143501775500
2022-03-16,168000,3.07,143713423000
2022-03-17,168500,0.3,161393672500
2022-03-18,171000,1.48,133325394000
2022-03-21,168500,-1.46,98886077500
2022-03-22,173500,2.97,201841111730
2022-03-23,176000,1.44,167585760500
2022-03-24,176000,0.0,124624245500
2022-03-25,174000,-1.14,98106929000
2022-03-28,174500,0.29,79808474000
2022-03-29,176500,1.15,95797713500
2022-03-30,181000,2.55,196137125000
2022-03-31,180500,-0.28,103812926500
2022-04-01,178000,-1.39,83591500000
2022-04-04,178000,0.0,90292974500
2022-04-05,179000,0.56,76157212296
2022-04-06,180000,0.56,115389767500
2022-04-07,178500,-0.83,140164592500
2022-04-08,176500,-1.12,81009902000
2022-04-11,179500,1.7,115090134000
2022-04-12,178000,-0.84,111521818500
2022-04-13,181000,1.69,89782202500
2022-04-14,177500,-1.93,160154523000
2022-04-15,177000,-0.28,98757074500
2022-04-18,178500,0.85,49004202500
2022-04-19,181000,1.4,112360309500
2022-04-20,183000,1.1,148704639000
2022-04-21,183000,0.0,120664147500
2022-04-22,180000,-1.64,153920286500
2022-04-25,182000,1.11,271925054500
2022-04-26,187000,2.75,436965125000
2022-04-27,187000,0.0,215297427816
2022-04-28,188500,0.8,132241092500
2022-04-29,186000,-1.33,142099184500
2022-05-02,187000,0.54,92737274000
2022-05-03,183500,-1.87,121708009500
2022-05-04,184000,0.27,63769918500
2022-05-06,182500,-0.82,68520928000
2022-05-09,181500,-0.55,91688207500
2022-05-10,180500,-0.55,138355361500
2022-05-11,183000,1.39,131821873000
2022-05-12,180500,-1.37,125408788500
2022-05-13,186500,3.32,171486010500
2022-05-16,184000,-1.34,101603040000
2022-05-17,185500,0.82,98205462000
2022-05-18,185500,0.0,100215512000
2022-05-19,182000,-1.89,98742659500
2022-05-20,186500,2.47,87262809000
2022-05-23,188000,0.8,81772451000
2022-05-24,185000,-1.6,79925261500
2022-05-25,183500,-0.81,88807451500
2022-05-26,184000,0.27,79151832000
2022-05-27,185500,0.82,62218165000
2022-05-30,187500,1.08,69031227000
2022-05-31,189500,1.07,173117414500
2022-06-02,187500,-1.06,72636007500
2022-06-03,187000,-0.27,74550547000
2022-06-07,183500,-1.87,114665969000
2022-06-08,183000,-0.27,101989689000
2022-06-09,182500,-0.27,119451785000
2022-06-10,184500,1.1,104523089000
2022-06-13,175000,-5.15,209208684000
2022-06-14,171500,-2.0,191531253000
2022-06-15,174000,1.46,174321124000
2022-06-16,173000,-0.57,108079696000
2022-06-17,170000,-1.73,133070766500
2022-06-20,170500,0.29,88372601000
2022-06-21,172500,1.17,91800539500
2022-06-22,171500,-0.58,109344063500
2022-06-23,171000,-0.29,138910328500
2022-06-24,173000,1.17,81837796500
2022-06-27,183000,5.78,244988568500
2022-06-28,186000,1.64,189939092500
2022-06-29,175500,-5.65,448114765000
2022-06-30,180500,2.85,298790200000
2022-07-01,180000,-0.28,165935696500
2022-07-04,178000,-1.11,179460059500
2022-07-05,177500,-0.28,193694470000
2022-07-06,172500,-2.82,160991024000
2022-07-07,175000,1.45,93811295000
2022-07-08,178000,1.71,147129917000
2022-07-11,179000,0.56,119199714000
2022-07-12,179000,0.0,96440118500
2022-07-13,183500,2.51,172565959500
2022-07-14,182500,-0.54,142368892696
2022-07-15,183500,0.55,139615204000
2022-07-18,185500,1.09,129806874500
2022-07-19,188500,1.62,163030042418
2022-07-20,189000,0.27,187541856500
2022-07-21,189000,0.0,405095617000
2022-07-22,191000,1.06,263269817290
2022-07-25,196000,2.62,265515143000
2022-07-26,196000,0.0,142942981000
2022-07-27,196000,0.0,118450571000
2022-07-28,195000,-0.51,147791960500
2022-07-29,196000,0.51,165274658000
2022-08-01,196000,0.0,118049491500
2022-08-02,196500,0.26,140870395500
2022-08-03,197000,0.25,134775411500
2022-08-04,196500,-0.25,121953777500
2022-08-05,194500,-1.02,179020229500
2022-08-08,196000,0.77,123986845500
2022-08-09,193500,-1.28,185905932000
2022-08-10,192500,-0.52,98463932500
2022-08-11,193000,0.26,141424312000
2022-08-12,196000,1.55,122807207000
2022-08-16,197500,0.77,99825387500
2022-08-17,190000,-3.8,269578912500
2022-08-18,186000,-2.11,267032012500
2022-08-19,190000,2.15,146242883500
2022-08-22,189000,-0.53,100977334500
2022-08-23,189000,0.0,135371583500
2022-08-24,188000,-0.53,131437321500
2022-08-25,192000,2.13,107281798500
2022-08-26,193500,0.78,91527740500
2022-08-29,188500,-2.58,112970260500
2022-08-30,195500,3.71,173083990500
2022-08-31,196000,0.26,149339417500
2022-09-01,195500,-0.26,152808584500
2022-09-02,196500,0.51,279714033000
2022-09-05,200000,1.78,177114538000
2022-09-06,201000,0.5,118178652500
2022-09-07,202000,0.5,152444709000
2022-09-08,200000,-0.99,172570607500
2022-09-13,200500,0.25,181741820500
2022-09-14,198500,-1.0,132531258000
2022-09-15,198000,-0.25,80697368000
2022-09-16,201000,1.52,183452422000
2022-09-19,201500,0.25,138860045500
2022-09-20,198500,-1.49,138296923000
2022-09-21,197000,-0.76,122000746750
2022-09-22,193500,-1.78,104865015000
2022-09-23,190500,-1.55,131019538000
2022-09-26,182500,-4.2,294641277500
2022-09-27,186000,1.92,163931472100
2022-09-28,179500,-3.49,209659731500
2022-09-29,181500,1.11,130312711500
2022-09-30,176500,-2.75,178250693500
2022-10-04,179500,1.7,149476381500
2022-10-05,177000,-1.39,201882974000
2022-10-06,178000,0.56,108662833080
2022-10-07,175500,-1.4,106626917000
2022-10-11,168000,-4.27,192226683500
2022-10-12,168000,0.0,137525134500
2022-10-13,164500,-2.08,114500669000
2022-10-14,167000,1.52,109571773000
2022-10-17,167000,0.0,110792046500
2022-10-18,168000,0.6,216610671000
2022-10-19,168000,0.0,188390630500
2022-10-20,168500,0.3,116184077000
2022-10-21,167000,-0.89,116070381000
2022-10-24,161500,-3.29,236922328000
2022-10-25,162500,0.62,156034393500
2022-10-26,160500,-1.23,165090428000
2022-10-27,162000,0.93,141938280000
2022-10-28,164000,1.23,123484591500
2022-10-31,164500,0.3,101737589500
2022-11-01,164500,0.0,102859185500
2022-11-02,165000,0.3,153965415565
2022-11-03,162000,-1.82,163007201000
2022-11-04,163000,0.62,85002323500
2022-11-07,169500,3.99,189857549000
2022-11-08,170000,0.29,136684418500
2022-11-09,169500,-0.29,162099245500
2022-11-10,169500,0.0,173346964500
2022-11-11,172000,1.47,169239286500
2022-11-14,176000,2.33,244360273500
2022-11-15,174500,-0.85,146313634000
2022-11-16,172000,-1.43,110754817000
2022-11-17,170000,-1.16,85753628500
2022-11-18,169500,-0.29,95612104500
2022-11-21,168000,-0.88,86829837700
2022-11-22,165500,-1.49,75523551000
2022-11-23,166000,0.3,74596782500
2022-11-24,167500,0.9,54085682500
2022-11-25,166000,-0.9,59448835500
2022-11-28,167500,0.9,92067423000
2022-11-29,169000,0.9,57571750500
2022-11-30,169000,0.0,107252827000
2022-12-01,171500,1.48,85596513500
2022-12-02,169000,-1.46,77104484500
2022-12-05,165500,-2.07,131346366875
2022-12-06,164500,-0.6,71302111000
2022-12-07,163000,-0.91,62063771000
2022-12-08,162000,-0.61,113913715500
2022-12-09,162500,0.31,75480271000
2022-12-12,163500,0.62,37948537500
2022-12-13,159500,-2.45,121158603500
2022-12-14,163500,2.51,100177420500
2022-12-15,162000,-0.92,62595146000
2022-12-16,162500,0.31,72293345000
2022-12-19,159000,-2.15,116244570500
2022-12-20,157000,-1.26,162723768500
2022-12-21,156000,-0.64,83139976500
2022-12-22,158500,1.6,71605970000
2022-12-23,157000,-0.95,52882524000
2022-12-26,158000,0.64,61242253500
2022-12-27,158000,0.0,100825454610
2022-12-28,154000,-2.53,86241911000
2022-12-29,151000,-1.95,83810742000
2023-01-02,157000,3.97,179473609000
2023-01-03,159000,1.27,124884679500
2023-01-04,160500,0.94,73986893000
2023-01-05,159000,-0.93,91804602500
2023-01-06,159500,0.31,80413938500
2023-01-09,164000,2.82,100337793000
2023-01-10,163000,-0.61,67478253000
2023-01-11,164000,0.61,60384047500
2023-01-12,166500,1.52,144835338500
2023-01-13,169000,1.5,119517774000
2023-01-16,166500,-1.48,132177574500
2023-01-17,166000,-0.3,75028553500
2023-01-18,164500,-0.9,81910293500
2023-01-19,164000,-0.3,57711211000
2023-01-20,164500,0.3,48530485000
2023-01-25,165700,0.73,59589280200
2023-01-26,174900,5.55,291228887900
2023-01-27,173900,-0.57,206000701200
2023-01-30,170000,-2.24,142851993500
2023-01-31,167000,-1.76,117508559520
2023-02-01,170000,1.8,101924163800
2023-02-02,169900,-0.06,93670886500
2023-02-03,172800,1.71,133242173200
2023-02-06,170700,-1.22,100517037900
2023-02-07,170500,-0.12,90751497100
2023-02-08,172700,1.29,76142561800
2023-02-09,172600,-0.06,101024753300
2023-02-10,173400,0.46,64383309000
2023-02-13,171600,-1.04,64407180100
2023-02-14,173700,1.22,87655575000
2023-02-15,172700,-0.58,78295435000
2023-02-16,179300,3.82,190461571700
2023-02-17,179000,-0.17,81825818100
2023-02-20,178200,-0.45,72074186200
2023-02-21,178200,0.0,80676210700
2023-02-22,174200,-2.24,75812040700
2023-02-23,176200,1.15,78842006300
2023-02-24,173900,-1.31,66910190100
2023-02-27,173300,-0.35,73526625700
2023-02-28,176300,1.73,145827349300
2023-03-02,178500,1.25,133447701944
2023-03-03,176100,-1.34,96940573700
2023-03-06,177500,0.8,97017090400
2023-03-07,175100,-1.35,81371920600
2023-03-08,174900,-0.11,87099817800
2023-03-09,176300,0.8,143477271800
2023-03-10,175000,-0.74,77696867900
2023-03-13,176000,0.57,92644976400
2023-03-14,171000,-2.84,101536725300
2023-03-15,174300,1.93,83821575400
2023-03-16,174000,-0.17,68077193500
2023-03-17,176600,1.49,89010062500
2023-03-20,175100,-0.85,64398545200
2023-03-21,175800,0.4,52346486500
2023-03-22,180300,2.56,128610816400
2023-03-23,180500,0.11,106824510700
2023-03-24,177700,-1.55,115087925500
2023-03-27,176100,-0.9,70883142400
2023-03-28,177100,0.57,60318965400
2023-03-29,180400,1.86,102146472600
2023-03-30,181200,0.44,95159849700
2023-03-31,184500,1.82,122913133000
2023-04-03,183600,-0.49,98177726628
2023-04-04,183800,0.11,94347952300
2023-04-05,186700,1.58,94739664700
2023-04-06,185100,-0.86,124842619000
2023-04-07,185100,0.0,80684488800
2023-04-10,185900,0.43,89464130600
2023-04-11,192100,3.34,203207890500
2023-04-12,198200,3.18,299900408100
2023-04-13,198900,0.35,163346671900
2023-04-14,196100,-1.41,132552273800
2023-04-17,195000,-0.56,96971457600
2023-04-18,191400,-1.85,183073700400
2023-04-19,193600,1.15,109962096800
2023-04-20,192500,-0.57,81558191600
2023-04-21,190400,-1.09,86199249900
2023-04-24,191900,0.79,83327638300
2023-04-25,201000,4.74,410681287200
2023-04-26,201500,0.25,450841800200
2023-04-27,202000,0.25,197290853500
2023-04-28,197500,-2.23,209364721900
2023-05-02,201500,2.03,115034883100
2023-05-03,201000,-0.25,92324763700
2023-05-04,199200,-0.9,93871604800
2023-05-08,202500,1.66,119150952000
2023-05-09,205000,1.23,143158160000
2023-05-10,210000,2.44,308850749500
2023-05-11,208000,-0.95,192458501000
2023-05-12,208500,0.24,112204227500
2023-05-15,208000,-0.24,122628135500
2023-05-16,202500,-2.64,177666559000
2023-05-17,204500,0.99,112325438500
2023-05-18,206500,0.98,98245772500
2023-05-19,205500,-0.48,108795949000
2023-05-22,207500,0.97,97235577500
2023-05-23,207500,0.0,74049650000
2023-05-24,207500,0.0,63065002500
2023-05-25,203500,-1.93,107932776500
2023-05-26,205500,0.98,121242165000
2023-05-30,200500,-2.43,173612822000
2023-05-31,200000,-0.25,176352155900
2023-06-01,197500,-1.25,156299759500
2023-06-02,199500,1.01,83334690900
2023-06-05,201000,0.75,91403161064
2023-06-07,196400,-2.29,190409002700
2023-06-08,196700,0.15,182133105750
2023-06-09,197100,0.2,83186183400
2023-06-12,196200,-0.46,84227784000
2023-06-13,198000,0.92,93688516700
2023-06-14,201000,1.52,132684045200
2023-06-15,199700,-0.65,71012116600
2023-06-16,199400,-0.15,109228636200
2023-06-19,199300,-0.05,74612987800
2023-06-20,197900,-0.7,65428489800
2023-06-21,204000,3.08,207653393200
2023-06-22,202000,-0.98,79181731000
2023-06-23,199900,-1.04,69965382200
2023-06-26,200500,0.3,61721001500
2023-06-27,206000,2.74,164844435000
2023-06-28,206000,0.0,129594717500
2023-06-29,204500,-0.73,65582392000
2023-06-30,206500,0.98,116632794500
2023-07-03,208500,0.97,113198992000
2023-07-04,208000,-0.24,88622643500
2023-07-05,205500,-1.2,120770494000
2023-07-06,206500,0.49,133130751500
2023-07-07,204000,-1.21,97079891000
2023-07-10,205500,0.74,104810697500
2023-07-11,207000,0.73,110979719000
2023-07-12,203500,-1.69,102384706500
2023-07-13,203500,0.0,110343118500
2023-07-14,208500,2.46,136070085500
2023-07-17,203500,-2.4,106131076000
2023-07-18,201500,-0.98,101177333500
2023-07-19,202000,0.25,99011174500
2023-07-20,200500,-0.74,106957964000
2023-07-21,200000,-0.25,101507045300
2023-07-24,199200,-0.4,122096678000
2023-07-25,200500,0.65,98774862800
2023-07-26,198700,-0.9,266089201100
2023-07-27,197800,-0.45,245815728400
2023-07-28,196800,-0.51,155077621500
2023-07-31,196000,-0.41,133307872523
2023-08-01,199400,1.73,138250775900
2023-08-02,192500,-3.46,178627818600
2023-08-03,191700,-0.42,102304056100
2023-08-04,192200,0.26,72875837400
2023-08-07,188000,-2.19,158972402700
2023-08-08,188400,0.21,105119074600
2023-08-09,189400,0.53,69139823100
2023-08-10,188400,-0.53,92461057100
2023-08-11,190500,1.11,101475636300
2023-08-14,188800,-0.89,56204025000
2023-08-16,185800,-1.59,105012961050
2023-08-17,184800,-0.54,84271721500
2023-08-18,186100,0.7,78316600800
2023-08-21,186100,0.0,52108710900
2023-08-22,187900,0.97,55715442000
2023-08-23,187500,-0.21,47276284500
2023-08-24,186400,-0.59,59880349200
2023-08-25,186200,-0.11,68630505600
2023-08-28,185400,-0.43,55674106700
2023-08-29,186700,0.7,60048046900
2023-08-30,187800,0.59,62367726800
2023-08-31,189100,0.69,111016634400
2023-09-01,187400,-0.9,52877048900
2023-09-04,187300,-0.05,57351277700
2023-09-05,186600,-0.37,54094121400
2023-09-06,186700,0.05,48516959500
2023-09-07,187200,0.27,55676742400
2023-09-08,185700,-0.8,35671774000
2023-09-11,185500,-0.11,36187104400
2023-09-12,186200,0.38,51094243000
2023-09-13,189800,1.93,109674647200
2023-09-14,190700,0.47,119424932000
2023-09-15,192200,0.79,100716768200
2023-09-18,191000,-0.62,55437423000
2023-09-19,190000,-0.52,55265357500
2023-09-20,194900,2.58,123831109900
2023-09-21,191900,-1.54,63100635400
2023-09-22,191500,-0.21,62266938220
2023-09-25,192900,0.73,66579131500
2023-09-26,190700,-1.14,57723467600
2023-09-27,191100,0.21,70279198720
2023-10-04,190800,-0.16,122252202433
2023-10-05,190500,-0.16,75536279700
2023-10-06,192200,0.89,66077546000
2023-10-10,188400,-1.98,108800117400
2023-10-11,189400,0.53,93155172500
2023-10-12,188000,-0.74,85016727500
2023-10-13,187100,-0.48,47657736600
2023-10-16,186800,-0.16,54562130000
2023-10-17,188500,0.91,79971466265
2023-10-18,191800,1.75,102205466800
2023-10-19,188900,-1.51,77428357900
2023-10-20,183500,-2.86,111648971000
2023-10-23,185400,1.04,53080248500
2023-10-24,182800,-1.4,76649009100
2023-10-25,182000,-0.44,68454791800
2023-10-26,179500,-1.37,117059527400
2023-10-27,175600,-2.17,139949240900
2023-10-30,172500,-1.77,125845100600
2023-10-31,169700,-1.62,119447400500
2023-11-01,170300,0.35,76693424000
2023-11-02,172000,1.0,114547570100
2023-11-03,173400,0.81,74916649600
2023-11-06,177900,2.6,116664528600
2023-11-07,176100,-1.01,93521489300
2023-11-08,174800,-0.74,69359395400
2023-11-09,174700,-0.06,67193984050
2023-11-10,173700,-0.57,44477891500
2023-11-13,173300,-0.23,60490449874
2023-11-14,175200,1.1,57748196600
2023-11-15,182500,4.17,146272548600
2023-11-16,184800,1.26,79760515000
2023-11-17,184400,-0.22,47880393500
2023-11-20,183600,-0.43,50996620600
2023-11-21,184200,0.33,46573800600
2023-11-22,183000,-0.65,39983989600
2023-11-23,184800,0.98,44273876100
2023-11-24,184000,-0.43,29825795800
2023-11-27,184900,0.49,34807001100
2023-11-28,185700,0.43,49865598400
2023-11-29,184800,-0.48,55378140883
2023-11-30,184300,-0.27,105652453600
2023-12-01,182800,-0.81,55605775550
2023-12-04,181600,-0.66,69034844700
2023-12-05,181400,-0.11,50045196200
2023-12-06,182900,0.83,51242928500
2023-12-07,182600,-0.16,54011504200
2023-12-08,185100,1.37,60573899400
2023-12-11,185400,0.16,40295308500
2023-12-12,185600,0.11,61803422600
2023-12-13,185000,-0.32,53276472900
2023-12-14,184800,-0.11,140818419900
2023-12-15,192800,4.33,234858412100
2023-12-18,192000,-0.41,92359287700
2023-12-19,192200,0.1,52376679900
2023-12-20,199100,3.59,190347329200
2023-12-21,198700,-0.2,108227909800
2023-12-22,199000,0.15,69334339900
2023-12-26,198800,-0.1,81491259500
2023-12-27,198500,-0.15,65619176150
2023-12-28,203500,2.52,154695948000
2024-01-02,200500,-1.47,74805824500
2024-01-03,193800,-3.34,107385652600
2024-01-04,190000,-1.96,96218829900
2024-01-05,187300,-1.42,82935902200
2024-01-08,185700,-0.85,60393821200
2024-01-09,185600,-0.05,64931807100
2024-01-10,186700,0.59,61685148200
2024-01-11,187000,0.16,101089164800
2024-01-12,186000,-0.53,44861057600
2024-01-15,187500,0.81,47052270200
2024-01-16,186200,-0.69,42113540200
2024-01-17,181800,-2.36,87827255300
2024-01-18,180200,-0.88,78405920200
2024-01-19,181700,0.83,52235709100
2024-01-22,180100,-0.88,70789557844
2024-01-23,184800,2.61,69196515000
2024-01-24,185000,0.11,63683744800
2024-01-25,188700,2.0,146597550900
2024-01-26,187300,-0.74,87936991200
2024-01-29,195600,4.43,231795528239
2024-01-30,190000,-2.86,183498333520
2024-01-31,194600,2.42,204149289900
2024-02-01,208000,6.89,584985316700
2024-02-02,227000,9.13,1295034318500
2024-02-05,238000,4.85,1343671147938
2024-02-06,235500,-1.05,776745665992
2024-02-07,245000,4.03,660905617000
2024-02-08,250000,2.04,747064687000
2024-02-13,249000,-0.4,682532483254
2024-02-14,245500,-1.41,421102213305
2024-02-15,240000,-2.24,505075047500
2024-02-16,252500,5.21,552222066500
2024-02-19,252500,0.0,455378094500
2024-02-20,242000,-4.16,473836322500
2024-02-21,239500,-1.03,276504412500
2024-02-22,243500,1.67,357557536000
2024-02-23,244000,0.21,406466967514
2024-02-26,239000,-2.05,415531069432
2024-02-27,238500,-0.21,304725022650
2024-02-28,248000,3.98,464303162500
2024-02-29,250500,1.01,512342792000
2024-03-04,255500,2.0,474689895500
2024-03-05,249000,-2.54,360144467000
2024-03-06,251000,0.8,275962136680
2024-03-07,250000,-0.4,248698400000
2024-03-08,253000,1.2,306051347000
2024-03-11,243500,-3.75,291020168000
2024-03-12,241500,-0.82,266579336000
2024-03-13,248500,2.9,347080199500
2024-03-14,251500,1.21,397074225000
2024-03-15,243500,-3.18,291370566500
2024-03-18,242500,-0.41,176382891000
2024-03-19,237500,-2.06,225317747000
2024-03-20,241000,1.47,297828813000
2024-03-21,252000,4.56,395536371500
2024-03-22,243500,-3.37,267944407500
2024-03-25,239500,-1.64,189249024000
2024-03-26,240500,0.42,194080813000
2024-03-27,244000,1.46,200337238300
2024-03-28,237000,-2.87,251106806861
2024-03-29,233000,-1.69,199375105000
2024-04-01,227500,-2.36,206001335000
2024-04-02,220000,-3.3,396947950500
2024-04-03,216000,-1.82,247628626306
2024-04-04,226000,4.63,302568116127
2024-04-05,225500,-0.22,254289660500
2024-04-08,232500,3.1,291611315000
2024-04-09,228000,-1.94,153593157500
2024-04-11,241000,5.7,433535625500
2024-04-12,238000,-1.24,238502998000
2024-04-15,241500,1.47,243919248500
2024-04-16,242000,0.21,289291219220
2024-04-17,233500,-3.51,243170558500
2024-04-18,231000,-1.07,271759907455
2024-04-19,235000,1.73,273301834500
2024-04-22,245000,4.26,320739864500
2024-04-23,249500,1.84,287323133000
2024-04-24,252500,1.2,312036999000
2024-04-25,250000,-0.99,326103930000
2024-04-26,249500,-0.2,244394544500
2024-04-29,251500,0.8,214246133500
2024-04-30,251000,-0.2,137130232000
2024-05-02,249000,-0.8,149869122500
2024-05-03,241000,-3.21,177661180000
2024-05-07,242000,0.41,193631268500
2024-05-08,242000,0.0,107267664200
2024-05-09,237000,-2.07,167239450500
2024-05-10,241500,1.9,109270602500
2024-05-13,245000,1.45,134653849000
2024-05-14,246500,0.61,164489669500
2024-05-16,247000,0.2,138267566000
2024-05-17,244000,-1.21,100764948500
2024-05-20,250500,2.66,216140970000
2024-05-21,253000,1.0,145136992500
2024-05-22,277000,9.49,891027058500
2024-05-23,271500,-1.99,511318633500
2024-05-24,267500,-1.47,285205873000
2024-05-27,265500,-0.75,269789658500
2024-05-28,265000,-0.19,159200961500
2024-05-29,261000,-1.51,251331128000
2024-05-30,257000,-1.53,165319992500
2024-05-31,253000,-1.56,258540736466
2024-06-03,265000,4.74,315382033500
2024-06-04,259000,-2.26,172018647000
2024-06-05,264000,1.93,232519202875
2024-06-07,265000,0.38,137158711500
2024-06-10,267500,0.94,253513446000
2024-06-11,271000,1.31,262128162000
2024-06-12,270000,-0.37,153066933000
2024-06-13,269000,-0.37,509899699500
2024-06-14,268000,-0.37,209813627000
2024-06-17,278500,3.92,546090330000
2024-06-18,283000,1.62,476775217903
2024-06-19,286500,1.24,353812389500
2024-06-20,285500,-0.35,179555800500
2024-06-21,280000,-1.93,246241523500
2024-06-24,281000,0.36,167544502541
2024-06-25,288500,2.67,295247520500
2024-06-26,289500,0.35,201011479000
2024-06-27,298000,2.94,341064380500
2024-06-28,295000,-1.01,225020078500
2024-07-01,286000,-3.05,249475225500
2024-07-02,272500,-4.72,430086282000
2024-07-03,276000,1.28,296157158500
2024-07-04,277500,0.54,153535666000
2024-07-05,281000,1.26,163824572000
2024-07-08,283000,0.71,171769534000
2024-07-09,274500,-3.0,312738023000
2024-07-10,274500,0.0,184837999250
2024-07-11,278500,1.46,181005363000
2024-07-12,271500,-2.51,181515388500
2024-07-15,268500,-1.1,145826694000
2024-07-16,274500,2.23,151207490000
2024-07-17,268500,-2.19,138454771500
2024-07-18,260500,-2.98,282521320500
2024-07-19,258500,-0.77,189399221500
2024-07-22,255000,-1.35,195674551500
2024-07-23,263500,3.33,210677041500
2024-07-24,258500,-1.9,157802088500
2024-07-25,251500,-2.71,209029957500
2024-07-26,243500,-3.18,639721611982
2024-07-29,255500,4.93,330521776000
2024-07-30,250000,-2.15,150461630000
2024-07-31,249000,-0.4,148545018500
2024-08-01,253500,1.81,187102544500
2024-08-02,244000,-3.75,216726735000
2024-08-05,224000,-8.2,336052158721
2024-08-06,235000,4.91,294443923000
2024-08-07,236000,0.43,179714121000
2024-08-08,236500,0.21,165156753555
2024-08-09,243000,2.75,147984692000
2024-08-12,243500,0.21,115141038500
2024-08-13,243000,-0.21,86783031500
2024-08-14,241000,-0.82,121162530000
2024-08-16,255000,5.81,281005390375
2024-08-19,255000,0.0,188841839000
2024-08-20,256000,0.39,170290399500
2024-08-21,252500,-1.37,90929635500
2024-08-22,248000,-1.78,123335261500
2024-08-23,252500,1.81,112469116000
2024-08-26,249500,-1.19,117768624400
2024-08-27,247500,-0.8,136984334250
2024-08-28,259000,4.65,297185891500
2024-08-29,258500,-0.19,429288719000
2024-08-30,255500,-1.16,312814136625
2024-09-02,246000,-3.72,248596019000
2024-09-03,237500,-3.46,244687757500
2024-09-04,232500,-2.11,219268420500
2024-09-05,229000,-1.51,204383193765
2024-09-06,227500,-0.66,161217190500
2024-09-09,229500,0.88,146045475852
2024-09-10,231000,0.65,83783702500
2024-09-11,223500,-3.25,175341712500
2024-09-12,232000,3.8,152049148000
2024-09-13,237000,2.16,124650718500
2024-09-19,246000,3.8,207543121000
2024-09-20,250500,1.83,202041672500
2024-09-23,249000,-0.6,120148703215
2024-09-24,253000,1.61,107907460000
2024-09-25,251500,-0.59,146018079500
2024-09-26,259000,2.98,195260898000
2024-09-27,254500,-1.74,126567653250
2024-09-30,244000,-4.13,254522116000
2024-10-02,237000,-2.87,246473572000
2024-10-04,239500,1.05,204144184500
2024-10-07,247000,3.13,178649226000
2024-10-08,246000,-0.4,101551965000
2024-10-10,246000,0.0,159995827500
2024-10-11,248500,1.02,70130463500
2024-10-14,248500,0.0,76886281000
2024-10-15,246000,-1.01,94484160000
2024-10-16,247000,0.41,196048712000
2024-10-17,235500,-4.66,219499104000
2024-10-18,234500,-0.42,164286131500
2024-10-21,237000,1.07,105074899000
2024-10-22,234500,-1.05,121833870000
2024-10-23,241000,2.77,161163515198
2024-10-24,228500,-5.19,281614459000
2024-10-25,225500,-1.31,251997014000
2024-10-28,226500,0.44,144418961500
2024-10-29,224000,-1.1,166192629500
2024-10-30,220500,-1.56,122857960000
2024-10-31,215000,-2.49,233306829500
2024-11-01,213500,-0.7,163963604000
2024-11-04,216500,1.41,162370433500
2024-11-05,215000,-0.69,131420579160
2024-11-06,206500,-3.95,393383186500
2024-11-07,207500,0.48,228810586000
2024-11-08,203500,-1.93,147373827000
2024-11-11,211000,3.69,178344240000
2024-11-12,207000,-1.9,190595066000
2024-11-13,199900,-3.43,156810895100
2024-11-14,201500,0.8,164567373600
2024-11-15,206000,2.23,145290288600
2024-11-18,217000,5.34,239889031500
2024-11-19,215500,-0.69,116673551000
2024-11-20,218500,1.39,124892342500
2024-11-21,215500,-1.37,108518974500
2024-11-22,217000,0.7,90692677500
2024-11-25,219000,0.92,159369788500
2024-11-26,223500,2.05,159672168000
2024-11-27,221000,-1.12,243281249000
2024-11-28,219000,-0.9,131076432000
2024-11-29,218500,-0.23,125383651000
2024-12-02,216000,-1.14,113015089000
2024-12-03,214500,-0.69,134620539247
2024-12-04,209000,-2.56,192604087500
2024-12-05,204500,-2.15,124537800246
2024-12-06,203500,-0.49,158156392000
2024-12-09,201000,-1.23,155970133000
2024-12-10,210500,4.73,129273960990
2024-12-11,209000,-0.71,70132106000
2024-12-12,211500,1.2,132362118000
2024-12-13,215000,1.65,112602320500
2024-12-16,211000,-1.86,99530527000
2024-12-17,206500,-2.13,148691222000
2024-12-18,216500,4.84,152527061500
2024-12-19,212000,-2.08,134217730500
2024-12-20,210500,-0.71,147106838500
2024-12-23,215000,2.14,100519316042
2024-12-24,216500,0.7,75693511500
2024-12-26,217500,0.46,100072183500
2024-12-27,215000,-1.15,84299329000
2024-12-30,212000,-1.4,82971719000
2025-01-02,211500,-0.24,92886616500
2025-01-03,213000,0.71,97389499500
2025-01-06,211500,-0.7,164306846000
2025-01-07,211000,-0.24,108530734000
2025-01-08,213500,1.18,128582384500
2025-01-09,213000,-0.23,186764672000
2025-01-10,226000,6.1,436680248000
2025-01-13,220000,-2.65,191585700000
2025-01-14,222000,0.91,121618986500
2025-01-15,220500,-0.68,109141724500
2025-01-16,219000,-0.68,95840574500
2025-01-17,211500,-3.42,173358642500
2025-01-20,208500,-1.42,119557780000
2025-01-21,206500,-0.96,174130967500
2025-01-22,208500,0.97,173325850000
2025-01-23,209000,0.24,215710770500
2025-01-24,205000,-1.91,221450144500
2025-01-31,206000,0.49,202431528500
2025-02-03,202000,-1.94,183695376000
2025-02-04,201000,-0.5,172705326000
2025-02-05,204500,1.74,144789997500
2025-02-06,203500,-0.49,124159859000
2025-02-07,200500,-1.47,168200412500
2025-02-10,199400,-0.55,197903345200
2025-02-11,199400,0.0,168437039600
2025-02-12,198100,-0.65,112819261300
2025-02-13,208500,5.25,309045149802
2025-02-14,206000,-1.2,170948931000
2025-02-17,199800,-3.01,179215445100
2025-02-18,200500,0.35,112234459200
2025-02-19,204000,1.75,173187142900
2025-02-20,203000,-0.49,71712810500
2025-02-21,206000,1.48,147660204000
2025-02-24,207000,0.49,101904887500
2025-02-25,202500,-2.17,132290936000
2025-02-26,205000,1.23,153820317000
2025-02-27,200500,-2.2,178148325900
2025-02-28,193000,-3.74,231850331300
2025-03-04,190300,-1.4,113369763300
2025-03-05,194700,2.31,155440004400
2025-03-06,197600,1.49,130716598300
2025-03-07,196600,-0.51,112478185396
2025-03-10,197400,0.41,62850116600
2025-03-11,195600,-0.91,88802111400
2025-03-12,198200,1.33,69164124700
2025-03-13,201000,1.41,115061972800
2025-03-14,198500,-1.24,94164078700
2025-03-17,199000,0.25,73110028700
2025-03-18,200500,0.75,101523673150
2025-03-19,204000,1.75,105607722700
2025-03-20,202500,-0.74,129250405000
2025-03-21,205000,1.23,112869145750
2025-03-24,213000,3.9,257145646750
2025-03-25,220000,3.29,467110952750
2025-03-26,222000,0.91,274081089250
2025-03-27,212500,-4.28,219962946000
2025-03-28,205000,-3.53,205314922000
2025-03-31,197200,-3.8,185729892700
2025-04-01,198600,0.71,127065127950
2025-04-02,196300,-1.16,121145417050
2025-04-03,193800,-1.27,183788412750
2025-04-04,191800,-1.03,155660701200
2025-04-07,179100,-6.62,225490600700
2025-04-08,179200,0.06,194281541450
2025-04-09,178000,-0.67,123390355050
2025-04-10,187000,5.06,269878848800
2025-04-11,177500,-5.08,292962150200
2025-04-14,179300,1.01,96014170150
2025-04-15,187000,4.29,196229872000
2025-04-16,181700,-2.83,109010162514
2025-04-17,181700,0.0,95459149450
2025-04-18,187200,3.03,123095736700
2025-04-21,187300,0.05,65954048750
2025-04-22,185600,-0.91,73192510350
2025-04-23,190000,2.37,114917981350
2025-04-24,188900,-0.58,121464593750
2025-04-25,188800,-0.05,100127014000
2025-04-28,189000,0.11,85060281000
2025-04-29,192800,2.01,113930208850
2025-04-30,190600,-1.14,82137940050
2025-05-02,189400,-0.63,87746000000
2025-05-07,187600,-0.95,125155485200
2025-05-08,187100,-0.27,102204779800
2025-05-09,189900,1.5,98242684200
2025-05-12,195800,3.11,110397126950
2025-05-13,196700,0.46,90999913100
2025-05-14,197100,0.2,109402933450
2025-05-15,192900,-2.13,91204556950
2025-05-16,193800,0.47,60421466500
2025-05-19,191000,-1.44,72301056360
2025-05-20,189500,-0.79,80544992450
2025-05-21,188000,-0.79,105417712678
2025-05-22,182400,-2.98,179810984000
2025-05-23,179900,-1.37,149442462950
2025-05-26,181900,1.11,112997021700
2025-05-27,181900,0.0,91018258950
2025-05-28,185900,2.2,113407039800
2025-05-29,191000,2.74,207999806900
2025-05-30,185300,-2.98,145352783400
2025-06-02,184000,-0.7,98954289900
2025-06-04,186000,1.09,107020610750
2025-06-05,189600,1.94,151597084750
2025-06-09,197800,4.32,327780454050
2025-06-10,197000,-0.4,197386422300
2025-06-11,201000,2.03,130175406850
2025-06-12,201500,0.25,178845557250
2025-06-13,199000,-1.24,185324347700
2025-06-16,201500,1.26,99815975750
2025-06-17,205000,1.74,194835059250
2025-06-18,206000,0.49,117739793750
2025-06-19,207000,0.49,111684615250
2025-06-20,210000,1.45,138499017000
2025-06-23,201500,-4.05,188768280750
2025-06-24,206000,2.23,147553599250
2025-06-25,217000,5.34,385141492892
2025-06-26,209500,-3.46,171303691750
2025-06-27,205000,-2.15,156716055750
2025-06-30,203500,-0.73,100917401750
2025-07-01,210000,3.19,222300504250
2025-07-02,213500,1.67,225741316500
2025-07-03,214500,0.47,120518170750
2025-07-04,210500,-1.86,88444339250
2025-07-07,208500,-0.95,82922076000
2025-07-08,211000,1.2,104438094750
2025-07-09,209500,-0.71,108854473500
2025-07-10,208000,-0.72,149955802250
2025-07-11,208000,0.0,123771830000
2025-07-14,217000,4.33,266026941500
2025-07-15,211000,-2.76,235293659750
2025-07-16,207500,-1.66,102797233750
2025-07-17,210000,1.2,127806728250
2025-07-18,210500,0.24,66653325250
2025-07-21,209000,-0.71,96324075500
2025-07-22,206500,-1.2,91299682500
2025-07-23,222000,7.51,620296725500
2025-07-24,217500,-2.03,311451816000
2025-07-25,216500,-0.46,144626489500
2025-07-28,218500,0.92,151168182250
2025-07-29,218000,-0.23,139928463750
2025-07-30,223000,2.29,276454480500
2025-07-31,213000,-4.48,645914516250
2025-08-01,210000,-1.41,229859014750
2025-08-04,211000,0.48,137051856750
2025-08-05,210500,-0.24,101748866250
2025-08-06,210500,0.0,81084262750
2025-08-07,212500,0.95,89607395000
2025-08-08,212500,0.0,93552155500
2025-08-11,212500,0.0,63454090250
2025-08-12,213000,0.24,74325400000
2025-08-13,216000,1.41,81216996750
2025-08-14,217500,0.69,118932771250
2025-08-18,216500,-0.46,87908468250
2025-08-19,219000,1.15,96254887250
2025-08-20,220500,0.68,172314011250
2025-08-21,221500,0.45,133492854500
2025-08-22,220000,-0.68,88789611611
2025-08-25,222000,0.91,92379473000
2025-08-26,218500,-1.58,176693763000
2025-08-27,220000,0.69,74099475250
2025-08-28,222000,0.91,163597655540
2025-08-29,220000,-0.9,133981383748
2025-09-01,220500,0.23,111550890000
2025-09-02,220000,-0.23,80040722750
2025-09-03,221500,0.68,101892957000
2025-09-04,221500,0.0,55098676500
2025-09-05,220000,-0.68,54130043750
2025-09-08,218500,-0.68,83094891500
2025-09-09,219000,0.23,89509319500
2025-09-10,220500,0.68,94447335000
2025-09-11,223000,1.13,126090592250
2025-09-12,223500,0.22,148489865250
2025-09-15,215000,-3.8,369367327860
2025-09-16,215000,0.0,106187478750
2025-09-17,216000,0.47,88946690750
2025-09-18,218500,1.16,141705190500
2025-09-19,214000,-2.06,278391353750
2025-09-22,218000,1.87,108598754500
2025-09-23,219000,0.46,103695808250
2025-09-24,217500,-0.68,83489607750
2025-09-25,217000,-0.23,110280054250
2025-09-26,214500,-1.15,96075331750
2025-09-29,215000,0.23,73036035500
2025-09-30,215000,0.0,73104974000
2025-10-01,215500,0.23,64145042000
2025-10-02,220000,2.09,241794785250
2025-10-10,217000,-1.36,169536584000
2025-10-13,218500,0.69,118207093000
2025-10-14,223000,2.06,196954055250
2025-10-15,223500,0.22,149603735250
2025-10-16,242000,8.28,509099647000
2025-10-17,243000,0.41,241245363250
2025-10-20,248000,2.06,285009359750
2025-10-21,256500,3.43,522968061250
2025-10-22,261000,1.75,274362096250
2025-10-23,252000,-3.45,231587309500
2025-10-24,252500,0.2,194992827750
2025-10-27,254500,0.79,194930207750
2025-10-28,250500,-1.57,169597138750
2025-10-29,258000,2.99,240561841000
2025-10-30,265000,2.71,808443013250
2025-10-31,290000,9.43,1038861881000
2025-11-03,291500,0.52,436149626000
2025-11-04,276000,-5.32,396592742000
2025-11-05,268500,-2.72,376991066000
2025-11-06,269000,0.19,184835264750
2025-11-07,264000,-1.86,175203813500
2025-11-10,270500,2.46,187548625750
2025-11-11,269000,-0.55,133786168250
2025-11-12,275500,2.42,222645093500
2025-11-13,278500,1.09,188353876750
2025-11-14,272500,-2.15,158617302250
2025-11-17,271500,-0.37,104733041750
2025-11-18,264500,-2.58,126928240750
2025-11-19,264000,-0.19,109509601500
2025-11-20,262000,-0.76,132451015000
2025-11-21,259500,-0.95,139301143750
2025-11-24,257500,-0.77,157794632250
2025-11-25,257500,0.0,101167646500
2025-11-26,261500,1.55,105105587250
2025-11-27,261500,0.0,75409270000
2025-11-28,261500,0.0,133823076750
2025-12-01,254500,-2.68,141915463500
2025-12-02,266000,4.52,287726924250
2025-12-03,266500,0.19,128961907750
2025-12-04,283500,6.38,558547267250
2025-12-05,315000,11.11,1178646344250
2025-12-08,315500,0.16,600065525996
2025-12-09,307000,-2.69,375959675250
2025-12-10,302500,-1.47,354110322250
2025-12-11,295500,-2.31,437923939500
2025-12-12,301500,2.03,248531981750
2025-12-15,293500,-2.65,235672657000
2025-12-16,286000,-2.56,365085126250
2025-12-17,286000,0.0,196407384250
2025-12-18,282500,-1.22,198943996500
2025-12-19,288500,2.12,344865999750
2025-12-22,289000,0.17,195149790250
2025-12-23,287000,-0.69,201403369000
2025-12-24,289000,0.7,380589865750
2025-12-26,286000,-1.04,243316490160
2025-12-29,293500,2.62,202241004250
2025-12-30,296500,1.02,184961535500
2026-01-02,298500,0.67,284589571750
2026-01-05,304500,2.01,395737421750
2026-01-06,308000,1.15,1052280146500
2026-01-07,350500,13.8,2655729376500
2026-01-08,340500,-2.85,1057360251750
2026-01-09,366000,7.49,1102922804250
2026-01-12,367000,0.27,1126159492750
2026-01-13,406000,10.63,2180542263500
2026-01-14,411500,1.35,1160882101250
2026-01-15,422000,2.55,1194627916181
2026-01-16,413000,-2.13,1082019347500
2026-01-19,480000,16.22,2768643471750
2026-01-20,479000,-0.21,2503816650810
2026-01-21,549000,14.61,4051496210950
2026-01-22,529000,-3.64,3967626131500
2026-01-23,510000,-3.59,2467401511500
2026-01-26,492500,-3.43,1838776025766
2026-01-27,488500,-0.81,2182085557000
2026-01-28,492500,0.82,1248436638750
2026-01-29,528000,7.21,2781914345476
2026-01-30,500000,-5.3,1535372588000
2026-02-02,478000,-4.4,1291710304750
2026-02-03,491500,2.82,1107562522460
2026-02-04,504000,2.54,863584752500
2026-02-05,488500,-3.08,816561531750
2026-02-06,467500,-4.3,938552051750
2026-02-09,478000,2.25,726961477000
2026-02-10,480500,0.52,850651601000
2026-02-11,509000,5.93,1639190603500
2026-02-12,506000,-0.59,874771927750
2026-02-13,499000,-1.38,574835991500
2026-02-19,513000,2.81,972096753250
2026-02-20,509000,-0.78,637092330500
2026-02-23,523000,2.75,1104465268500
2026-02-24,524000,0.19,773100818000
2026-02-25,572000,9.16,2343545128000
2026-02-26,609000,6.47,1707953315500
2026-02-27,674000,10.67,2807363134000
2026-03-03,595000,-11.72,2350545257000
2026-03-04,501000,-15.8,2597594558750
2026-03-05,548000,9.38,1491066599000
2026-03-06,553000,0.91,866474723500
2026-03-09,507000,-8.32,957042736818
2026-03-10,525000,3.55,673361151500
2026-03-11,530000,0.95,766091876500
2026-03-12,521000,-1.7,596531161500
2026-03-13,517000,-0.77,490787480000
2026-03-16,506000,-2.13,680424593000
2026-03-17,522000,3.16,715461538000
2026-03-18,545000,4.41,502057597000
2026-03-19,522000,-4.22,404154305500
2026-03-20,517000,-0.96,545346618500
2026-03-23,485000,-6.19,787026326250
2026-03-24,492000,1.44,534253804750
2026-03-25,501000,1.83,557082878750
2026-03-26,490000,-2.2,469150545250
2026-03-27,495000,1.02,556807290750
2026-03-30,469500,-5.15,441044297000
2026-03-31,445500,-5.11,573987079500
2026-04-01,488000,9.54,468097936000
2026-04-02,465500,-4.61,632199403250
2026-04-03,471000,1.18,311857711750
2026-04-06,469000,-0.42,259863973000
2026-04-07,473000,0.85,332237671750
2026-04-08,508000,7.4,647821366250
2026-04-09,489500,-3.64,493014565500
2026-04-10,489500,0.0,400215036500
2026-04-13,478500,-2.25,305604470000
2026-04-14,491500,2.72,385833051250
2026-04-15,508000,3.36,443108936500
2026-04-16,534000,5.12,818061209000
2026-04-17,538000,0.75,389304063000
2026-04-20,527000,-2.04,444483923000
2026-04-21,546000,3.61,511279812500
2026-04-22,541000,-0.92,400997853500
2026-04-23,532000,-1.66,585221220000
2026-04-24,513000,-3.57,630906681000
2026-04-27,524000,2.14,488945555000
2026-04-28,555000,5.92,1438162370000
2026-04-29,556000,0.18,537906653000
2026-04-30,531000,-4.5,621344074500
2026-05-04,539000,1.51,461102938500
2026-05-06,550000,2.04,933123138500
2026-05-07,572000,4.0,1195468523000
2026-05-08,613000,7.17,3104780887000
2026-05-11,646000,5.38,1624698473000
2026-05-12,646000,0.0,3176572005000
2026-05-13,710000,9.91,2785128978700
2026-05-14,712000,0.28,1701639434500
2026-05-15,700000,-1.69,3146296513000
2026-05-18,663000,-5.29,1467874097000
2026-05-19,604000,-8.9,1637072897312
2026-05-20,592000,-1.99,1148750522000
2026-05-21,666000,12.5,1247220719000
2026-05-22,655000,-1.65,652178803000
2026-05-26,689000,5.19,933866421000
2026-05-27,681000,-1.16,1282495483500
2026-05-28,677000,-0.59,1496513349000
2026-05-29,723000,6.79,2229985539046
2026-06-01,750000,3.73,2055507696000
2026-06-02,729000,-2.8,1670617722500
2026-06-04,700000,-3.98,748061379000
2026-06-05,700000,0.0,1034123475500
2026-06-08,639000,-8.71,853877601972
2026-06-09,639000,0.0,1027242508500
2026-06-10,602000,-5.79,1024836258000
2026-06-11,597000,-0.83,825870090000
2026-06-12,607000,1.68,937027433000
2026-06-15,647000,6.59,710389925730
2026-06-16,640000,-1.08,820827654000
2026-06-17,618000,-3.44,551744488000
2026-06-18,601000,-2.75,561152102500
2026-06-19,613000,2.0,1110615084600
2026-06-22,581000,-5.22,564932268500
2026-06-23,511000,-12.05,998002229000
2026-06-24,509000,-0.39,631565471000
2026-06-25,503000,-1.18,550729190500
2026-06-26,480500,-4.47,750109328500
2026-06-29,497000,3.43,578213030750
2026-06-30,495000,-0.4,390188412250
2026-07-01,487500,-1.52,415435060000
2026-07-02,482000,-1.13,605305303750
2026-07-03,492000,2.07,461718226000
2026-07-06,502000,2.03,396278993500
2026-07-07,479500,-4.48,448322534700
2026-07-08,462500,-3.55,429311944250
2026-07-09,445500,-3.68,504686083000
2026-07-10,457500,2.69,301566095700
2026-07-13,444000,-2.95,399862821250
2026-07-14,424500,-4.39,546921514049
2026-07-15,434000,2.24,408310383500
2026-07-16,425000,-2.07,332723835750
2026-07-20,399000,-6.12,363118473500
2026-07-21,399000,0.0,440474860116
2026-07-22,418000,4.76,372819042000
2026-07-23,432000,3.35,307161406500
2026-07-24,401000,-7.18,358668878250
2026-07-27,403000,0.5,226122179000
2026-07-28,364000,-9.68,331413813000
2026-07-29,353500,-2.88,564039948000
2026-07-30,351000,-0.71,339415528500
2026-07-31,388000,10.54,412877822000
2026-08-03,393000,1.29,323886553750
2026-08-04,392500,-0.13,261999005500
2026-08-05,404500,3.06,221508528000
2026-08-06,400000,-1.11,210737373500
2026-08-07,395500,-1.13,163439855000
2026-08-10,408000,3.16,185390113500
2026-08-11,403000,-1.23,132199738500
2026-08-12,409500,1.61,168260166750
2026-08-13,418500,2.2,248558620250
2026-08-14,453000,8.24,537907833750
2026-08-18,435000,-3.97,383667700750
2026-08-19,414000,-4.83,228185152500
2026-08-20,417500,0.85,176085186250
2026-08-21,415000,-0.6,154434939250
2026-08-24,414000,-0.24,144161693000
2026-08-25,421000,1.69,237348090000
2026-08-26,408000,-3.09,395889005000
2026-08-27,398000,-2.45,459988296750
2026-08-28,399500,0.38,175090343250
2026-08-31,403500,1.0,250635247000
2026-09-01,400500,-0.74,153323487000
2026-09-02,378000,-5.62,311340693850
2026-09-03,383500,1.46,178017475000
2026-09-04,383500,0.0,137972816750
2026-09-07,393000,2.48,168525629250
2026-09-08,385000,-2.04,187042032750
2026-09-09,388000,0.78,129425917750
2026-09-10,389000,0.26,232456412000
2026-09-11,382500,-1.67,199787134250
2026-09-14,371500,-2.88,188919609750
2026-09-15,367000,-1.21,106352338500
2026-09-16,362000,-1.36,174198615250
2026-09-17,363000,0.28,135282389750
2026-09-18,365000,0.55,193400941750
2026-09-21,359000,-1.64,165414678000
2026-09-22,360500,0.42,166677834500
2026-09-23,353500,-1.94,195710172750
