date,close,change_pct,trading_value
2015-01-02,618000,-0.800000011920929,14186599800
2015-01-05,610000,-1.2899999618530271,17059980000
2015-01-06,606000,-0.6600000262260437,20746831000
2015-01-07,600000,-0.9900000095367432,17940749000
2015-01-08,613000,2.1700000762939453,30231002000
2015-01-09,607000,-0.9800000190734864,40046613860
2015-01-12,613000,0.9900000095367432,12657123000
2015-01-13,621000,1.309999942779541,25824597000
2015-01-14,615000,-0.9700000286102296,15205734000
2015-01-15,619000,0.6499999761581421,22875239000
2015-01-16,613000,-0.9700000286102296,10957507000
2015-01-19,613000,0.0,9200942000
2015-01-20,615000,0.3300000131130218,13857852000
2015-01-21,599000,-2.5999999046325684,25731473888
2015-01-22,605000,1.0,28598733000
2015-01-23,603000,-0.3300000131130218,26042336000
2015-01-26,598000,-0.8299999833106995,21125802000
2015-01-27,626000,4.679999828338623,52053923000
2015-01-28,676000,7.989999771118164,118300606000
2015-01-29,679000,0.4399999976158142,44725391000
2015-01-30,688000,1.3300000429153442,39930127022
2015-02-02,687000,-0.1500000059604644,26392872000
2015-02-03,693000,0.8700000047683716,24734600792
2015-02-04,680000,-1.8799999952316284,23714031000
2015-02-05,687000,1.0299999713897705,36194167800
2015-02-06,700000,1.8899999856948853,20513235606
2015-02-09,689000,-1.5700000524520874,20703132000
2015-02-10,689000,0.0,18944977000
2015-02-11,680000,-1.309999942779541,27629379000
2015-02-12,683000,0.4399999976158142,16558823000
2015-02-13,699000,2.3399999141693115,31130707022
2015-02-16,682000,-2.430000066757202,20190745000
2015-02-17,682000,0.0,25917073250
2015-02-23,682000,0.0,29830194282
2015-02-24,700000,2.640000104904175,24615833000
2015-02-25,694000,-0.8600000143051147,20956986400
2015-02-26,678000,-2.309999942779541,29012675577
2015-02-27,670000,-1.1799999475479126,21703893000
2015-03-02,649000,-3.130000114440918,37122546000
2015-03-03,653000,0.6200000047683716,25647197176
2015-03-04,645000,-1.2300000190734863,16060355000
2015-03-05,649000,0.6200000047683716,16495866000
2015-03-06,669000,3.0799999237060547,16724326000
2015-03-09,655000,-2.0899999141693115,19394066000
2015-03-10,653000,-0.3100000023841858,22933526000
2015-03-11,655000,0.3100000023841858,25603610000
2015-03-12,681000,3.9700000286102295,52773704250
2015-03-13,675000,-0.8799999952316284,16773003000
2015-03-16,719000,6.519999980926514,73899591000
2015-03-17,758000,5.420000076293945,47845705000
2015-03-18,737000,-2.7699999809265137,39949788000
2015-03-19,752000,2.039999961853028,58922836000
2015-03-20,757000,0.6600000262260437,32146441000
2015-03-23,749000,-1.059999942779541,25375524000
2015-03-24,760000,1.4700000286102295,35870390000
2015-03-25,800000,5.260000228881836,81281100000
2015-03-26,781000,-2.380000114440918,41258584000
2015-03-27,788000,0.8999999761581421,26996764000
2015-03-30,799000,1.399999976158142,20257405000
2015-03-31,841000,5.260000228881836,39618547000
2015-04-01,840000,-0.1199999973177909,54408085020
2015-04-02,801000,-4.639999866485596,67033203000
2015-04-03,790000,-1.3700000047683716,28591627000
2015-04-06,794000,0.5099999904632568,18777941000
2015-04-07,772000,-2.7699999809265137,39807492000
2015-04-08,800000,3.630000114440918,26711799000
2015-04-09,797000,-0.3799999952316284,34086334000
2015-04-10,836000,4.889999866485596,68549936000
2015-04-13,839000,0.3600000143051147,40663862000
2015-04-14,796000,-5.130000114440918,82428408250
2015-04-15,822000,3.2699999809265137,65008993315
2015-04-16,830000,0.9700000286102296,61529982000
2015-04-17,880000,6.019999980926514,114216829000
2015-04-20,894000,1.590000033378601,129632661950
2015-04-21,933000,4.360000133514404,111533831000
2015-04-22,894000,-4.179999828338623,140602831000
2015-04-23,911000,1.899999976158142,72251846000
2015-04-24,897000,-1.5399999618530271,60567997550
2015-04-27,888000,-1.0,46941038000
2015-04-28,871000,-1.909999966621399,55562833000
2015-04-29,847000,-2.759999990463257,121139666000
2015-04-30,788000,-6.96999979019165,147184596000
2015-05-04,823000,4.440000057220459,65306989000
2015-05-06,829000,0.7300000190734863,49577641000
2015-05-07,817000,-1.4500000476837158,48822364000
2015-05-08,805000,-1.4700000286102295,56375621000
2015-05-11,835000,3.7300000190734863,79889719000
2015-05-12,831000,-0.4799999892711639,54075151000
2015-05-13,849000,2.1700000762939453,45885843000
2015-05-14,840000,-1.059999942779541,36353054000
2015-05-15,860000,2.380000114440918,58660992000
2015-05-18,889000,3.369999885559082,83908138000
2015-05-19,882000,-0.7900000214576721,60868089000
2015-05-20,891000,1.0199999809265137,30635344000
2015-05-21,884000,-0.7900000214576721,40880883000
2015-05-22,857000,-3.049999952316284,51598312000
2015-05-26,854000,-0.3499999940395355,45847694000
2015-05-27,819000,-4.099999904632568,103596388000
2015-05-28,831000,1.4700000286102295,55897196000
2015-05-29,808000,-2.7699999809265137,74108563000
2015-06-01,811000,0.3700000047683716,65694038000
2015-06-02,760000,-6.289999961853027,95843934000
2015-06-03,775000,1.9700000286102293,98662621200
2015-06-04,800000,3.2300000190734863,60379563000
2015-06-05,767000,-4.130000114440918,48994676000
2015-06-08,779000,1.559999942779541,72909236300
2015-06-09,791000,1.5399999618530271,36332411000
2015-06-10,750000,-5.179999828338623,90195708360
2015-06-11,726000,-3.200000047683716,81939105000
2015-06-12,721000,-0.6899999976158142,51964117000
2015-06-15,690000,-4.300000190734863,117191118644
2015-06-16,735000,6.519999980926514,84450622000
2015-06-17,736000,0.1400000005960464,62868996000
2015-06-18,769000,4.480000019073486,71974993000
2015-06-19,760000,-1.1699999570846558,47957434000
2015-06-22,750000,-1.3200000524520874,36285338000
2015-06-23,748000,-0.270000010728836,40357787000
2015-06-24,748000,0.0,30329167776
2015-06-25,738000,-1.340000033378601,47641359154
2015-06-26,741000,0.4099999964237213,84222656000
2015-06-29,759000,2.430000066757202,71101875000
2015-06-30,774000,1.9800000190734863,64173676000
2015-07-01,796000,2.8399999141693115,50333175000
2015-07-02,783000,-1.6299999952316284,54364641000
2015-07-03,777000,-0.7699999809265137,31142805099
2015-07-06,737000,-5.150000095367432,38040725000
2015-07-07,710000,-3.660000085830689,84208230000
2015-07-08,707000,-0.4199999868869781,55538150000
2015-07-09,704000,-0.4199999868869781,58984919950
2015-07-10,710000,0.8500000238418579,44541035000
2015-07-13,728000,2.539999961853028,33280571000
2015-07-14,749000,2.880000114440918,36601216000
2015-07-15,731000,-2.400000095367432,29409514000
2015-07-16,729000,-0.270000010728836,32019290000
2015-07-17,729000,0.0,39776686000
2015-07-20,738000,1.2300000190734863,18922911000
2015-07-21,737000,-0.1400000005960464,30784181000
2015-07-22,714000,-3.119999885559082,44111891000
2015-07-23,752000,5.320000171661377,49761192000
2015-07-24,749000,-0.4000000059604645,35049296000
2015-07-27,855000,14.149999618530272,235097423100
2015-07-28,855000,0.0,89958064000
2015-07-29,846000,-1.0499999523162842,59677354000
2015-07-30,852000,0.7099999785423279,54064934000
2015-07-31,857000,0.5899999737739563,54376718000
2015-08-03,861000,0.4699999988079071,40450180000
2015-08-04,858000,-0.3499999940395355,37564446990
2015-08-05,867000,1.0499999523162842,41477766000
2015-08-06,862000,-0.5799999833106995,52545957000
2015-08-07,888000,3.0199999809265137,60697659535
2015-08-10,877000,-1.2400000095367432,41692518000
2015-08-11,829000,-5.46999979019165,87508804000
2015-08-12,802000,-3.259999990463257,92683843000
2015-08-13,823000,2.619999885559082,66441642000
2015-08-17,839000,1.940000057220459,52984907600
2015-08-18,802000,-4.409999847412109,37081537000
2015-08-19,794000,-1.0,54103179000
2015-08-20,780000,-1.7599999904632568,33384381000
2015-08-21,770000,-1.2799999713897705,39666795000
2015-08-24,762000,-1.0399999618530271,36301084000
2015-08-25,756000,-0.7900000214576721,53178723000
2015-08-26,788000,4.230000019073486,68983369000
2015-08-27,836000,6.090000152587891,61919177000
2015-08-28,817000,-2.2699999809265137,39573699000
2015-08-31,802000,-1.840000033378601,30466965000
2015-09-01,770000,-3.990000009536743,45697263000
2015-09-02,783000,1.690000057220459,28883657000
2015-09-03,780000,-0.3799999952316284,31051943000
2015-09-04,765000,-1.919999957084656,32546481000
2015-09-07,749000,-2.0899999141693115,35120724000
2015-09-08,733000,-2.140000104904175,29223529000
2015-09-09,774000,5.590000152587891,67881022000
2015-09-10,803000,3.75,47855771000
2015-09-11,795000,-1.0,24188358000
2015-09-14,797000,0.25,21326689000
2015-09-15,804000,0.8799999952316284,38358326616
2015-09-16,826000,2.740000009536743,29276045000
2015-09-17,821000,-0.6100000143051147,44946615000
2015-09-18,840000,2.309999942779541,53650614000
2015-09-21,823000,-2.0199999809265137,28706966092
2015-09-22,850000,3.2799999713897705,37628705000
2015-09-23,832000,-2.119999885559082,34599807000
2015-09-24,853000,2.5199999809265137,30364689568
2015-09-25,825000,-3.2799999713897705,34692291000
2015-09-30,854000,3.5199999809265137,75897894000
2015-10-01,856000,0.2300000041723251,35400575722
2015-10-02,891000,4.090000152587891,81471259207
2015-10-05,900000,1.0099999904632568,70864950007
2015-10-06,906000,0.6700000166893005,37419769000
2015-10-07,889000,-1.8799999952316284,34345848000
2015-10-08,876000,-1.4600000381469729,39188498000
2015-10-12,890000,1.600000023841858,43615803520
2015-10-13,872000,-2.0199999809265137,51778381000
2015-10-14,870000,-0.2300000041723251,19354637000
2015-10-15,880000,1.149999976158142,22964109000
2015-10-16,899000,2.1600000858306885,24488671000
2015-10-19,895000,-0.4399999976158142,20910809000
2015-10-20,910000,1.6799999475479126,37173426990
2015-10-21,918000,0.8799999952316284,33943964000
2015-10-22,913000,-0.5400000214576721,24443520512
2015-10-23,920000,0.7699999809265137,21549438000
2015-10-26,921000,0.1099999994039535,24332458556
2015-10-27,919000,-0.2199999988079071,21548759000
2015-10-28,921000,0.2199999988079071,68569031000
2015-10-29,934000,1.409999966621399,68501964590
2015-10-30,947000,1.3899999856948853,63728749920
2015-11-02,915000,-3.380000114440918,76447590000
2015-11-03,926000,1.2000000476837158,50946652000
2015-11-04,947000,2.2699999809265137,30066004000
2015-11-05,914000,-3.4800000190734863,33120372000
2015-11-06,917000,0.3300000131130218,23559259000
2015-11-09,906000,-1.2000000476837158,20087216000
2015-11-10,885000,-2.319999933242798,21824509842
2015-11-11,886000,0.1099999994039535,12709422000
2015-11-12,879000,-0.7900000214576721,8928626000
2015-11-13,897000,2.049999952316284,28260899000
2015-11-16,923000,2.900000095367432,44263198000
2015-11-17,950000,2.930000066757202,55178228000
2015-11-18,956000,0.6299999952316284,30646757000
2015-11-19,986000,3.140000104904175,43110773000
2015-11-20,979000,-0.7099999785423279,33769524000
2015-11-23,1025000,4.699999809265137,52695329000
2015-11-24,1024000,-0.1000000014901161,36219578000
2015-11-25,1018000,-0.5899999737739563,35048394000
2015-11-26,1030000,1.1799999475479126,17027007000
2015-11-27,1026000,-0.3899999856948852,55523870000
2015-11-30,1008000,-1.75,50957874000
2015-12-01,1028000,1.9800000190734863,48974749320
2015-12-02,1037000,0.8799999952316284,30955614716
2015-12-03,998000,-3.759999990463257,47027187000
2015-12-04,989000,-0.8999999761581421,46214279795
2015-12-07,1001000,1.2100000381469729,19556178000
2015-12-08,1000000,-0.1000000014901161,22766083712
2015-12-09,1000000,0.0,19241353000
2015-12-10,1011000,1.100000023841858,19679581000
2015-12-11,1003000,-0.7900000214576721,20467351000
2015-12-14,986000,-1.690000057220459,30237000000
2015-12-15,1015000,2.940000057220459,40879255000
2015-12-16,1025000,0.9900000095367432,35047448000
2015-12-17,1035000,0.9800000190734864,31796630000
2015-12-18,1036000,0.1000000014901161,13975223000
2015-12-21,1020000,-1.5399999618530271,19468219000
2015-12-22,1035000,1.4700000286102295,22293946000
2015-12-23,1035000,0.0,19149017000
2015-12-24,1034000,-0.1000000014901161,28297157000
2015-12-28,1031000,-0.2899999916553497,16599644000
2015-12-29,1057000,2.5199999809265137,20376428000
2015-12-30,1050000,-0.6600000262260437,29847845000
2016-01-04,1015000,-3.33,24898379000
2016-01-05,1006000,-0.89,44733930000
2016-01-06,1012000,0.6,39697662000
2016-01-07,1002000,-0.99,41795539000
2016-01-08,1005000,0.3,31355310000
2016-01-11,991000,-1.39,25415137000
2016-01-12,982000,-0.91,46275202000
2016-01-13,998000,1.63,33081910000
2016-01-14,982000,-1.6,49196035000
2016-01-15,979000,-0.31,36653723000
2016-01-18,975000,-0.41,33987813453
2016-01-19,966000,-0.92,25524256000
2016-01-20,974000,0.83,45415428690
2016-01-21,931000,-4.41,61053668000
2016-01-22,950000,2.04,37597123000
2016-01-25,986000,3.79,29139943000
2016-01-26,965000,-2.13,25613809000
2016-01-27,990000,2.59,56657903312
2016-01-28,1001000,1.11,38051835380
2016-01-29,991000,-1.0,40042911000
2016-02-01,1027000,3.63,51464428000
2016-02-02,975000,-5.06,66728083830
2016-02-03,983000,0.82,57651732000
2016-02-04,971000,-1.22,27975799000
2016-02-05,967000,-0.41,26438166000
2016-02-11,925000,-4.34,65123126900
2016-02-12,867000,-6.27,99172987128
2016-02-15,863000,-0.46,72238827400
2016-02-16,861000,-0.23,44148633000
2016-02-17,814000,-5.46,83666449810
2016-02-18,873000,7.25,111202373200
2016-02-19,860000,-1.49,66846704000
2016-02-22,887000,3.14,37431061000
2016-02-23,850000,-4.17,81420746000
2016-02-24,830000,-2.35,60193393000
2016-02-25,853000,2.77,61009838000
2016-02-26,865000,1.41,42822934992
2016-02-29,868000,0.35,36541392000
2016-03-02,899000,3.57,52435159000
2016-03-03,880000,-2.11,39459049000
2016-03-04,883000,0.34,32592412000
2016-03-07,852000,-3.51,42933606000
2016-03-08,828000,-2.82,60188066000
2016-03-09,846000,2.17,57084017000
2016-03-10,853000,0.83,42788169276
2016-03-11,840000,-1.52,30854661000
2016-03-14,886000,5.48,70971820000
2016-03-15,911000,2.82,92134422000
2016-03-16,937000,2.85,52420945000
2016-03-17,930000,-0.75,46870482000
2016-03-18,922000,-0.86,33232361000
2016-03-21,921000,-0.11,24711014000
2016-03-22,904000,-1.85,42586225000
2016-03-23,909000,0.55,30357905000
2016-03-24,955000,5.06,48864955000
2016-03-25,951000,-0.42,37983808000
2016-03-28,961000,1.05,18133714000
2016-03-29,948000,-1.35,38810091000
2016-03-30,940000,-0.84,33605947274
2016-03-31,945000,0.53,42099673768
2016-04-01,971000,2.75,42113529238
2016-04-04,1008000,3.81,61181350000
2016-04-05,987000,-2.08,41678484000
2016-04-06,1002000,1.52,46757597000
2016-04-07,1000000,-0.2,30061933000
2016-04-08,1019000,1.9,36667636000
2016-04-11,979000,-3.93,53618107650
2016-04-12,979000,0.0,35042518448
2016-04-14,969000,-1.02,55189627800
2016-04-15,978000,0.93,37152616200
2016-04-18,996000,1.84,41333795000
2016-04-19,993000,-0.3,25221992016
2016-04-20,979000,-1.41,29029904755
2016-04-21,1015000,3.68,36948441906
2016-04-22,1008000,-0.69,20617847000
2016-04-25,1019000,1.09,46545598000
2016-04-26,1004000,-1.47,34219710000
2016-04-27,1018000,1.39,70800879239
2016-04-28,998000,-1.96,56183698128
2016-04-29,1007000,0.9,36103292001
2016-05-02,1037000,2.98,36562730835
2016-05-03,1026000,-1.06,30353618790
2016-05-04,1034000,0.78,42344292000
2016-05-09,1047000,1.26,57370475000
2016-05-10,1050000,0.29,29734290000
2016-05-11,1028000,-2.1,34285961000
2016-05-12,1045000,1.65,22654325000
2016-05-13,1050000,0.48,30536708000
2016-05-16,1045000,-0.48,21199078000
2016-05-17,1050000,0.48,17979342000
2016-05-18,1024000,-2.48,31085394000
2016-05-19,1022000,-0.2,28545480000
2016-05-20,1025000,0.29,15392077000
2016-05-23,1014000,-1.07,17946225000
2016-05-24,1001000,-1.28,27370309704
2016-05-25,1027000,2.6,30381273000
2016-05-26,1009000,-1.75,23246831000
2016-05-27,1024000,1.49,14523602000
2016-05-30,1029000,0.49,21672432000
2016-05-31,1056000,2.62,65688073240
2016-06-01,1057000,0.09,32704292976
2016-06-02,1082000,2.37,41794086000
2016-06-03,1084000,0.18,24981949875
2016-06-07,1088000,0.37,26829498000
2016-06-08,1100000,1.1,37225451880
2016-06-09,1102000,0.18,39540745498
2016-06-10,1067000,-3.18,41069559000
2016-06-13,1056000,-1.03,30171720000
2016-06-14,1072000,1.52,34736794000
2016-06-15,1055000,-1.59,26972974000
2016-06-16,1061000,0.57,19769514000
2016-06-17,1039000,-2.07,25465884000
2016-06-20,1055000,1.54,13385996000
2016-06-21,1085000,2.84,22525384000
2016-06-22,1081000,-0.37,25557809000
2016-06-23,1090000,0.83,19944372684
2016-06-24,1064000,-2.39,33922568000
2016-06-27,1074000,0.94,24262634000
2016-06-28,1080000,0.56,24205048000
2016-06-29,1112000,2.96,41074446000
2016-06-30,1117000,0.45,52406771280
2016-07-01,1126000,0.81,21821522000
2016-07-04,1150000,2.13,28290932000
2016-07-05,1154000,0.35,30361622000
2016-07-06,1156000,0.17,28309262000
2016-07-07,1181000,2.16,21875495537
2016-07-08,1128000,-4.49,108391863000
2016-07-11,1088000,-3.55,118323176000
2016-07-12,1115000,2.48,55521447000
2016-07-13,1095000,-1.79,49134991000
2016-07-14,1120000,2.28,43891134320
2016-07-15,1120000,0.0,40126836000
2016-07-18,1145000,2.23,29611024000
2016-07-19,1146000,0.09,46064456000
2016-07-20,1136000,-0.87,24020063000
2016-07-21,1113000,-2.02,30423365000
2016-07-22,1112000,-0.09,26707573000
2016-07-25,1089000,-2.07,42706428000
2016-07-26,1092000,0.28,43966382000
2016-07-27,1003000,-8.15,207767833320
2016-07-28,1010000,0.7,166792717000
2016-07-29,1008000,-0.2,98070276069
2016-08-01,947000,-6.05,143033151000
2016-08-02,955000,0.84,67895787000
2016-08-03,960000,0.52,59945965813
2016-08-04,963000,0.31,35955186000
2016-08-05,920000,-4.47,98542386500
2016-08-08,952000,3.48,121021609000
2016-08-09,946000,-0.63,52529190000
2016-08-10,977000,3.28,53394742878
2016-08-11,983000,0.61,40445892400
2016-08-12,990000,0.71,47715815000
2016-08-16,976000,-1.41,38347197000
2016-08-17,969000,-0.72,29846186000
2016-08-18,938000,-3.2,49916801000
2016-08-19,941000,0.32,61334216290
2016-08-22,928000,-1.38,35421539000
2016-08-23,988000,6.47,97664309000
2016-08-24,965000,-2.33,69487616000
2016-08-25,928000,-3.83,102834093352
2016-08-26,946000,1.94,72521453257
2016-08-29,954000,0.85,41560536000
2016-08-30,944000,-1.05,44033621000
2016-08-31,951000,0.74,42741273000
2016-09-01,979000,2.94,61055892000
2016-09-02,995000,1.63,65936874000
2016-09-05,991000,-0.4,55099093000
2016-09-06,985000,-0.61,31121463000
2016-09-07,972000,-1.32,45514615700
2016-09-08,986000,1.44,36777987650
2016-09-09,979000,-0.71,42925958896
2016-09-12,982000,0.31,35889951755
2016-09-13,973000,-0.92,51467067000
2016-09-19,970000,-0.31,60637518000
2016-09-20,973000,0.31,42255036000
2016-09-21,980000,0.72,27133745000
2016-09-22,997000,1.73,50415502000
2016-09-23,1004000,0.7,31998180000
2016-09-26,1007000,0.3,26400109000
2016-09-27,1008000,0.1,30734896000
2016-09-28,994000,-1.39,17658482000
2016-09-29,950000,-4.43,85098406000
2016-09-30,955000,0.53,48154150000
2016-10-04,973000,1.88,35828958000
2016-10-05,937000,-3.7,76001604000
2016-10-06,942000,0.53,52700350280
2016-10-07,891000,-5.41,88644240128
2016-10-10,900000,1.01,48207696000
2016-10-11,903000,0.33,56424251000
2016-10-12,912000,1.0,44316044600
2016-10-13,924000,1.32,43264367745
2016-10-14,916000,-0.87,44713589760
2016-10-17,912000,-0.44,35763980000
2016-10-18,903000,-0.99,32475248000
2016-10-19,904000,0.11,32184269092
2016-10-20,906000,0.22,20608789480
2016-10-21,903000,-0.33,13841148000
2016-10-24,923000,2.21,39486395186
2016-10-25,846000,-8.34,202331553922
2016-10-26,846000,0.0,170472755824
2016-10-27,858000,1.42,121218874328
2016-10-28,858000,0.0,73196039570
2016-10-31,820000,-4.43,48376349000
2016-11-01,844000,2.93,57558871000
2016-11-02,820000,-2.84,40478200000
2016-11-03,852000,3.9,46244352000
2016-11-04,866000,1.64,47120465000
2016-11-07,842000,-2.77,36012622000
2016-11-08,858000,1.9,23719762000
2016-11-09,868000,1.17,44836370000
2016-11-10,888000,2.3,33038524000
2016-11-11,855000,-3.72,33820793000
2016-11-14,839000,-1.87,32544196680
2016-11-15,832000,-0.83,39168586730
2016-11-16,829000,-0.36,24777572000
2016-11-17,826000,-0.36,19048553000
2016-11-18,807000,-2.3,56666551249
2016-11-21,782000,-3.1,89765018640
2016-11-22,760000,-2.81,116890082330
2016-11-23,764000,0.53,67169156000
2016-11-24,741000,-3.01,57216226248
2016-11-25,770000,3.91,111807878000
2016-11-28,784000,1.82,39991339936
2016-11-29,812000,3.57,66635609960
2016-11-30,787000,-3.08,44412473000
2016-12-01,800000,1.65,33723515000
2016-12-02,802000,0.25,36656897000
2016-12-05,801000,-0.12,30707241000
2016-12-06,812000,1.37,48105450000
2016-12-07,812000,0.0,33553610000
2016-12-08,838000,3.2,36001211000
2016-12-09,846000,0.95,58060005050
2016-12-12,851000,0.59,34629484000
2016-12-13,846000,-0.59,33857818596
2016-12-14,866000,2.36,33988088000
2016-12-15,880000,1.62,37402883000
2016-12-16,869000,-1.25,41914724000
2016-12-19,863000,-0.69,30309387000
2016-12-20,851000,-1.39,15649068000
2016-12-21,838000,-1.53,20738267000
2016-12-22,839000,0.12,15595421000
2016-12-23,848000,1.07,15866309000
2016-12-26,858000,1.18,9532618000
2016-12-27,854000,-0.47,11253738000
2016-12-28,851000,-0.35,18729447000
2016-12-29,857000,0.71,17763461000
2017-01-02,817000,-4.67,32603884000
2017-01-03,836000,2.33,27159712000
2017-01-04,851000,1.79,17966974000
2017-01-05,838000,-1.53,33440953000
2017-01-06,850000,1.43,19557875000
2017-01-09,850000,0.0,28204073500
2017-01-10,848000,-0.24,21901934842
2017-01-11,840000,-0.94,31654682709
2017-01-12,845000,0.6,33072284000
2017-01-13,854000,1.07,56596886000
2017-01-16,873000,2.22,28374310000
2017-01-17,873000,0.0,22744532163
2017-01-18,857000,-1.83,18527499000
2017-01-19,876000,2.22,20862618000
2017-01-20,875000,-0.11,13322099000
2017-01-23,846000,-3.31,38902087485
2017-01-24,863000,2.01,39479026187
2017-01-25,874000,1.27,43209142500
2017-01-26,859000,-1.72,26365738000
2017-01-31,879000,2.33,52881941588
2017-02-01,862000,-1.93,39224883000
2017-02-02,833000,-3.36,67629878000
2017-02-03,855000,2.64,44984887000
2017-02-06,870000,1.75,24770784000
2017-02-07,873000,0.34,14715199000
2017-02-08,845000,-3.21,41103638000
2017-02-09,827000,-2.13,51329422000
2017-02-10,828000,0.12,30733663000
2017-02-13,820000,-0.97,40029585460
2017-02-14,827000,0.85,24726162000
2017-02-15,844000,2.06,22850904000
2017-02-16,834000,-1.18,23185378000
2017-02-17,850000,1.92,25153533000
2017-02-20,849000,-0.12,13220569000
2017-02-21,849000,0.0,16576029000
2017-02-22,839000,-1.18,22638665000
2017-02-23,835000,-0.48,31800689760
2017-02-24,868000,3.95,53138548000
2017-02-27,878000,1.15,32357429000
2017-02-28,878000,0.0,33721645000
2017-03-02,864000,-1.59,44745615000
2017-03-03,793000,-8.22,104152622000
2017-03-06,782000,-1.39,70511912638
2017-03-07,789000,0.9,62978794996
2017-03-08,785000,-0.51,30441421000
2017-03-09,808000,2.93,38226240000
2017-03-10,800000,-0.99,67105579728
2017-03-13,821000,2.63,43537454752
2017-03-14,844000,2.8,53957206808
2017-03-15,851000,0.83,40860324240
2017-03-16,820000,-3.64,42433273664
2017-03-17,836000,1.95,19861489000
2017-03-20,812000,-2.87,36993930095
2017-03-21,819000,0.86,18923074000
2017-03-22,805000,-1.71,30336532000
2017-03-23,817000,1.49,21003485000
2017-03-24,821000,0.49,35935516000
2017-03-27,816000,-0.61,13734184000
2017-03-28,821000,0.61,20554898700
2017-03-29,825000,0.49,13851421000
2017-03-30,823000,-0.24,17442723000
2017-03-31,811000,-1.46,26482034000
2017-04-03,819000,0.99,24784634000
2017-04-04,812000,-0.85,26676943000
2017-04-05,794000,-2.22,49711127500
2017-04-06,794000,0.0,23776820000
2017-04-07,785000,-1.13,39235527312
2017-04-10,784000,-0.13,22871979083
2017-04-11,778000,-0.77,12667166000
2017-04-12,776000,-0.26,20059258000
2017-04-13,783000,0.9,14973315000
2017-04-14,784000,0.13,7998291000
2017-04-17,819000,4.46,36795242000
2017-04-18,813000,-0.73,23600465000
2017-04-19,827000,1.72,35378729460
2017-04-20,851000,2.9,53854327000
2017-04-21,881000,3.53,60436948000
2017-04-24,875000,-0.68,33482146000
2017-04-25,856000,-2.17,40507205000
2017-04-26,854000,-0.23,22110370000
2017-04-27,845000,-1.05,15630876000
2017-04-28,866000,2.49,46170856000
2017-05-02,850000,-1.85,37812147000
2017-05-04,916000,7.76,68963420000
2017-05-08,946000,3.28,68895370000
2017-05-10,962000,1.69,66720705000
2017-05-11,990000,2.91,62705261740
2017-05-12,958000,-3.23,43515363000
2017-05-15,972000,1.46,27421290000
2017-05-16,976000,0.41,17536833000
2017-05-17,1000000,2.46,39910441000
2017-05-18,978000,-2.2,49355858672
2017-05-19,999000,2.15,22055690000
2017-05-22,985000,-1.4,22421641000
2017-05-23,982000,-0.3,30412092000
2017-05-24,988000,0.61,26881626000
2017-05-25,990000,0.2,29145805000
2017-05-26,995000,0.51,18493285000
2017-05-29,997000,0.2,15938832000
2017-05-30,991000,-0.6,20710705000
2017-05-31,983000,-0.81,43169410000
2017-06-01,995000,1.22,24238452000
2017-06-02,1002000,0.7,23572477000
2017-06-05,995000,-0.7,15441576000
2017-06-07,989000,-0.6,27910128000
2017-06-08,996000,0.71,29526157000
2017-06-09,971000,-2.51,36422712000
2017-06-12,967000,-0.41,29830654000
2017-06-13,965000,-0.21,20940458000
2017-06-14,980000,1.55,28353932000
2017-06-15,976000,-0.41,21221618000
2017-06-16,982000,0.61,16972313000
2017-06-19,964000,-1.83,39794507000
2017-06-20,977000,1.35,29232903000
2017-06-21,978000,0.1,25879551430
2017-06-22,987000,0.92,26889483000
2017-06-23,992000,0.51,35714880000
2017-06-26,975000,-1.71,15172033000
2017-06-27,994000,1.95,25689584000
2017-06-28,1007000,1.31,35380919500
2017-06-29,982000,-2.48,66467858276
2017-06-30,994000,1.22,31341171000
2017-07-03,990000,-0.4,16106212000
2017-07-04,982000,-0.81,20902966000
2017-07-05,972000,-1.02,21500050000
2017-07-06,957000,-1.54,22819288000
2017-07-07,948000,-0.94,30314064000
2017-07-10,918000,-3.16,33223970000
2017-07-11,916000,-0.22,37874344500
2017-07-12,917000,0.11,25899508644
2017-07-13,920000,0.33,29404238000
2017-07-14,924000,0.43,11919494000
2017-07-17,936000,1.3,16753088000
2017-07-18,945000,0.96,25077769000
2017-07-19,962000,1.8,16013655000
2017-07-20,939000,-2.39,47789398000
2017-07-21,935000,-0.43,19755557000
2017-07-24,938000,0.32,25092099138
2017-07-25,962000,2.56,93776361000
2017-07-26,994000,3.33,59757966142
2017-07-27,999000,0.5,30932569000
2017-07-28,1001000,0.2,39485184000
2017-07-31,991000,-1.0,29729131000
2017-08-01,982000,-0.91,28686734000
2017-08-02,983000,0.1,24382595500
2017-08-03,985000,0.2,34892893823
2017-08-04,970000,-1.52,14759418000
2017-08-07,970000,0.0,13409577000
2017-08-08,969000,-0.1,24787939900
2017-08-09,963000,-0.62,25146237000
2017-08-10,980000,1.77,39009328000
2017-08-11,976000,-0.41,28604184000
2017-08-14,969000,-0.72,10566822000
2017-08-16,975000,0.62,31248479000
2017-08-17,982000,0.72,19127137000
2017-08-18,977000,-0.51,10937101000
2017-08-21,962000,-1.54,8087081000
2017-08-22,963000,0.1,9325598000
2017-08-23,952000,-1.14,13077954000
2017-08-24,984000,3.36,23121339000
2017-08-25,956000,-2.85,23939009000
2017-08-28,960000,0.42,9224952000
2017-08-29,957000,-0.31,13144400000
2017-08-30,954000,-0.31,14002449000
2017-08-31,960000,0.63,17997715500
2017-09-01,953000,-0.73,14930926000
2017-09-04,940000,-1.36,13412413000
2017-09-05,928000,-1.28,19593586000
2017-09-06,927000,-0.11,19182040764
2017-09-07,928000,0.11,13233220900
2017-09-08,906000,-2.37,29454969000
2017-09-11,908000,0.22,13331251000
2017-09-12,901000,-0.77,23970016000
2017-09-13,887000,-1.55,36732413660
2017-09-14,919000,3.61,30239421000
2017-09-15,909000,-1.09,29094314000
2017-09-18,904000,-0.55,23690587000
2017-09-19,918000,1.55,29685774894
2017-09-20,898000,-2.18,23211063000
2017-09-21,896000,-0.22,18401177000
2017-09-22,851000,-5.02,53067623000
2017-09-25,851000,0.0,36027212000
2017-09-26,853000,0.24,31066037000
2017-09-27,869000,1.88,33098595278
2017-09-28,892000,2.65,67624439997
2017-09-29,936000,4.93,59626800000
2017-10-10,963000,2.88,63202829000
2017-10-11,955000,-0.83,49440534500
2017-10-12,975000,2.09,26864123000
2017-10-13,1019000,4.51,67389144000
2017-10-16,1042000,2.26,66615336000
2017-10-17,1050000,0.77,59123631000
2017-10-18,1063000,1.24,62289975000
2017-10-19,1071000,0.75,33656073000
2017-10-20,1049000,-2.05,32934545000
2017-10-23,1062000,1.24,22274198000
2017-10-24,1131000,6.5,70928084000
2017-10-25,1126000,-0.44,69149896020
2017-10-26,1193000,5.95,89350876000
2017-10-27,1175000,-1.51,70244246000
2017-10-30,1166000,-0.77,66580040000
2017-10-31,1177000,0.94,65270950089
2017-11-01,1161000,-1.36,41808205000
2017-11-02,1149000,-1.03,34967599000
2017-11-03,1185000,3.13,35995162000
2017-11-06,1217000,2.7,54473908000
2017-11-07,1206000,-0.9,31205420000
2017-11-08,1246000,3.32,56548241000
2017-11-09,1250000,0.32,60823241000
2017-11-10,1220000,-2.4,45054367000
2017-11-13,1235000,1.23,44489603000
2017-11-14,1210000,-2.02,55074539000
2017-11-15,1218000,0.66,38063257500
2017-11-16,1209000,-0.74,27627530000
2017-11-17,1212000,0.25,22168859000
2017-11-20,1238000,2.15,37815211000
2017-11-21,1228000,-0.81,22961218670
2017-11-22,1195000,-2.69,32517479000
2017-11-23,1191000,-0.33,24569267000
2017-11-24,1169000,-1.85,37014880500
2017-11-27,1177000,0.68,41243306000
2017-11-28,1221000,3.74,52933167400
2017-11-29,1216000,-0.41,23269029000
2017-11-30,1173000,-3.54,61999090000
2017-12-01,1209000,3.07,32555925000
2017-12-04,1234000,2.07,47087516000
2017-12-05,1226000,-0.65,29884223926
2017-12-06,1227000,0.08,22335334000
2017-12-07,1180000,-3.83,37432402850
2017-12-08,1188000,0.68,42585340125
2017-12-11,1188000,0.0,30010256038
2017-12-12,1154000,-2.86,37891613000
2017-12-13,1183000,2.51,36742195000
2017-12-14,1202000,1.61,70706930000
2017-12-15,1185000,-1.41,40853352000
2017-12-18,1214000,2.45,23255978000
2017-12-19,1198000,-1.32,24721203000
2017-12-20,1198000,0.0,34968855000
2017-12-21,1187000,-0.92,28234699000
2017-12-22,1178000,-0.76,23079838000
2017-12-26,1182000,0.34,24038859000
2017-12-27,1174000,-0.68,15689643000
2017-12-28,1189000,1.28,17947575260
2018-01-02,1200000,0.93,17583952000
2018-01-03,1188000,-1.0,19102967000
2018-01-04,1167000,-1.77,29066381000
2018-01-05,1158000,-0.77,27110488500
2018-01-08,1164000,0.52,20428869000
2018-01-09,1148000,-1.37,45348370000
2018-01-10,1222000,6.45,64187609000
2018-01-11,1250000,2.29,57386430000
2018-01-12,1214000,-2.88,24093282000
2018-01-15,1240000,2.14,25189517000
2018-01-16,1233000,-0.56,23083118000
2018-01-17,1233000,0.0,23122058000
2018-01-18,1222000,-0.89,16546403000
2018-01-19,1244000,1.8,27494465000
2018-01-22,1228000,-1.29,32164222000
2018-01-23,1202000,-2.12,68530974000
2018-01-24,1150000,-4.33,160590462000
2018-01-25,1174000,2.09,70489859000
2018-01-26,1174000,0.0,36663911000
2018-01-29,1170000,-0.34,45984295000
2018-01-30,1161000,-0.77,40814534000
2018-01-31,1177000,1.38,45793018000
2018-02-01,1188000,0.93,44599747000
2018-02-02,1160000,-2.36,60013315000
2018-02-05,1142000,-1.55,32895990500
2018-02-06,1106000,-3.15,39861632000
2018-02-07,1064000,-3.8,41541461000
2018-02-08,1090000,2.44,49612538000
2018-02-09,1076000,-1.28,23531780000
2018-02-12,1062000,-1.3,25315616000
2018-02-13,1053000,-0.85,23081913000
2018-02-14,1064000,1.04,24185307000
2018-02-19,1088000,2.26,25775657000
2018-02-20,1087000,-0.09,14794735000
2018-02-21,1088000,0.09,19734114100
2018-02-22,1080000,-0.74,26902465000
2018-02-23,1110000,2.78,32100628000
2018-02-26,1110000,0.0,22702798000
2018-02-27,1111000,0.09,18027826000
2018-02-28,1100000,-0.99,26655322000
2018-03-02,1095000,-0.45,26536477000
2018-03-05,1092000,-0.27,25903682000
2018-03-06,1070000,-2.01,32193347000
2018-03-07,1080000,0.93,30941158636
2018-03-08,1124000,4.07,62367705422
2018-03-09,1154000,2.67,58674969000
2018-03-12,1164000,0.87,65731107000
2018-03-13,1169000,0.43,40259280000
2018-03-14,1135000,-2.91,24255198000
2018-03-15,1153000,1.59,24077582000
2018-03-16,1152000,-0.09,21020454000
2018-03-19,1149000,-0.26,19595553000
2018-03-20,1153000,0.35,35377229000
2018-03-21,1150000,-0.26,22514275000
2018-03-22,1139000,-0.96,45134344000
2018-03-23,1120000,-1.67,40350854740
2018-03-26,1140000,1.79,25392484000
2018-03-27,1163000,2.02,43906624000
2018-03-28,1180000,1.46,34864088000
2018-03-29,1192000,1.02,28749544000
2018-03-30,1208000,1.34,27837159000
2018-04-02,1251000,3.56,35611656000
2018-04-03,1274000,1.84,70972998000
2018-04-04,1263000,-0.86,37303379000
2018-04-05,1282000,1.5,41820363000
2018-04-06,1255000,-2.11,32467586000
2018-04-09,1264000,0.72,31657311000
2018-04-10,1305000,3.24,45627864000
2018-04-11,1266000,-2.99,29823189802
2018-04-12,1249000,-1.34,27090013664
2018-04-13,1276000,2.16,30908854340
2018-04-16,1277000,0.08,26154773000
2018-04-17,1306000,2.27,38554122000
2018-04-18,1300000,-0.46,38567645000
2018-04-19,1276000,-1.85,26162330000
2018-04-20,1278000,0.16,24200375000
2018-04-23,1267000,-0.86,26209134000
2018-04-24,1267000,0.0,48981297000
2018-04-25,1223000,-3.47,43453233000
2018-04-26,1256000,2.7,55997222500
2018-04-27,1297000,3.26,51809677000
2018-04-30,1370000,5.63,57433033000
2018-05-02,1390000,1.46,49651018000
2018-05-03,1312000,-5.61,30374814000
2018-05-04,1304000,-0.61,32498392000
2018-05-08,1293000,-0.84,31977721000
2018-05-09,1331000,2.94,31176243000
2018-05-10,1309000,-1.65,32377729086
2018-05-11,1313000,0.31,18714990000
2018-05-14,1290000,-1.75,36477503000
2018-05-15,1277000,-1.01,25424429000
2018-05-16,1287000,0.78,19349124000
2018-05-17,1269000,-1.4,26333784000
2018-05-18,1268000,-0.08,16535232000
2018-05-21,1264000,-0.32,13816759000
2018-05-23,1246000,-1.42,32697515000
2018-05-24,1310000,5.14,35840941727
2018-05-25,1320000,0.76,38177177200
2018-05-28,1328000,0.61,29402324000
2018-05-29,1337000,0.68,24158459000
2018-05-30,1338000,0.07,53868194000
2018-05-31,1343000,0.37,67950777000
2018-06-01,1385000,3.13,27358279000
2018-06-04,1362000,-1.66,31796983000
2018-06-05,1381000,1.4,36895409546
2018-06-07,1420000,2.82,36370740912
2018-06-08,1392000,-1.97,23270582000
2018-06-11,1398000,0.43,28843143786
2018-06-12,1437000,2.79,46161023000
2018-06-14,1441000,0.28,48750313632
2018-06-15,1423000,-1.25,44998877000
2018-06-18,1436000,0.91,33519761184
2018-06-19,1409000,-1.88,40602940000
2018-06-20,1479000,4.97,49207850000
2018-06-21,1449000,-2.03,34588713000
2018-06-22,1480000,2.14,28009677000
2018-06-25,1455000,-1.69,36532803000
2018-06-26,1452000,-0.21,28737651000
2018-06-27,1433000,-1.31,32476353000
2018-06-28,1424000,-0.63,59458818749
2018-06-29,1396000,-1.97,45282442000
2018-07-02,1398000,0.14,35989074000
2018-07-03,1335000,-4.51,114299498000
2018-07-04,1328000,-0.52,59531534000
2018-07-05,1354000,1.96,50915067358
2018-07-06,1350000,-0.3,30274135000
2018-07-09,1341000,-0.67,32162130000
2018-07-10,1287000,-4.03,60540947000
2018-07-11,1300000,1.01,49530249875
2018-07-12,1343000,3.31,60644256053
2018-07-13,1387000,3.28,44387135000
2018-07-16,1397000,0.72,37842386400
2018-07-17,1353000,-3.15,36820798000
2018-07-18,1335000,-1.33,35945367358
2018-07-19,1284000,-3.82,54879935000
2018-07-20,1271000,-1.01,43411278000
2018-07-23,1273000,0.16,43972445074
2018-07-24,1331000,4.56,58288617500
2018-07-25,1257000,-5.56,100043963162
2018-07-26,1239000,-1.43,46207584000
2018-07-27,1261000,1.78,62231659000
2018-07-30,1237000,-1.9,34868840000
2018-07-31,1210000,-2.18,61272572000
2018-08-01,1262000,4.3,62838239000
2018-08-02,1253000,-0.71,33660888000
2018-08-03,1272000,1.52,31722669776
2018-08-06,1256000,-1.26,28187928986
2018-08-07,1240000,-1.27,29468782000
2018-08-08,1214000,-2.1,43035156000
2018-08-09,1220000,0.49,37818441000
2018-08-10,1202000,-1.48,31958551000
2018-08-13,1191000,-0.92,38631372000
2018-08-14,1185000,-0.5,27565638000
2018-08-16,1188000,0.25,61796518625
2018-08-17,1180000,-0.67,39357577000
2018-08-20,1146000,-2.88,47705123000
2018-08-21,1188000,3.66,52141574500
2018-08-22,1190000,0.17,21222427000
2018-08-23,1252000,5.21,68527052000
2018-08-24,1256000,0.32,34459301000
2018-08-27,1280000,1.91,43651329000
2018-08-28,1245000,-2.73,49356235000
2018-08-29,1247000,0.16,54258637796
2018-08-30,1263000,1.28,29069546000
2018-08-31,1265000,0.16,72036270854
2018-09-03,1254000,-0.87,31657286257
2018-09-04,1259000,0.4,16339006000
2018-09-05,1254000,-0.4,26841483000
2018-09-06,1236000,-1.44,24506817000
2018-09-07,1226000,-0.81,41564564000
2018-09-10,1200000,-2.12,37971332000
2018-09-11,1196000,-0.33,37947231000
2018-09-12,1201000,0.42,34250915000
2018-09-13,1182000,-1.58,53754727000
2018-09-14,1243000,5.16,43141406000
2018-09-17,1224000,-1.53,21670643000
2018-09-18,1254000,2.45,33048522000
2018-09-19,1242000,-0.96,25067939700
2018-09-20,1221000,-1.69,25026704000
2018-09-21,1218000,-0.25,40258593000
2018-09-27,1278000,4.93,60613445000
2018-09-28,1276000,-0.16,34328547991
2018-10-01,1316000,3.13,59096319000
2018-10-02,1297000,-1.44,31272914000
2018-10-04,1197000,-7.71,80305435700
2018-10-05,1191000,-0.5,86860888000
2018-10-08,1190000,-0.08,31464370000
2018-10-10,1140000,-4.2,44010429000
2018-10-11,1047000,-8.16,90815753000
2018-10-12,1112000,6.21,73681827000
2018-10-15,1077000,-3.15,41244818800
2018-10-16,1089000,1.11,34237102300
2018-10-17,1094000,0.46,25865851000
2018-10-18,1081000,-1.19,27290268000
2018-10-19,1077000,-0.37,38164618000
2018-10-22,1114000,3.44,35288985000
2018-10-23,1087000,-2.42,50303223000
2018-10-24,1095000,0.74,37207594000
2018-10-25,1140000,4.11,81711015000
2018-10-26,1105000,-3.07,60866043000
2018-10-29,1046000,-5.34,48536413106
2018-10-30,1058000,1.15,66818874000
2018-10-31,1044000,-1.32,45469097000
2018-11-01,1135000,8.72,71735092170
2018-11-02,1160000,2.2,55665649000
2018-11-05,1129000,-2.67,28589784000
2018-11-06,1166000,3.28,33853210500
2018-11-07,1159000,-0.6,35793723000
2018-11-08,1166000,0.6,69622673502
2018-11-09,1110000,-4.8,86465768000
2018-11-12,1094000,-1.44,61338913500
2018-11-13,1070000,-2.19,149282918000
2018-11-14,1080000,0.93,36726206000
2018-11-15,1163000,7.69,63137963000
2018-11-16,1151000,-1.03,32376908000
2018-11-19,1174000,2.0,38039283000
2018-11-20,1156000,-1.53,35432930000
2018-11-21,1156000,0.0,46120539000
2018-11-22,1169000,1.12,41026473000
2018-11-23,1141000,-2.4,20356996000
2018-11-26,1145000,0.35,30204149000
2018-11-27,1160000,1.31,99220453500
2018-11-28,1172000,1.03,21714535000
2018-11-29,1170000,-0.17,40301112320
2018-11-30,1160000,-0.85,46200373000
2018-12-03,1200000,3.45,42664206000
2018-12-04,1190000,-0.83,45126027000
2018-12-05,1189000,-0.08,32352280000
2018-12-06,1160000,-2.44,55863144000
2018-12-07,1139000,-1.81,30890893000
2018-12-10,1162000,2.02,28569858000
2018-12-11,1151000,-0.95,36891020000
2018-12-12,1148000,-0.26,44038258000
2018-12-13,1160000,1.05,66429661000
2018-12-14,1158000,-0.17,48420828000
2018-12-17,1149000,-0.78,26331647000
2018-12-18,1150000,0.09,60773458000
2018-12-19,1152000,0.17,41281650347
2018-12-20,1124000,-2.43,50776022000
2018-12-21,1091000,-2.94,58311160000
2018-12-24,1082000,-0.82,19235164624
2018-12-26,1073000,-0.83,29044743000
2018-12-27,1081000,0.75,27778178000
2018-12-28,1101000,1.85,26229171000
2019-01-02,1081000,-1.82,29012401000
2019-01-03,1095000,1.3,26421830000
2019-01-04,1104000,0.82,35404105000
2019-01-07,1086000,-1.63,35941964000
2019-01-08,1084000,-0.18,23024628000
2019-01-09,1097000,1.2,33935978160
2019-01-10,1091000,-0.55,35184603000
2019-01-11,1082000,-0.82,37038859100
2019-01-14,1102000,1.85,43712927758
2019-01-15,1150000,4.36,50243135802
2019-01-16,1146000,-0.35,39453751290
2019-01-17,1134000,-1.05,32545674000
2019-01-18,1140000,0.53,28035280336
2019-01-21,1135000,-0.44,28985667000
2019-01-22,1139000,0.35,42142799400
2019-01-23,1129000,-0.88,39104973000
2019-01-24,1140000,0.97,46248983000
2019-01-25,1203000,5.53,93844134088
2019-01-28,1201000,-0.17,31896118000
2019-01-29,1206000,0.42,28418584000
2019-01-30,1260000,4.48,62936029000
2019-01-31,1265000,0.4,45080634000
2019-02-01,1254000,-0.87,39317004000
2019-02-07,1249000,-0.4,32433861000
2019-02-08,1220000,-2.32,34526720000
2019-02-11,1219000,-0.08,23716464000
2019-02-12,1210000,-0.74,30559676560
2019-02-13,1213000,0.25,21315307000
2019-02-14,1233000,1.65,40138834000
2019-02-15,1224000,-0.73,25722106000
2019-02-18,1251000,2.21,41096170000
2019-02-19,1224000,-2.16,26134537000
2019-02-20,1291000,5.47,73730134000
2019-02-21,1280000,-0.85,36362110000
2019-02-22,1287000,0.55,30912663000
2019-02-25,1275000,-0.93,25425642295
2019-02-26,1250000,-1.96,62389545312
2019-02-27,1254000,0.32,35837115000
2019-02-28,1246000,-0.64,58423590000
2019-03-04,1263000,1.36,51879959000
2019-03-05,1238000,-1.98,25482376000
2019-03-06,1240000,0.16,33977110000
2019-03-07,1260000,1.61,48796731500
2019-03-08,1273000,1.03,69410409000
2019-03-11,1274000,0.08,37144261000
2019-03-12,1271000,-0.24,27274359000
2019-03-13,1323000,4.09,58666741000
2019-03-14,1340000,1.28,58186927000
2019-03-15,1361000,1.57,71632815000
2019-03-18,1397000,2.65,60032478000
2019-03-19,1405000,0.57,47868815000
2019-03-20,1416000,0.78,37255515500
2019-03-21,1390000,-1.84,60807682000
2019-03-22,1389000,-0.07,42186101000
2019-03-25,1383000,-0.43,32883526000
2019-03-26,1422000,2.82,44897173000
2019-03-27,1401000,-1.48,29264924000
2019-03-28,1396000,-0.36,49775900871
2019-03-29,1417000,1.5,53856317000
2019-04-01,1415000,-0.14,37322469280
2019-04-02,1399000,-1.13,30142228000
2019-04-03,1390000,-0.64,36059915000
2019-04-04,1396000,0.43,47288129000
2019-04-05,1397000,0.07,26418322000
2019-04-08,1404000,0.5,27614460000
2019-04-09,1443000,2.78,44836707000
2019-04-10,1430000,-0.9,47146762500
2019-04-11,1453000,1.61,46622009000
2019-04-12,1432000,-1.45,53209145000
2019-04-15,1440000,0.56,59975066500
2019-04-16,1434000,-0.42,18825055000
2019-04-17,1427000,-0.49,36226670000
2019-04-18,1406000,-1.47,35228668000
2019-04-19,1411000,0.36,26460327000
2019-04-22,1438000,1.91,30376166000
2019-04-23,1439000,0.07,28344085000
2019-04-24,1440000,0.07,44777563500
2019-04-25,1395000,-3.13,65128022000
2019-04-26,1388000,-0.5,40628170000
2019-04-29,1417000,2.09,42636241000
2019-04-30,1422000,0.35,39326149000
2019-05-02,1393000,-2.04,41979823000
2019-05-03,1384000,-0.65,29955083000
2019-05-07,1368000,-1.16,36756013000
2019-05-08,1358000,-0.73,25306957000
2019-05-09,1309000,-3.61,53610263000
2019-05-10,1323000,1.07,38726291000
2019-05-13,1297000,-1.97,24586370592
2019-05-14,1292000,-0.39,28015063000
2019-05-15,1302000,0.77,36148911000
2019-05-16,1315000,1.0,33677800000
2019-05-17,1271000,-3.35,37059134281
2019-05-20,1282000,0.87,61259752171
2019-05-21,1282000,0.0,37883793000
2019-05-22,1282000,0.0,39992791000
2019-05-23,1287000,0.39,41858800000
2019-05-24,1258000,-2.25,45911421000
2019-05-27,1268000,0.79,33113251000
2019-05-28,1259000,-0.71,92926768000
2019-05-29,1291000,2.54,49684084000
2019-05-30,1286000,-0.39,46007764312
2019-05-31,1278000,-0.62,37539765000
2019-06-03,1297000,1.49,32840242000
2019-06-04,1304000,0.54,38898215000
2019-06-05,1284000,-1.53,26480647000
2019-06-07,1295000,0.86,22663583000
2019-06-10,1322000,2.08,26302509000
2019-06-11,1309000,-0.98,29378143000
2019-06-12,1339000,2.29,40110497000
2019-06-13,1341000,0.15,43399202000
2019-06-14,1311000,-2.24,27696595000
2019-06-17,1330000,1.45,30273072000
2019-06-18,1331000,0.08,29890616000
2019-06-19,1367000,2.7,25135326000
2019-06-20,1356000,-0.8,25399473727
2019-06-21,1308000,-3.54,48934928000
2019-06-24,1293000,-1.15,32916809000
2019-06-25,1320000,2.09,33095548000
2019-06-26,1303000,-1.29,20728750000
2019-06-27,1319000,1.23,25286975118
2019-06-28,1313000,-0.45,18666458000
2019-07-01,1314000,0.08,14356583000
2019-07-02,1276000,-2.89,36413678000
2019-07-03,1278000,0.16,38151596500
2019-07-04,1276000,-0.16,20188148000
2019-07-05,1294000,1.41,31995403500
2019-07-08,1276000,-1.39,33208029000
2019-07-09,1264000,-0.94,19545772000
2019-07-10,1261000,-0.24,19267122000
2019-07-11,1265000,0.32,23428498000
2019-07-12,1260000,-0.4,21789630000
2019-07-15,1266000,0.48,18886604000
2019-07-16,1314000,3.79,47940213000
2019-07-17,1283000,-2.36,19108858000
2019-07-18,1318000,2.73,40467413000
2019-07-19,1329000,0.83,38289637000
2019-07-22,1311000,-1.35,24298182000
2019-07-23,1323000,0.92,27278557500
2019-07-24,1319000,-0.3,22556878000
2019-07-25,1308000,-0.83,38717770000
2019-07-26,1224000,-6.42,95714311000
2019-07-29,1240000,1.31,39285922000
2019-07-30,1263000,1.85,35798822000
2019-07-31,1257000,-0.48,48243966000
2019-08-01,1254000,-0.24,43894672000
2019-08-02,1219000,-2.79,57912307000
2019-08-05,1198000,-1.72,76528499346
2019-08-06,1176000,-1.84,64381733000
2019-08-07,1161000,-1.28,87514816115
2019-08-08,1160000,-0.09,71778742000
2019-08-09,1181000,1.81,51954672000
2019-08-12,1173000,-0.68,26241322000
2019-08-13,1180000,0.6,26962726000
2019-08-14,1177000,-0.25,28154945000
2019-08-16,1179000,0.17,21805933000
2019-08-19,1160000,-1.61,47927380000
2019-08-20,1165000,0.43,42761580808
2019-08-21,1158000,-0.6,30119980000
2019-08-22,1149000,-0.78,29761067000
2019-08-23,1150000,0.09,17175253000
2019-08-26,1137000,-1.13,21278180000
2019-08-27,1151000,1.23,48921895000
2019-08-28,1145000,-0.52,23131207000
2019-08-29,1155000,0.87,25575714000
2019-08-30,1179000,2.08,37566265000
2019-09-02,1175000,-0.34,13023778000
2019-09-03,1231000,4.77,52739172000
2019-09-04,1241000,0.81,35245773000
2019-09-05,1245000,0.32,31042942436
2019-09-06,1247000,0.16,23809125000
2019-09-09,1242000,-0.4,15402968000
2019-09-10,1267000,2.01,42495048000
2019-09-11,1280000,1.03,57783713000
2019-09-16,1290000,0.78,32907227000
2019-09-17,1300000,0.78,26881875000
2019-09-18,1262000,-2.92,44871418000
2019-09-19,1257000,-0.4,28113548000
2019-09-20,1262000,0.4,39574063200
2019-09-23,1263000,0.08,13470128000
2019-09-24,1287000,1.9,32109014000
2019-09-25,1290000,0.23,37072741000
2019-09-26,1279000,-0.85,22665964215
2019-09-27,1306000,2.11,30979463000
2019-09-30,1307000,0.08,26510782840
2019-10-01,1307000,0.0,17330528000
2019-10-02,1290000,-1.3,20531883000
2019-10-04,1270000,-1.55,30319218000
2019-10-07,1265000,-0.39,21007533000
2019-10-08,1320000,4.35,56511052940
2019-10-10,1288000,-2.42,49955891060
2019-10-11,1272000,-1.24,32344078420
2019-10-14,1262000,-0.79,27839172000
2019-10-15,1289000,2.14,33892581000
2019-10-16,1286000,-0.23,26870189000
2019-10-17,1275000,-0.86,25681645000
2019-10-18,1271000,-0.31,22361179000
2019-10-21,1255000,-1.26,28807502000
2019-10-22,1275000,1.59,34507486000
2019-10-23,1277000,0.16,27837882836
2019-10-24,1302000,1.96,62779368629
2019-10-25,1254000,-3.69,77568882000
2019-10-28,1246000,-0.64,49326636328
2019-10-29,1224000,-1.77,56734407000
2019-10-30,1247000,1.88,52270991000
2019-10-31,1261000,1.12,50310584000
2019-11-01,1258000,-0.24,33078914820
2019-11-04,1260000,0.16,39810017000
2019-11-05,1258000,-0.16,47446837000
2019-11-06,1250000,-0.64,41544427000
2019-11-07,1249000,-0.08,24465542000
2019-11-08,1253000,0.32,35318789000
2019-11-11,1216000,-2.95,62565410000
2019-11-12,1227000,0.9,25703222000
2019-11-13,1210000,-1.39,29208165000
2019-11-14,1231000,1.74,55827893000
2019-11-15,1233000,0.16,28440761000
2019-11-18,1226000,-0.57,30868497000
2019-11-19,1215000,-0.9,37976236000
2019-11-20,1213000,-0.16,37035307000
2019-11-21,1233000,1.65,52203057160
2019-11-22,1261000,2.27,49246872000
2019-11-25,1271000,0.79,41573638082
2019-11-26,1275000,0.31,79286003000
2019-11-27,1276000,0.08,23748030000
2019-11-28,1290000,1.1,28669422000
2019-11-29,1265000,-1.94,38568637000
2019-12-02,1258000,-0.55,32325879000
2019-12-03,1266000,0.64,21799933000
2019-12-04,1260000,-0.47,21732442000
2019-12-05,1249000,-0.87,24169762000
2019-12-06,1267000,1.44,20565409000
2019-12-09,1267000,0.0,29717225000
2019-12-10,1265000,-0.16,22100851000
2019-12-11,1255000,-0.79,35024537000
2019-12-12,1277000,1.75,57365396000
2019-12-13,1246000,-2.43,86990930000
2019-12-16,1272000,2.09,58241984000
2019-12-17,1279000,0.55,36623727000
2019-12-18,1269000,-0.78,29512227000
2019-12-19,1266000,-0.24,26586560000
2019-12-20,1273000,0.55,35572674000
2019-12-23,1262000,-0.86,24108222000
2019-12-24,1259000,-0.24,16784261500
2019-12-26,1257000,-0.16,17506127000
2019-12-27,1258000,0.08,26999356000
2019-12-30,1261000,0.24,18644916000
2020-01-02,1266000,0.4,30791062000
2020-01-03,1263000,-0.24,37075607000
2020-01-06,1249000,-1.11,25031065000
2020-01-07,1343000,7.53,82683984000
2020-01-08,1345000,0.15,57964614000
2020-01-09,1324000,-1.56,55226746200
2020-01-10,1343000,1.44,30047636000
2020-01-13,1404000,4.54,69187969380
2020-01-14,1411000,0.5,67644367175
2020-01-15,1422000,0.78,60674259000
2020-01-16,1405000,-1.2,47043638000
2020-01-17,1406000,0.07,49703667000
2020-01-20,1387000,-1.35,63487787000
2020-01-21,1343000,-3.17,67839640000
2020-01-22,1368000,1.86,53132301225
2020-01-23,1349000,-1.39,68005738160
2020-01-28,1253000,-7.12,125092883080
2020-01-29,1296000,3.43,171388936000
2020-01-30,1262000,-2.62,91827714000
2020-01-31,1258000,-0.32,63641198000
2020-02-03,1250000,-0.64,59084641000
2020-02-04,1269000,1.52,56359876000
2020-02-05,1302000,2.6,76096362000
2020-02-06,1354000,3.99,93925357000
2020-02-07,1352000,-0.15,78542315000
2020-02-10,1356000,0.3,43001647000
2020-02-11,1382000,1.92,51007914500
2020-02-12,1398000,1.16,57909838494
2020-02-13,1403000,0.36,59981819000
2020-02-14,1389000,-1.0,58629357000
2020-02-17,1397000,0.58,38959587000
2020-02-18,1390000,-0.5,48182245000
2020-02-19,1410000,1.44,37072046000
2020-02-20,1372000,-2.7,81143661500
2020-02-21,1364000,-0.58,65586803500
2020-02-24,1278000,-6.3,87886614000
2020-02-25,1294000,1.25,79881958416
2020-02-26,1277000,-1.31,69806550000
2020-02-27,1246000,-2.43,78652905000
2020-02-28,1221000,-2.01,85854495195
2020-03-02,1210000,-0.9,86545816000
2020-03-03,1232000,1.82,94778254000
2020-03-04,1269000,3.0,68797882000
2020-03-05,1298000,2.29,67697669000
2020-03-06,1284000,-1.08,53342727000
2020-03-09,1251000,-2.57,63761315000
2020-03-10,1255000,0.32,61258469000
2020-03-11,1218000,-2.95,55763505000
2020-03-12,1160000,-4.76,104837658000
2020-03-13,1140000,-1.72,135111662450
2020-03-16,1090000,-4.39,74279833488
2020-03-17,1091000,0.09,106329502000
2020-03-18,1133000,3.85,137684351000
2020-03-19,1097000,-3.18,107139171000
2020-03-20,1110000,1.19,88947445937
2020-03-23,1066000,-3.96,80941895000
2020-03-24,1144000,7.32,76993750000
2020-03-25,1120000,-2.1,104026506000
2020-03-26,1091000,-2.59,92315088000
2020-03-27,1109000,1.65,72349022000
2020-03-30,1100000,-0.81,56056035000
2020-03-31,1120000,1.82,59802209000
2020-04-01,1071000,-4.38,72556926000
2020-04-02,1135000,5.98,62968941000
2020-04-03,1164000,2.56,55408701000
2020-04-06,1223000,5.07,73483850000
2020-04-07,1223000,0.0,73679329000
2020-04-08,1211000,-0.98,44220484000
2020-04-09,1255000,3.63,45906304000
2020-04-10,1215000,-3.19,46502124000
2020-04-13,1197000,-1.48,32210823000
2020-04-14,1200000,0.25,45223111000
2020-04-16,1191000,-0.75,62791740000
2020-04-17,1249000,4.87,76756729000
2020-04-20,1262000,1.04,77295950000
2020-04-21,1299000,2.93,124487029725
2020-04-22,1337000,2.93,95562562000
2020-04-23,1444000,8.0,204934719000
2020-04-24,1434000,-0.69,108366883090
2020-04-27,1395000,-2.72,62779047000
2020-04-28,1371000,-1.72,77389708000
2020-04-29,1386000,1.09,52977627000
2020-05-04,1362000,-1.73,63971121000
2020-05-06,1381000,1.4,53387725000
2020-05-07,1402000,1.52,58317183000
2020-05-08,1420000,1.28,64494231000
2020-05-11,1436000,1.13,45039306000
2020-05-12,1419000,-1.18,50778966000
2020-05-13,1437000,1.27,43422803000
2020-05-14,1455000,1.25,58968047000
2020-05-15,1475000,1.37,43097461000
2020-05-18,1437000,-2.58,46275893000
2020-05-19,1417000,-1.39,45100803000
2020-05-20,1416000,-0.07,42791987000
2020-05-21,1412000,-0.28,78681934720
2020-05-22,1397000,-1.06,35063373000
2020-05-25,1400000,0.21,40363207000
2020-05-26,1400000,0.0,33605338000
2020-05-27,1390000,-0.71,40124218000
2020-05-28,1385000,-0.36,46534845000
2020-05-29,1370000,-1.08,74453454880
2020-06-01,1363000,-0.51,57380673000
2020-06-02,1370000,0.51,42525813000
2020-06-03,1387000,1.24,67684857812
2020-06-04,1403000,1.15,88752868400
2020-06-05,1401000,-0.14,47750919000
2020-06-08,1379000,-1.57,51348336000
2020-06-09,1374000,-0.36,45254119968
2020-06-10,1371000,-0.22,39230532000
2020-06-11,1360000,-0.8,76285779000
2020-06-12,1325000,-2.57,49721300900
2020-06-15,1270000,-4.15,61578887000
2020-06-16,1300000,2.36,44783289000
2020-06-17,1288000,-0.92,53386560988
2020-06-18,1274000,-1.09,49612982000
2020-06-19,1287000,1.02,62487623129
2020-06-22,1264000,-1.79,58578016698
2020-06-23,1321000,4.51,68220471000
2020-06-24,1345000,1.82,46835094000
2020-06-25,1277000,-5.06,59659952000
2020-06-26,1337000,4.7,64138397000
2020-06-29,1300000,-2.77,31347491000
2020-06-30,1346000,3.54,102887222000
2020-07-01,1326000,-1.49,45656001000
2020-07-02,1379000,4.0,57373701000
2020-07-03,1380000,0.07,57438913768
2020-07-06,1356000,-1.74,46054580000
2020-07-07,1348000,-0.59,68222922500
2020-07-08,1317000,-2.3,55384682620
2020-07-09,1307000,-0.76,56932781000
2020-07-10,1295000,-0.92,35822744000
2020-07-13,1300000,0.39,27135604000
2020-07-14,1340000,3.08,56127088000
2020-07-15,1350000,0.75,51721796000
2020-07-16,1339000,-0.81,33613969000
2020-07-17,1345000,0.45,30221427000
2020-07-20,1321000,-1.78,26977158000
2020-07-21,1385000,4.84,107108240000
2020-07-22,1383000,-0.14,44790175000
2020-07-23,1341000,-3.04,137210457126
2020-07-24,1323000,-1.34,66594328000
2020-07-27,1346000,1.74,33230902000
2020-07-28,1350000,0.3,50113969000
2020-07-29,1390000,2.96,77543013000
2020-07-30,1385000,-0.36,43392791000
2020-07-31,1371000,-1.01,37209302000
2020-08-03,1350000,-1.53,54186096000
2020-08-04,1354000,0.3,36925934000
2020-08-05,1364000,0.74,53352811000
2020-08-06,1385000,1.54,37033025000
2020-08-07,1432000,3.39,93151408500
2020-08-10,1445000,0.91,52438041000
2020-08-11,1573000,8.86,145434083000
2020-08-12,1548000,-1.59,54544822000
2020-08-13,1560000,0.78,68552855000
2020-08-14,1565000,0.32,40941895000
2020-08-18,1500000,-4.15,76766161000
2020-08-19,1519000,1.27,50626878000
2020-08-20,1500000,-1.25,55251499000
2020-08-21,1563000,4.2,57546946000
2020-08-24,1543000,-1.28,40041380000
2020-08-25,1539000,-0.26,30797675000
2020-08-26,1517000,-1.43,63881058000
2020-08-27,1499000,-1.19,32993308000
2020-08-28,1509000,0.67,39274839000
2020-08-31,1473000,-2.39,55211867000
2020-09-01,1513000,2.72,44702179000
2020-09-02,1499000,-0.93,37498342000
2020-09-03,1483000,-1.07,30933317000
2020-09-04,1453000,-2.02,46807916000
2020-09-07,1475000,1.51,32667592000
2020-09-08,1493000,1.22,33537747000
2020-09-09,1510000,1.14,54177120000
2020-09-10,1527000,1.13,52385129000
2020-09-11,1518000,-0.59,40116682000
2020-09-14,1519000,0.07,28509277000
2020-09-15,1533000,0.92,31360800000
2020-09-16,1506000,-1.76,24592616000
2020-09-17,1508000,0.13,27855362000
2020-09-18,1516000,0.53,45405074000
2020-09-21,1497000,-1.25,24951523000
2020-09-22,1473000,-1.6,33609498000
2020-09-23,1455000,-1.22,35046249424
2020-09-24,1418000,-2.54,35746772000
2020-09-25,1419000,0.07,21497707000
2020-09-28,1469000,3.52,32494409000
2020-09-29,1448000,-1.43,42506336000
2020-10-05,1499000,3.52,55624984000
2020-10-06,1500000,0.07,27675661425
2020-10-07,1513000,0.87,28909230000
2020-10-08,1540000,1.78,50348368000
2020-10-12,1585000,2.92,49290718000
2020-10-13,1548000,-2.33,39544445000
2020-10-14,1546000,-0.13,36215957000
2020-10-15,1569000,1.49,41290371000
2020-10-16,1571000,0.13,40946834000
2020-10-19,1562000,-0.57,46445542000
2020-10-20,1547000,-0.96,28427315000
2020-10-21,1551000,0.26,31714717000
2020-10-22,1539000,-0.77,52582411697
2020-10-23,1539000,0.0,41437361000
2020-10-26,1515000,-1.56,27972334000
2020-10-27,1543000,1.85,66020699000
2020-10-28,1524000,-1.23,28804294000
2020-10-29,1507000,-1.12,35516498000
2020-10-30,1500000,-0.46,40385313000
2020-11-02,1531000,2.07,29258084000
2020-11-03,1517000,-0.91,34678557000
2020-11-04,1505000,-0.79,44275661000
2020-11-05,1530000,1.66,52566702652
2020-11-06,1526000,-0.26,29593668000
2020-11-09,1527000,0.07,33505719000
2020-11-10,1529000,0.13,48354875000
2020-11-11,1571000,2.75,64759006000
2020-11-12,1607000,2.29,92407109000
2020-11-13,1576000,-1.93,42003232000
2020-11-16,1562000,-0.89,35065237000
2020-11-17,1542000,-1.28,45731264000
2020-11-18,1538000,-0.26,35200301000
2020-11-19,1532000,-0.39,33544447000
2020-11-20,1564000,2.09,44805009848
2020-11-23,1565000,0.06,36150277000
2020-11-24,1544000,-1.34,41281865000
2020-11-25,1548000,0.26,52821036000
2020-11-26,1537000,-0.71,38788917000
2020-11-27,1533000,-0.26,29218246000
2020-11-30,1514000,-1.24,83052032000
2020-12-01,1538000,1.59,29822605000
2020-12-02,1541000,0.2,47860186000
2020-12-03,1527000,-0.91,44008508000
2020-12-04,1522000,-0.33,41387717000
2020-12-07,1553000,2.04,67452246000
2020-12-08,1547000,-0.39,47735874000
2020-12-09,1555000,0.52,48873810000
2020-12-10,1531000,-1.54,106399076300
2020-12-11,1571000,2.61,118696485800
2020-12-14,1590000,1.21,56498504000
2020-12-15,1593000,0.19,55730426000
2020-12-16,1649000,3.52,69907774000
2020-12-17,1614000,-2.12,49233808000
2020-12-18,1611000,-0.19,45351292000
2020-12-21,1630000,1.18,32470547750
2020-12-22,1606000,-1.47,29289507000
2020-12-23,1611000,0.31,28947667000
2020-12-24,1625000,0.87,29647650000
2020-12-28,1638000,0.8,39464822000
2020-12-29,1619000,-1.16,45793833000
2020-12-30,1620000,0.06,42315932000
2021-01-04,1612000,-0.49,50710962000
2021-01-05,1610000,-0.12,63987781000
2021-01-06,1590000,-1.24,73525006640
2021-01-07,1609000,1.19,62723145000
2021-01-08,1638000,1.8,82478017000
2021-01-11,1602000,-2.2,115797088000
2021-01-12,1560000,-2.62,90427574000
2021-01-13,1598000,2.44,85820488000
2021-01-14,1596000,-0.13,59285988000
2021-01-15,1580000,-1.0,76453577156
2021-01-18,1539000,-2.59,73582361000
2021-01-19,1551000,0.78,43831920000
2021-01-20,1554000,0.19,98345997395
2021-01-21,1545000,-0.58,71595541000
2021-01-22,1562000,1.1,112012217100
2021-01-25,1676000,7.3,183967285000
2021-01-26,1626000,-2.98,86045910810
2021-01-27,1602000,-1.48,99651989000
2021-01-28,1589000,-0.81,59105680000
2021-01-29,1557000,-2.01,96308688965
2021-02-01,1564000,0.45,61007931000
2021-02-02,1599000,2.24,54052901250
2021-02-03,1632000,2.06,77084966774
2021-02-04,1623000,-0.55,46585147000
2021-02-05,1626000,0.18,34977991740
2021-02-08,1656000,1.85,71488581420
2021-02-09,1652000,-0.24,54333096000
2021-02-10,1672000,1.21,48713701660
2021-02-15,1680000,0.48,31590852000
2021-02-16,1627000,-3.15,74253146500
2021-02-17,1616000,-0.68,50094496000
2021-02-18,1596000,-1.24,42422695000
2021-02-19,1600000,0.25,38947102000
2021-02-22,1561000,-2.44,65595034000
2021-02-23,1585000,1.54,41144727600
2021-02-24,1558000,-1.7,62840359013
2021-02-25,1567000,0.58,51202689819
2021-02-26,1513000,-3.45,84582959000
2021-03-02,1505000,-0.53,75259740830
2021-03-03,1507000,0.13,54283985762
2021-03-04,1496000,-0.73,89303462978
2021-03-05,1511000,1.0,58309578395
2021-03-08,1515000,0.26,51191189000
2021-03-09,1504000,-0.73,58217866000
2021-03-10,1504000,0.0,45528466080
2021-03-11,1550000,3.06,67077848000
2021-03-12,1571000,1.35,54808985000
2021-03-15,1580000,0.57,38606485000
2021-03-16,1573000,-0.44,32033400000
2021-03-17,1560000,-0.83,28111573200
2021-03-18,1550000,-0.64,27780096000
2021-03-19,1518000,-2.06,56270575000
2021-03-22,1503000,-0.99,59708839000
2021-03-23,1505000,0.13,55924634796
2021-03-24,1541000,2.39,60642236000
2021-03-25,1545000,0.26,47169885000
2021-03-26,1524000,-1.36,37293475000
2021-03-29,1530000,0.39,38619105730
2021-03-30,1589000,3.86,69704434000
2021-03-31,1570000,-1.2,54225501000
2021-04-01,1578000,0.51,30737128000
2021-04-02,1570000,-0.51,27896697000
2021-04-05,1551000,-1.21,32347068000
2021-04-06,1561000,0.64,23836997000
2021-04-07,1549000,-0.77,25165248000
2021-04-08,1585000,2.32,57729538000
2021-04-09,1566000,-1.2,22134433000
2021-04-12,1564000,-0.13,24109069000
2021-04-13,1563000,-0.06,30316168000
2021-04-14,1565000,0.13,33091637000
2021-04-15,1561000,-0.26,36314111000
2021-04-16,1560000,-0.06,39562902000
2021-04-19,1558000,-0.13,32474027000
2021-04-20,1571000,0.83,30358382000
2021-04-21,1544000,-1.72,62333541058
2021-04-22,1526000,-1.17,76503618940
2021-04-23,1598000,4.72,140107029759
2021-04-26,1593000,-0.31,47471426000
2021-04-27,1570000,-1.44,45237543010
2021-04-28,1550000,-1.27,43605927000
2021-04-29,1531000,-1.23,58385452300
2021-04-30,1539000,0.52,48753099000
2021-05-03,1565000,1.69,45177508000
2021-05-04,1570000,0.32,41640001000
2021-05-06,1581000,0.7,48795976000
2021-05-07,1571000,-0.63,39817900000
2021-05-10,1593000,1.4,42759947000
2021-05-11,1561000,-2.01,57274657000
2021-05-12,1530000,-1.99,65612487000
2021-05-13,1519000,-0.72,56254599000
2021-05-14,1521000,0.13,35801877000
2021-05-17,1518000,-0.2,35942594000
2021-05-18,1518000,0.0,46198785000
2021-05-20,1517000,-0.07,53843859173
2021-05-21,1507000,-0.66,46750568000
2021-05-24,1505000,-0.13,30676387000
2021-05-25,1508000,0.2,34155405000
2021-05-26,1556000,3.18,75507872000
2021-05-27,1518000,-2.44,76899496000
2021-05-28,1530000,0.79,33101310000
2021-05-31,1559000,1.9,45084088700
2021-06-01,1539000,-1.28,34391339000
2021-06-02,1528000,-0.71,52912715000
2021-06-03,1521000,-0.46,47853216000
2021-06-04,1529000,0.53,40822146000
2021-06-07,1535000,0.39,33416925260
2021-06-08,1522000,-0.85,26052674000
2021-06-09,1517000,-0.33,38989361000
2021-06-10,1532000,0.99,59689750000
2021-06-11,1545000,0.85,63805240050
2021-06-14,1546000,0.06,17248041000
2021-06-15,1570000,1.55,61044281592
2021-06-16,1675000,6.69,212953989000
2021-06-17,1665000,-0.6,83444197000
2021-06-18,1701000,2.16,85959325960
2021-06-21,1714000,0.76,56259621000
2021-06-22,1720000,0.35,75896313881
2021-06-23,1721000,0.06,63986832972
2021-06-24,1755000,1.98,93220022220
2021-06-25,1763000,0.46,42905889000
2021-06-28,1750000,-0.74,51656735288
2021-06-29,1757000,0.4,74654244176
2021-06-30,1762000,0.28,54091241186
2021-07-01,1770000,0.45,63291860406
2021-07-02,1729000,-2.32,61673368396
2021-07-05,1741000,0.69,44576969000
2021-07-06,1755000,0.8,29655299000
2021-07-07,1743000,-0.68,51699987720
2021-07-08,1763000,1.15,49894346000
2021-07-09,1720000,-2.44,59782087000
2021-07-12,1726000,0.35,23431438000
2021-07-13,1737000,0.64,24762848000
2021-07-14,1703000,-1.96,47428422000
2021-07-15,1699000,-0.23,28198965000
2021-07-16,1713000,0.82,28902765000
2021-07-19,1711000,-0.12,30283441000
2021-07-20,1698000,-0.76,18784751360
2021-07-21,1690000,-0.47,36011896000
2021-07-22,1627000,-3.73,126682594000
2021-07-23,1527000,-6.15,257116314500
2021-07-26,1480000,-3.08,161876158000
2021-07-27,1476000,-0.27,92322260000
2021-07-28,1495000,1.29,70125240000
2021-07-29,1490000,-0.33,73623548000
2021-07-30,1459000,-2.08,99980053025
2021-08-02,1453000,-0.41,55916205952
2021-08-03,1452000,-0.07,46683758000
2021-08-04,1470000,1.24,47529134000
2021-08-05,1467000,-0.2,48288260650
2021-08-06,1458000,-0.61,42805150000
2021-08-09,1452000,-0.41,48369364000
2021-08-10,1433000,-1.31,62141628500
2021-08-11,1417000,-1.12,62515319500
2021-08-12,1421000,0.28,68867365000
2021-08-13,1444000,1.62,156379829500
2021-08-17,1459000,1.04,52185805000
2021-08-18,1447000,-0.82,28765310000
2021-08-19,1437000,-0.69,53220016610
2021-08-20,1414000,-1.6,45963599152
2021-08-23,1416000,0.14,24700607014
2021-08-24,1450000,2.4,39162514328
2021-08-25,1441000,-0.62,32332100336
2021-08-26,1411000,-2.08,61853673390
2021-08-27,1421000,0.71,49525338220
2021-08-30,1424000,0.21,32933070000
2021-08-31,1461000,2.6,83022284000
2021-09-01,1462000,0.07,53718874000
2021-09-02,1473000,0.75,48913816000
2021-09-03,1444000,-1.97,43067723000
2021-09-06,1433000,-0.76,41088794045
2021-09-07,1453000,1.4,32202189000
2021-09-08,1408000,-3.1,77952420000
2021-09-09,1374000,-2.41,91727630000
2021-09-10,1387000,0.95,43079180000
2021-09-13,1378000,-0.65,34774430996
2021-09-14,1386000,0.58,51406499000
2021-09-15,1393000,0.51,62183163000
2021-09-16,1383000,-0.72,27201653000
2021-09-17,1358000,-1.81,59450817000
2021-09-23,1337000,-1.55,83516981000
2021-09-24,1339000,0.15,45517098390
2021-09-27,1347000,0.6,26427775000
2021-09-28,1343000,-0.3,65714511000
2021-09-29,1333000,-0.74,67686949000
2021-09-30,1337000,0.3,43729107385
2021-10-01,1331000,-0.45,29860848000
2021-10-05,1346000,1.13,50873665096
2021-10-06,1327000,-1.41,50191647490
2021-10-07,1380000,3.99,56098133400
2021-10-08,1384000,0.29,38741921000
2021-10-12,1336000,-3.47,49714114420
2021-10-13,1340000,0.3,29398654000
2021-10-14,1354000,1.04,55605351000
2021-10-15,1372000,1.33,42526229940
2021-10-18,1345000,-1.97,46425334000
2021-10-19,1370000,1.86,25421470000
2021-10-20,1390000,1.46,42611639000
2021-10-21,1387000,-0.22,32472505000
2021-10-22,1365000,-1.59,49369809000
2021-10-25,1383000,1.32,48914924620
2021-10-26,1331000,-3.76,101112335000
2021-10-27,1221000,-8.26,263472087000
2021-10-28,1182000,-3.19,210371524000
2021-10-29,1171000,-0.93,133931596000
2021-11-01,1200000,2.48,85223756000
2021-11-02,1217000,1.42,75079094000
2021-11-03,1231000,1.15,57645954200
2021-11-04,1239000,0.65,63590049000
2021-11-05,1229000,-0.81,45046863646
2021-11-08,1225000,-0.33,27337222000
2021-11-09,1219000,-0.49,30199186000
2021-11-10,1191000,-2.3,36551067000
2021-11-11,1191000,0.0,50523095392
2021-11-12,1215000,2.02,42891973000
2021-11-15,1205000,-0.82,46863855000
2021-11-16,1219000,1.16,28216314000
2021-11-17,1198000,-1.72,37152583000
2021-11-18,1181000,-1.42,38560093000
2021-11-19,1172000,-0.76,50174685000
2021-11-22,1170000,-0.17,57317805000
2021-11-23,1166000,-0.34,42106670000
2021-11-24,1163000,-0.26,46533218095
2021-11-25,1169000,0.52,39009964600
2021-11-26,1142000,-2.31,51662670000
2021-11-29,1113000,-2.54,53110091000
2021-11-30,1054000,-5.3,106169708000
2021-12-01,1098000,4.17,105785506000
2021-12-02,1162000,5.83,111709900000
2021-12-03,1167000,0.43,72346226500
2021-12-06,1177000,0.86,73012362500
2021-12-07,1183000,0.51,51431075304
2021-12-08,1162000,-1.78,55572797000
2021-12-09,1172000,0.86,86720663550
2021-12-10,1165000,-0.6,31094469500
2021-12-13,1153000,-1.03,34979072000
2021-12-14,1153000,0.0,36258681000
2021-12-15,1160000,0.61,33513712500
2021-12-16,1135000,-2.16,56532623260
2021-12-17,1142000,0.62,39390841960
2021-12-20,1120000,-1.93,35079354000
2021-12-21,1116000,-0.36,37747458000
2021-12-22,1114000,-0.18,43864779000
2021-12-23,1118000,0.36,20837747000
2021-12-24,1122000,0.36,23458169000
2021-12-27,1132000,0.89,20850928000
2021-12-28,1132000,0.0,26970610000
2021-12-29,1111000,-1.86,33579906500
2021-12-30,1097000,-1.26,42118207000
2022-01-03,1104000,0.64,21009556000
2022-01-04,1102000,-0.18,29668927000
2022-01-05,1075000,-2.45,59034653000
2022-01-06,1087000,1.12,80743109800
2022-01-07,1104000,1.56,54605390000
2022-01-10,956000,-13.41,333368352000
2022-01-11,948000,-0.84,158594536428
2022-01-12,949000,0.11,119950838626
2022-01-13,975000,2.74,107246940000
2022-01-14,974000,-0.1,77115594000
2022-01-17,957000,-1.75,75062937968
2022-01-18,953000,-0.42,32755829000
2022-01-19,955000,0.21,45356823476
2022-01-20,969000,1.47,35152360000
2022-01-21,990000,2.17,80819627000
2022-01-24,969000,-2.12,57508184000
2022-01-25,952000,-1.75,63207333000
2022-01-26,959000,0.74,41654922000
2022-01-27,948000,-1.15,80029279000
2022-01-28,975000,2.85,109339932000
2022-02-03,970000,-0.51,46629188000
2022-02-04,986000,1.65,40040527000
2022-02-07,970000,-1.62,53157021000
2022-02-08,964000,-0.62,61548157000
2022-02-09,968000,0.41,36161782000
2022-02-10,974000,0.62,116399146000
2022-02-11,952000,-2.26,47784458000
2022-02-14,950000,-0.21,33767454000
2022-02-15,975000,2.63,46216149000
2022-02-16,975000,0.0,31700377000
2022-02-17,1028000,5.44,146943077000
2022-02-18,1040000,1.17,61892050000
2022-02-21,1019000,-2.02,45177400000
2022-02-22,1007000,-1.18,50412790000
2022-02-23,975000,-3.18,63996869000
2022-02-24,956000,-1.95,74478650058
2022-02-25,942000,-1.46,60908678000
2022-02-28,950000,0.85,53725853000
2022-03-02,940000,-1.05,59449735200
2022-03-03,959000,2.02,31439652000
2022-03-04,950000,-0.94,30961553000
2022-03-07,951000,0.11,52579493000
2022-03-08,933000,-1.89,37121105000
2022-03-10,936000,0.32,65383535000
2022-03-11,911000,-2.67,58922255000
2022-03-14,841000,-7.68,117217459500
2022-03-15,832000,-1.07,73798458281
2022-03-16,838000,0.72,70700967000
2022-03-17,863000,2.98,84236038000
2022-03-18,838000,-2.9,79346758000
2022-03-21,850000,1.43,65527527000
2022-03-22,866000,1.88,52864716000
2022-03-23,862000,-0.46,38287476000
2022-03-24,865000,0.35,29889225000
2022-03-25,867000,0.23,29141466000
2022-03-28,835000,-3.69,76218950000
2022-03-29,859000,2.87,47602269800
2022-03-30,863000,0.47,31777524000
2022-03-31,858000,-0.58,41587055000
2022-04-01,896000,4.43,75879308000
2022-04-04,904000,0.89,40618481000
2022-04-05,909000,0.55,47238068000
2022-04-06,895000,-1.54,34503854000
2022-04-07,865000,-3.35,48124318000
2022-04-08,868000,0.35,37636797500
2022-04-11,881000,1.5,33870504000
2022-04-12,882000,0.11,30894504000
2022-04-13,890000,0.91,23020502000
2022-04-14,894000,0.45,37827765000
2022-04-15,877000,-1.9,19160774000
2022-04-18,903000,2.96,36501537000
2022-04-19,903000,0.0,46163028000
2022-04-20,921000,1.99,77103930000
2022-04-21,942000,2.28,76240215000
2022-04-22,930000,-1.27,59467683000
2022-04-25,883000,-5.05,65457177000
2022-04-26,896000,1.47,47687522000
2022-04-27,891000,-0.56,40536597000
2022-04-28,906000,1.68,89626607000
2022-04-29,909000,0.33,40282790000
2022-05-02,911000,0.22,31414282000
2022-05-03,876000,-3.84,78937809000
2022-05-04,845000,-3.54,97165360000
2022-05-06,825000,-2.37,61848387000
2022-05-09,800000,-3.03,79936367000
2022-05-10,807000,0.88,55900345000
2022-05-11,811000,0.5,52553075000
2022-05-12,691000,-14.8,378210361000
2022-05-13,694000,0.43,115717202000
2022-05-16,692000,-0.29,86012191460
2022-05-17,684000,-1.16,62816031000
2022-05-18,677000,-1.02,92536188000
2022-05-19,668000,-1.33,74653388000
2022-05-20,685000,2.54,42213018000
2022-05-23,703000,2.63,61809162000
2022-05-24,705000,0.28,42560135000
2022-05-25,708000,0.43,37286266000
2022-05-26,704000,-0.56,53213937000
2022-05-27,713000,1.28,41572909008
2022-05-30,720000,0.98,39847316000
2022-05-31,734000,1.94,69230533000
2022-06-02,723000,-1.5,41019637000
2022-06-03,734000,1.52,31075300000
2022-06-07,700000,-4.63,72863124000
2022-06-08,697000,-0.43,68865788000
2022-06-09,685000,-1.72,78508962500
2022-06-10,672000,-1.9,65649714000
2022-06-13,665000,-1.04,41739300000
2022-06-14,651000,-2.11,53862714000
2022-06-15,633000,-2.76,53926688000
2022-06-16,614000,-3.0,73068153000
2022-06-17,622000,1.3,74662547000
2022-06-20,620000,-0.32,29342593000
2022-06-21,623000,0.48,26494224000
2022-06-22,605000,-2.89,36591128000
2022-06-23,619000,2.31,49598555484
2022-06-24,622000,0.48,41112197356
2022-06-27,666000,7.07,91108805000
2022-06-28,673000,1.05,50265252000
2022-06-29,712000,5.79,155014639000
2022-06-30,680000,-4.49,112783634000
2022-07-01,685000,0.74,44011695082
2022-07-04,673000,-1.75,31139129000
2022-07-05,688000,2.23,29956758000
2022-07-06,685000,-0.44,56138496000
2022-07-07,715000,4.38,59923043000
2022-07-08,714000,-0.14,38313575000
2022-07-11,704000,-1.4,22562599000
2022-07-12,708000,0.57,30199137000
2022-07-13,715000,0.99,58896382000
2022-07-14,720000,0.7,49927535000
2022-07-15,711000,-1.25,27191778000
2022-07-18,717000,0.84,23192743000
2022-07-19,710000,-0.98,23423239000
2022-07-20,723000,1.83,34501430000
2022-07-21,722000,-0.14,29234455846
2022-07-22,723000,0.14,31227255000
2022-07-25,724000,0.14,13886368000
2022-07-26,721000,-0.41,23232050130
2022-07-27,752000,4.3,124653705000
2022-07-28,743000,-1.2,110043204000
2022-07-29,779000,4.85,89973333000
2022-08-01,788000,1.16,43762793295
2022-08-02,767000,-2.66,28703065000
2022-08-03,767000,0.0,31718560000
2022-08-04,766000,-0.13,25843307000
2022-08-05,761000,-0.65,18834773000
2022-08-08,758000,-0.39,22038229000
2022-08-09,740000,-2.37,36837557000
2022-08-10,736000,-0.54,19613761000
2022-08-11,733000,-0.41,28467961000
2022-08-12,732000,-0.14,26617019000
2022-08-16,732000,0.0,20547557000
2022-08-17,726000,-0.82,18351385000
2022-08-18,726000,0.0,19269392000
2022-08-19,714000,-1.65,20592929000
2022-08-22,701000,-1.82,22017136000
2022-08-23,678000,-3.28,49546241000
2022-08-24,673000,-0.74,39854851000
2022-08-25,710000,5.5,35214348000
2022-08-26,702000,-1.13,27133301000
2022-08-29,700000,-0.28,19312906000
2022-08-30,710000,1.43,16846800000
2022-08-31,712000,0.28,21953371000
2022-09-01,687000,-3.51,25580146000
2022-09-02,691000,0.58,18949065000
2022-09-05,672000,-2.75,18402187000
2022-09-06,676000,0.6,18269398000
2022-09-07,654000,-3.25,30604304000
2022-09-08,655000,0.15,19574710000
2022-09-13,690000,5.34,44896450444
2022-09-14,672000,-2.61,35702932000
2022-09-15,680000,1.19,37061384872
2022-09-16,689000,1.32,30308280000
2022-09-19,679000,-1.45,17776872000
2022-09-20,679000,0.0,19776841000
2022-09-21,698000,2.8,42316753000
2022-09-22,692000,-0.86,32485326000
2022-09-23,663000,-4.19,32636159000
2022-09-26,643000,-3.02,31846761000
2022-09-27,673000,4.67,46829392000
2022-09-28,653000,-2.97,36680860000
2022-09-29,651000,-0.31,43709119000
2022-09-30,633000,-2.76,50327933000
2022-10-04,632000,-0.16,49348431000
2022-10-05,637000,0.79,33137505000
2022-10-06,650000,2.04,28868151000
2022-10-07,650000,0.0,24416155000
2022-10-11,613000,-5.69,85825448541
2022-10-12,581000,-5.22,64192219000
2022-10-13,563000,-3.1,39842626500
2022-10-14,575000,2.13,33418982000
2022-10-17,575000,0.0,24152513000
2022-10-18,578000,0.52,22782724000
2022-10-19,578000,0.0,25434057500
2022-10-20,564000,-2.42,40774575000
2022-10-21,574000,1.77,36974641000
2022-10-24,553000,-3.66,40403898000
2022-10-25,542000,-1.99,31621972500
2022-10-26,522000,-3.69,69643283000
2022-10-27,527000,0.96,40950413000
2022-10-28,504000,-4.36,82339393208
2022-10-31,510000,1.19,37115459000
2022-11-01,526000,3.14,41031400000
2022-11-02,535000,1.71,34568442000
2022-11-03,522000,-2.43,26405695000
2022-11-04,555000,6.32,49786827000
2022-11-07,570000,2.7,53302993000
2022-11-08,584000,2.46,63118766000
2022-11-09,579000,-0.86,36231613000
2022-11-10,577000,-0.35,50065221000
2022-11-11,613000,6.24,56539364325
2022-11-14,652000,6.36,114859860000
2022-11-15,672000,3.07,53807714000
2022-11-16,671000,-0.15,52853160000
2022-11-17,666000,-0.75,41964740400
2022-11-18,663000,-0.45,24487703825
2022-11-21,634000,-4.37,53598422000
2022-11-22,620000,-2.21,26985269000
2022-11-23,624000,0.65,25575286000
2022-11-24,624000,0.0,31645289000
2022-11-25,613000,-1.76,35914247000
2022-11-28,617000,0.65,50802647000
2022-11-29,654000,6.0,75071873000
2022-11-30,656000,0.31,66125502000
2022-12-01,646000,-1.52,56657683000
2022-12-02,670000,3.72,79925616198
2022-12-05,715000,6.72,114177473000
2022-12-06,688000,-3.78,45156722000
2022-12-07,693000,0.73,57897752194
2022-12-08,679000,-2.02,60896760000
2022-12-09,722000,6.33,77044632000
2022-12-12,702000,-2.77,71194301888
2022-12-13,699000,-0.43,44060744000
2022-12-14,705000,0.86,26535009000
2022-12-15,689000,-2.27,25247820000
2022-12-16,693000,0.58,30025104000
2022-12-19,686000,-1.01,19564936388
2022-12-20,688000,0.29,16710033000
2022-12-21,693000,0.73,20704025000
2022-12-22,704000,1.59,29361952000
2022-12-23,705000,0.14,28065145000
2022-12-26,697000,-1.13,25725114000
2022-12-27,723000,3.73,44736916000
2022-12-28,739000,2.21,68147248000
2022-12-29,722000,-2.3,60616040000
2023-01-02,720000,-0.28,37564529000
2023-01-03,708000,-1.67,44098334000
2023-01-04,703000,-0.71,19010927000
2023-01-05,730000,3.84,40057169000
2023-01-06,726000,-0.55,30920839000
2023-01-09,766000,5.51,76192570500
2023-01-10,743000,-3.0,46029128000
2023-01-11,768000,3.36,80667363000
2023-01-12,736000,-4.17,66046799000
2023-01-13,744000,1.09,39079984000
2023-01-16,755000,1.48,31195053000
2023-01-17,757000,0.26,33758981000
2023-01-18,757000,0.0,50039125000
2023-01-19,766000,1.19,51992739500
2023-01-20,754000,-1.57,50357419000
2023-01-25,732000,-2.92,55385363000
2023-01-26,727000,-0.68,49396313000
2023-01-27,759000,4.4,76923099000
2023-01-30,748000,-1.45,57447972000
2023-01-31,743000,-0.67,45261245212
2023-02-01,691000,-7.0,167740983000
2023-02-02,692000,0.14,70743586000
2023-02-03,693000,0.14,86959261062
2023-02-06,694000,0.14,60196544989
2023-02-07,697000,0.43,51705881360
2023-02-08,694000,-0.43,34036870000
2023-02-09,702000,1.15,63509535000
2023-02-10,699000,-0.43,33972383000
2023-02-13,696000,-0.43,31730464000
2023-02-14,700000,0.57,22097084000
2023-02-15,687000,-1.86,35930080000
2023-02-16,686000,-0.15,32958590000
2023-02-17,680000,-0.87,23853753000
2023-02-20,689000,1.32,22257896000
2023-02-21,684000,-0.73,21954697000
2023-02-22,671000,-1.9,38385432000
2023-02-23,675000,0.6,22011312000
2023-02-24,672000,-0.44,30722304000
2023-02-27,673000,0.15,34938304000
2023-02-28,668000,-0.74,38212824000
2023-03-02,678000,1.5,57167486000
2023-03-03,676000,-0.29,51117557000
2023-03-06,671000,-0.74,50012748000
2023-03-07,672000,0.15,44580103000
2023-03-08,641000,-4.61,59334156000
2023-03-09,618000,-3.59,63125342000
2023-03-10,603000,-2.43,49737239000
2023-03-13,607000,0.66,33526575000
2023-03-14,590000,-2.8,35494771000
2023-03-15,590000,0.0,26184743000
2023-03-16,559000,-5.25,107329474000
2023-03-17,567000,1.43,67822847000
2023-03-20,572000,0.88,50843669000
2023-03-21,592000,3.5,33785325000
2023-03-22,576000,-2.7,44599088000
2023-03-23,584000,1.39,29258016000
2023-03-24,581000,-0.51,24694398000
2023-03-27,581000,0.0,35761230846
2023-03-28,588000,1.2,35094394000
2023-03-29,595000,1.19,35131790696
2023-03-30,591000,-0.67,20091647000
2023-03-31,600000,1.52,25767115000
2023-04-03,600000,0.0,32880842000
2023-04-04,600000,0.0,19817757000
2023-04-05,600000,0.0,23867311000
2023-04-06,590000,-1.67,26908560000
2023-04-07,624000,5.76,71959236000
2023-04-10,625000,0.16,68270155000
2023-04-11,646000,3.36,89006662000
2023-04-12,650000,0.62,44164968382
2023-04-13,643000,-1.08,41050619000
2023-04-14,652000,1.4,38573137000
2023-04-17,647000,-0.77,30157684000
2023-04-18,680000,5.1,78281004000
2023-04-19,674000,-0.88,53294471000
2023-04-20,664000,-1.48,28308207000
2023-04-21,610000,-8.13,95731724000
2023-04-24,625000,2.46,64922692000
2023-04-25,609000,-2.56,26120354000
2023-04-26,617000,1.31,27678952000
2023-04-27,618000,0.16,42421772000
2023-04-28,623000,0.81,72481302000
2023-05-02,618000,-0.8,43438757000
2023-05-03,586000,-5.18,86985645188
2023-05-04,587000,0.17,42187422000
2023-05-08,587000,0.0,25815037000
2023-05-09,578000,-1.53,31266801000
2023-05-10,573000,-0.87,34879644000
2023-05-11,577000,0.7,25716845000
2023-05-12,567000,-1.73,22421855000
2023-05-15,568000,0.18,19500406000
2023-05-16,564000,-0.7,22954633000
2023-05-17,560000,-0.71,24828303000
2023-05-18,563000,0.54,23111757000
2023-05-19,570000,1.24,25621978000
2023-05-22,582000,2.11,29651925000
2023-05-23,585000,0.52,30784313000
2023-05-24,562000,-3.93,49327354000
2023-05-25,557000,-0.89,34959551000
2023-05-26,557000,0.0,42641728000
2023-05-30,536000,-3.77,50915992000
2023-05-31,527000,-1.68,116669650000
2023-06-01,536000,1.71,31029153500
2023-06-02,533000,-0.56,26559848000
2023-06-05,538000,0.94,26055974000
2023-06-07,539000,0.19,44972642000
2023-06-08,533000,-1.11,63453646000
2023-06-09,540000,1.31,46482577000
2023-06-12,519000,-3.89,67599177000
2023-06-13,517000,-0.39,53192777000
2023-06-14,508000,-1.74,47936620000
2023-06-15,508000,0.0,44865214019
2023-06-16,510000,0.39,48350309000
2023-06-19,514000,0.78,31457539000
2023-06-20,509000,-0.97,43717606000
2023-06-21,501000,-1.57,40340579000
2023-06-22,498000,-0.6,32303618500
2023-06-23,493500,-0.9,26176699000
2023-06-26,494500,0.2,31023021000
2023-06-27,483000,-2.33,34194885340
2023-06-28,475500,-1.55,50050474000
2023-06-29,461500,-2.94,52489925000
2023-06-30,459000,-0.54,30189917500
2023-07-03,459000,0.0,30526210500
2023-07-04,455000,-0.87,42389073500
2023-07-05,444500,-2.31,40890879500
2023-07-06,437000,-1.69,41977274187
2023-07-07,432000,-1.14,39394308000
2023-07-10,440000,1.85,69831473331
2023-07-11,446000,1.36,34828873500
2023-07-12,459000,2.91,42235556000
2023-07-13,461000,0.44,37700468000
2023-07-14,464500,0.76,26714855000
2023-07-17,469000,0.97,22912166000
2023-07-18,458500,-2.24,30839394000
2023-07-19,454000,-0.98,24511895000
2023-07-20,445500,-1.87,24462744500
2023-07-21,446500,0.22,17870431500
2023-07-24,432500,-3.14,38582714500
2023-07-25,432000,-0.12,40502422500
2023-07-26,415000,-3.94,62356906000
2023-07-27,455500,9.76,81334175500
2023-07-28,418500,-8.12,55201306500
2023-07-31,428000,2.27,39754657000
2023-08-01,441000,3.04,32493205680
2023-08-02,449000,1.81,64823532770
2023-08-03,441000,-1.78,18107265500
2023-08-04,453500,2.83,28917418000
2023-08-07,448000,-1.21,19629312500
2023-08-08,437500,-2.34,19157455500
2023-08-09,439500,0.46,14237597000
2023-08-10,498000,13.31,204087610304
2023-08-11,495000,-0.6,97075871000
2023-08-14,495000,0.0,64433009000
2023-08-16,460000,-7.07,71080764500
2023-08-17,450000,-2.17,49133225000
2023-08-18,447500,-0.56,44036907500
2023-08-21,444500,-0.67,25751181000
2023-08-22,435000,-2.14,38320593000
2023-08-23,431500,-0.8,32657542500
2023-08-24,434000,0.58,16513979500
2023-08-25,449000,3.46,34093603500
2023-08-28,458000,2.0,27073392500
2023-08-29,448500,-2.07,24616254000
2023-08-30,469500,4.68,49983239500
2023-08-31,464500,-1.06,32513192500
2023-09-01,484500,4.31,58514421000
2023-09-04,480500,-0.83,26544497500
2023-09-05,476500,-0.83,17410823000
2023-09-06,473500,-0.63,15442212000
2023-09-07,462500,-2.32,38892164000
2023-09-08,462500,0.0,16309600500
2023-09-11,457000,-1.19,24978664000
2023-09-12,466000,1.97,42209889000
2023-09-13,454000,-2.58,34115229000
2023-09-14,457500,0.77,31826994500
2023-09-15,470500,2.84,53594813000
2023-09-18,470000,-0.11,16373674500
2023-09-19,469000,-0.21,22023810000
2023-09-20,457500,-2.45,19870938500
2023-09-21,448000,-2.08,35205637276
2023-09-22,441500,-1.45,32044840444
2023-09-25,454000,2.83,28627521500
2023-09-26,448500,-1.21,43985220626
2023-09-27,446500,-0.45,45474011250
2023-10-04,438000,-1.9,62819344860
2023-10-05,434500,-0.8,29947272000
2023-10-06,425000,-2.19,33090861500
2023-10-10,423500,-0.35,26084245500
2023-10-11,421500,-0.47,22562319500
2023-10-12,426000,1.07,24309210500
2023-10-13,420000,-1.41,16628033500
2023-10-16,414500,-1.31,19225648500
2023-10-17,418000,0.84,14175677500
2023-10-18,406500,-2.75,29948538500
2023-10-19,390000,-4.06,39684103500
2023-10-20,380000,-2.56,37459498000
2023-10-23,388500,2.24,21512089000
2023-10-24,385000,-0.9,29552278000
2023-10-25,399500,3.77,62477636718
2023-10-26,391000,-2.13,32970337500
2023-10-27,311500,-20.33,217246499500
2023-10-30,311000,-0.16,55705689000
2023-10-31,315500,1.45,69139696000
2023-11-01,322500,2.22,34302632500
2023-11-02,321500,-0.31,52505913500
2023-11-03,328000,2.02,36746722000
2023-11-06,348500,6.25,45850364000
2023-11-07,346000,-0.72,40334558500
2023-11-08,347000,0.29,23217262500
2023-11-09,340500,-1.87,31095112000
2023-11-10,332500,-2.35,18521865500
2023-11-13,329500,-0.9,15372321000
2023-11-14,334000,1.37,15903480500
2023-11-15,343500,2.84,22106781500
2023-11-16,345500,0.58,18472318000
2023-11-17,337500,-2.32,13029639000
2023-11-20,344000,1.93,13059762000
2023-11-21,347000,0.87,22505605500
2023-11-22,344000,-0.86,19262610500
2023-11-23,344500,0.15,11070967500
2023-11-24,337500,-2.03,16159890500
2023-11-27,340000,0.74,12382590500
2023-11-28,338000,-0.59,13870786000
2023-11-29,331500,-1.92,21266576000
2023-11-30,333500,0.6,38940751500
2023-12-01,328000,-1.65,19330462500
2023-12-04,324500,-1.07,21625489000
2023-12-05,325000,0.15,15412803500
2023-12-06,323500,-0.46,13451262000
2023-12-07,317500,-1.85,20974222000
2023-12-08,320500,0.94,12165497500
2023-12-11,321500,0.31,10088961500
2023-12-12,324500,0.93,14160596000
2023-12-13,336000,3.54,28663070500
2023-12-14,344500,2.53,58100864500
2023-12-15,353500,2.61,31203932500
2023-12-18,353000,-0.14,21229326000
2023-12-19,358500,1.56,25518791000
2023-12-20,358500,0.0,18088464500
2023-12-21,350500,-2.23,20123313000
2023-12-22,350500,0.0,9031953000
2023-12-26,349500,-0.29,10081333000
2023-12-27,350500,0.29,10351935000
2023-12-28,355000,1.28,18403970500
2024-01-02,354000,-0.28,12758454500
2024-01-03,340500,-3.81,21116231500
2024-01-04,334500,-1.76,13601429500
2024-01-05,335000,0.15,9370441500
2024-01-08,328500,-1.94,12475413000
2024-01-09,339000,3.2,13376916500
2024-01-10,332500,-1.92,10819713500
2024-01-11,330000,-0.75,18304686000
2024-01-12,325000,-1.52,17502950000
2024-01-15,317500,-2.31,15135211000
2024-01-16,312500,-1.57,13041167000
2024-01-17,305000,-2.4,17568081000
2024-01-18,325500,6.72,46688007000
2024-01-19,322500,-0.92,14692546000
2024-01-22,315000,-2.33,14022159000
2024-01-23,319000,1.27,22967595000
2024-01-24,317500,-0.47,13381810500
2024-01-25,315000,-0.79,14590719000
2024-01-26,315500,0.16,14990258500
2024-01-29,314000,-0.48,14231789000
2024-01-30,318000,1.27,15866274500
2024-01-31,303500,-4.56,37775445500
2024-02-01,305500,0.66,24436653500
2024-02-02,314000,2.78,22911811000
2024-02-05,308000,-1.91,19466703500
2024-02-06,311000,0.97,24994959000
2024-02-07,316000,1.61,25311156000
2024-02-08,308500,-2.37,35639811500
2024-02-13,309500,0.32,28646368000
2024-02-14,308000,-0.48,67508031000
2024-02-15,322000,4.55,160419875000
2024-02-16,336500,4.5,64418784500
2024-02-19,340000,1.04,30407569000
2024-02-20,340000,0.0,42719867000
2024-02-21,332000,-2.35,25037490500
2024-02-22,329500,-0.75,16914373000
2024-02-23,321500,-2.43,28007279500
2024-02-26,321500,0.0,17230268000
2024-02-27,313500,-2.49,28197862500
2024-02-28,324500,3.51,24314196000
2024-02-29,319000,-1.69,28266546500
2024-03-04,321500,0.78,24093516500
2024-03-05,333000,3.58,49208509500
2024-03-06,342000,2.7,39556336000
2024-03-07,335000,-2.05,24644081000
2024-03-08,334500,-0.15,19455002500
2024-03-11,350500,4.78,46441457000
2024-03-12,348000,-0.71,20825608500
2024-03-13,342000,-1.72,19796626500
2024-03-14,347000,1.46,34421121500
2024-03-15,345500,-0.43,36346164000
2024-03-18,355500,2.89,39705543500
2024-03-19,349000,-1.83,31001590500
2024-03-20,365000,4.58,83073639500
2024-03-21,376500,3.15,49046113500
2024-03-22,381500,1.33,46922097500
2024-03-25,388000,1.7,42951150500
2024-03-26,380000,-2.06,38036062000
2024-03-27,392000,3.16,36296473500
2024-03-28,386500,-1.4,26267315000
2024-03-29,380000,-1.68,28288973500
2024-04-01,405000,6.58,71353096500
2024-04-02,401000,-0.99,35491960500
2024-04-03,386000,-3.74,43028133000
2024-04-04,383000,-0.78,40059426000
2024-04-05,370500,-3.26,30871874000
2024-04-08,361000,-2.56,33136486500
2024-04-09,357500,-0.97,26423867000
2024-04-11,353000,-1.26,28471454000
2024-04-12,368000,4.25,30635734500
2024-04-15,373500,1.49,34672753000
2024-04-16,373000,-0.13,33633086500
2024-04-17,386000,3.49,37042841000
2024-04-18,381500,-1.17,44883806500
2024-04-19,371000,-2.75,41930858500
2024-04-22,382500,3.1,22064429500
2024-04-23,392000,2.48,43521668000
2024-04-24,390500,-0.38,26669629500
2024-04-25,375500,-3.84,39395442000
2024-04-26,392000,4.39,65264501500
2024-04-29,396500,1.15,47311021000
2024-04-30,420000,5.93,86164568000
2024-05-02,425500,1.31,80383171500
2024-05-03,432000,1.53,41245800000
2024-05-07,436500,1.04,42528507500
2024-05-08,437000,0.11,30296242000
2024-05-09,459000,5.03,86939361000
2024-05-10,466000,1.53,82659607500
2024-05-13,455500,-2.25,43269499000
2024-05-14,450000,-1.21,30457388000
2024-05-16,455000,1.11,30572442500
2024-05-17,448000,-1.54,16685610000
2024-05-20,444000,-0.89,26997529500
2024-05-21,449500,1.24,28083811000
2024-05-22,469000,4.34,51722352500
2024-05-23,460000,-1.92,41494571500
2024-05-24,454500,-1.2,19210905500
2024-05-27,450500,-0.88,24066902000
2024-05-28,435000,-3.44,39627444500
2024-05-29,430000,-1.15,31195476500
2024-05-30,422500,-1.74,27505071000
2024-05-31,417500,-1.18,65047835000
2024-06-03,424500,1.68,29827910000
2024-06-04,402500,-5.18,44123453000
2024-06-05,410500,1.99,32197911000
2024-06-07,414500,0.97,21524309500
2024-06-10,400000,-3.5,26362836500
2024-06-11,401500,0.38,30866853000
2024-06-12,403500,0.5,28444224500
2024-06-13,400000,-0.87,54941892500
2024-06-14,401000,0.25,45827670059
2024-06-17,392500,-2.12,29637813500
2024-06-18,388500,-1.02,25551393000
2024-06-19,381500,-1.8,29817475000
2024-06-20,373000,-2.23,36707435000
2024-06-21,369000,-1.07,38220399000
2024-06-24,360000,-2.44,37665466000
2024-06-25,363000,0.83,24414956404
2024-06-26,363500,0.14,21256374000
2024-06-27,351500,-3.3,29005051000
2024-06-28,345500,-1.71,30925928500
2024-07-01,361500,4.63,46017870000
2024-07-02,360000,-0.41,25913246000
2024-07-03,350000,-2.78,22945817000
2024-07-04,348000,-0.57,21081880000
2024-07-05,348500,0.14,15489355000
2024-07-08,356000,2.15,13652428000
2024-07-09,358500,0.7,16443322000
2024-07-10,357500,-0.28,12497914000
2024-07-11,360500,0.84,27272160500
2024-07-12,360000,-0.14,15745946500
2024-07-15,353500,-1.81,13405936000
2024-07-16,341500,-3.39,30027064000
2024-07-17,350000,2.49,23226714500
2024-07-18,354000,1.14,22321276500
2024-07-19,342500,-3.25,19314282000
2024-07-22,346500,1.17,13003787500
2024-07-23,339500,-2.02,16747494000
2024-07-24,343000,1.03,12577390500
2024-07-25,341500,-0.44,17343383500
2024-07-26,351000,2.78,33594711500
2024-07-29,359000,2.28,22717807000
2024-07-30,352500,-1.81,15448452000
2024-07-31,352000,-0.14,19590543000
2024-08-01,350000,-0.57,31702446500
2024-08-02,354000,1.14,25043595500
2024-08-05,327000,-7.63,42719003500
2024-08-06,345000,5.5,29355521500
2024-08-07,350000,1.45,24284317500
2024-08-08,350000,0.0,20248405000
2024-08-09,338500,-3.29,29171850500
2024-08-12,340500,0.59,14688559000
2024-08-13,330000,-3.08,27437407004
2024-08-14,337000,2.12,12340504000
2024-08-16,336000,-0.3,13534302000
2024-08-19,338000,0.6,10028515500
2024-08-20,338500,0.15,10923801000
2024-08-21,338500,0.0,11881518000
2024-08-22,340000,0.44,13404941500
2024-08-23,341500,0.44,11401827500
2024-08-26,336500,-1.46,14369909000
2024-08-27,345500,2.67,16459084000
2024-08-28,359500,4.05,47046081000
2024-08-29,355000,-1.25,26112737500
2024-08-30,354500,-0.14,35190812500
2024-09-02,360500,1.69,27554825500
2024-09-03,355000,-1.53,13023190000
2024-09-04,338500,-4.65,18173792500
2024-09-05,344000,1.62,10250030500
2024-09-06,339000,-1.45,13381455500
2024-09-09,346000,2.06,13437422500
2024-09-10,346000,0.0,9038913000
2024-09-11,356500,3.03,26560998000
2024-09-12,363500,1.96,21993503500
2024-09-13,350000,-3.71,14160191000
2024-09-19,349500,-0.14,24631720500
2024-09-20,349500,0.0,17323175500
2024-09-23,352000,0.72,8306744000
2024-09-24,355000,0.85,14446757000
2024-09-25,374000,5.35,81722063500
2024-09-26,364000,-2.67,34226868500
2024-09-27,383500,5.36,58837893000
2024-09-30,379000,-1.17,31060095500
2024-10-02,381000,0.53,34402690500
2024-10-04,383000,0.52,26221958000
2024-10-07,384500,0.39,16852841000
2024-10-08,353500,-8.06,51620486000
2024-10-10,358000,1.27,23647246500
2024-10-11,354000,-1.12,16818568000
2024-10-14,356500,0.71,10365289500
2024-10-15,354000,-0.7,22313242000
2024-10-16,351000,-0.85,26059651500
2024-10-17,350500,-0.14,19788557000
2024-10-18,349000,-0.43,12110329500
2024-10-21,348500,-0.14,12601967500
2024-10-22,347500,-0.29,20066002000
2024-10-23,354000,1.87,18561731000
2024-10-24,354500,0.14,10552912500
2024-10-25,346000,-2.4,16614966000
2024-10-28,351500,1.59,14956637500
2024-10-29,350000,-0.43,12308059000
2024-10-30,329500,-5.86,44878369000
2024-10-31,331500,0.61,23146852500
2024-11-01,332000,0.15,20170234000
2024-11-04,338000,1.81,15631086000
2024-11-05,339000,0.3,13184353000
2024-11-06,337000,-0.59,14890356500
2024-11-07,342500,1.63,12764169500
2024-11-08,347000,1.31,14451424000
2024-11-11,347000,0.0,19323177500
2024-11-12,334500,-3.6,18583713000
2024-11-13,332500,-0.6,15107172000
2024-11-14,357000,7.37,17219068000
2024-11-15,338000,-5.32,15443792000
2024-11-18,337000,-0.3,13402168500
2024-11-19,334000,-0.89,13897748000
2024-11-20,321000,-3.89,22519260500
2024-11-21,314000,-2.18,14710341000
2024-11-22,325500,3.66,20333048000
2024-11-25,326000,0.15,28775902000
2024-11-26,324500,-0.46,7748435000
2024-11-27,320500,-1.23,11664872000
2024-11-28,320000,-0.16,5908537500
2024-11-29,310500,-2.97,15702425500
2024-12-02,316000,1.77,9668093500
2024-12-03,327500,3.64,18675697500
2024-12-04,324500,-0.92,11068859500
2024-12-05,324500,0.0,7615390000
2024-12-06,327000,0.77,13905281000
2024-12-09,331000,1.22,18054985000
2024-12-10,334000,0.91,18799502000
2024-12-11,334500,0.15,12232041500
2024-12-12,339000,1.35,22542258500
2024-12-13,337500,-0.44,9077849500
2024-12-16,337500,0.0,8258460000
2024-12-17,322000,-4.59,18937217000
2024-12-18,321000,-0.31,9024065000
2024-12-19,316500,-1.4,9734139500
2024-12-20,311500,-1.58,11402599500
2024-12-23,313500,0.64,7705549000
2024-12-24,312000,-0.48,6699890500
2024-12-26,309500,-0.8,9983668000
2024-12-27,307000,-0.81,10084400500
2024-12-30,305000,-0.65,7668422500
2025-01-02,306500,0.49,8153949500
2025-01-03,312000,1.79,9887741500
2025-01-06,312000,0.0,23849482000
2025-01-07,311000,-0.32,14775777500
2025-01-08,311000,0.0,12963403000
2025-01-09,312000,0.32,17137492000
2025-01-10,306000,-1.92,15236910500
2025-01-13,301000,-1.63,14382972000
2025-01-14,301500,0.17,6997533000
2025-01-15,300500,-0.33,10945117000
2025-01-16,302000,0.5,15323586500
2025-01-17,303000,0.33,12686441500
2025-01-20,296000,-2.31,22463749000
2025-01-21,297500,0.51,10457096000
2025-01-22,301000,1.18,11535656500
2025-01-23,298000,-1.0,10258270000
2025-01-24,297500,-0.17,6292192000
2025-01-31,307000,3.19,19899583500
2025-02-03,300500,-2.12,15504224000
2025-02-04,296000,-1.5,11643961500
2025-02-05,311000,5.07,24818223500
2025-02-06,309000,-0.64,6875288500
2025-02-07,309500,0.16,9020133500
2025-02-10,304000,-1.78,9754250500
2025-02-11,309500,1.81,8289822000
2025-02-12,309000,-0.16,5900275000
2025-02-13,316000,2.27,20046256000
2025-02-14,309000,-2.22,10303641500
2025-02-17,315000,1.94,9152506500
2025-02-18,312000,-0.95,7044556500
2025-02-19,315500,1.12,9264782000
2025-02-20,335000,6.18,67627327500
2025-02-21,330000,-1.49,17021025500
2025-02-24,327000,-0.91,8965664000
2025-02-25,320500,-1.99,10640169000
2025-02-26,321000,0.16,17216384500
2025-02-27,320500,-0.16,17329521000
2025-02-28,319500,-0.31,34832210000
2025-03-04,319500,0.0,21557898250
2025-03-05,316500,-0.94,21547459000
2025-03-06,318500,0.63,10877781250
2025-03-07,319500,0.31,11161718500
2025-03-10,319000,-0.16,10622129250
2025-03-11,323000,1.25,21979946000
2025-03-12,330000,2.17,14567238250
2025-03-13,327000,-0.91,32386870750
2025-03-14,327000,0.0,7046724250
2025-03-17,328000,0.31,8647798000
2025-03-18,325000,-0.91,7402511000
2025-03-19,325500,0.15,8026881500
2025-03-20,324500,-0.31,8026790750
2025-03-21,326500,0.62,16680308750
2025-03-24,324000,-0.77,7400821500
2025-03-25,323000,-0.31,9001971750
2025-03-26,325000,0.62,6021666000
2025-03-27,329000,1.23,12299973000
2025-03-28,331500,0.76,10472357000
2025-03-31,312500,-5.73,21216144500
2025-04-01,312500,0.0,12871661250
2025-04-02,310500,-0.64,21794075000
2025-04-03,315000,1.45,13337457500
2025-04-04,316000,0.32,13549579500
2025-04-07,305000,-3.48,15416887750
2025-04-08,299500,-1.8,12015457500
2025-04-09,290000,-3.17,14258280500
2025-04-10,309500,6.72,28975832750
2025-04-11,312500,0.97,9898678750
2025-04-14,310500,-0.64,5486919750
2025-04-15,309500,-0.32,8126844250
2025-04-16,312500,0.97,9484843000
2025-04-17,315000,0.8,6313035500
2025-04-18,310500,-1.43,6390870250
2025-04-21,322000,3.7,13651501250
2025-04-22,321000,-0.31,6675947000
2025-04-23,321500,0.16,7875905000
2025-04-24,322000,0.16,6512313750
2025-04-25,319500,-0.78,7841423750
2025-04-28,319000,-0.16,8398844500
2025-04-29,341000,6.9,42452801750
2025-04-30,337500,-1.03,11809806750
2025-05-02,337500,0.0,9384156250
2025-05-07,329500,-2.37,12828338500
2025-05-08,329500,0.0,17530710250
2025-05-09,326500,-0.91,7567858750
2025-05-12,323000,-1.07,11118124500
2025-05-13,325000,0.62,7868672750
2025-05-14,323500,-0.46,6532635500
2025-05-15,320000,-1.08,7649265500
2025-05-16,316000,-1.25,7385528000
2025-05-19,312000,-1.27,5090326250
2025-05-20,312000,0.0,6376159000
2025-05-21,311500,-0.16,6996532250
2025-05-22,309500,-0.64,7483401000
2025-05-23,317000,2.42,10401427250
2025-05-26,320500,1.1,8473092250
2025-05-27,324500,1.25,12104014250
2025-05-28,325500,0.31,6291126750
2025-05-29,327500,0.61,16301415250
2025-05-30,326000,-0.46,18709996500
2025-06-02,322500,-1.07,9042683000
2025-06-04,330000,2.33,17721651250
2025-06-05,340500,3.18,18816960250
2025-06-09,340500,0.0,18505229250
2025-06-10,346500,1.76,15981418500
2025-06-11,345500,-0.29,13565164250
2025-06-12,342500,-0.87,27247574250
2025-06-13,334500,-2.34,13751469000
2025-06-16,339000,1.35,9177246000
2025-06-17,336500,-0.74,9199587500
2025-06-18,339000,0.74,13679036500
2025-06-19,338500,-0.15,9688141250
2025-06-20,348500,2.95,32670210750
2025-06-23,341500,-2.01,15525872750
2025-06-24,349500,2.34,15296151250
2025-06-25,341500,-2.29,20539217250
2025-06-26,334500,-2.05,15229465750
2025-06-27,325000,-2.84,20060519000
2025-06-30,319500,-1.69,23552039250
2025-07-01,320500,0.31,21673781750
2025-07-02,324000,1.09,17312377000
2025-07-03,327000,0.93,20592334250
2025-07-04,324000,-0.92,14882485500
2025-07-07,322000,-0.62,14676928250
2025-07-08,324000,0.62,15524745250
2025-07-09,322000,-0.62,20820741000
2025-07-10,329000,2.17,28230429500
2025-07-11,329500,0.15,12825773250
2025-07-14,339000,2.88,24027317000
2025-07-15,333000,-1.77,33591669000
2025-07-16,328500,-1.35,14753011000
2025-07-17,331000,0.76,9370931250
2025-07-18,330500,-0.15,8278559250
2025-07-21,330500,0.0,10268204750
2025-07-22,331000,0.15,14723256000
2025-07-23,331500,0.15,13467715250
2025-07-24,329000,-0.75,14981319250
2025-07-25,327000,-0.61,11948060500
2025-07-28,326500,-0.15,12757087750
2025-07-29,323500,-0.92,22095036000
2025-07-30,321500,-0.62,22014980000
2025-07-31,316000,-1.71,32725685000
2025-08-01,293000,-7.28,71702592500
2025-08-04,298500,1.88,13336362500
2025-08-05,294500,-1.34,21946888500
2025-08-06,297000,0.85,14428752250
2025-08-07,299000,0.67,9855061000
2025-08-08,298000,-0.33,9257128750
2025-08-11,297500,-0.17,10804892500
2025-08-12,295000,-0.84,9400169250
2025-08-13,296500,0.51,19152182500
2025-08-14,305500,3.04,27453522000
2025-08-18,296500,-2.95,19436536250
2025-08-19,301500,1.69,12387125000
2025-08-20,302000,0.17,14026348500
2025-08-21,303000,0.33,11538555500
2025-08-22,300000,-0.99,9392071500
2025-08-25,298000,-0.67,9366013500
2025-08-26,302000,1.34,17630288500
2025-08-27,299000,-0.99,8274610750
2025-08-28,298500,-0.17,14134204750
2025-08-29,295500,-1.01,11900116000
2025-09-01,292500,-1.02,10084621500
2025-09-02,292000,-0.17,12550600750
2025-09-03,293500,0.51,7230200500
2025-09-04,294000,0.17,9808121750
2025-09-05,296500,0.85,11366021250
2025-09-08,293500,-1.01,12709417500
2025-09-09,293000,-0.17,11995344750
2025-09-10,292500,-0.17,16534554000
2025-09-11,294000,0.51,35099319000
2025-09-12,294000,0.0,23933893750
2025-09-15,291500,-0.85,20682870000
2025-09-16,291000,-0.17,12511960000
2025-09-17,291500,0.17,4771172000
2025-09-18,292500,0.34,11909166500
2025-09-19,292000,-0.17,12904888500
2025-09-22,292000,0.0,10702292500
2025-09-23,284000,-2.74,27455212750
2025-09-24,285500,0.53,10138820000
2025-09-25,286500,0.35,7463924750
2025-09-26,281000,-1.92,14871681250
2025-09-29,285500,1.6,11202973000
2025-09-30,286000,0.18,14938588250
2025-10-01,286500,0.17,8227797500
2025-10-02,289000,0.87,19346683750
2025-10-10,289000,0.0,17360848750
2025-10-13,289500,0.17,14714201250
2025-10-14,282500,-2.42,13675600750
2025-10-15,282000,-0.18,9249311250
2025-10-16,283500,0.53,11258081750
2025-10-17,281500,-0.71,11140926750
2025-10-20,281500,0.0,12394125000
2025-10-21,282000,0.18,17915479500
2025-10-22,288000,2.13,13627860000
2025-10-23,283500,-1.56,10414626250
2025-10-24,284000,0.18,9316093500
2025-10-27,286500,0.88,11080623750
2025-10-28,290500,1.4,16654663500
2025-10-29,288000,-0.86,12720604750
2025-10-30,287000,-0.35,23408296500
2025-10-31,284500,-0.87,15536482250
2025-11-03,286500,0.7,30696775000
2025-11-04,291000,1.57,33836154750
2025-11-05,286000,-1.72,19288467000
2025-11-06,286000,0.0,14182456000
2025-11-07,289000,1.05,22626592000
2025-11-10,288500,-0.17,12898741500
2025-11-11,291000,0.87,24246787500
2025-11-12,298500,2.58,36065840250
2025-11-13,301000,0.84,22952891000
2025-11-14,294000,-2.33,15887007250
2025-11-17,289000,-1.7,13104288750
2025-11-18,281000,-2.77,19978729250
2025-11-19,286000,1.78,10650232500
2025-11-20,296500,3.67,39779547250
2025-11-21,295000,-0.51,13553869250
2025-11-24,289000,-2.03,23846200250
2025-11-25,282500,-2.25,16118908000
2025-11-26,285500,1.06,9570884500
2025-11-27,279500,-2.1,31178847750
2025-11-28,276500,-1.07,25955326000
2025-12-01,276000,-0.18,17347239250
2025-12-02,276000,0.0,6488716000
2025-12-03,276500,0.18,8461445500
2025-12-04,271500,-1.81,26912016750
2025-12-05,272500,0.37,13057730500
2025-12-08,270500,-0.73,12440976500
2025-12-09,267500,-1.11,18373339500
2025-12-10,263000,-1.68,20601046000
2025-12-11,259000,-1.52,30848902500
2025-12-12,263000,1.54,13967328750
2025-12-15,267000,1.52,26952969000
2025-12-16,266000,-0.37,13665408000
2025-12-17,266000,0.0,9602802250
2025-12-18,262500,-1.32,11987004500
2025-12-19,264000,0.57,17970130000
2025-12-22,263500,-0.19,10326585000
2025-12-23,263000,-0.19,8953033000
2025-12-24,264000,0.38,9263815000
2025-12-26,260000,-1.52,10941192000
2025-12-29,258000,-0.77,11176555250
2025-12-30,258500,0.19,8681681000
2026-01-02,270000,4.45,27834124750
2026-01-05,267000,-1.11,22393747750
2026-01-06,266500,-0.19,16446289750
2026-01-07,262000,-1.69,25434729250
2026-01-08,262500,0.19,21940820500
2026-01-09,262000,-0.19,14054120750
2026-01-12,262000,0.0,18042809750
2026-01-13,262000,0.0,12974037000
2026-01-14,263000,0.38,12654670250
2026-01-15,263000,0.0,12904684000
2026-01-16,264500,0.57,18319355000
2026-01-19,263500,-0.38,10615061250
2026-01-20,270000,2.47,21587324500
2026-01-21,269500,-0.19,19329289000
2026-01-22,274000,1.67,26580939000
2026-01-23,274000,0.0,12762257250
2026-01-26,273000,-0.36,15672724000
2026-01-27,276500,1.28,29451602558
2026-01-28,275000,-0.54,19047177000
2026-01-29,266500,-3.09,34154115500
2026-01-30,262500,-1.5,22550108250
2026-02-02,257000,-2.1,24903978500
2026-02-03,257500,0.19,25420317250
2026-02-04,264500,2.72,20196647000
2026-02-05,266500,0.76,24429299000
2026-02-06,261500,-1.88,21392050750
2026-02-09,268500,2.68,28703005000
2026-02-10,274500,2.23,22557281750
2026-02-11,271500,-1.09,22886215750
2026-02-12,276000,1.66,27600701750
2026-02-13,276500,0.18,19859367750
2026-02-19,278500,0.72,30067881250
2026-02-20,273000,-1.97,22434922500
2026-02-23,272000,-0.37,20890608250
2026-02-24,269500,-0.92,21343936500
2026-02-25,268000,-0.56,20253657250
2026-02-26,269000,0.37,34485024500
2026-02-27,267000,-0.74,287600772250
2026-03-03,253500,-5.06,31474889000
2026-03-04,225000,-11.24,38314669500
2026-03-05,235500,4.67,18128661750
2026-03-06,248000,5.31,17770655750
2026-03-09,249000,0.4,25392661250
2026-03-10,245000,-1.61,17218063750
2026-03-11,248000,1.22,15496310750
2026-03-12,251500,1.41,20327932750
2026-03-13,249500,-0.8,12390460750
2026-03-16,240500,-3.61,15882115000
2026-03-17,243000,1.04,16907329250
2026-03-18,245500,1.03,13272687903
2026-03-19,243000,-1.02,13593222750
2026-03-20,255500,5.14,29571385750
2026-03-23,245000,-4.11,11753953750
2026-03-24,250000,2.04,10307773000
2026-03-25,246500,-1.4,14057223000
2026-03-26,242000,-1.83,7669755750
2026-03-27,247500,2.27,14863465250
2026-03-30,244000,-1.41,9580156750
2026-03-31,247000,1.23,20031275750
2026-04-01,253500,2.63,14758103250
2026-04-02,245000,-3.35,15239551000
2026-04-03,247000,0.82,7568875000
2026-04-06,239000,-3.24,10840399750
2026-04-07,236000,-1.26,9650716750
2026-04-08,247000,4.66,13270946500
2026-04-09,251000,1.62,15119280500
2026-04-10,249000,-0.8,12969307000
2026-04-13,248500,-0.2,8790351250
2026-04-14,249000,0.2,7423820500
2026-04-15,249000,0.0,11339158250
2026-04-16,253500,1.81,10597014250
2026-04-17,255000,0.59,11956697500
2026-04-20,251500,-1.37,7158462250
2026-04-21,250500,-0.4,9538200250
2026-04-22,250000,-0.2,7470701000
2026-04-23,247000,-1.2,12950071250
2026-04-24,253000,2.43,13792998000
2026-04-27,254000,0.4,10420202250
2026-04-28,255000,0.39,10767925250
2026-04-29,254500,-0.2,14124285250
2026-04-30,254000,-0.2,20744444000
2026-05-04,279500,10.04,94123890750
2026-05-06,267500,-4.29,29390511500
2026-05-07,275000,2.8,31051534500
2026-05-08,275500,0.18,16082099500
2026-05-11,268500,-2.54,15977737500
2026-05-12,264000,-1.68,21275427250
2026-05-13,256500,-2.84,17699904500
2026-05-14,283000,10.33,41948946250
2026-05-15,268000,-5.3,21885721250
2026-05-18,259500,-3.17,14555076250
2026-05-19,260000,0.19,16042070000
2026-05-20,248500,-4.42,16007828250
2026-05-21,252000,1.41,14549665250
2026-05-22,262500,4.17,14443473250
2026-05-26,257500,-1.9,12099259250
2026-05-27,252500,-1.94,16760362250
2026-05-28,248000,-1.78,14501435000
2026-05-29,247500,-0.2,19226118250
2026-06-01,248500,0.4,45726833250
2026-06-02,244000,-1.81,14190837000
2026-06-04,254000,4.1,20118991500
2026-06-05,248000,-2.36,14120023250
2026-06-08,238000,-4.03,13122737750
2026-06-09,242000,1.68,16728177500
2026-06-10,234500,-3.1,26854864500
2026-06-11,238500,1.71,21248940750
2026-06-12,242000,1.47,23513602250
2026-06-15,246500,1.86,9802486000
2026-06-16,246500,0.0,8640769500
2026-06-17,239500,-2.84,11385121000
2026-06-18,237000,-1.04,8594053250
2026-06-19,235500,-0.63,16960546500
2026-06-22,226500,-3.82,10404663500
2026-06-23,225500,-0.44,16796642750
2026-06-24,225000,-0.22,11993634000
2026-06-25,224000,-0.44,14530194000
2026-06-26,215000,-4.02,11732917750
2026-06-29,236000,9.77,19728412000
2026-06-30,229500,-2.75,12749853250
2026-07-01,236000,2.83,7803285250
2026-07-02,245000,3.81,22464754500
2026-07-03,245000,0.0,8869105750
2026-07-06,247500,1.02,9373859000
2026-07-07,258000,4.24,21519812000
2026-07-08,256000,-0.78,18406654500
2026-07-09,241000,-5.86,16170221500
2026-07-10,245000,1.66,9113973750
2026-07-13,248500,1.43,10149592500
2026-07-14,240500,-3.22,12949684750
2026-07-15,238000,-1.04,10480578000
2026-07-16,246500,3.57,9170353000
2026-07-20,245000,-0.61,14417156250
2026-07-21,245000,0.0,8438653500
2026-07-22,244000,-0.41,7958466750
2026-07-23,248000,1.64,9045221500
2026-07-24,248500,0.2,9611365750
2026-07-27,256000,3.02,9862865500
2026-07-28,255500,-0.2,17641473250
2026-07-29,263000,2.94,46140769500
2026-07-30,292000,11.03,147834088750
2026-07-31,287000,-1.71,43499905250
2026-08-03,283500,-1.22,28046569250
2026-08-04,291500,2.82,29207475500
2026-08-05,292500,0.34,32275637500
2026-08-06,324000,10.77,90335570000
2026-08-07,333500,2.93,60378612000
2026-08-10,320000,-4.05,28148687750
2026-08-11,318500,-0.47,30363475250
2026-08-12,314000,-1.41,31997187500
2026-08-13,303500,-3.34,48492463750
2026-08-14,307500,1.32,23558975750
2026-08-18,300000,-2.44,22312692750
2026-08-19,302000,0.67,15510582250
2026-08-20,304500,0.83,15237257500
2026-08-21,313000,2.79,22809000000
2026-08-24,316000,0.96,16131974750
2026-08-25,316000,0.0,28971442750
2026-08-26,311000,-1.58,17533262250
2026-08-27,298500,-4.02,27526467500
2026-08-28,318000,6.53,28371838250
2026-08-31,313000,-1.57,38255365250
2026-09-01,306000,-2.24,26073400593
2026-09-02,297000,-2.94,14975681250
2026-09-03,291500,-1.85,19537720000
2026-09-04,294000,0.86,11005131750
2026-09-07,293000,-0.34,16462699500
2026-09-08,290000,-1.02,14721388250
2026-09-09,291500,0.52,19689883250
2026-09-10,295000,1.2,20456623750
2026-09-11,291000,-1.36,17655723750
2026-09-14,299000,2.75,19727591750
2026-09-15,302000,1.0,29957844250
2026-09-16,301500,-0.17,18222761000
2026-09-17,296500,-1.66,14471868000
2026-09-18,295500,-0.34,27954149000
2026-09-21,299000,1.18,13851318000
2026-09-22,296500,-0.84,17578874250
2026-09-23,292500,-1.35,9463603000
2026-09-28,291500,-0.3400000035762787,17436740500
2026-09-29,280000,-3.950000047683716,24670864250
2026-09-30,269000,-3.930000066757202,27293741000
2026-10-01,271500,0.9300000071525574,19327813250
2026-10-02,271000,-0.18000000715255737,15166207500
