date,close,change_pct,trading_value
2016-07-18,57400,4.170000076293945,3265350900
2016-07-19,56800,-1.0499999523162842,3604044200
2016-07-20,60900,7.21999979019165,7036056500
2016-07-21,59700,-1.9700000286102295,7398319400
2016-07-22,59100,-1.0099999904632568,3214692600
2016-07-25,58900,-0.3400000035762787,1319799600
2016-07-26,58900,0.0,2605309300
2016-07-27,62000,5.260000228881836,8096381600
2016-07-28,63900,3.059999942779541,4480673500
2016-07-29,61700,-3.440000057220459,3859456800
2016-08-01,59500,-3.569999933242798,8288114800
2016-08-02,61800,3.869999885559082,5945143300
2016-08-03,61200,-0.9700000286102295,4615792100
2016-08-04,59900,-2.119999885559082,3384200000
2016-08-05,58900,-1.6699999570846558,4451421000
2016-08-08,58600,-0.5099999904632568,1581476700
2016-08-09,59900,2.2200000286102295,3252319200
2016-08-10,56100,-6.340000152587891,7771002200
2016-08-11,57100,1.7799999713897705,4014448800
2016-08-12,55600,-2.630000114440918,5741448100
2016-08-16,59000,6.119999885559082,4406404800
2016-08-17,57700,-2.200000047683716,2051367000
2016-08-18,57200,-0.8700000047683716,2055145600
2016-08-19,56400,-1.399999976158142,2469101600
2016-08-22,57000,1.059999942779541,1631725200
2016-08-23,56700,-0.5299999713897705,1672364000
2016-08-24,58000,2.2899999618530273,2797482900
2016-08-25,57500,-0.8600000143051147,2332716500
2016-08-26,57400,-0.17000000178813934,854983400
2016-08-29,55300,-3.6600000858306885,3642901800
2016-08-30,56400,1.9900000095367432,1151642200
2016-08-31,55200,-2.130000114440918,2444463200
2016-09-01,54400,-1.4500000476837158,2802458800
2016-09-02,52600,-3.309999942779541,3478327700
2016-09-05,52500,-0.1899999976158142,1753811900
2016-09-06,52400,-0.1899999976158142,1975398500
2016-09-07,51400,-1.909999966621399,4201996300
2016-09-08,51400,0.0,3550444350
2016-09-09,50000,-2.7200000286102295,2971763100
2016-09-12,50400,0.800000011920929,3685898000
2016-09-13,49800,-1.190000057220459,2471264600
2016-09-19,52200,4.820000171661377,3797523700
2016-09-20,54000,3.450000047683716,4770033300
2016-09-21,55000,1.850000023841858,4483740900
2016-09-22,55800,1.4500000476837158,3312870000
2016-09-23,57900,3.759999990463257,2635823700
2016-09-26,60300,4.150000095367432,6332386400
2016-09-27,61100,1.3300000429153442,5861300500
2016-09-28,60300,-1.309999942779541,3071032800
2016-09-29,60700,0.6600000262260437,2600873200
2016-09-30,61500,1.3200000524520874,6272972200
2016-10-04,59900,-2.5999999046325684,3568867300
2016-10-05,58500,-2.3399999141693115,4849285900
2016-10-06,57800,-1.2000000476837158,1736505100
2016-10-07,57400,-0.6899999976158142,2496150200
2016-10-10,58000,1.0499999523162842,2153181400
2016-10-11,57600,-0.6899999976158142,2584682000
2016-10-12,58300,1.2200000286102295,2115485300
2016-10-13,59400,1.8899999856948853,3197556700
2016-10-14,58000,-2.359999895095825,3812022100
2016-10-17,60200,3.7899999618530273,3695388700
2016-10-18,60000,-0.33000001311302185,2814046500
2016-10-19,57800,-3.6700000762939453,2679180400
2016-10-20,57800,0.0,1358670100
2016-10-21,57000,-1.3799999952316284,2089245700
2016-10-24,58900,3.3299999237060547,2988768800
2016-10-25,58300,-1.0199999809265137,2010189400
2016-10-26,58300,0.0,1027420400
2016-10-27,59500,2.059999942779541,3438526600
2016-10-28,59900,0.6700000166893005,2240546000
2016-10-31,58700,-2.0,2050785700
2016-11-01,59900,2.0399999618530273,2488502600
2016-11-02,57700,-3.6700000762939453,5407972300
2016-11-03,55700,-3.4700000286102295,2545899200
2016-11-04,56000,0.5400000214576721,2293866700
2016-11-07,57100,1.9600000381469727,2334473300
2016-11-08,48850,-14.449999809265137,27636736900
2016-11-09,45750,-6.349999904632568,15369887100
2016-11-10,49650,8.520000457763672,6662716000
2016-11-11,48500,-2.319999933242798,4166605150
2016-11-14,49050,1.1299999952316284,2520508950
2016-11-15,50200,2.3399999141693115,5378284450
2016-11-16,52100,3.7799999713897705,5879626700
2016-11-17,52000,-0.1899999976158142,4039517400
2016-11-18,49550,-4.710000038146973,3395846500
2016-11-21,47900,-3.3299999237060547,3047738250
2016-11-22,49000,2.299999952316284,2643932600
2016-11-23,48900,-0.20000000298023224,2470065950
2016-11-24,48150,-1.5299999713897705,1876901600
2016-11-25,47150,-2.0799999237060547,2474712400
2016-11-28,46650,-1.059999942779541,1593744600
2016-11-29,47800,2.4700000286102295,2080990500
2016-11-30,48050,0.5199999809265137,1815043000
2016-12-01,47950,-0.20999999344348907,1516340350
2016-12-02,47200,-1.559999942779541,1501940050
2016-12-05,46000,-2.5399999618530273,1214895850
2016-12-06,46450,0.9800000190734863,1292456300
2016-12-07,46500,0.10999999940395355,1633173250
2016-12-08,47650,2.4700000286102295,1674926350
2016-12-09,48200,1.149999976158142,1202504450
2016-12-12,49100,1.8700000047683716,1431644250
2016-12-13,49650,1.1200000047683716,2892657700
2016-12-14,49800,0.30000001192092896,1944759800
2016-12-15,49800,0.0,1600267300
2016-12-16,48400,-2.809999942779541,2375586050
2016-12-19,46500,-3.930000066757202,3494584550
2016-12-20,46000,-1.0800000429153442,3375407050
2016-12-21,45200,-1.7400000095367432,3212327350
2016-12-22,45450,0.550000011920929,1709629500
2016-12-23,45700,0.550000011920929,2128676750
2016-12-26,44100,-3.5,3950814100
2016-12-27,43300,-1.809999942779541,5506894950
2016-12-28,42750,-1.2699999809265137,1288124450
2016-12-29,43050,0.699999988079071,1908860100
2017-01-02,43800,1.7400000095367432,1315080850
2017-01-03,45550,4.0,4630837100
2017-01-04,45750,0.4399999976158142,4494393150
2017-01-05,46200,0.9800000190734863,3159973400
2017-01-06,45700,-1.0800000429153442,1871209400
2017-01-09,45600,-0.2199999988079071,1578972850
2017-01-10,46000,0.8799999952316284,1465927400
2017-01-11,46600,1.2999999523162842,1082964750
2017-01-12,45300,-2.7899999618530273,2998006850
2017-01-13,45150,-0.33000001311302185,1503348100
2017-01-16,44900,-0.550000011920929,2089426550
2017-01-17,44600,-0.6700000166893005,972535700
2017-01-18,46100,3.359999895095825,1574233950
2017-01-19,45700,-0.8700000047683716,1681593100
2017-01-20,45800,0.2199999988079071,949846100
2017-01-23,49750,8.619999885559082,7752531950
2017-01-24,48200,-3.119999885559082,3786849000
2017-01-25,48800,1.2400000095367432,1987573400
2017-01-26,48100,-1.4299999475479126,898232750
2017-01-31,48050,-0.10000000149011612,790326350
2017-02-01,49950,3.950000047683716,3042055250
2017-02-02,49700,-0.5,1858473400
2017-02-03,51000,2.619999885559082,2560972250
2017-02-06,50800,-0.38999998569488525,1297556400
2017-02-07,44700,-12.010000228881836,12590493150
2017-02-08,44550,-0.3400000035762787,9899319500
2017-02-09,43800,-1.6799999475479126,4709550850
2017-02-10,43650,-0.3400000035762787,6171797600
2017-02-13,42950,-1.600000023841858,3228867250
2017-02-14,43150,0.4699999988079071,2387121700
2017-02-15,42600,-1.2699999809265137,3261473550
2017-02-16,42200,-0.9399999976158142,1771071500
2017-02-17,41150,-2.490000009536743,4154106000
2017-02-20,40250,-2.190000057220459,3277017100
2017-02-21,40550,0.75,2705656550
2017-02-22,40700,0.3700000047683716,1592508600
2017-02-23,40200,-1.2300000190734863,2590813200
2017-02-24,40500,0.75,2414753950
2017-02-27,40550,0.11999999731779099,1261317000
2017-02-28,40850,0.7400000095367432,1410536750
2017-03-02,41050,0.49000000953674316,1005620100
2017-03-03,40200,-2.069999933242798,1748562650
2017-03-06,38800,-3.4800000190734863,3145216850
2017-03-07,38200,-1.5499999523162842,2734586300
2017-03-08,39850,4.320000171661377,2147393950
2017-03-09,40000,0.3799999952316284,961531550
2017-03-10,40300,0.75,2123161850
2017-03-13,40800,1.2400000095367432,1801445550
2017-03-14,40200,-1.4700000286102295,1079514500
2017-03-15,40850,1.6200000047683716,1040347700
2017-03-16,39400,-3.549999952316284,1705221900
2017-03-17,39400,0.0,1231636350
2017-03-20,37750,-4.190000057220459,3344860700
2017-03-21,32950,-12.720000267028809,18716489900
2017-03-22,32150,-2.430000066757202,6976094300
2017-03-23,31500,-2.0199999809265137,5591960100
2017-03-24,30900,-1.899999976158142,6175680550
2017-03-27,31750,2.75,3697313700
2017-03-28,32600,2.680000066757202,2890104000
2017-03-29,32500,-0.3100000023841858,1933472700
2017-03-30,32750,0.7699999809265137,2388310700
2017-03-31,32500,-0.7599999904632568,1501209300
2017-04-03,33200,2.1500000953674316,1688197900
2017-04-04,32950,-0.75,1374271550
2017-04-05,33350,1.2100000381469727,2350911750
2017-04-06,33050,-0.8999999761581421,947591150
2017-04-07,33100,0.15000000596046448,1308249850
2017-04-10,32250,-2.569999933242798,1659834550
2017-04-11,31350,-2.7899999618530273,1865359650
2017-04-12,31500,0.47999998927116394,1116642900
2017-04-13,32950,4.599999904632568,3560218250
2017-04-14,32500,-1.3700000047683716,1389455250
2017-04-17,32850,1.0800000429153442,1046761750
2017-04-18,34750,5.78000020980835,4420407950
2017-04-19,35650,2.5899999141693115,3787530600
2017-04-20,36000,0.9800000190734863,3398745650
2017-04-21,36300,0.8299999833106995,2591156150
2017-04-24,36100,-0.550000011920929,3251672500
2017-04-25,36150,0.14000000059604645,1591034150
2017-04-26,37050,2.490000009536743,1874051350
2017-04-27,36800,-0.6700000166893005,1737633550
2017-04-28,36350,-1.2200000286102295,1709474400
2017-05-02,35350,-2.75,1744907250
2017-05-04,35350,0.0,1652467100
2017-05-08,35400,0.14000000059604645,1883167800
2017-05-10,36600,3.390000104904175,4455660500
2017-05-11,38400,4.920000076293945,4925305500
2017-05-12,38250,-0.38999998569488525,1982779350
2017-05-15,38800,1.440000057220459,3289258550
2017-05-16,38450,-0.8999999761581421,1913617350
2017-05-17,39000,1.4299999475479126,3065016250
2017-05-18,38550,-1.149999976158142,2418192350
2017-05-19,38800,0.6499999761581421,1533083100
2017-05-22,38500,-0.7699999809265137,2047083750
2017-05-23,38900,1.0399999618530273,4414167700
2017-05-24,39350,1.159999966621399,2876990050
2017-05-25,41050,4.320000171661377,4131721650
2017-05-26,40450,-1.4600000381469727,3378029300
2017-05-29,39000,-3.5799999237060547,3002063950
2017-05-30,39250,0.6399999856948853,1270100600
2017-05-31,38900,-0.8899999856948853,2094886650
2017-06-01,38450,-1.159999966621399,1232320400
2017-06-02,39050,1.559999942779541,1188780950
2017-06-05,38800,-0.6399999856948853,891896400
2017-06-07,37550,-3.2200000286102295,2814326150
2017-06-08,38500,2.5299999713897705,2279193750
2017-06-09,37600,-2.3399999141693115,2010775050
2017-06-12,37600,0.0,881658150
2017-06-13,37450,-0.4000000059604645,838608550
2017-06-14,36850,-1.600000023841858,2102835950
2017-06-15,39700,7.730000019073486,6969958850
2017-06-16,40000,0.7599999904632568,2670321100
2017-06-19,40900,2.25,3230243300
2017-06-20,40800,-0.23999999463558197,2454250350
2017-06-21,42600,4.409999847412109,4935920950
2017-06-22,42050,-1.2899999618530273,2810282500
2017-06-23,41700,-0.8299999833106995,1443888100
2017-06-26,41800,0.23999999463558197,1771191150
2017-06-27,42850,2.509999990463257,2281341650
2017-06-28,40800,-4.78000020980835,4748859450
2017-06-29,41850,2.569999933242798,2097934550
2017-06-30,41800,-0.11999999731779099,1342242900
2017-07-03,40550,-2.990000009536743,1341751900
2017-07-04,39000,-3.819999933242798,2997718200
2017-07-05,39400,1.0299999713897705,1651018600
2017-07-06,38500,-2.2799999713897705,1605877300
2017-07-07,38500,0.0,856430800
2017-07-10,39350,2.2100000381469727,1745461900
2017-07-11,39000,-0.8899999856948853,772352950
2017-07-12,38150,-2.180000066757202,1787841150
2017-07-13,37850,-0.7900000214576721,1254784750
2017-07-14,36650,-3.1700000762939453,2791540000
2017-07-17,37450,2.180000066757202,2081950050
2017-07-18,38150,1.870000004768372,2355966250
2017-07-19,37700,-1.1799999475479126,1410008350
2017-07-20,37550,-0.4000000059604645,1692535750
2017-07-21,37300,-0.6700000166893005,1029314250
2017-07-24,36500,-2.140000104904175,2506466600
2017-07-25,35500,-2.740000009536743,3382111600
2017-07-26,35750,0.699999988079071,1749241500
2017-07-27,35600,-0.4199999868869781,1172157550
2017-07-28,35200,-1.1200000047683716,1695443750
2017-07-31,35350,0.4300000071525574,1266507750
2017-08-01,36350,2.8299999237060547,1627655100
2017-08-02,35950,-1.100000023841858,1799789700
2017-08-03,35400,-1.5299999713897705,1971363850
2017-08-04,35300,-0.2800000011920929,2255420000
2017-08-07,34100,-3.400000095367432,3382643850
2017-08-08,34500,1.1699999570846558,1126134000
2017-08-09,34300,-0.5799999833106995,1062154450
2017-08-10,34250,-0.1500000059604644,1398664100
2017-08-11,33750,-1.4600000381469729,1008701050
2017-08-14,33300,-1.3300000429153442,856839400
2017-08-16,32350,-2.8499999046325684,2615241300
2017-08-17,32800,1.3899999856948853,1399179050
2017-08-18,33000,0.6100000143051147,1270297550
2017-08-21,33250,0.7599999904632568,1111748400
2017-08-22,33150,-0.3000000119209289,964665150
2017-08-23,33150,0.0,1420024800
2017-08-24,33550,1.2100000381469729,1103297000
2017-08-25,35050,4.46999979019165,2840188700
2017-08-28,34950,-0.2899999916553497,1209822250
2017-08-29,34700,-0.7200000286102295,1187860750
2017-08-30,34350,-1.0099999904632568,1316411100
2017-08-31,35450,3.200000047683716,1446482150
2017-09-01,35850,1.1299999952316284,2436674200
2017-09-04,35050,-2.2300000190734863,1271155300
2017-09-05,35100,0.1400000005960464,819961100
2017-09-06,34200,-2.559999942779541,1220631800
2017-09-07,34150,-0.1500000059604644,697923250
2017-09-08,34000,-0.4399999976158142,763404450
2017-09-11,33600,-1.1799999475479126,616052550
2017-09-12,33800,0.6000000238418579,569281400
2017-09-13,33250,-1.6299999952316284,811485750
2017-09-14,33500,0.75,1075556000
2017-09-15,33250,-0.75,1255969700
2017-09-18,33150,-0.3000000119209289,745693700
2017-09-19,33650,1.5099999904632568,1034041050
2017-09-20,33100,-1.6299999952316284,984105050
2017-09-21,32650,-1.3600000143051147,1096438800
2017-09-22,31500,-3.5199999809265137,1485333300
2017-09-25,32500,3.1700000762939453,1346781750
2017-09-26,32650,0.4600000083446502,473204800
2017-09-27,32800,0.4600000083446502,536104350
2017-09-28,34000,3.660000085830689,1466956600
2017-09-29,34050,0.1500000059604644,611918950
2017-10-10,33350,-2.059999942779541,851737500
2017-10-11,33300,-0.1500000059604644,637966050
2017-10-12,33500,0.6000000238418579,539531900
2017-10-13,32600,-2.690000057220459,1575855350
2017-10-16,33550,2.9100000858306885,1511177900
2017-10-17,33750,0.6000000238418579,1592454450
2017-10-18,34100,1.0399999618530271,1383695050
2017-10-19,35000,2.640000104904175,2535485300
2017-10-20,35950,2.7100000381469727,3052483300
2017-10-23,37300,3.759999990463257,5651170500
2017-10-24,40000,7.239999771118164,9320031050
2017-10-25,39600,-1.0,6276958450
2017-10-26,41000,3.539999961853028,7751912050
2017-10-27,41150,0.3700000047683716,3996935550
2017-10-30,41250,0.2399999946355819,3058577750
2017-10-31,40450,-1.940000057220459,2934025650
2017-11-01,40900,1.1100000143051147,4809115450
2017-11-02,41250,0.8600000143051147,2788207500
2017-11-03,41950,1.7000000476837158,4824022700
2017-11-06,46800,11.5600004196167,24975621600
2017-11-07,46050,-1.600000023841858,7686269300
2017-11-08,49150,6.730000019073486,12505217050
2017-11-09,48850,-0.6100000143051147,5886717150
2017-11-10,49700,1.7400000095367432,5651802250
2017-11-13,51200,3.0199999809265137,8463889200
2017-11-14,48800,-4.690000057220459,6529635900
2017-11-15,51300,5.119999885559082,8680777300
2017-11-16,51200,-0.1899999976158142,6273251500
2017-11-17,49000,-4.300000190734863,7486161800
2017-11-20,50300,2.650000095367432,5300292600
2017-11-21,49400,-1.7899999618530271,3512401250
2017-11-22,49400,0.0,3849913000
2017-11-23,48350,-2.130000114440918,2381506200
2017-11-24,48950,1.2400000095367432,2851493000
2017-11-27,50000,2.150000095367432,6565427000
2017-11-28,48450,-3.0999999046325684,4218808650
2017-11-29,48650,0.4099999964237213,1684724450
2017-11-30,47500,-2.359999895095825,3549165150
2017-12-01,47050,-0.949999988079071,2895304150
2017-12-04,48500,3.0799999237060547,5659784750
2017-12-05,48450,-0.1000000014901161,2674871800
2017-12-06,46800,-3.4100000858306885,2114775850
2017-12-07,45850,-2.0299999713897705,3101158000
2017-12-08,45800,-0.1099999994039535,1486760850
2017-12-11,47150,2.950000047683716,1984910600
2017-12-12,46750,-0.8500000238418579,1077339900
2017-12-13,46950,0.4300000071525574,1805241550
2017-12-14,48950,4.260000228881836,4681124550
2017-12-15,49400,0.9200000166893004,3441134850
2017-12-18,52600,6.480000019073486,8829614200
2017-12-19,52600,0.0,5983782900
2017-12-20,54900,4.369999885559082,6781671400
2017-12-21,53800,-2.0,4841966900
2017-12-22,51900,-3.5299999713897705,4765359900
2017-12-26,53200,2.5,7869802400
2017-12-27,52400,-1.5,3339259800
2017-12-28,51300,-2.0999999046325684,2074860400
2018-01-02,51100,-0.3899999856948852,2261888100
2018-01-03,51700,1.1699999570846558,5019106850
2018-01-04,49950,-3.380000114440918,3387830900
2018-01-05,48700,-2.5,4898640450
2018-01-08,48250,-0.9200000166893004,3350488750
2018-01-09,54400,12.75,11746622850
2018-01-10,54800,0.7400000095367432,7866030400
2018-01-11,53500,-2.369999885559082,4738224700
2018-01-12,51700,-3.359999895095825,5808666900
2018-01-15,54400,5.21999979019165,5220655100
2018-01-16,54000,-0.7400000095367432,2028917400
2018-01-17,52900,-2.039999961853028,3571357200
2018-01-18,53600,1.3200000524520874,2058154800
2018-01-19,57500,7.28000020980835,14584076500
2018-01-22,56100,-2.430000066757202,5568660100
2018-01-23,60300,7.489999771118164,18049590800
2018-01-24,60800,0.8299999833106995,8626770500
2018-01-25,61000,0.3300000131130218,11583845100
2018-01-26,63000,3.2799999713897705,8857306800
2018-01-29,65700,4.289999961853027,12965410500
2018-01-30,68100,3.650000095367432,14388458800
2018-01-31,68000,-0.1500000059604644,10523373200
2018-02-01,66500,-2.2100000381469727,7469695100
2018-02-02,66700,0.3000000119209289,6409014600
2018-02-05,65600,-1.649999976158142,5622767800
2018-02-06,68400,4.269999980926514,10574783900
2018-02-07,63000,-7.889999866485596,22148975300
2018-02-08,65200,3.490000009536743,6962462500
2018-02-09,69800,7.059999942779541,19619488400
2018-02-12,67400,-3.440000057220459,14367517200
2018-02-13,61800,-8.3100004196167,15000272500
2018-02-14,63300,2.430000066757202,14455744800
2018-02-19,61800,-2.369999885559082,6373481300
2018-02-20,61700,-0.1599999964237213,3655546200
2018-02-21,61700,0.0,4896931200
2018-02-22,59800,-3.0799999237060547,4686638800
2018-02-23,60000,0.3300000131130218,5506813300
2018-02-26,60000,0.0,3209772200
2018-02-27,61100,1.830000042915344,4712042400
2018-02-28,62600,2.450000047683716,5356513900
2018-03-02,62600,0.0,6184944700
2018-03-05,61200,-2.240000009536743,2770632000
2018-03-06,59100,-3.430000066757202,5700307500
2018-03-07,59800,1.1799999475479126,2383903700
2018-03-08,62000,3.680000066757202,8099029600
2018-03-09,61200,-1.2899999618530271,11634318000
2018-03-12,63600,3.920000076293945,5943176800
2018-03-13,62000,-2.5199999809265137,2411945900
2018-03-14,60500,-2.4200000762939453,3950815300
2018-03-15,62700,3.640000104904175,5314605800
2018-03-16,62700,0.0,1680252300
2018-03-19,62600,-0.1599999964237213,2883641100
2018-03-20,63700,1.7599999904632568,2883902000
2018-03-21,64100,0.6299999952316284,4633916600
2018-03-22,65500,2.180000066757202,4103243000
2018-03-23,64300,-1.830000042915344,4459205700
2018-03-26,68800,7.0,11657487900
2018-03-27,69000,0.2899999916553497,5548312700
2018-03-28,69900,1.2999999523162842,6830436700
2018-03-29,68700,-1.7200000286102295,4036079100
2018-03-30,69200,0.7300000190734863,4676522000
2018-04-02,67600,-2.309999942779541,4745647800
2018-04-03,66300,-1.919999957084656,3740471800
2018-04-04,66200,-0.1500000059604644,4410339000
2018-04-05,66400,0.3000000119209289,2427675900
2018-04-06,66100,-0.449999988079071,2305934900
2018-04-09,63500,-3.930000066757202,4592345600
2018-04-10,62800,-1.100000023841858,4889949100
2018-04-11,63400,0.959999978542328,3613796900
2018-04-12,63300,-0.1599999964237213,3088962900
2018-04-13,62000,-2.049999952316284,3377543200
2018-04-16,62600,0.9700000286102296,2853328600
2018-04-17,61400,-1.919999957084656,3438750400
2018-04-18,59500,-3.0899999141693115,6671810700
2018-04-19,58900,-1.0099999904632568,6255214200
2018-04-20,59400,0.8500000238418579,2347882200
2018-04-23,59400,0.0,3781393000
2018-04-24,59000,-0.6700000166893005,2208939200
2018-04-25,59900,1.5299999713897705,2092063400
2018-04-26,58500,-2.3399999141693115,3889783500
2018-04-27,58300,-0.3400000035762787,2373923800
2018-04-30,59700,2.400000095367432,3142019400
2018-05-02,62300,4.360000133514404,8008164500
2018-05-03,63100,1.2799999713897705,4426813500
2018-05-04,63800,1.1100000143051147,2966982600
2018-05-08,63700,-0.1599999964237213,2784816000
2018-05-09,61300,-3.7699999809265137,8116915200
2018-05-10,59600,-2.7699999809265137,4220819400
2018-05-11,60500,1.5099999904632568,2077159800
2018-05-14,59100,-2.309999942779541,5170703200
2018-05-15,62900,6.429999828338623,7772065300
2018-05-16,62000,-1.4299999475479126,2599409300
2018-05-17,61200,-1.2899999618530271,3237532300
2018-05-18,60800,-0.6499999761581421,2513495000
2018-05-21,58600,-3.619999885559082,5579604700
2018-05-23,58800,0.3400000035762787,2477974700
2018-05-24,58100,-1.190000057220459,2498083200
2018-05-25,57100,-1.7200000286102295,3322192600
2018-05-28,56300,-1.399999976158142,4255660200
2018-05-29,53900,-4.260000228881836,3904471800
2018-05-30,51700,-4.079999923706055,8499079100
2018-05-31,52300,1.159999966621399,4275700100
2018-06-01,53300,1.909999966621399,4507297700
2018-06-04,52600,-1.309999942779541,2947334800
2018-06-05,52400,-0.3799999952316284,2350667200
2018-06-07,55300,5.53000020980835,6612996500
2018-06-08,55000,-0.5400000214576721,3995483200
2018-06-11,55700,1.2699999809265137,2267941900
2018-06-12,57100,2.509999990463257,4439303400
2018-06-14,55100,-3.5,2551881600
2018-06-15,55300,0.3600000143051147,1733129000
2018-06-18,53200,-3.799999952316284,3284390000
2018-06-19,53400,0.3799999952316284,2027797200
2018-06-20,55000,3.0,1376408400
2018-06-21,54400,-1.090000033378601,1482727100
2018-06-22,53100,-2.390000104904175,2618898000
2018-06-25,57400,8.100000381469727,5228613900
2018-06-26,57300,-0.1700000017881393,2009001000
2018-06-27,57000,-0.5199999809265137,1380969600
2018-06-28,59900,5.090000152587891,5488994900
2018-06-29,59800,-0.1700000017881393,3655364200
2018-07-02,59600,-0.3300000131130218,2860873400
2018-07-03,60100,0.8399999737739563,2196387600
2018-07-04,62000,3.1600000858306885,5876655200
2018-07-05,62000,0.0,3799885100
2018-07-06,60000,-3.2300000190734863,3415822200
2018-07-09,60000,0.0,1786686700
2018-07-10,60100,0.1700000017881393,1694490800
2018-07-11,61700,2.6600000858306885,1812615300
2018-07-12,66500,7.78000020980835,11193862100
2018-07-13,66800,0.449999988079071,2325400900
2018-07-16,67000,0.3000000119209289,2666118700
2018-07-17,67000,0.0,2352636300
2018-07-18,65000,-2.990000009536743,2138473700
2018-07-19,63500,-2.309999942779541,5597127700
2018-07-20,62700,-1.2599999904632568,2063093900
2018-07-23,62400,-0.4799999892711639,1711499000
2018-07-24,62200,-0.3199999928474426,1637973200
2018-07-25,63000,1.2899999618530271,1657790000
2018-07-26,60700,-3.650000095367432,2787030300
2018-07-27,61700,1.649999976158142,2070607400
2018-07-30,61400,-0.4900000095367431,1463976700
2018-07-31,62000,0.9800000190734864,3758440500
2018-08-01,60800,-1.940000057220459,1467835200
2018-08-02,60000,-1.3200000524520874,1335162900
2018-08-03,60200,0.3300000131130218,935855000
2018-08-06,58600,-2.6600000858306885,2157088700
2018-08-07,56800,-3.069999933242798,5742221000
2018-08-08,57100,0.5299999713897705,2149777000
2018-08-09,55700,-2.450000047683716,4048392100
2018-08-10,55900,0.3600000143051147,3068326700
2018-08-13,53500,-4.289999961853027,2977018800
2018-08-14,53100,-0.75,1793836300
2018-08-16,55100,3.7699999809265137,3300423000
2018-08-17,55500,0.7300000190734863,4620095400
2018-08-20,53500,-3.5999999046325684,5546776300
2018-08-21,54100,1.1200000047683716,1764322100
2018-08-22,53100,-1.850000023841858,3340061100
2018-08-23,53800,1.3200000524520874,3795641600
2018-08-24,55000,2.2300000190734863,2469165900
2018-08-27,54500,-0.9100000262260436,2145503600
2018-08-28,56400,3.490000009536743,3941857700
2018-08-29,56600,0.3499999940395355,2840302300
2018-08-30,52100,-7.949999809265137,18277139500
2018-08-31,49950,-4.130000114440918,17883453350
2018-09-03,50000,0.1000000014901161,5606399400
2018-09-04,50200,0.4000000059604645,3568377900
2018-09-05,50300,0.2000000029802322,2513155700
2018-09-06,50000,-0.6000000238418579,3396596750
2018-09-07,50200,0.4000000059604645,2252669700
2018-09-10,50500,0.6000000238418579,3685742500
2018-09-11,51000,0.9900000095367432,1762113900
2018-09-12,50300,-1.3700000047683716,2591641800
2018-09-13,51400,2.190000057220459,3205875800
2018-09-14,51200,-0.3899999856948852,3890411000
2018-09-17,50700,-0.9800000190734864,2113784500
2018-09-18,50700,0.0,2232646500
2018-09-19,50500,-0.3899999856948852,2244933600
2018-09-20,49900,-1.190000057220459,4220611850
2018-09-21,50200,0.6000000238418579,1788823400
2018-09-27,52900,5.380000114440918,6643558000
2018-09-28,54200,2.4600000381469727,5207012200
2018-10-01,53900,-0.550000011920929,4333228600
2018-10-02,54000,0.1899999976158142,5421813200
2018-10-04,53000,-1.850000023841858,2986876200
2018-10-05,51500,-2.8299999237060547,3715381100
2018-10-08,52200,1.3600000143051147,2488721100
2018-10-10,51300,-1.7200000286102295,2999201400
2018-10-11,45600,-11.109999656677246,9932647650
2018-10-12,46150,1.2100000381469729,5143928550
2018-10-15,46750,1.2999999523162842,4436076550
2018-10-16,45900,-1.820000052452088,4044461450
2018-10-17,45950,0.1099999994039535,4123854150
2018-10-18,43500,-5.329999923706055,7398888300
2018-10-19,43500,0.0,5784945900
2018-10-22,43250,-0.5699999928474426,1719218650
2018-10-23,41300,-4.510000228881836,4565132200
2018-10-24,39750,-3.75,4080873850
2018-10-25,38500,-3.140000104904175,4795275750
2018-10-26,39000,1.2999999523162842,2871163000
2018-10-29,36150,-7.309999942779541,3589483000
2018-10-30,37000,2.3499999046325684,4066502450
2018-10-31,36750,-0.6800000071525574,3662116200
2018-11-01,38100,3.670000076293945,4335239850
2018-11-02,39900,4.71999979019165,4126483550
2018-11-05,39850,-0.1299999952316284,2601875450
2018-11-06,39000,-2.130000114440918,2867176500
2018-11-07,38300,-1.7899999618530271,2784513200
2018-11-08,39250,2.4800000190734863,2232071350
2018-11-09,39450,0.5099999904632568,2529326850
2018-11-12,38200,-3.1700000762939453,4389328500
2018-11-13,37550,-1.7000000476837158,2036635250
2018-11-14,37350,-0.5299999713897705,1294131250
2018-11-15,37400,0.1299999952316284,879132300
2018-11-16,38000,1.600000023841858,1233593450
2018-11-19,41650,9.609999656677246,6114878250
2018-11-20,42700,2.5199999809265137,7004616150
2018-11-21,44050,3.1600000858306885,4174196500
2018-11-22,44850,1.820000052452088,5970309150
2018-11-23,46750,4.239999771118164,7743909450
2018-11-26,46550,-0.4300000071525574,4889750200
2018-11-27,46700,0.3199999928474426,2928328150
2018-11-28,45650,-2.25,3680990850
2018-11-29,45550,-0.2199999988079071,2238309850
2018-11-30,44050,-3.289999961853028,3023707350
2018-12-03,45650,3.630000114440918,7002310100
2018-12-04,45100,-1.2000000476837158,2884076900
2018-12-05,44050,-2.3299999237060547,4128373600
2018-12-06,42400,-3.75,3062271900
2018-12-07,42850,1.059999942779541,2192452450
2018-12-10,41400,-3.380000114440918,2360420450
2018-12-11,40900,-1.2100000381469729,2149757600
2018-12-12,43250,5.75,3095128000
2018-12-13,44700,3.3499999046325684,4457586100
2018-12-14,43800,-2.009999990463257,2031931500
2018-12-17,42700,-2.509999990463257,1124028700
2018-12-18,42200,-1.1699999570846558,1122204350
2018-12-19,43100,2.130000114440918,3507182950
2018-12-20,43000,-0.2300000041723251,2100210850
2018-12-21,43800,1.8600000143051147,1740374300
2018-12-24,41550,-5.139999866485596,3079456900
2018-12-26,40200,-3.25,3341881900
2018-12-27,42200,4.980000019073486,2216535950
2018-12-28,41550,-1.5399999618530271,2074885950
2019-01-02,40000,-3.7300000190734863,1824099850
2019-01-03,38700,-3.25,1929901500
2019-01-04,38800,0.2599999904632568,2068310050
2019-01-07,39000,0.5199999809265137,1491685950
2019-01-08,38600,-1.0299999713897705,1149178900
2019-01-09,40150,4.019999980926514,2085264000
2019-01-10,39950,-0.5,672021350
2019-01-11,40000,0.1299999952316284,1002630800
2019-01-14,40100,0.25,1305430550
2019-01-15,40450,0.8700000047683716,1434253650
2019-01-16,44700,10.510000228881836,9728363850
2019-01-17,42700,-4.46999979019165,5117776800
2019-01-18,42850,0.3499999940395355,3688734250
2019-01-21,42700,-0.3499999940395355,1870577900
2019-01-22,42250,-1.0499999523162842,1039210200
2019-01-23,42800,1.2999999523162842,2564769850
2019-01-24,43000,0.4699999988079071,1471079700
2019-01-25,43550,1.2799999713897705,3510318000
2019-01-28,44100,1.2599999904632568,2339722600
2019-01-29,43450,-1.4700000286102295,1552419700
2019-01-30,42850,-1.3799999952316284,2123160400
2019-01-31,42600,-0.5799999833106995,1250001600
2019-02-01,42550,-0.1199999973177909,1035329750
2019-02-07,42800,0.5899999737739563,1480157500
2019-02-08,42750,-0.1199999973177909,715612600
2019-02-11,44200,3.390000104904175,2219735950
2019-02-12,43500,-1.5800000429153442,2184610200
2019-02-13,44650,2.640000104904175,4228805450
2019-02-14,48750,9.18000030517578,19362484850
2019-02-15,50600,3.7899999618530273,13765193350
2019-02-18,51000,0.7900000214576721,4020674300
2019-02-19,50100,-1.7599999904632568,2573711600
2019-02-20,49900,-0.4000000059604645,2405503300
2019-02-21,48800,-2.200000047683716,2736194650
2019-02-22,49450,1.3300000429153442,3761511500
2019-02-25,49450,0.0,3356328800
2019-02-26,49850,0.8100000023841858,1568398050
2019-02-27,48700,-2.309999942779541,2609447750
2019-02-28,47150,-3.180000066757202,2197363900
2019-03-04,49600,5.199999809265137,6320855150
2019-03-05,49150,-0.9100000262260436,4539836050
2019-03-06,48250,-1.830000042915344,54324019650
2019-03-07,51200,6.110000133514404,33130698950
2019-03-08,56200,9.770000457763672,70480610500
2019-03-11,58000,3.200000047683716,30935728000
2019-03-12,58000,0.0,18217902200
2019-03-13,58400,0.6899999976158142,23717316600
2019-03-14,58700,0.5099999904632568,11345857400
2019-03-15,60300,2.7300000190734863,22107240700
2019-03-18,59700,-1.0,12290417400
2019-03-19,59800,0.1700000017881393,12301846800
2019-03-20,58800,-1.6699999570846558,14405049900
2019-03-21,56200,-4.420000076293945,12798481300
2019-03-22,58400,3.910000085830689,11919216300
2019-03-25,55300,-5.309999942779541,8696451600
2019-03-26,60300,9.039999961853027,25481417900
2019-03-27,59300,-1.659999966621399,16661020300
2019-03-28,56900,-4.050000190734863,13243946700
2019-03-29,56300,-1.0499999523162842,11567337300
2019-04-01,56600,0.5299999713897705,6777199100
2019-04-02,57300,1.2400000095367432,6351933100
2019-04-03,56400,-1.5700000524520874,5343525400
2019-04-04,56400,0.0,3537716200
2019-04-05,55000,-2.4800000190734863,6142378500
2019-04-08,54800,-0.3600000143051147,5450478600
2019-04-09,54000,-1.4600000381469729,6658974700
2019-04-10,53900,-0.1899999976158142,6143678400
2019-04-11,55000,2.039999961853028,4496262900
2019-04-12,55700,1.2699999809265137,6477430100
2019-04-15,54300,-2.509999990463257,7288464200
2019-04-16,53400,-1.659999966621399,6042498400
2019-04-17,54700,2.430000066757202,5785975500
2019-04-18,52900,-3.289999961853028,4868274200
2019-04-19,53800,1.7000000476837158,3113659500
2019-04-22,55800,3.7200000286102295,9402416500
2019-04-23,54500,-2.3299999237060547,6906271200
2019-04-24,54400,-0.1800000071525573,3122008100
2019-04-25,53900,-0.9200000166893004,2393889200
2019-04-26,51600,-4.269999980926514,5889927700
2019-04-29,52000,0.7799999713897705,3469907600
2019-04-30,51800,-0.3799999952316284,5487792400
2019-05-02,52300,0.9700000286102296,2910951000
2019-05-03,52500,0.3799999952316284,2701270300
2019-05-07,50500,-3.809999942779541,4576950300
2019-05-08,50000,-0.9900000095367432,3678522900
2019-05-09,49550,-0.8999999761581421,3282009050
2019-05-10,50000,0.9100000262260436,2972062450
2019-05-13,46300,-7.400000095367432,6858959350
2019-05-14,48700,5.179999828338623,7914667700
2019-05-15,50500,3.700000047683716,4036084900
2019-05-16,48700,-3.559999942779541,8606564350
2019-05-17,50700,4.110000133514404,6082705200
2019-05-20,49650,-2.069999933242798,2311016050
2019-05-21,48900,-1.5099999904632568,2913354600
2019-05-22,48000,-1.840000033378601,2749875200
2019-05-23,46100,-3.9600000381469727,4877885600
2019-05-24,45450,-1.409999966621399,2334623250
2019-05-27,44700,-1.649999976158142,1893024250
2019-05-28,46900,4.920000076293945,2643896450
2019-05-29,46200,-1.4900000095367432,1724251300
2019-05-30,44950,-2.7100000381469727,2351348850
2019-05-31,45000,0.1099999994039535,1497185750
2019-06-03,43500,-3.3299999237060547,3956822600
2019-06-04,44500,2.299999952316284,2746739500
2019-06-05,44550,0.1099999994039535,1202388600
2019-06-07,44500,-0.1099999994039535,955028200
2019-06-10,45000,1.1200000047683716,1284913550
2019-06-11,46700,3.7799999713897705,3059209500
2019-06-12,46250,-0.959999978542328,1682924050
2019-06-13,45950,-0.6499999761581421,2194142650
2019-06-14,44900,-2.289999961853028,1841166600
2019-06-17,42400,-5.570000171661377,8425043600
2019-06-18,42550,0.3499999940395355,2770123800
2019-06-19,43900,3.1700000762939453,4067079100
2019-06-20,44200,0.6800000071525574,2823945050
2019-06-21,42800,-3.1700000762939453,3249484550
2019-06-24,42600,-0.4699999988079071,1364608150
2019-06-25,42200,-0.9399999976158142,1627051850
2019-06-26,41800,-0.949999988079071,1238494200
2019-06-27,42000,0.4799999892711639,1530306100
2019-06-28,41600,-0.949999988079071,2329151850
2019-07-01,42050,1.0800000429153442,1950816550
2019-07-02,42600,1.309999942779541,1089589000
2019-07-03,41450,-2.700000047683716,1293195300
2019-07-04,41600,0.3600000143051147,1404022650
2019-07-05,41300,-0.7200000286102295,1281564000
2019-07-08,39900,-3.390000104904175,2133933800
2019-07-09,40000,0.25,1551778700
2019-07-10,40900,2.25,1307463350
2019-07-11,41400,1.2200000286102295,1308461500
2019-07-12,40500,-2.1700000762939453,1276649000
2019-07-15,39750,-1.850000023841858,1458038750
2019-07-16,39900,0.3799999952316284,1286256550
2019-07-17,39550,-0.8799999952316284,1934403950
2019-07-18,39050,-1.2599999904632568,1083681900
2019-07-19,38900,-0.3799999952316284,1687268650
2019-07-22,38350,-1.409999966621399,2540944150
2019-07-23,39900,4.039999961853027,2172879150
2019-07-24,39200,-1.75,1789679950
2019-07-25,38900,-0.7699999809265137,1840473450
2019-07-26,38350,-1.409999966621399,1234286850
2019-07-29,36950,-3.650000095367432,2642043300
2019-07-30,36950,0.0,1629374000
2019-07-31,37400,1.2200000286102295,1768422150
2019-08-01,36650,-2.009999990463257,1248151750
2019-08-02,37250,1.6399999856948853,1622519100
2019-08-05,34550,-7.25,3491767800
2019-08-06,33100,-4.199999809265137,4185490500
2019-08-07,33000,-0.3000000119209289,4534999300
2019-08-08,34800,5.449999809265137,3649681150
2019-08-09,36400,4.599999904632568,3891621250
2019-08-12,37250,2.3399999141693115,3115887300
2019-08-13,37750,1.340000033378601,1829774350
2019-08-14,37850,0.2599999904632568,1704911200
2019-08-16,38200,0.9200000166893004,1518241300
2019-08-19,38500,0.7900000214576721,2576885600
2019-08-20,40500,5.190000057220459,4151534300
2019-08-21,40800,0.7400000095367432,1925748000
2019-08-22,40450,-0.8600000143051147,1822889800
2019-08-23,40150,-0.7400000095367432,1814283550
2019-08-26,38700,-3.609999895095825,2233125900
2019-08-27,38350,-0.8999999761581421,2300278650
2019-08-28,38500,0.3899999856948852,2181786750
2019-08-29,39750,3.25,3640269700
2019-08-30,41300,3.900000095367432,3702834200
2019-09-02,41350,0.1199999973177909,2093499300
2019-09-03,41500,0.3600000143051147,1547265650
2019-09-04,41650,0.3600000143051147,1829187600
2019-09-05,40650,-2.400000095367432,2396785800
2019-09-06,41150,1.2300000190734863,1445525650
2019-09-09,41000,-0.3600000143051147,1051984100
2019-09-10,40400,-1.4600000381469729,2342581750
2019-09-11,41600,2.970000028610229,2572464100
2019-09-16,42050,1.0800000429153442,1613917250
2019-09-17,41600,-1.0700000524520874,1448186700
2019-09-18,41450,-0.3600000143051147,2152345450
2019-09-19,41350,-0.2399999946355819,1551949500
2019-09-20,41200,-0.3600000143051147,2667639450
2019-09-23,41250,0.1199999973177909,1840089950
2019-09-24,41000,-0.6100000143051147,1488343050
2019-09-25,40100,-2.200000047683716,3069969600
2019-09-26,39500,-1.5,2998534750
2019-09-27,39650,0.3799999952316284,1630061650
2019-09-30,39850,0.5,1146292350
2019-10-01,40750,2.259999990463257,2237452550
2019-10-02,40250,-1.2300000190734863,1186176650
2019-10-04,39900,-0.8700000047683716,1212721750
2019-10-07,39950,0.1299999952316284,1301908750
2019-10-08,40250,0.75,2211108750
2019-10-10,42750,6.210000038146973,10793491150
2019-10-11,43350,1.399999976158142,6819679300
2019-10-14,43850,1.149999976158142,4171306000
2019-10-15,44200,0.800000011920929,4529279050
2019-10-16,44400,0.449999988079071,4343893150
2019-10-17,43200,-2.700000047683716,7085764300
2019-10-18,44700,3.470000028610229,6173665050
2019-10-21,44800,0.2199999988079071,5512372400
2019-10-22,45350,1.2300000190734863,4224213750
2019-10-23,44650,-1.5399999618530271,3373333150
2019-10-24,44800,0.3400000035762787,3756766100
2019-10-25,44550,-0.5600000023841858,2498143950
2019-10-28,44700,0.3400000035762787,2024188850
2019-10-29,44150,-1.2300000190734863,3189715600
2019-10-30,43450,-1.590000033378601,3122229800
2019-10-31,43900,1.0399999618530271,3145902600
2019-11-01,44450,1.25,2414202500
2019-11-04,45150,1.5700000524520874,3310567850
2019-11-05,44700,-1.0,2553634750
2019-11-06,45700,2.240000009536743,6486755900
2019-11-07,46850,2.5199999809265137,8063080000
2019-11-08,46750,-0.209999993443489,4412516500
2019-11-11,45350,-2.990000009536743,4521785750
2019-11-12,47000,3.640000104904175,5343600350
2019-11-13,46650,-0.7400000095367432,3256593250
2019-11-14,45900,-1.6100000143051147,2769051250
2019-11-15,46250,0.7599999904632568,1710100700
2019-11-18,46400,0.3199999928474426,2886718050
2019-11-19,45950,-0.9700000286102296,1508674250
2019-11-20,44700,-2.720000028610229,4661071600
2019-11-21,44100,-1.340000033378601,2637993900
2019-11-22,44050,-0.1099999994039535,1265287050
2019-11-25,44700,1.4800000190734863,1768725250
2019-11-26,44600,-0.2199999988079071,1826728500
2019-11-27,44000,-1.350000023841858,1587803900
2019-11-28,43900,-0.2300000041723251,1480780650
2019-11-29,43650,-0.5699999928474426,1469802100
2019-12-02,43900,0.5699999928474426,1176664450
2019-12-03,43900,0.0,1388688050
2019-12-04,43850,-0.1099999994039535,1730377500
2019-12-05,44650,1.820000052452088,3391044600
2019-12-06,45450,1.7899999618530271,3844474350
2019-12-09,45350,-0.2199999988079071,2237604300
2019-12-10,45050,-0.6600000262260437,2352166050
2019-12-11,45200,0.3300000131130218,1478762550
2019-12-12,45250,0.1099999994039535,1656132850
2019-12-13,45450,0.4399999976158142,2557967650
2019-12-16,46250,1.7599999904632568,2908481650
2019-12-17,46400,0.3199999928474426,2709810400
2019-12-18,46050,-0.75,1517640350
2019-12-19,46050,0.0,1507582150
2019-12-20,46400,0.7599999904632568,2948505050
2019-12-23,46150,-0.5400000214576721,1652793400
2019-12-24,46450,0.6499999761581421,1813158750
2019-12-26,46600,0.3199999928474426,2282661950
2019-12-27,47250,1.3899999856948853,2943791000
2019-12-30,46600,-1.3799999952316284,2413318500
2020-01-02,45350,-2.680000066757202,4332610700
2020-01-03,45650,0.6600000262260437,4821027800
2020-01-06,44500,-2.5199999809265137,3340894550
2020-01-07,44050,-1.0099999904632568,2788290900
2020-01-08,42750,-2.950000047683716,4840077300
2020-01-09,44000,2.9200000762939453,1585349300
2020-01-10,44300,0.6800000071525574,1531084850
2020-01-13,44950,1.4700000286102295,1960349750
2020-01-14,44950,0.0,2141935050
2020-01-15,45850,2.0,2363843950
2020-01-16,46600,1.6399999856948853,2929841000
2020-01-17,46600,0.0,1891244650
2020-01-20,45650,-2.039999961853028,2732310100
2020-01-21,46700,2.299999952316284,3131972400
2020-01-22,46450,-0.5400000214576721,1382454300
2020-01-23,45600,-1.830000042915344,1297730100
2020-01-28,43900,-3.7300000190734863,2799029550
2020-01-29,43600,-0.6800000071525574,1771380200
2020-01-30,42600,-2.289999961853028,1811900450
2020-01-31,41100,-3.5199999809265137,3891867350
2020-02-03,40250,-2.069999933242798,4232728400
2020-02-04,41000,1.8600000143051147,1909835050
2020-02-05,42900,4.630000114440918,2474012250
2020-02-06,42650,-0.5799999833106995,1546074500
2020-02-07,41350,-3.049999952316284,2355628750
2020-02-10,42900,3.75,1964209500
2020-02-11,43950,2.450000047683716,3078733400
2020-02-12,44650,1.590000033378601,7770491050
2020-02-13,43400,-2.799999952316284,2712517500
2020-02-14,42700,-1.6100000143051147,2206942000
2020-02-17,43600,2.109999895095825,2404537650
2020-02-18,42700,-2.059999942779541,1353526400
2020-02-19,41900,-1.870000004768372,2283343250
2020-02-20,41050,-2.0299999713897705,2190850100
2020-02-21,40500,-1.340000033378601,1270471300
2020-02-24,39150,-3.3299999237060547,3232441250
2020-02-25,39500,0.8899999856948853,1384377650
2020-02-26,38800,-1.7699999809265137,1069899500
2020-02-27,38600,-0.5199999809265137,1645164900
2020-02-28,37100,-3.890000104904175,2441385750
2020-03-02,37150,0.1299999952316284,1732590700
2020-03-03,38000,2.289999961853028,2346902250
2020-03-04,38150,0.3899999856948852,1686333200
2020-03-05,37950,-0.5199999809265137,1223542350
2020-03-06,37550,-1.0499999523162842,1208271050
2020-03-09,35900,-4.389999866485596,1652936500
2020-03-10,35500,-1.1100000143051147,2672321800
2020-03-11,34200,-3.660000085830689,1371784650
2020-03-12,32200,-5.849999904632568,2580391800
2020-03-13,29300,-9.010000228881836,3685197900
2020-03-16,29100,-0.6800000071525574,2878947250
2020-03-17,28850,-0.8600000143051147,1639784250
2020-03-18,28800,-0.1700000017881393,1667695400
2020-03-19,26500,-7.989999771118164,2370071150
2020-03-20,28450,7.360000133514404,1402691050
2020-03-23,27850,-2.109999895095825,1269392100
2020-03-24,28550,2.509999990463257,1455258550
2020-03-25,29300,2.630000114440918,2965650250
2020-03-26,29800,1.7100000381469729,1901817600
2020-03-27,30050,0.8399999737739563,1828054600
2020-03-30,30300,0.8299999833106995,1577229300
2020-03-31,30800,1.649999976158142,1181393750
2020-04-01,30400,-1.2999999523162842,1282761650
2020-04-02,30200,-0.6600000262260437,1526984550
2020-04-03,30100,-0.3300000131130218,1209459400
2020-04-06,30950,2.819999933242798,1969325500
2020-04-07,31600,2.0999999046325684,2604608400
2020-04-08,32000,1.2699999809265137,1640988900
2020-04-09,33200,3.75,2790093000
2020-04-10,33000,-0.6000000238418579,1330525750
2020-04-13,32250,-2.2699999809265137,1024888850
2020-04-14,32800,1.7100000381469729,1004397850
2020-04-16,33650,2.5899999141693115,1977418700
2020-04-17,35750,6.239999771118164,5072740050
2020-04-20,36750,2.799999952316284,2590255450
2020-04-21,36100,-1.7699999809265137,4118132100
2020-04-22,35350,-2.0799999237060547,2934352000
2020-04-23,35900,1.559999942779541,950572050
2020-04-24,35000,-2.509999990463257,1225949000
2020-04-27,35700,2.0,1178021350
2020-04-28,35750,0.1400000005960464,1218031400
2020-04-29,35900,0.4199999868869781,1075013800
2020-05-04,36050,0.4199999868869781,1535203000
2020-05-06,36600,1.5299999713897705,1206988650
2020-05-07,38100,4.099999904632568,2226033700
2020-05-08,38350,0.6600000262260437,1770205050
2020-05-11,40450,5.480000019073486,5015916100
2020-05-12,39700,-1.850000023841858,4102710050
2020-05-13,38500,-3.0199999809265137,1991447600
2020-05-14,37400,-2.859999895095825,1646710450
2020-05-15,38750,3.609999895095825,1768807100
2020-05-18,38500,-0.6499999761581421,865725700
2020-05-19,39600,2.859999895095825,2670549150
2020-05-20,39250,-0.8799999952316284,1325048950
2020-05-21,39150,-0.25,1388917350
2020-05-22,38500,-1.659999966621399,1182396000
2020-05-25,38500,0.0,1062851450
2020-05-26,38750,0.6499999761581421,980152000
2020-05-27,39100,0.8999999761581421,1854479800
2020-05-28,39050,-0.1299999952316284,1526719150
2020-05-29,38600,-1.149999976158142,1719141550
2020-06-01,39900,3.369999885559082,2914932350
2020-06-02,43050,7.889999866485596,10133991750
2020-06-03,43150,0.2300000041723251,5333621200
2020-06-04,43150,0.0,3717897750
2020-06-05,44000,1.9700000286102293,4048224150
2020-06-08,42950,-2.390000104904175,2370177550
2020-06-09,42200,-1.75,2560262400
2020-06-10,41800,-0.949999988079071,1555690850
2020-06-11,41000,-1.909999966621399,2468726550
2020-06-12,39800,-2.930000066757202,1757879650
2020-06-15,37650,-5.400000095367432,2033024400
2020-06-16,39950,6.110000133514404,1602967900
2020-06-17,39700,-0.6299999952316284,1128104650
2020-06-18,40200,1.2599999904632568,1228140700
2020-06-19,41000,1.9900000095367432,1135750400
2020-06-22,39950,-2.559999942779541,1754063900
2020-06-23,39800,-0.3799999952316284,1681643150
2020-06-24,39400,-1.0099999904632568,914068900
2020-06-25,39950,1.399999976158142,967645850
2020-06-26,40400,1.1299999952316284,630793200
2020-06-29,40000,-0.9900000095367432,1304450650
2020-06-30,41550,3.880000114440918,2583568700
2020-07-01,41700,0.3600000143051147,2417482650
2020-07-02,45150,8.270000457763672,16192892950
2020-07-03,45100,-0.1099999994039535,6323239600
2020-07-06,45950,1.8799999952316284,3450906900
2020-07-07,46750,1.7400000095367432,5624502350
2020-07-08,49500,5.880000114440918,8784824300
2020-07-09,50400,1.820000052452088,15372228200
2020-07-10,51000,1.190000057220459,6209011050
2020-07-13,53700,5.289999961853027,15345669100
2020-07-14,54500,1.4900000095367432,8222478800
2020-07-15,53900,-1.100000023841858,9568517500
2020-07-16,52100,-3.3399999141693115,6453082800
2020-07-17,52200,0.1899999976158142,3539357100
2020-07-20,52100,-0.1899999976158142,5063771000
2020-07-21,52800,1.340000033378601,5174422600
2020-07-22,51700,-2.0799999237060547,3287339700
2020-07-23,51800,0.1899999976158142,2885683700
2020-07-24,50800,-1.9299999475479128,2882830800
2020-07-27,51400,1.1799999475479126,1454895100
2020-07-28,51800,0.7799999713897705,2941549200
2020-07-29,53000,2.319999933242798,3109196300
2020-07-30,51700,-2.450000047683716,3602494700
2020-07-31,50500,-2.319999933242798,2155520900
2020-08-03,50000,-0.9900000095367432,2447468300
2020-08-04,51300,2.5999999046325684,2631451800
2020-08-05,50400,-1.75,2733720400
2020-08-06,50500,0.2000000029802322,1803250100
2020-08-07,52800,4.550000190734863,5820407000
2020-08-10,52200,-1.1399999856948853,4472077300
2020-08-11,53800,3.069999933242798,6475159600
2020-08-12,54300,0.9300000071525574,9494628600
2020-08-13,56600,4.239999771118164,16002658400
2020-08-14,55500,-1.940000057220459,6199461800
2020-08-18,52500,-5.409999847412109,5191914900
2020-08-19,52300,-0.3799999952316284,4290444300
2020-08-20,49050,-6.210000038146973,6295585050
2020-08-21,51300,4.590000152587891,3729306750
2020-08-24,52000,1.3600000143051147,2817030350
2020-08-25,52500,0.959999978542328,3473975900
2020-08-26,54000,2.859999895095825,4751775700
2020-08-27,53100,-1.6699999570846558,3533073900
2020-08-28,52200,-1.690000057220459,2713970800
2020-08-31,51800,-0.7699999809265137,3817670900
2020-09-01,50800,-1.9299999475479128,3504153400
2020-09-02,51700,1.7699999809265137,2785776900
2020-09-03,51300,-0.7699999809265137,3506643500
2020-09-04,53000,3.309999942779541,4936325950
2020-09-07,57500,8.489999771118164,20788085700
2020-09-08,56900,-1.0399999618530271,8029251200
2020-09-09,57300,0.699999988079071,8803371700
2020-09-10,60000,4.710000038146973,23114168600
2020-09-11,60200,0.3300000131130218,9160295200
2020-09-14,58700,-2.490000009536743,7385160100
2020-09-15,59100,0.6800000071525574,6283438200
2020-09-16,58700,-0.6800000071525574,13927187600
2020-09-17,56400,-3.920000076293945,6492583600
2020-09-18,56500,0.1800000071525573,3374546800
2020-09-21,54700,-3.190000057220459,3998589200
2020-09-22,53900,-1.4600000381469729,4108897200
2020-09-23,54600,1.2999999523162842,3655917200
2020-09-24,53000,-2.930000066757202,3813176300
2020-09-25,50500,-4.71999979019165,7647359000
2020-09-28,53100,5.150000095367432,2576945800
2020-09-29,52700,-0.75,2893046500
2020-10-05,55100,4.550000190734863,4463333600
2020-10-06,55400,0.5400000214576721,2501207700
2020-10-07,55100,-0.5400000214576721,2292723600
2020-10-08,56300,2.180000066757202,4834840700
2020-10-12,56600,0.5299999713897705,4370387200
2020-10-13,56600,0.0,2260670400
2020-10-14,55200,-2.470000028610229,3022724300
2020-10-15,54800,-0.7200000286102295,4679351100
2020-10-16,53900,-1.6399999856948853,3529799000
2020-10-19,54000,0.1899999976158142,1756779300
2020-10-20,54300,0.5600000023841858,1559821400
2020-10-21,55300,1.840000033378601,1654828600
2020-10-22,54300,-1.809999942779541,1612768900
2020-10-23,54200,-0.1800000071525573,1143072800
2020-10-26,52000,-4.059999942779541,2926466200
2020-10-27,52300,0.5799999833106995,1777319300
2020-10-28,53100,1.5299999713897705,1331422500
2020-10-29,53000,-0.1899999976158142,1800005200
2020-10-30,53000,0.0,2060170300
2020-11-02,53300,0.5699999928474426,1319412300
2020-11-03,53300,0.0,2210165900
2020-11-04,52800,-0.9399999976158142,2640715100
2020-11-05,53200,0.7599999904632568,2040720500
2020-11-06,54000,1.5,3119827500
2020-11-09,55800,3.3299999237060547,4272899500
2020-11-10,58700,5.199999809265137,22053849600
2020-11-11,57000,-2.900000095367432,12351651800
2020-11-12,55300,-2.9800000190734863,6813248300
2020-11-13,55300,0.0,3453090700
2020-11-16,55200,-0.1800000071525573,4788176500
2020-11-17,54300,-1.6299999952316284,6249964800
2020-11-18,54400,0.1800000071525573,2986839600
2020-11-19,55200,1.4700000286102295,2967127300
2020-11-20,55200,0.0,1830214600
2020-11-23,54800,-0.7200000286102295,2940834800
2020-11-24,55500,1.2799999713897705,3468435700
2020-11-25,55700,0.3600000143051147,8688742300
2020-11-26,54400,-2.3299999237060547,5041507000
2020-11-27,53700,-1.2899999618530271,4665127300
2020-11-30,53200,-0.9300000071525574,3443475900
2020-12-01,53500,0.5600000023841858,3929676000
2020-12-02,53400,-0.1899999976158142,2601991600
2020-12-03,53300,-0.1899999976158142,3263539300
2020-12-04,52400,-1.690000057220459,4565583800
2020-12-07,52000,-0.7599999904632568,3474733500
2020-12-08,52500,0.959999978542328,2675026400
2020-12-09,53000,0.949999988079071,2382645900
2020-12-10,54100,2.0799999237060547,4903409700
2020-12-11,53400,-1.2899999618530271,3836574700
2020-12-14,52800,-1.1200000047683716,6213848900
2020-12-15,52500,-0.5699999928474426,7103708700
2020-12-16,52800,0.5699999928474426,3143980400
2020-12-17,52200,-1.1399999856948853,2676068300
2020-12-18,53100,1.7200000286102295,4489329400
2020-12-21,53100,0.0,2732361100
2020-12-22,52000,-2.069999933242798,2900306500
2020-12-23,52000,0.0,2391712500
2020-12-24,52000,0.0,2674840100
2020-12-28,51400,-1.149999976158142,4117213400
2020-12-29,52100,1.3600000143051147,2102473500
2020-12-30,52100,0.0,2384547600
2021-01-04,51600,-0.959999978542328,3716505000
2021-01-05,52300,1.3600000143051147,3622315200
2021-01-06,52200,-0.1899999976158142,3136837000
2021-01-07,53100,1.7200000286102295,7514847100
2021-01-08,53200,0.1899999976158142,7020458300
2021-01-11,52900,-0.5600000023841858,5923202800
2021-01-12,52600,-0.5699999928474426,3062659500
2021-01-13,52300,-0.5699999928474426,3647402700
2021-01-14,51900,-0.7599999904632568,3125752600
2021-01-15,51700,-0.3899999856948852,4580337300
2021-01-18,49950,-3.380000114440918,3697465700
2021-01-19,50500,1.100000023841858,1887884850
2021-01-20,50800,0.5899999737739563,3307039000
2021-01-21,50800,0.0,1847342100
2021-01-22,50100,-1.3799999952316284,3452260100
2021-01-25,50900,1.600000023841858,4791588400
2021-01-26,50400,-0.9800000190734864,4014961450
2021-01-27,49400,-1.9800000190734863,3949652500
2021-01-28,48950,-0.9100000262260436,3729250350
2021-01-29,48150,-1.6299999952316284,3334398000
2021-02-01,48450,0.6200000047683716,2410316500
2021-02-02,49100,1.340000033378601,2028778800
2021-02-03,48500,-1.2200000286102295,2778319350
2021-02-04,48350,-0.3100000023841858,2230153150
2021-02-05,48400,0.1000000014901161,1850019650
2021-02-08,48300,-0.209999993443489,1919470700
2021-02-09,48750,0.9300000071525574,7601973250
2021-02-10,49100,0.7200000286102295,3825971150
2021-02-15,50900,3.670000076293945,7192210100
2021-02-16,51200,0.5899999737739563,4414852400
2021-02-17,51500,0.5899999737739563,4496924700
2021-02-18,52500,1.940000057220459,12897332700
2021-02-19,52800,0.5699999928474426,7112178800
2021-02-22,52200,-1.1399999856948853,3627255300
2021-02-23,52100,-0.1899999976158142,2561629800
2021-02-24,50700,-2.690000057220459,5552561600
2021-02-25,50700,0.0,4715806200
2021-02-26,50600,-0.2000000029802322,4851829200
2021-03-02,50500,-0.2000000029802322,3385114650
2021-03-03,51000,0.9900000095367432,3035556950
2021-03-04,50200,-1.5700000524520874,4024150200
2021-03-05,49700,-1.0,2389573850
2021-03-08,49400,-0.6000000238418579,2531687500
2021-03-09,49050,-0.7099999785423279,2845947400
2021-03-10,48950,-0.2000000029802322,3415108050
2021-03-11,49400,0.9200000166893004,1810647600
2021-03-12,50600,2.430000066757202,2547232100
2021-03-15,50300,-0.5899999737739563,1668027050
2021-03-16,51500,2.390000104904175,3274679300
2021-03-17,51400,-0.1899999976158142,3096558500
2021-03-18,51400,0.0,3742132500
2021-03-19,51300,-0.1899999976158142,2788650900
2021-03-22,51400,0.1899999976158142,1993126800
2021-03-23,50700,-1.3600000143051147,2511277500
2021-03-24,51000,0.5899999737739563,2625091200
2021-03-25,51300,0.5899999737739563,3443251800
2021-03-26,51000,-0.5799999833106995,2182743400
2021-03-29,50900,-0.2000000029802322,1667135100
2021-03-30,51000,0.2000000029802322,1402656900
2021-03-31,50900,-0.2000000029802322,1862744700
2021-04-01,51200,0.5899999737739563,1945941000
2021-04-02,50500,-1.3700000047683716,3028211100
2021-04-05,50200,-0.5899999737739563,2259454550
2021-04-06,50300,0.2000000029802322,1942885450
2021-04-07,49750,-1.090000033378601,3465294150
2021-04-08,49750,0.0,3215733000
2021-04-09,50900,2.309999942779541,4498121250
2021-04-12,51400,0.9800000190734864,4190551300
2021-04-13,51900,0.9700000286102296,4238395800
2021-04-14,52200,0.5799999833106995,3112516800
2021-04-15,52400,0.3799999952316284,5295598100
2021-04-16,52700,0.5699999928474426,4731560800
2021-04-19,54900,4.170000076293945,16492592700
2021-04-20,54800,-0.1800000071525573,4136181200
2021-04-21,58000,5.840000152587891,25775830800
2021-04-22,57800,-0.3400000035762787,9092372800
2021-04-23,57200,-1.0399999618530271,6474793200
2021-04-26,57500,0.5199999809265137,4567240100
2021-04-27,56400,-1.909999966621399,12906383100
2021-04-28,55200,-2.130000114440918,5868095700
2021-04-29,54800,-0.7200000286102295,4927021500
2021-04-30,55200,0.7300000190734863,4415063400
2021-05-03,55400,0.3600000143051147,5378194900
2021-05-04,57100,3.069999933242798,7695462700
2021-05-06,57100,0.0,3872975700
2021-05-07,58800,2.9800000190734863,7052817800
2021-05-10,58600,-0.3400000035762787,4387235700
2021-05-11,63400,8.1899995803833,55814085300
2021-05-12,62400,-1.5800000429153442,14571417100
2021-05-13,60900,-2.400000095367432,15644385000
2021-05-14,64800,6.400000095367432,18195129200
2021-05-17,63200,-2.470000028610229,7945576400
2021-05-18,64600,2.220000028610229,7855578900
2021-05-20,63800,-1.2400000095367432,6156206800
2021-05-21,62800,-1.5700000524520874,6118922000
2021-05-24,63600,1.2699999809265137,6364906200
2021-05-25,66400,4.400000095367432,12113077300
2021-05-26,65900,-0.75,5031621900
2021-05-27,67100,1.820000052452088,5304415100
2021-05-28,64700,-3.5799999237060547,7987033700
2021-05-31,62700,-3.0899999141693115,11762749100
2021-06-01,62900,0.3199999928474426,7063221100
2021-06-02,63800,1.4299999475479126,9615646500
2021-06-03,62400,-2.190000057220459,7579741100
2021-06-04,64200,2.880000114440918,9444748900
2021-06-07,64000,-0.3100000023841858,4755557600
2021-06-08,64000,0.0,3360953800
2021-06-09,65200,1.8799999952316284,6789367800
2021-06-10,64800,-0.6100000143051147,13922368100
2021-06-11,65600,1.2300000190734863,7960993100
2021-06-14,65800,0.3000000119209289,6852338400
2021-06-15,67900,3.190000057220459,16943009400
2021-06-16,67400,-0.7400000095367432,6539433800
2021-06-17,67100,-0.449999988079071,5228203400
2021-06-18,69800,4.019999980926514,14259326200
2021-06-21,68700,-1.5800000429153442,9277659000
2021-06-22,71100,3.490000009536743,10840706800
2021-06-23,71800,0.9800000190734864,13950821200
2021-06-24,70600,-1.6699999570846558,7953420500
2021-06-25,69400,-1.7000000476837158,7780386900
2021-06-28,69100,-0.4300000071525574,5650361000
2021-06-29,69700,0.8700000047683716,4915250100
2021-06-30,70100,0.5699999928474426,4493552700
2021-07-01,70200,0.1400000005960464,15672015100
2021-07-02,69200,-1.4199999570846558,5453387800
2021-07-05,66600,-3.759999990463257,13810548100
2021-07-06,66200,-0.6000000238418579,5495384200
2021-07-07,65000,-1.809999942779541,5537830400
2021-07-08,65900,1.3799999952316284,5659807700
2021-07-09,64400,-2.2799999713897705,5933244900
2021-07-12,67200,4.349999904632568,11179362300
2021-07-13,68100,1.340000033378601,4598525100
2021-07-14,68400,0.4399999976158142,4017051900
2021-07-15,67800,-0.8799999952316284,4044899200
2021-07-16,68000,0.2899999916553497,3372100400
2021-07-19,68500,0.7400000095367432,4605319300
2021-07-20,67200,-1.899999976158142,5076145000
2021-07-21,69800,3.869999885559082,8659193800
2021-07-22,69300,-0.7200000286102295,5094512300
2021-07-23,69600,0.4300000071525574,4051353800
2021-07-26,68400,-1.7200000286102295,3237621900
2021-07-27,67500,-1.3200000524520874,1959524200
2021-07-28,71300,5.630000114440918,12614924200
2021-07-29,73900,3.650000095367432,13098234600
2021-07-30,73600,-0.4099999964237213,4679795900
2021-08-02,73300,-0.4099999964237213,3718989800
2021-08-03,72400,-1.2300000190734863,4286435100
2021-08-04,74600,3.039999961853028,7780498800
2021-08-05,75000,0.5400000214576721,5773744600
2021-08-06,77200,2.930000066757202,7690663100
2021-08-09,77300,0.1299999952316284,4392656000
2021-08-10,77200,-0.1299999952316284,6987443400
2021-08-11,73000,-5.440000057220459,26114277100
2021-08-12,74000,1.3700000047683716,6332008800
2021-08-13,73300,-0.949999988079071,11619930800
2021-08-17,71000,-3.140000104904175,6994696500
2021-08-18,70500,-0.699999988079071,5210763000
2021-08-19,67800,-3.829999923706055,10075547300
2021-08-20,65500,-3.390000104904175,6389387000
2021-08-23,66700,1.830000042915344,4696444500
2021-08-24,67700,1.5,6397727000
2021-08-25,67700,0.0,2786585800
2021-08-26,67400,-0.4399999976158142,3366199000
2021-08-27,67000,-0.5899999737739563,2276406700
2021-08-30,66500,-0.75,4694013500
2021-08-31,67200,1.0499999523162842,3275530400
2021-09-01,66600,-0.8899999856948853,1796874100
2021-09-02,68000,2.0999999046325684,10036991400
2021-09-03,69400,2.059999942779541,5744767900
2021-09-06,68600,-1.149999976158142,6974836500
2021-09-07,68800,0.2899999916553497,3205275800
2021-09-08,68700,-0.1500000059604644,2543294300
2021-09-09,67500,-1.75,2971126600
2021-09-10,66400,-1.6299999952316284,2755188800
2021-09-13,65500,-1.3600000143051147,4962660500
2021-09-14,65500,0.0,4242572400
2021-09-15,65700,0.3100000023841858,2227116400
2021-09-16,66500,1.2200000286102295,3602282700
2021-09-17,65000,-2.259999990463257,4089617100
2021-09-23,64300,-1.0800000429153442,3019948900
2021-09-24,63500,-1.2400000095367432,2352552700
2021-09-27,64000,0.7900000214576721,1855233700
2021-09-28,63400,-0.9399999976158142,2168132500
2021-09-29,60900,-3.940000057220459,6560472600
2021-09-30,60300,-0.9900000095367432,4452313700
2021-10-01,58300,-3.319999933242798,3875341000
2021-10-05,58300,0.0,2974849700
2021-10-06,56600,-2.9200000762939453,4310177700
2021-10-07,59700,5.480000019073486,3296426400
2021-10-08,59700,0.0,3564729300
2021-10-12,59100,-1.0099999904632568,2027774100
2021-10-13,59900,1.350000023841858,1779397700
2021-10-14,61400,2.5,1436581500
2021-10-15,65400,6.510000228881836,6041545600
2021-10-18,67100,2.5999999046325684,9506521000
2021-10-19,67300,0.3000000119209289,3836964600
2021-10-20,67100,-0.3000000119209289,2905598100
2021-10-21,65500,-2.380000114440918,3518621900
2021-10-22,66400,1.3700000047683716,2711975000
2021-10-25,65900,-0.75,2271474800
2021-10-26,66500,0.9100000262260436,1784038800
2021-10-27,66300,-0.3000000119209289,1407174900
2021-10-28,66000,-0.449999988079071,1816782100
2021-10-29,67000,1.5199999809265137,3204580500
2021-11-01,67500,0.75,8558881600
2021-11-02,67500,0.0,7516932000
2021-11-03,68100,0.8899999856948853,5746561500
2021-11-04,69000,1.3200000524520874,4279938900
2021-11-05,69000,0.0,7889513600
2021-11-08,69300,0.4300000071525574,7152631800
2021-11-09,62700,-9.520000457763672,28332804100
2021-11-10,63000,0.4799999892711639,11963823200
2021-11-11,63000,0.0,6642971200
2021-11-12,62500,-0.7900000214576721,5623019100
2021-11-15,61500,-1.600000023841858,4032267500
2021-11-16,59700,-2.930000066757202,5092849700
2021-11-17,59000,-1.1699999570846558,4137206400
2021-11-18,58300,-1.190000057220459,4247103500
2021-11-19,59200,1.5399999618530271,2494974900
2021-11-22,58300,-1.5199999809265137,2477972200
2021-11-23,59000,1.2000000476837158,1949807600
2021-11-24,60300,2.200000047683716,4221781000
2021-11-25,59400,-1.4900000095367432,1509457900
2021-11-26,57700,-2.859999895095825,2137855600
2021-11-29,56200,-2.5999999046325684,4051121700
2021-11-30,52400,-6.760000228881836,5739142800
2021-12-01,53500,2.0999999046325684,2132677000
2021-12-02,55400,3.549999952316284,2408460200
2021-12-03,56300,1.6200000047683716,1628819300
2021-12-06,55500,-1.4199999570846558,1534627400
2021-12-07,56200,1.2599999904632568,1843864800
2021-12-08,55600,-1.0700000524520874,1084003000
2021-12-09,55500,-0.1800000071525573,1175638800
2021-12-10,55700,0.3600000143051147,1089230300
2021-12-13,54900,-1.440000057220459,1389849100
2021-12-14,54300,-1.090000033378601,1655167500
2021-12-15,53400,-1.659999966621399,1053726300
2021-12-16,54000,1.1200000047683716,839726800
2021-12-17,53700,-0.5600000023841858,1233530800
2021-12-20,53000,-1.2999999523162842,1595114700
2021-12-21,52900,-0.1899999976158142,1141072600
2021-12-22,53200,0.5699999928474426,1256808000
2021-12-23,53000,-0.3799999952316284,1412096600
2021-12-24,53100,0.1899999976158142,739148300
2021-12-27,54100,1.8799999952316284,1873859800
2021-12-28,54100,0.0,1084141200
2021-12-29,54100,0.0,1480657100
2021-12-30,54900,1.4800000190734863,1937989500
2022-01-03,55500,1.090000033378601,39722357300
2022-01-04,54700,-1.440000057220459,6854907700
2022-01-05,56000,2.380000114440918,7984010400
2022-01-06,54500,-2.680000066757202,3554257600
2022-01-07,55500,1.830000042915344,1717693500
2022-01-10,54900,-1.0800000429153442,2102636500
2022-01-11,54200,-1.2799999713897705,2361579200
2022-01-12,54900,1.2899999618530271,1583170400
2022-01-13,54900,0.0,1090950000
2022-01-14,54900,0.0,1628238000
2022-01-17,53500,-2.549999952316284,1590866300
2022-01-18,52000,-2.799999952316284,1952159500
2022-01-19,52200,0.3799999952316284,1779470800
2022-01-20,52300,0.1899999976158142,1337477500
2022-01-21,50500,-3.440000057220459,3033319600
2022-01-24,48700,-3.559999942779541,2822746050
2022-01-25,46750,-4.0,3622872950
2022-01-26,46000,-1.600000023841858,2182558800
2022-01-27,45100,-1.9600000381469729,1610029250
2022-01-28,48400,7.320000171661377,2738417000
2022-02-03,51600,6.610000133514404,4677999850
2022-02-04,51900,0.5799999833106995,1906254100
2022-02-07,51500,-0.7699999809265137,1830056600
2022-02-08,50300,-2.3299999237060547,2422521450
2022-02-09,50300,0.0,1532541150
2022-02-10,50700,0.800000011920929,1349939400
2022-02-11,49950,-1.4800000190734863,1134249200
2022-02-14,48050,-3.799999952316284,1544232250
2022-02-15,47350,-1.4600000381469729,1451633150
2022-02-16,47850,1.059999942779541,1957955400
2022-02-17,47850,0.0,1678021900
2022-02-18,47000,-1.7799999713897705,2360921500
2022-02-21,46800,-0.4300000071525574,1191353600
2022-02-22,45450,-2.880000114440918,1793509200
2022-02-23,46100,1.4299999475479126,1889265750
2022-02-24,44350,-3.799999952316284,3006227100
2022-02-25,44550,0.449999988079071,1875891500
2022-02-28,44300,-0.5600000023841858,1075531250
2022-03-02,43600,-1.5800000429153442,3553913600
2022-03-03,45300,3.900000095367432,2537549450
2022-03-04,45650,0.7699999809265137,1565550600
2022-03-07,44400,-2.740000009536743,1397576900
2022-03-08,43700,-1.5800000429153442,1590904200
2022-03-10,44100,0.9200000166893004,1673298150
2022-03-11,44100,0.0,980287100
2022-03-14,43250,-1.9299999475479128,1457399400
2022-03-15,43150,-0.2300000041723251,1394912500
2022-03-16,42900,-0.5799999833106995,2356677800
2022-03-17,45300,5.590000152587891,2674807800
2022-03-18,44800,-1.100000023841858,1227468550
2022-03-21,44600,-0.449999988079071,1501331200
2022-03-22,45300,1.5700000524520874,2103519900
2022-03-23,46100,1.7699999809265137,2874367750
2022-03-24,46850,1.6299999952316284,2153127750
2022-03-25,47250,0.8500000238418579,1926496550
2022-03-28,46550,-1.4800000190734863,1285375600
2022-03-29,45900,-1.399999976158142,1480757500
2022-03-30,45900,0.0,2303297500
2022-03-31,46100,0.4399999976158142,956023800
2022-04-01,48000,4.119999885559082,5412573500
2022-04-04,49550,3.2300000190734863,4813308550
2022-04-05,50600,2.119999885559082,2466060150
2022-04-06,50800,0.4000000059604645,4660435000
2022-04-07,49050,-3.440000057220459,2389800100
2022-04-08,49300,0.5099999904632568,1296026650
2022-04-11,49800,1.0099999904632568,958000750
2022-04-12,49600,-0.4000000059604645,975924450
2022-04-13,49000,-1.2100000381469729,1537298550
2022-04-14,48650,-0.7099999785423279,2053257300
2022-04-15,48900,0.5099999904632568,1559063950
2022-04-18,50300,2.859999895095825,3543084800
2022-04-19,50500,0.4000000059604645,1585853550
2022-04-20,51300,1.5800000429153442,2837937300
2022-04-21,51400,0.1899999976158142,1753205500
2022-04-22,51700,0.5799999833106995,1559214900
2022-04-25,50800,-1.7400000095367432,1920702950
2022-04-26,51300,0.9800000190734864,1105180900
2022-04-27,50900,-0.7799999713897705,964284300
2022-04-28,51300,0.7900000214576721,1361599400
2022-04-29,51400,0.1899999976158142,1258012300
2022-05-02,52400,1.950000047683716,2477857700
2022-05-03,52700,0.5699999928474426,2221794800
2022-05-04,52000,-1.3300000429153442,3057479900
2022-05-06,51300,-1.350000023841858,2408920300
2022-05-09,49900,-2.7300000190734863,3079643200
2022-05-10,48600,-2.609999895095825,3043246750
2022-05-11,47800,-1.649999976158142,5251503350
2022-05-12,46600,-2.509999990463257,1993370850
2022-05-13,46800,0.4300000071525574,2084631050
2022-05-16,47900,2.3499999046325684,1765921350
2022-05-17,49400,3.130000114440918,2140964500
2022-05-18,49500,0.2000000029802322,1067034200
2022-05-19,48350,-2.319999933242798,703101000
2022-05-20,47700,-1.340000033378601,1004827800
2022-05-23,47400,-0.6299999952316284,1221179850
2022-05-24,46600,-1.690000057220459,2018513850
2022-05-25,46050,-1.1799999475479126,1610959950
2022-05-26,45150,-1.950000047683716,2021371150
2022-05-27,45200,0.1099999994039535,1194083100
2022-05-30,45850,1.440000057220459,626699100
2022-05-31,45900,0.1099999994039535,881716800
2022-06-02,45750,-0.3300000131130218,803538850
2022-06-03,46000,0.550000011920929,905604500
2022-06-07,45100,-1.9600000381469729,1458984600
2022-06-08,44650,-1.0,996503150
2022-06-09,44450,-0.449999988079071,1187822950
2022-06-10,44400,-0.1099999994039535,1204613000
2022-06-13,42950,-3.2699999809265137,1888572150
2022-06-14,42100,-1.9800000190734863,1409714200
2022-06-15,41000,-2.609999895095825,1334018500
2022-06-16,40350,-1.590000033378601,1155460550
2022-06-17,39950,-0.9900000095367432,2129935050
2022-06-20,38550,-3.5,2407919900
2022-06-21,39350,2.0799999237060547,1432756250
2022-06-22,38600,-1.909999966621399,928079700
2022-06-23,37500,-2.8499999046325684,1030384850
2022-06-24,39850,6.269999980926514,826873600
2022-06-27,40600,1.8799999952316284,1006931400
2022-06-28,40900,0.7400000095367432,610864100
2022-06-29,40400,-1.2200000286102295,223231250
2022-06-30,40300,-0.25,303754250
2022-07-01,38900,-3.470000028610229,578751250
2022-07-04,38200,-1.7999999523162842,648148750
2022-07-05,38750,1.440000057220459,477387700
2022-07-06,38500,-0.6499999761581421,978260950
2022-07-07,38700,0.5199999809265137,446389700
2022-07-08,38450,-0.6499999761581421,714957400
2022-07-11,38200,-0.6499999761581421,462780500
2022-07-12,38150,-0.1299999952316284,952731150
2022-07-13,38050,-0.2599999904632568,791177600
2022-07-14,37950,-0.2599999904632568,832683750
2022-07-15,37800,-0.4000000059604645,475944900
2022-07-18,39100,3.440000057220459,861855300
2022-07-19,38700,-1.0199999809265137,1033383900
2022-07-20,39750,2.7100000381469727,1950317650
2022-07-21,40200,1.1299999952316284,1135323050
2022-07-22,39900,-0.75,1024251000
2022-07-25,39800,-0.25,711048600
2022-07-26,39500,-0.75,662892600
2022-07-27,39450,-0.1299999952316284,771545200
2022-07-28,39700,0.6299999952316284,683564350
2022-07-29,39900,0.5,779758400
2022-08-01,39950,0.1299999952316284,1041480800
2022-08-02,39950,0.0,1545388050
2022-08-03,40400,1.1299999952316284,2875366850
2022-08-04,39500,-2.2300000190734863,2168793300
2022-08-05,39700,0.5099999904632568,1686097050
2022-08-08,40250,1.3899999856948853,1571077800
2022-08-09,39450,-1.9900000095367432,3047615400
2022-08-10,38450,-2.5299999713897705,2913976400
2022-08-11,39500,2.7300000190734863,2121519850
2022-08-12,38700,-2.0299999713897705,6072668700
2022-08-16,39450,1.940000057220459,2773269250
2022-08-17,39800,0.8899999856948853,2172098200
2022-08-18,39650,-0.3799999952316284,1184620050
2022-08-19,39600,-0.1299999952316284,1076552850
2022-08-22,38800,-2.0199999809265137,1348752700
2022-08-23,38300,-1.2899999618530271,1736611650
2022-08-24,38650,0.9100000262260436,846316450
2022-08-25,39400,1.940000057220459,1184571550
2022-08-26,39150,-0.6299999952316284,1339590800
2022-08-29,38950,-0.5099999904632568,1098265800
2022-08-30,40700,4.489999771118164,4722028350
2022-08-31,43350,6.510000228881836,21513125150
2022-09-01,42000,-3.109999895095825,8000059850
2022-09-02,40100,-4.519999980926514,9052284450
2022-09-05,38850,-3.119999885559082,5557870150
2022-09-06,39800,2.450000047683716,2602565750
2022-09-07,39800,0.0,2115665100
2022-09-08,40250,1.1299999952316284,2719047550
2022-09-13,40500,0.6200000047683716,2748121250
2022-09-14,39700,-1.9800000190734863,2648564600
2022-09-15,40500,2.0199999809265137,1444317450
2022-09-16,41200,1.7300000190734863,6020913300
2022-09-19,41450,0.6100000143051147,4296396500
2022-09-20,42800,3.259999990463257,7829293100
2022-09-21,41200,-3.740000009536743,4306394200
2022-09-22,40800,-0.9700000286102296,3502213000
2022-09-23,39600,-2.940000057220459,3799955950
2022-09-26,37600,-5.050000190734863,4541818400
2022-09-27,36800,-2.130000114440918,2624902650
2022-09-28,34850,-5.300000190734863,4245313850
2022-09-29,34400,-1.2899999618530271,3737882150
2022-09-30,34200,-0.5799999833106995,1950560750
2022-10-04,34750,1.6100000143051147,1576890500
2022-10-05,33900,-2.450000047683716,3381743250
2022-10-06,34200,0.8799999952316284,1553828200
2022-10-07,34250,0.1500000059604644,1670376400
2022-10-11,33500,-2.190000057220459,1503974600
2022-10-12,33800,0.8999999761581421,1045611650
2022-10-13,33200,-1.7799999713897705,1405760450
2022-10-14,33550,1.0499999523162842,1126945300
2022-10-17,33550,0.0,1298698400
2022-10-18,34250,2.0899999141693115,1077164850
2022-10-19,33950,-0.8799999952316284,1646093250
2022-10-20,33850,-0.2899999916553497,1991929850
2022-10-21,33350,-1.4800000190734863,1702478600
2022-10-24,34150,2.400000095367432,1415772000
2022-10-25,34100,-0.1500000059604644,1762238350
2022-10-26,34300,0.5899999737739563,847725200
2022-10-27,34600,0.8700000047683716,914349600
2022-10-28,34200,-1.159999966621399,1156555800
2022-10-31,34450,0.7300000190734863,689176350
2022-11-01,34750,0.8700000047683716,1087980050
2022-11-02,34400,-1.0099999904632568,926139650
2022-11-03,33850,-1.600000023841858,1843898550
2022-11-04,33750,-0.3000000119209289,1602149000
2022-11-07,33950,0.5899999737739563,1527012750
2022-11-08,34350,1.1799999475479126,2128541750
2022-11-09,34650,0.8700000047683716,1927020200
2022-11-10,34300,-1.0099999904632568,1721830550
2022-11-11,34750,1.309999942779541,2670458850
2022-11-14,35700,2.7300000190734863,4092196350
2022-11-15,35950,0.699999988079071,2364653650
2022-11-16,35550,-1.1100000143051147,1929310150
2022-11-17,34750,-2.25,1880463350
2022-11-18,34900,0.4300000071525574,1488314200
2022-11-21,33900,-2.869999885559082,3117969800
2022-11-22,34000,0.2899999916553497,964081500
2022-11-23,34050,0.1500000059604644,916946850
2022-11-24,34250,0.5899999737739563,816409650
2022-11-25,34450,0.5799999833106995,967847050
2022-11-28,34500,0.1500000059604644,1219249350
2022-11-29,35150,1.8799999952316284,2446746700
2022-11-30,36600,4.130000114440918,6584225950
2022-12-01,36300,-0.8199999928474426,4079411800
2022-12-02,36050,-0.6899999976158142,2064235300
2022-12-05,36100,0.1400000005960464,1533852350
2022-12-06,35900,-0.550000011920929,1249038800
2022-12-07,35800,-0.2800000011920929,1107424400
2022-12-08,34750,-2.930000066757202,1616060900
2022-12-09,34900,0.4300000071525574,867328650
2022-12-12,35000,0.2899999916553497,1213070350
2022-12-13,35800,2.289999961853028,1815765250
2022-12-14,35750,-0.1400000005960464,1541637700
2022-12-15,35600,-0.4199999868869781,1072288250
2022-12-16,35350,-0.699999988079071,893844600
2022-12-19,35700,0.9900000095367432,1215688600
2022-12-20,34900,-2.240000009536743,1476337500
2022-12-21,34950,0.1400000005960464,1041958050
2022-12-22,35300,1.0,758891050
2022-12-23,34400,-2.549999952316284,1101412150
2022-12-26,34500,0.2899999916553497,765103350
2022-12-27,34500,0.0,895934750
2022-12-28,34100,-1.159999966621399,950984500
2022-12-29,33800,-0.8799999952316284,1151253450
2023-01-02,33100,-2.069999933242798,931509300
2023-01-03,32950,-0.449999988079071,1257741900
2023-01-04,33200,0.7599999904632568,743952150
2023-01-05,33050,-0.449999988079071,496915450
2023-01-06,32950,-0.3000000119209289,519492250
2023-01-09,32950,0.0,1301727750
2023-01-10,33350,1.2100000381469729,690692650
2023-01-11,33350,0.0,906732350
2023-01-12,33700,1.0499999523162842,1267946100
2023-01-13,33900,0.5899999737739563,560192450
2023-01-16,33600,-0.8799999952316284,945024100
2023-01-17,33550,-0.1500000059604644,965833200
2023-01-18,33200,-1.0399999618530271,958564600
2023-01-19,32850,-1.0499999523162842,1110511800
2023-01-20,32950,0.3000000119209289,988772400
2023-01-25,33700,2.2799999713897705,1344813450
2023-01-26,34300,1.7799999713897705,1815906450
2023-01-27,34450,0.4399999976158142,2115317950
2023-01-30,35000,1.600000023841858,2520098100
2023-01-31,35000,0.0,857378550
2023-02-01,35200,0.5699999928474426,3071747100
2023-02-02,35000,-0.5699999928474426,1517635400
2023-02-03,35100,0.2899999916553497,891027450
2023-02-06,35150,0.1400000005960464,1400352900
2023-02-07,34650,-1.4199999570846558,747850450
2023-02-08,34800,0.4300000071525574,666977300
2023-02-09,34750,-0.1400000005960464,774423550
2023-02-10,34700,-0.1400000005960464,747955500
2023-02-13,34750,0.1400000005960464,822261400
2023-02-14,35450,2.009999990463257,1340779350
2023-02-15,35700,0.7099999785423279,1790164600
2023-02-16,36400,1.9600000381469729,2351227750
2023-02-17,37400,2.75,5065956100
2023-02-20,38400,2.6700000762939453,3991115500
2023-02-21,38250,-0.3899999856948852,1854779300
2023-02-22,37800,-1.1799999475479126,2421483000
2023-02-23,37650,-0.4000000059604645,1846834950
2023-02-24,36650,-2.6600000858306885,1868419100
2023-02-27,36700,0.1400000005960464,1211734150
2023-02-28,37750,2.859999895095825,2114887200
2023-03-02,38500,1.9900000095367432,2416912200
2023-03-03,38700,0.5199999809265137,1637755400
2023-03-06,38600,-0.2599999904632568,2113670650
2023-03-07,38400,-0.5199999809265137,1141946050
2023-03-08,37850,-1.4299999475479126,1313807800
2023-03-09,37150,-1.850000023841858,967280800
2023-03-10,36400,-2.0199999809265137,1285918900
2023-03-13,35800,-1.649999976158142,1874275800
2023-03-14,34300,-4.190000057220459,1686633500
2023-03-15,34500,0.5799999833106995,685317050
2023-03-16,33800,-2.0299999713897705,1681591550
2023-03-17,34400,1.7799999713897705,1022531950
2023-03-20,34350,-0.1500000059604644,620012500
2023-03-21,34650,0.8700000047683716,679117700
2023-03-22,33950,-2.0199999809265137,1331316850
2023-03-23,34050,0.2899999916553497,576207500
2023-03-24,33950,-0.2899999916553497,757120350
2023-03-27,33500,-1.3300000429153442,654483950
2023-03-28,33750,0.75,635343650
2023-03-29,34400,1.9299999475479128,773049550
2023-03-30,34200,-0.5799999833106995,825919350
2023-03-31,33900,-0.8799999952316284,653705850
2023-04-03,35100,3.539999961853028,1928512200
2023-04-04,36300,3.4200000762939453,1943329000
2023-04-05,36450,0.4099999964237213,1271689100
2023-04-06,35900,-1.5099999904632568,1229703700
2023-04-07,35800,-0.2800000011920929,714638600
2023-04-10,35000,-2.2300000190734863,693598450
2023-04-11,35700,2.0,644313850
2023-04-12,35250,-1.2599999904632568,952142750
2023-04-13,35600,0.9900000095367432,985464300
2023-04-14,35800,0.5600000023841858,549910150
2023-04-17,35400,-1.1200000047683716,817854800
2023-04-18,35750,0.9900000095367432,734458900
2023-04-19,35400,-0.9800000190734864,904542350
2023-04-20,34700,-1.9800000190734863,1132911300
2023-04-21,35050,1.0099999904632568,796022150
2023-04-24,35650,1.7100000381469729,1240972000
2023-04-25,35300,-0.9800000190734864,739808350
2023-04-26,40050,13.460000038146973,38674819350
2023-04-27,41350,3.25,12814837850
2023-04-28,40000,-3.259999990463257,5487252100
2023-05-02,42950,7.380000114440918,7712591950
2023-05-03,42450,-1.159999966621399,3881253000
2023-05-04,43750,3.059999942779541,8927695600
2023-05-08,41200,-5.829999923706055,5633146250
2023-05-09,41800,1.4600000381469729,3263309250
2023-05-10,42100,0.7200000286102295,2371200350
2023-05-11,42100,0.0,1560895050
2023-05-12,41000,-2.609999895095825,1381725500
2023-05-15,41300,0.7300000190734863,1945285800
2023-05-16,40100,-2.9100000858306885,1388898500
2023-05-17,41300,2.990000009536743,2881350050
2023-05-18,41300,0.0,1564477000
2023-05-19,41400,0.2399999946355819,1153579950
2023-05-22,41950,1.3300000429153442,1685801400
2023-05-23,41750,-0.4799999892711639,1268046150
2023-05-24,42400,1.559999942779541,2892812600
2023-05-25,42350,-0.1199999973177909,1872076300
2023-05-26,42100,-0.5899999737739563,1262453050
2023-05-30,41100,-2.380000114440918,1856622850
2023-05-31,41000,-0.2399999946355819,3774269600
2023-06-01,39700,-3.1700000762939453,3171173300
2023-06-02,40400,1.7599999904632568,929666350
2023-06-05,40850,1.1100000143051147,2054302700
2023-06-07,40300,-1.350000023841858,1626863400
2023-06-08,40900,1.4900000095367432,1322254450
2023-06-09,41350,1.100000023841858,1538434250
2023-06-12,41600,0.6000000238418579,1791215150
2023-06-13,42200,1.440000057220459,1849099400
2023-06-14,44650,5.809999942779541,7394511850
2023-06-15,44200,-1.0099999904632568,3130268250
2023-06-16,43350,-1.919999957084656,1944661850
2023-06-19,43250,-0.2300000041723251,1128937700
2023-06-20,43550,0.6899999976158142,1393925000
2023-06-21,45300,4.019999980926514,7066382050
2023-06-22,50400,11.260000228881836,30577947800
2023-06-23,49600,-1.590000033378601,5881529150
2023-06-26,49400,-0.4000000059604645,4977002300
2023-06-27,49400,0.0,2695483350
2023-06-28,50300,1.820000052452088,12284943950
2023-06-29,49200,-2.190000057220459,3489981250
2023-06-30,50800,3.25,5413148650
2023-07-03,54000,6.300000190734863,21443276200
2023-07-04,53600,-0.7400000095367432,7776433500
2023-07-05,53000,-1.1200000047683716,4779758400
2023-07-06,52600,-0.75,3583513500
2023-07-07,52700,0.1899999976158142,6133573100
2023-07-10,51200,-2.8499999046325684,2520069800
2023-07-11,53300,4.099999904632568,5543919800
2023-07-12,54300,1.8799999952316284,7527761000
2023-07-13,52100,-4.050000190734863,5867917000
2023-07-14,52200,0.1899999976158142,3826071700
2023-07-17,51600,-1.149999976158142,5912657500
2023-07-18,50900,-1.3600000143051147,4583448400
2023-07-19,51100,0.3899999856948852,3903280300
2023-07-20,51800,1.3700000047683716,2046325500
2023-07-21,54000,4.25,5208602800
2023-07-24,54500,0.9300000071525574,8158060900
2023-07-25,58500,7.340000152587891,26043099000
2023-07-26,52600,-10.09000015258789,15999187900
2023-07-27,56000,6.460000038146973,9023806500
2023-07-28,57300,2.319999933242798,3959317500
2023-07-31,58000,1.2200000286102295,5027843400
2023-08-01,58100,0.1700000017881393,5285257800
2023-08-02,58600,0.8600000143051147,6711706000
2023-08-03,58700,0.1700000017881393,4810052400
2023-08-04,57300,-2.390000104904175,4237125600
2023-08-07,56500,-1.399999976158142,4042520500
2023-08-08,57500,1.7699999809265137,4099044300
2023-08-09,58000,0.8700000047683716,4205936000
2023-08-10,56000,-3.450000047683716,4022277900
2023-08-11,57400,2.5,6229399900
2023-08-14,59500,3.660000085830689,13760132200
2023-08-16,48700,-18.14999961853028,29035491650
2023-08-17,49500,1.6399999856948853,6920578150
2023-08-18,51700,4.440000057220459,11286444550
2023-08-21,51900,0.3899999856948852,5513355000
2023-08-22,52000,0.1899999976158142,2531697700
2023-08-23,50200,-3.4600000381469727,5601893500
2023-08-24,49500,-1.3899999856948853,5243033200
2023-08-25,48900,-1.2100000381469729,2832490100
2023-08-28,50200,2.6600000858306885,2463063600
2023-08-29,51300,2.190000057220459,2972653300
2023-08-30,51800,0.9700000286102296,1969492400
2023-08-31,52500,1.350000023841858,2809438600
2023-09-01,50000,-4.760000228881836,4883946000
2023-09-04,48400,-3.200000047683716,7147544250
2023-09-05,50000,3.309999942779541,4976471300
2023-09-06,48400,-3.200000047683716,3166648000
2023-09-07,47200,-2.4800000190734863,2664606800
2023-09-08,47700,1.059999942779541,1850445650
2023-09-11,47400,-0.6299999952316284,1551800850
2023-09-12,46850,-1.159999966621399,1854077200
2023-09-13,47250,0.8500000238418579,2167115100
2023-09-14,47900,1.3799999952316284,3252873850
2023-09-15,48100,0.4199999868869781,4182066150
2023-09-18,46050,-4.260000228881836,4146399150
2023-09-19,45650,-0.8700000047683716,5623024350
2023-09-20,45450,-0.4399999976158142,1942896050
2023-09-21,44100,-2.970000028610229,4191171800
2023-09-22,43500,-1.3600000143051147,2698392900
2023-09-25,43750,0.5699999928474426,1506245250
2023-09-26,42600,-2.630000114440918,2131255850
2023-09-27,43500,2.109999895095825,2268293250
2023-10-04,41300,-5.059999942779541,5213253650
2023-10-05,44000,6.539999961853027,5406548800
2023-10-06,46750,6.25,5977990900
2023-10-10,45850,-1.9299999475479128,4593715150
2023-10-11,47800,4.25,3837279350
2023-10-12,47000,-1.6699999570846558,2178114100
2023-10-13,47100,0.209999993443489,1658417600
2023-10-16,48300,2.549999952316284,3712116750
2023-10-17,49700,2.900000095367432,3400862750
2023-10-18,48600,-2.2100000381469727,4424236300
2023-10-19,46400,-4.53000020980835,2772140950
2023-10-20,46500,0.2199999988079071,2102707650
2023-10-23,45700,-1.7200000286102295,1173363600
2023-10-24,47000,2.8399999141693115,1594374150
2023-10-25,46400,-1.2799999713897705,1456147400
2023-10-26,44950,-3.130000114440918,2336112150
2023-10-27,46650,3.7799999713897705,1515061600
2023-10-30,47950,2.789999961853028,3522466400
2023-10-31,47900,-0.1000000014901161,2424324750
2023-11-01,48500,1.25,1413927900
2023-11-02,48950,0.9300000071525574,2479623550
2023-11-03,49450,1.0199999809265137,1428026900
2023-11-06,48500,-1.919999957084656,2894076400
2023-11-07,48550,0.1000000014901161,1728219850
2023-11-08,51500,6.079999923706055,8776914500
2023-11-09,50200,-2.5199999809265137,16633169650
2023-11-10,50300,0.2000000029802322,7563419600
2023-11-13,48300,-3.9800000190734863,3417487200
2023-11-14,48950,1.350000023841858,2439992700
2023-11-15,48950,0.0,2553587950
2023-11-16,48950,0.0,3827285350
2023-11-17,48750,-0.4099999964237213,1838046500
2023-11-20,48300,-0.9200000166893004,1660559300
2023-11-21,48250,-0.1000000014901161,4550912150
2023-11-22,47900,-0.7300000190734863,2963194000
2023-11-23,47550,-0.7300000190734863,3861082650
2023-11-24,47750,0.4199999868869781,2637465600
2023-11-27,47600,-0.3100000023841858,3065125550
2023-11-28,48600,2.0999999046325684,3371968550
2023-11-29,47200,-2.880000114440918,2779244700
2023-11-30,45650,-3.2799999713897705,5712807450
2023-12-01,46000,0.7699999809265137,3285005600
2023-12-04,45350,-1.409999966621399,1853207400
2023-12-05,44800,-1.2100000381469729,1698998400
2023-12-06,45100,0.6700000166893005,1507720050
2023-12-07,46750,3.660000085830689,3488952900
2023-12-08,47000,0.5299999713897705,3061632800
2023-12-11,47450,0.959999978542328,1858249300
2023-12-12,45650,-3.7899999618530273,5569253400
2023-12-13,45050,-1.309999942779541,4365525800
2023-12-14,43900,-2.549999952316284,6553599200
2023-12-15,45250,3.0799999237060547,3208097850
2023-12-18,45400,0.3300000131130218,3039876750
2023-12-19,45650,0.550000011920929,1429462300
2023-12-20,44950,-1.5299999713897705,3348000300
2023-12-21,45250,0.6700000166893005,2568494650
2023-12-22,46450,2.650000095367432,4351005850
2023-12-26,45500,-2.049999952316284,2174278050
2023-12-27,46500,2.200000047683716,3211282650
2023-12-28,47200,1.5099999904632568,3100151550
2024-01-02,44650,-5.400000095367432,4706170850
2024-01-03,43650,-2.240000009536743,4325001450
2024-01-04,44250,1.3700000047683716,2279503150
2024-01-05,43950,-0.6800000071525574,2469358400
2024-01-08,43900,-0.1099999994039535,1318390250
2024-01-09,44600,1.590000033378601,948997600
2024-01-10,45500,2.0199999809265137,1997092200
2024-01-11,46850,2.970000028610229,3543512400
2024-01-12,46450,-0.8500000238418579,1766589400
2024-01-15,47950,3.2300000190734863,3825674450
2024-01-16,48350,0.8299999833106995,3313476250
2024-01-17,47350,-2.069999933242798,2250815100
2024-01-18,46750,-1.2699999809265137,1539106800
2024-01-19,46750,0.0,439748400
2024-01-22,49500,5.880000114440918,4148419050
2024-01-23,48900,-1.2100000381469729,2677213950
2024-01-24,48600,-0.6100000143051147,1351876950
2024-01-25,47750,-1.75,1493710100
2024-01-26,47050,-1.4700000286102295,692307800
2024-01-29,49600,5.420000076293945,11606942750
2024-01-30,48250,-2.720000028610229,3563343050
2024-01-31,47000,-2.5899999141693115,1411613750
2024-02-01,48650,3.509999990463257,3035860050
2024-02-02,49400,1.5399999618530271,2022555400
2024-02-05,48900,-1.0099999904632568,1220998300
2024-02-06,47650,-2.559999942779541,2023350950
2024-02-07,48700,2.200000047683716,1626756050
2024-02-08,49300,1.2300000190734863,1878264850
2024-02-13,49850,1.1200000047683716,2097641500
2024-02-14,50800,1.909999966621399,3449254700
2024-02-15,50400,-0.7900000214576721,1599882300
2024-02-16,51100,1.3899999856948853,3191831700
2024-02-19,51400,0.5899999737739563,3785484500
2024-02-20,53800,4.670000076293945,8765782900
2024-02-21,53000,-1.4900000095367432,2733776800
2024-02-22,56300,6.230000019073486,6570100900
2024-02-23,56300,0.0,3343036800
2024-02-26,55000,-2.309999942779541,1817789500
2024-02-27,54200,-1.4500000476837158,2321666500
2024-02-28,53900,-0.550000011920929,1557871700
2024-02-29,53000,-1.6699999570846558,1203339500
2024-03-04,56000,5.659999847412109,3963523600
2024-03-05,55200,-1.4299999475479126,1357881900
2024-03-06,53600,-2.900000095367432,1216167600
2024-03-07,54200,1.1200000047683716,1472160100
2024-03-08,53500,-1.2899999618530271,957689700
2024-03-11,54200,1.309999942779541,1478150200
2024-03-12,52200,-3.690000057220459,2567434800
2024-03-13,50100,-4.019999980926514,6957605000
2024-03-14,50200,0.2000000029802322,2076667850
2024-03-15,50300,0.2000000029802322,3938273250
2024-03-18,52500,4.369999885559082,2615462000
2024-03-19,52500,0.0,1603182200
2024-03-20,51200,-2.4800000190734863,1662038600
2024-03-21,52700,2.930000066757202,1260087800
2024-03-22,52700,0.0,1031145600
2024-03-25,51700,-1.899999976158142,1192889900
2024-03-26,53100,2.7100000381469727,1685843700
2024-03-27,53500,0.75,1298290800
2024-03-28,53300,-0.3700000047683716,1230334000
2024-03-29,53100,-0.3799999952316284,1096683200
2024-04-01,53200,0.1899999976158142,1618260000
2024-04-02,57600,8.270000457763672,12570155200
2024-04-03,56700,-1.559999942779541,3324354500
2024-04-04,56700,0.0,1584904300
2024-04-05,56400,-0.5299999713897705,963049400
2024-04-08,54900,-2.6600000858306885,1286616500
2024-04-09,55600,1.2799999713897705,1044509600
2024-04-11,55800,0.3600000143051147,684836300
2024-04-12,53600,-3.940000057220459,1985480600
2024-04-15,54300,1.309999942779541,1818523000
2024-04-16,54100,-0.3700000047683716,1663575000
2024-04-17,53900,-0.3700000047683716,1903301600
2024-04-18,54300,0.7400000095367432,866823400
2024-04-19,54300,0.0,1680020200
2024-04-22,54200,-0.1800000071525573,1311356400
2024-04-23,58500,7.929999828338623,10612231100
2024-04-24,58000,-0.8500000238418579,1988416500
2024-04-25,59300,2.240000009536743,6018130600
2024-04-26,59900,1.0099999904632568,2045016300
2024-04-29,58900,-1.6699999570846558,3700202900
2024-04-30,59800,1.5299999713897705,2296428600
2024-05-02,54800,-8.359999656677246,6348069300
2024-05-03,52700,-3.829999923706055,5107590600
2024-05-07,52800,0.1899999976158142,3540184000
2024-05-08,53600,1.5199999809265137,2581017900
2024-05-09,53400,-0.3700000047683716,2980624600
2024-05-10,56400,5.619999885559082,5164008300
2024-05-13,54000,-4.260000228881836,2867461200
2024-05-14,51100,-5.369999885559082,7542580900
2024-05-16,50800,-0.5899999737739563,2937687900
2024-05-17,49450,-2.6600000858306885,6059491350
2024-05-20,48600,-1.7200000286102295,2291070650
2024-05-21,49500,1.850000023841858,2986475600
2024-05-22,49550,0.1000000014901161,2173336850
2024-05-23,50300,1.5099999904632568,1163869500
2024-05-24,49400,-1.7899999618530271,1094601850
2024-05-27,50100,1.4199999570846558,1320075900
2024-05-28,49800,-0.6000000238418579,1102662850
2024-05-29,52000,4.420000076293945,22389918900
2024-05-30,50800,-2.309999942779541,3561319000
2024-05-31,52300,2.950000047683716,4436047700
2024-06-03,53600,2.490000009536743,3898573800
2024-06-04,54700,2.049999952316284,6840553800
2024-06-05,53600,-2.009999990463257,2323609300
2024-06-07,53700,0.1899999976158142,1611253100
2024-06-10,53600,-0.1899999976158142,2331451500
2024-06-11,52300,-2.430000066757202,3136240000
2024-06-12,52600,0.5699999928474426,3497906200
2024-06-13,52700,0.1899999976158142,1528861200
2024-06-14,52300,-0.7599999904632568,2324318500
2024-06-17,52800,0.959999978542328,1537840400
2024-06-18,51200,-3.0299999713897705,2468278400
2024-06-19,53900,5.269999980926514,3953491600
2024-06-20,56500,4.820000171661377,5881253300
2024-06-21,56600,0.1800000071525573,2354254500
2024-06-24,55800,-1.409999966621399,2259372600
2024-06-25,53400,-4.300000190734863,1678582600
2024-06-26,52500,-1.690000057220459,2458294500
2024-06-27,52800,0.5699999928474426,1555800700
2024-06-28,51000,-3.4100000858306885,4453900800
2024-07-01,51200,0.3899999856948852,3728482750
2024-07-02,51200,0.0,1920273300
2024-07-03,50500,-1.3700000047683716,1151813800
2024-07-04,51000,0.9900000095367432,1197396700
2024-07-05,52200,2.3499999046325684,1548923800
2024-07-08,52100,-0.1899999976158142,731529500
2024-07-09,51100,-1.919999957084656,1318780500
2024-07-10,50900,-0.3899999856948852,2189587000
2024-07-11,51800,1.7699999809265137,1822058500
2024-07-12,51500,-0.5799999833106995,767606300
2024-07-15,52600,2.140000104904175,2389427200
2024-07-16,53400,1.5199999809265137,1551727800
2024-07-17,53900,0.9399999976158142,2540246400
2024-07-18,53400,-0.9300000071525574,2139684300
2024-07-19,57400,7.489999771118164,11168812300
2024-07-22,58200,1.3899999856948853,6732805800
2024-07-23,57200,-1.7200000286102295,2928545800
2024-07-24,61800,8.039999961853027,11646876200
2024-07-25,59900,-3.069999933242798,5785945500
2024-07-26,57400,-4.170000076293945,3157596200
2024-07-29,58400,1.7400000095367432,2646657300
2024-07-30,58800,0.6800000071525574,2930687500
2024-07-31,57400,-2.380000114440918,1886198800
2024-08-01,59300,3.309999942779541,3414400200
2024-08-02,56500,-4.71999979019165,4811109000
2024-08-05,51700,-8.5,5931821600
2024-08-06,54200,4.840000152587891,2739139500
2024-08-07,53800,-0.7400000095367432,2691568600
2024-08-08,56100,4.28000020980835,2734422300
2024-08-09,57300,2.140000104904175,2001134900
2024-08-12,66000,15.18000030517578,22509408500
2024-08-13,66900,1.3600000143051147,24958549500
2024-08-14,65300,-2.390000104904175,11311833100
2024-08-16,72700,11.329999923706056,21466192900
2024-08-19,71900,-1.100000023841858,9886442300
2024-08-20,71500,-0.5600000023841858,5958217100
2024-08-21,73600,2.940000057220459,13715127300
2024-08-22,69500,-5.570000171661377,10381868900
2024-08-23,69800,0.4300000071525574,5535006000
2024-08-26,70900,1.5800000429153442,5876471300
2024-08-27,71400,0.7099999785423279,2227331400
2024-08-28,68700,-3.7799999713897705,12276805200
2024-08-29,69000,0.4399999976158142,2545624000
2024-08-30,68800,-0.2899999916553497,1826509500
2024-09-02,70000,1.7400000095367432,2468244500
2024-09-03,67200,-4.0,4076336600
2024-09-04,65000,-3.2699999809265137,10175240000
2024-09-05,62500,-3.849999904632568,4719360100
2024-09-06,65000,4.0,4450741400
2024-09-09,65900,1.3799999952316284,2853200100
2024-09-10,66600,1.059999942779541,5206957200
2024-09-11,67800,1.7999999523162842,4585609200
2024-09-12,68200,0.5899999737739563,2850875800
2024-09-13,69500,1.909999966621399,4984863200
2024-09-19,69800,0.4300000071525574,5503393900
2024-09-20,70100,0.4300000071525574,3703376000
2024-09-23,71500,2.0,4003920200
2024-09-24,70500,-1.399999976158142,2347328200
2024-09-25,68600,-2.700000047683716,3934296200
2024-09-26,71100,3.640000104904175,3558980900
2024-09-27,72800,2.390000104904175,6234599300
2024-09-30,71100,-2.3399999141693115,3932726800
2024-10-02,71800,0.9800000190734864,2753098100
2024-10-04,71200,-0.8399999737739563,1674465300
2024-10-07,70600,-0.8399999737739563,2812508800
2024-10-08,70900,0.4199999868869781,1933889200
2024-10-10,76900,8.460000038146973,12306754000
2024-10-11,79800,3.7699999809265137,12642576000
2024-10-14,80000,0.25,5069146900
2024-10-15,85700,7.130000114440918,14974101200
2024-10-16,88800,3.619999885559082,12413121700
2024-10-17,90600,2.0299999713897705,9949867000
2024-10-18,88700,-2.0999999046325684,7738414800
2024-10-21,88800,0.1099999994039535,7884918800
2024-10-22,87100,-1.909999966621399,5163311600
2024-10-23,92300,5.96999979019165,13037791200
2024-10-24,90600,-1.840000033378601,5118048700
2024-10-25,90000,-0.6600000262260437,5573238800
2024-10-28,86600,-3.7799999713897705,20111292700
2024-10-29,86100,-0.5799999833106995,5351658200
2024-10-30,84600,-1.7400000095367432,4162986000
2024-10-31,86700,2.4800000190734863,4602798600
2024-11-01,86500,-0.2300000041723251,6441931200
2024-11-04,86800,0.3499999940395355,10516368300
2024-11-05,85100,-1.9600000381469729,4461868500
2024-11-06,88100,3.5299999713897705,8782639100
2024-11-07,87500,-0.6800000071525574,3837845000
2024-11-08,85300,-2.509999990463257,4256344400
2024-11-11,87200,2.2300000190734863,6525064800
2024-11-12,92100,5.619999885559082,19899654200
2024-11-13,87700,-4.78000020980835,18643497000
2024-11-14,91000,3.759999990463257,16404311400
2024-11-15,90500,-0.550000011920929,15683004600
2024-11-18,84800,-6.300000190734863,11881629900
2024-11-19,82300,-2.950000047683716,10298506600
2024-11-20,84000,2.069999933242798,7551501300
2024-11-21,81400,-3.0999999046325684,5334064800
2024-11-22,78700,-3.319999933242798,10744006000
2024-11-25,78800,0.1299999952316284,13253410900
2024-11-26,77200,-2.0299999713897705,7860723100
2024-11-27,78100,1.1699999570846558,5414624800
2024-11-28,78700,0.7699999809265137,3399658400
2024-11-29,75400,-4.190000057220459,4481009000
2024-12-02,72200,-4.239999771118164,8763447300
2024-12-03,78100,8.170000076293945,9852621300
2024-12-04,76800,-1.659999966621399,6121883000
2024-12-05,78400,2.0799999237060547,4466394800
2024-12-06,76800,-2.039999961853028,8736744200
2024-12-09,74900,-2.470000028610229,3679445800
2024-12-10,76600,2.2699999809265137,6286838200
2024-12-11,82500,7.699999809265137,11479075000
2024-12-12,83000,0.6100000143051147,5309229100
2024-12-13,82100,-1.0800000429153442,3620006100
2024-12-16,85500,4.139999866485596,6439367800
2024-12-17,83200,-2.690000057220459,4408455300
2024-12-18,85300,2.5199999809265137,5386459400
2024-12-19,85800,0.5899999737739563,7788453700
2024-12-20,86300,0.5799999833106995,3538046600
2024-12-23,86800,0.5799999833106995,4417716500
2024-12-24,86500,-0.3499999940395355,2711169300
2024-12-26,86500,0.0,11857583200
2024-12-27,89000,2.890000104904175,10968450500
2024-12-30,87800,-1.350000023841858,6972856900
2025-01-02,86700,-1.25,9577117200
2025-01-03,89000,2.650000095367432,8521864400
2025-01-06,100000,12.359999656677246,26375401400
2025-01-07,96800,-3.200000047683716,8950293300
2025-01-08,95300,-1.5499999523162842,5835399200
2025-01-09,102900,7.96999979019165,20223325500
2025-01-10,102700,-0.1899999976158142,8070527400
2025-01-13,102200,-0.4900000095367431,8072617300
2025-01-14,101200,-0.9800000190734864,7523450800
2025-01-15,100200,-0.9900000095367432,4959764800
2025-01-16,103700,3.490000009536743,6770093900
2025-01-17,105500,1.7400000095367432,10543651100
2025-01-20,103100,-2.2699999809265137,8625008100
2025-01-21,105100,1.940000057220459,9844224200
2025-01-22,101500,-3.430000066757202,10889794700
2025-01-23,101100,-0.3899999856948852,8532941900
2025-01-24,90500,-10.479999542236328,23892995200
2025-01-31,81000,-10.5,47518239700
2025-02-03,79700,-1.600000023841858,14972685700
2025-02-04,83100,4.269999980926514,15753295800
2025-02-05,80300,-3.369999885559082,11708928400
2025-02-06,78500,-2.240000009536743,19145001300
2025-02-07,75700,-3.569999933242798,21341609300
2025-02-10,80700,6.610000133514404,21723303100
2025-02-11,79500,-1.4900000095367432,8283270500
2025-02-12,78100,-1.7599999904632568,9207411000
2025-02-13,80200,2.690000057220459,7893940200
2025-02-14,82800,3.240000009536743,12602248600
2025-02-17,82200,-0.7200000286102295,6021392100
2025-02-18,81600,-0.7300000190734863,5148492400
2025-02-19,80700,-1.100000023841858,5079711500
2025-02-20,78200,-3.0999999046325684,7726551900
2025-02-21,80300,2.690000057220459,6560884700
2025-02-24,81000,0.8700000047683716,5801705400
2025-02-25,79600,-1.7300000190734863,3389858000
2025-02-26,85600,7.539999961853027,13095963000
2025-02-27,85300,-0.3499999940395355,5222748000
2025-02-28,83700,-1.8799999952316284,7165780300
2025-03-04,81500,-2.630000114440918,7082682550
2025-03-05,84100,3.190000057220459,6076043700
2025-03-06,82100,-2.380000114440918,4274702300
2025-03-07,83400,1.5800000429153442,2281853500
2025-03-10,80100,-3.9600000381469727,3558065400
2025-03-11,81300,1.5,4167707900
2025-03-12,80000,-1.600000023841858,2396254800
2025-03-13,80700,0.8799999952316284,4354289000
2025-03-14,80100,-0.7400000095367432,3174357000
2025-03-17,80000,-0.1199999973177909,11681734700
2025-03-18,81400,1.75,6324252600
2025-03-19,78400,-3.690000057220459,6071944800
2025-03-20,76900,-1.909999966621399,5271852450
2025-03-21,76100,-1.0399999618530271,3164829050
2025-03-24,75200,-1.1799999475479126,5221036000
2025-03-25,74800,-0.5299999713897705,3469986400
2025-03-26,75200,0.5299999713897705,2117868250
2025-03-27,74600,-0.800000011920929,3459915450
2025-03-28,72400,-2.950000047683716,6196750350
2025-03-31,71800,-0.8299999833106995,2483137100
2025-04-01,74300,3.4800000190734863,5338297750
2025-04-02,73000,-1.75,2197651550
2025-04-03,71400,-2.190000057220459,3108261350
2025-04-04,67500,-5.460000038146973,11189897450
2025-04-07,64200,-4.889999866485596,5826680300
2025-04-08,62400,-2.799999952316284,2907708900
2025-04-09,63000,0.959999978542328,2672783600
2025-04-10,70500,11.899999618530272,8023708150
2025-04-11,70400,-0.1400000005960464,2646998400
2025-04-14,68500,-2.700000047683716,2536630800
2025-04-15,69400,1.309999942779541,1082140900
2025-04-16,68000,-2.0199999809265137,1282153600
2025-04-17,69600,2.3499999046325684,1939172100
2025-04-18,70000,0.5699999928474426,1327129500
2025-04-21,68500,-2.140000104904175,2394771200
2025-04-22,71200,3.940000057220459,2014460300
2025-04-23,71100,-0.1400000005960464,1580726000
2025-04-24,72800,2.390000104904175,3143039050
2025-04-25,71900,-1.2400000095367432,1486329350
2025-04-28,72800,1.25,2506151850
2025-04-29,73800,1.3700000047683716,2448047000
2025-04-30,72500,-1.7599999904632568,1788447250
2025-05-02,76300,5.239999771118164,3894356900
2025-05-07,76200,-0.1299999952316284,2936688250
2025-05-08,77300,1.440000057220459,3911229300
2025-05-09,76700,-0.7799999713897705,5418471050
2025-05-12,76800,0.1299999952316284,4268931350
2025-05-13,77800,1.2999999523162842,9628628350
2025-05-14,80200,3.0799999237060547,6824051450
2025-05-15,77700,-3.119999885559082,3553498400
2025-05-16,77800,0.1299999952316284,2318503600
2025-05-19,76300,-1.9299999475479128,2394410550
2025-05-20,75800,-0.6600000262260437,3745022850
2025-05-21,76000,0.2599999904632568,3686974650
2025-05-22,75300,-0.9200000166893004,3296069050
2025-05-23,76300,1.3300000429153442,3960871600
2025-05-26,80100,4.980000019073486,7023019150
2025-05-27,78300,-2.25,3227628100
2025-05-28,76200,-2.680000066757202,4968653900
2025-05-29,76400,0.2599999904632568,3416927300
2025-05-30,75100,-1.7000000476837158,2634614400
2025-06-02,75400,0.4000000059604645,2835787550
2025-06-04,77400,2.650000095367432,3768327400
2025-06-05,73000,-5.679999828338623,9064388350
2025-06-09,74200,1.6399999856948853,5032953350
2025-06-10,74100,-0.1299999952316284,5305169200
2025-06-11,73800,-0.4000000059604645,3683101150
2025-06-12,72400,-1.899999976158142,4229911900
2025-06-13,70600,-2.490000009536743,5458443500
2025-06-16,71900,1.840000033378601,1895257250
2025-06-17,72100,0.2800000011920929,2884291600
2025-06-18,72300,0.2800000011920929,1943808800
2025-06-19,71700,-0.8299999833106995,1404046600
2025-06-20,73500,2.509999990463257,2312284800
2025-06-23,71000,-3.400000095367432,3470617850
2025-06-24,72500,2.109999895095825,4044406300
2025-06-25,72300,-0.2800000011920929,1905512450
2025-06-26,72600,0.4099999964237213,1911967400
2025-06-27,74600,2.75,4431487900
2025-06-30,72400,-2.950000047683716,2993998100
2025-07-01,73000,0.8299999833106995,2153417850
2025-07-02,72600,-0.550000011920929,2504166500
2025-07-03,75200,3.5799999237060547,4588608600
2025-07-04,72100,-4.119999885559082,6085196700
2025-07-07,72600,0.6899999976158142,1303178900
2025-07-08,72700,0.1400000005960464,3729544350
2025-07-09,73100,0.550000011920929,3099910100
2025-07-10,72900,-0.270000010728836,2787186950
2025-07-11,73900,1.3700000047683716,2364394350
2025-07-14,72800,-1.4900000095367432,3046875650
2025-07-15,73500,0.959999978542328,2015995950
2025-07-16,72400,-1.5,1892439150
2025-07-17,75900,4.829999923706055,6316315650
2025-07-18,83000,9.350000381469728,19315323700
2025-07-21,83000,0.0,7760677850
2025-07-22,84500,1.809999942779541,10139233750
2025-07-23,86900,2.8399999141693115,13162671000
2025-07-24,85300,-1.840000033378601,5971245800
2025-07-25,87600,2.700000047683716,7437151900
2025-07-28,84100,-4.0,5824662400
2025-07-29,86500,2.8499999046325684,9367631450
2025-07-30,86600,0.1199999973177909,5280712700
2025-07-31,86200,-0.4600000083446502,6300118700
2025-08-01,86600,0.4600000083446502,12337654600
2025-08-04,88000,1.6200000047683716,10255939350
2025-08-05,92900,5.570000171661377,18105190300
2025-08-06,92600,-0.3199999928474426,4210033800
2025-08-07,92500,-0.1099999994039535,4912686850
2025-08-08,90400,-2.2699999809265137,6926744800
2025-08-11,90200,-0.2199999988079071,3234992550
2025-08-12,88000,-2.440000057220459,5368830750
2025-08-13,80000,-9.09000015258789,44490683700
2025-08-14,81700,2.130000114440918,10703402600
2025-08-18,79300,-2.940000057220459,5415170550
2025-08-19,77200,-2.650000095367432,7653040750
2025-08-20,75100,-2.720000028610229,7489859750
2025-08-21,74800,-0.4000000059604645,2910967350
2025-08-22,75000,0.270000010728836,4581580250
2025-08-25,77300,3.069999933242798,3937135350
2025-08-26,76600,-0.9100000262260436,3302034250
2025-08-27,77500,1.1699999570846558,3958715750
2025-08-28,77500,0.0,2079284200
2025-08-29,77500,0.0,3755522200
2025-09-01,78200,0.8999999761581421,5235039600
2025-09-02,77200,-1.2799999713897705,3403202100
2025-09-03,78700,1.940000057220459,5922168100
2025-09-04,78400,-0.3799999952316284,2130159800
2025-09-05,79400,1.2799999713897705,3142889450
2025-09-08,82500,3.900000095367432,6565468000
2025-09-09,80300,-2.6700000762939453,6690048600
2025-09-10,79100,-1.4900000095367432,7682813050
2025-09-11,79800,0.8799999952316284,2599997600
2025-09-12,80100,0.3799999952316284,3316321050
2025-09-15,79500,-0.75,3990211150
2025-09-16,78800,-0.8799999952316284,2887424450
2025-09-17,77800,-1.2699999809265137,3709972950
2025-09-18,78200,0.5099999904632568,2747748750
2025-09-19,76800,-1.7899999618530271,3366785800
2025-09-22,76400,-0.5199999809265137,3783692800
2025-09-23,76400,0.0,2885780400
2025-09-24,75900,-0.6499999761581421,2671056300
2025-09-25,74400,-1.9800000190734863,4114979150
2025-09-26,73000,-1.8799999952316284,3843522150
2025-09-29,73000,0.0,3575384800
2025-09-30,72600,-0.550000011920929,3372316700
2025-10-01,72700,0.1400000005960464,3874863700
2025-10-02,72800,0.1400000005960464,2022163650
2025-10-10,73000,0.270000010728836,4074222500
2025-10-13,71500,-2.049999952316284,3826980450
2025-10-14,70400,-1.5399999618530271,8347148700
2025-10-15,72700,3.2699999809265137,2263546550
2025-10-16,72500,-0.2800000011920929,3027714650
2025-10-17,72500,0.0,2020239000
2025-10-20,72700,0.2800000011920929,4413701750
2025-10-21,72100,-0.8299999833106995,6056584450
2025-10-22,72200,0.1400000005960464,3538488450
2025-10-23,71700,-0.6899999976158142,3686808150
2025-10-24,71800,0.1400000005960464,5045834450
2025-10-27,72100,0.4199999868869781,4430381350
2025-10-28,72200,0.1400000005960464,3511231200
2025-10-29,71900,-0.4199999868869781,2996567650
2025-10-30,70100,-2.5,6579696950
2025-10-31,70600,0.7099999785423279,2845333300
2025-11-03,70200,-0.5699999928474426,5499567050
2025-11-04,70300,0.1400000005960464,2463146000
2025-11-05,67900,-3.4100000858306885,5458160000
2025-11-06,70500,3.829999923706055,3738665100
2025-11-07,68300,-3.119999885559082,3063137600
2025-11-10,70200,2.7799999713897705,3952145950
2025-11-11,70300,0.1400000005960464,3288897550
2025-11-12,62000,-11.8100004196167,20369093300
2025-11-13,62500,0.8100000023841858,8658988900
2025-11-14,61000,-2.400000095367432,4215961900
2025-11-17,59300,-2.789999961853028,4931121900
2025-11-18,58400,-1.5199999809265137,3240914100
2025-11-19,55800,-4.449999809265137,6928343400
2025-11-20,58000,3.940000057220459,4130625300
2025-11-21,56500,-2.5899999141693115,2519932150
2025-11-24,55400,-1.950000047683716,2114527500
2025-11-25,54700,-1.2599999904632568,1961829050
2025-11-26,57100,4.389999866485596,2260157200
2025-11-27,57500,0.699999988079071,1376508400
2025-11-28,59200,2.9600000381469727,2665975700
2025-12-01,58100,-1.8600000143051147,2571575350
2025-12-02,59100,1.7200000286102295,1085800250
2025-12-03,59500,0.6800000071525574,2188349000
2025-12-04,58700,-1.340000033378601,1485733950
2025-12-05,58900,0.3400000035762787,5575284500
2025-12-08,59000,0.1700000017881393,1825710350
2025-12-09,58700,-0.5099999904632568,1444341800
2025-12-10,58100,-1.0199999809265137,1075356350
2025-12-11,58600,0.8600000143051147,1180948950
2025-12-12,58600,0.0,1094283250
2025-12-15,57600,-1.7100000381469729,2354062800
2025-12-16,56300,-2.259999990463257,3559432150
2025-12-17,57400,1.950000047683716,1340036750
2025-12-18,56500,-1.5700000524520874,1748615950
2025-12-19,56200,-0.5299999713897705,4422037200
2025-12-22,56300,0.1800000071525573,1203893150
2025-12-23,55800,-0.8899999856948853,2247133150
2025-12-24,56100,0.5400000214576721,1185832300
2025-12-26,55400,-1.25,2372400950
2025-12-29,55300,-0.1800000071525573,1474629150
2025-12-30,55500,0.3600000143051147,2279713900
2026-01-02,56000,0.8999999761581421,1511682300
2026-01-05,56300,0.5400000214576721,1746138550
2026-01-06,55500,-1.4199999570846558,1947069550
2026-01-07,54600,-1.6200000047683716,2486802250
2026-01-08,53600,-1.830000042915344,2724625850
2026-01-09,57200,6.71999979019165,4429875450
2026-01-12,54500,-4.71999979019165,4170667100
2026-01-13,55000,0.9200000166893004,1928008250
2026-01-14,57600,4.730000019073486,4222172850
2026-01-15,56800,-1.3899999856948853,2810816000
2026-01-16,56200,-1.059999942779541,2439858700
2026-01-19,55400,-1.4199999570846558,2607864800
2026-01-20,56700,2.3499999046325684,2810340200
2026-01-21,55700,-1.7599999904632568,2370036950
2026-01-22,56300,1.0800000429153442,2177694450
2026-01-23,57100,1.4199999570846558,2271796500
2026-01-26,58200,1.9299999475479128,3232119550
2026-01-27,58300,0.1700000017881393,3548777850
2026-01-28,58500,0.3400000035762787,3754141200
2026-01-29,58100,-0.6800000071525574,2800200550
2026-01-30,57800,-0.5199999809265137,3322784250
2026-02-02,56100,-2.940000057220459,3080473750
2026-02-03,57500,2.5,2526176250
2026-02-04,58400,1.5700000524520874,2007735500
2026-02-05,60100,2.9100000858306885,10114094950
2026-02-06,59200,-1.5,5842957250
2026-02-09,60500,2.200000047683716,4633260950
2026-02-10,61500,1.649999976158142,3612298150
2026-02-11,62200,1.1399999856948853,5289276600
2026-02-12,69000,10.93000030517578,27246183350
2026-02-13,67600,-2.0299999713897705,9269802050
2026-02-19,67400,-0.3000000119209289,5110679550
2026-02-20,68300,1.340000033378601,7276145750
2026-02-23,68700,0.5899999737739563,7804685200
2026-02-24,68100,-0.8700000047683716,4794349900
2026-02-25,67700,-0.5899999737739563,4993032450
2026-02-26,67000,-1.0299999713897705,3995068650
2026-02-27,64300,-4.03000020980835,4875969450
2026-03-03,61700,-4.039999961853027,4691045150
2026-03-04,55100,-10.699999809265137,5272637800
2026-03-05,59900,8.710000038146973,3433504650
2026-03-06,61400,2.5,2189647350
2026-03-09,61100,-0.4900000095367431,2768470600
2026-03-10,61700,0.9800000190734864,1813490150
2026-03-11,61300,-0.6499999761581421,2321323100
2026-03-12,61600,0.4900000095367431,1001081300
2026-03-13,60700,-1.4600000381469729,1082036150
2026-03-16,61700,1.649999976158142,1219015550
2026-03-17,63000,2.109999895095825,1846502200
2026-03-18,63900,1.4299999475479126,2967338500
2026-03-19,66800,4.539999961853027,6596371750
2026-03-20,66300,-0.75,4958167800
2026-03-23,62200,-6.179999828338623,2778075650
2026-03-24,62800,0.959999978542328,1852351950
2026-03-25,63000,0.3199999928474426,2738592050
2026-03-26,62500,-0.7900000214576721,2271812100
2026-03-27,62100,-0.6399999856948853,966395300
2026-03-30,60100,-3.220000028610229,1120048150
2026-03-31,63000,4.829999923706055,3165766950
2026-04-01,66000,4.760000228881836,3911146200
2026-04-02,63000,-4.550000190734863,3571218150
2026-04-03,62800,-0.3199999928474426,4533033750
2026-04-06,61000,-2.869999885559082,2843068300
2026-04-07,62200,1.9700000286102293,1629068750
2026-04-08,65000,4.5,3305790000
2026-04-09,64300,-1.0800000429153442,1117844150
2026-04-10,64300,0.0,926358900
2026-04-13,69500,8.09000015258789,9414535950
2026-04-14,69600,0.1400000005960464,4310577750
2026-04-15,69100,-0.7200000286102295,4081579200
2026-04-16,70000,1.2999999523162842,3743657450
2026-04-17,69600,-0.5699999928474426,4583518200
2026-04-20,68300,-1.870000004768372,2228542500
2026-04-21,68700,0.5899999737739563,2047314200
2026-04-22,68500,-0.2899999916553497,3011340750
2026-04-23,71000,3.650000095367432,6394181700
2026-04-24,71400,0.5600000023841858,4753086350
2026-04-27,75700,6.019999980926514,10104966650
2026-04-28,72300,-4.489999771118164,4523616800
2026-04-29,77000,6.5,8594695600
2026-04-30,77700,0.9100000262260436,12621249100
2026-05-04,76900,-1.0299999713897705,5817184400
2026-05-06,74800,-2.7300000190734863,5570298050
2026-05-07,74500,-0.4000000059604645,3971254550
2026-05-08,73000,-2.009999990463257,4726392850
2026-05-11,71500,-2.049999952316284,8181767500
2026-05-12,71900,0.5600000023841858,3891218050
2026-05-13,70100,-2.5,9710527650
2026-05-14,78500,11.979999542236328,24608055550
2026-05-15,70600,-10.0600004196167,14760333550
2026-05-18,71600,1.4199999570846558,7303933800
2026-05-19,67500,-5.730000019073486,6688000200
2026-05-20,68300,1.190000057220459,8963869050
2026-05-21,71100,4.099999904632568,4533156250
2026-05-22,73600,3.5199999809265137,6183899800
2026-05-26,71300,-3.130000114440918,5704063750
2026-05-27,71700,0.5600000023841858,7072513550
2026-05-28,72000,0.4199999868869781,5103122250
2026-05-29,70100,-2.640000104904175,5830885600
2026-06-01,69000,-1.5700000524520874,3377978600
2026-06-02,68600,-0.5799999833106995,2831936000
2026-06-04,68700,0.1500000059604644,2521756950
2026-06-05,67700,-1.4600000381469729,2648809400
2026-06-08,64600,-4.579999923706055,2409702550
2026-06-09,69400,7.429999828338623,3107218200
2026-06-10,67800,-2.309999942779541,1608450800
2026-06-11,68900,1.6200000047683716,3553841550
2026-06-12,68100,-1.159999966621399,1952268250
2026-06-15,71200,4.550000190734863,3100521800
2026-06-16,72600,1.9700000286102293,4719882650
2026-06-17,73000,0.550000011920929,3465368100
2026-06-18,70200,-3.839999914169312,2365552000
2026-06-19,66300,-5.559999942779541,4471261100
2026-06-22,64500,-2.7100000381469727,2941095050
2026-06-23,61300,-4.960000038146973,4095613350
2026-06-24,63100,2.940000057220459,2089870150
2026-06-25,60500,-4.119999885559082,2405702700
2026-06-26,59200,-2.150000095367432,2065001050
2026-06-29,63100,6.590000152587891,3155348600
2026-06-30,62100,-1.5800000429153442,1420485600
2026-07-01,64800,4.349999904632568,3033820800
2026-07-02,63100,-2.619999885559082,3094043550
2026-07-03,63200,0.1599999964237213,1265321300
2026-07-06,64100,1.42,2231913050
2026-07-07,64200,0.16,3525067500
2026-07-08,62300,-2.96,3603987400
2026-07-09,60900,-2.25,1654079800
2026-07-10,63400,4.11,1333035400
2026-07-13,63400,0.0,1390758050
2026-07-14,62400,-1.58,3311978050
2026-07-15,63000,0.96,1236878200
2026-07-16,62000,-1.59,1557307100
2026-07-20,62700,1.13,1677554450
2026-07-21,62800,0.16,1562297350
2026-07-22,62400,-0.64,1456195800
2026-07-23,64900,4.01,1262865100
2026-07-24,65200,0.46,1888448350
2026-07-27,64200,-1.53,808553100
2026-07-28,61300,-4.52,1671381000
2026-07-29,59600,-2.77,2609841700
2026-07-30,61400,3.02,2234384700
2026-07-31,63500,3.42,2103718800
2026-08-03,65400,2.99,3151562600
2026-08-04,68500,4.74,3402742300
2026-08-05,68600,0.15,1432181700
2026-08-06,72000,4.96,5208402300
2026-08-07,73000,1.39,3664209450
2026-08-10,71800,-1.64,1786785850
2026-08-11,77000,7.24,10259921750
2026-08-12,68300,-11.3,30952885250
2026-08-13,68300,0.0,6922741300
2026-08-14,68100,-0.29,4610090800
2026-08-18,66300,-2.64,4936321750
2026-08-19,64800,-2.26,2321443750
2026-08-20,64900,0.15,2420682900
2026-08-21,63300,-2.47,2503250450
2026-08-24,63900,0.95,1024473500
2026-08-25,64300,0.63,988476550
2026-08-26,64400,0.16,1536052200
2026-08-27,62900,-2.33,4375419400
2026-08-28,63300,0.64,1667244750
2026-08-31,62600,-1.11,1204111300
2026-09-01,61800,-1.28,1673349850
2026-09-02,60300,-2.43,1869113250
2026-09-03,60300,0.0,2009540750
2026-09-04,61000,1.16,2662827200
2026-09-07,61300,0.49,703035800
2026-09-08,60000,-2.12,3179014900
2026-09-09,59600,-0.67,1838089200
2026-09-10,60600,1.68,1405727600
2026-09-11,60600,0.0,1124692200
2026-09-14,59800,-1.32,2045135050
2026-09-15,59600,-0.33,1382989700
2026-09-16,58900,-1.17,2723403000
2026-09-17,58900,0.0,1184976900
2026-09-18,61300,4.07,2367510600
2026-09-21,60300,-1.63,1443077650
2026-09-22,61100,1.33,1779210500
2026-09-23,60200,-1.47,1659346300
2026-09-28,61000,1.33,1027317850
2026-09-29,61100,0.16,1977987950
2026-09-30,61000,-0.16,1446738800
2026-10-01,61300,0.49,1290367200
2026-10-02,61300,0.0,1521392000
