date,close,change_pct,trading_value
2015-07-20,87000,1.5199999809265137,2287887500
2015-07-21,88100,1.2599999904632568,1758785000
2015-07-22,88300,0.23000000417232513,1407270700
2015-07-23,88500,0.23000000417232513,5796048100
2015-07-24,86300,-2.490000009536743,3730381000
2015-07-27,86300,0.0,1664379800
2015-07-28,84400,-2.200000047683716,5849932500
2015-07-29,83000,-1.659999966621399,6224528000
2015-07-30,84000,1.2000000476837158,3783815300
2015-07-31,84500,0.6000000238418579,2923919300
2015-08-03,81800,-3.200000047683716,6330083100
2015-08-04,84900,3.7899999618530273,1423865300
2015-08-05,85100,0.23999999463558197,2118955100
2015-08-06,84900,-0.23999999463558197,2617456200
2015-08-07,87800,3.4200000762939453,2083703400
2015-08-10,85500,-2.619999885559082,1156953100
2015-08-11,85000,-0.5799999833106995,1068276000
2015-08-12,85000,0.0,1265352000
2015-08-13,86500,1.7599999904632568,894706100
2015-08-17,85600,-1.0399999618530273,851412200
2015-08-18,87300,1.9900000095367432,1967743600
2015-08-19,87500,0.23000000417232513,2797442200
2015-08-20,85000,-2.859999895095825,2323477100
2015-08-21,85000,0.0,1912610800
2015-08-24,83500,-1.7599999904632568,1796977600
2015-08-25,83300,-0.23999999463558197,2152916400
2015-08-26,86900,4.320000171661377,1197982900
2015-08-27,86900,0.0,1362178400
2015-08-28,87300,0.46000000834465027,1683392900
2015-08-31,88400,1.2599999904632568,1707042200
2015-09-01,85000,-3.8499999046325684,1476909300
2015-09-02,83900,-1.2899999618530273,1853665400
2015-09-03,83000,-1.0700000524520874,994404300
2015-09-04,83600,0.7200000286102295,1703761700
2015-09-07,82100,-1.7899999618530273,999992800
2015-09-08,81700,-0.49000000953674316,1297952300
2015-09-09,82700,1.2200000286102295,1675524400
2015-09-10,83100,0.47999998927116394,1445922600
2015-09-11,84700,1.9299999475479126,1365083800
2015-09-14,84700,0.0,847040000
2015-09-15,83800,-1.059999942779541,679784200
2015-09-16,86100,2.740000009536743,1821127900
2015-09-17,85800,-0.3499999940395355,1201827700
2015-09-18,87500,1.9800000190734863,1308686400
2015-09-21,85100,-2.740000009536743,871719300
2015-09-22,86800,2.0,1328983300
2015-09-23,87000,0.23000000417232513,1361822100
2015-09-24,86700,-0.3400000035762787,1383801000
2015-09-25,86500,-0.23000000417232513,1040515800
2015-09-30,85200,-1.5,2593172200
2015-10-01,85700,0.5899999737739563,2116617300
2015-10-02,85500,-0.23000000417232513,1502110700
2015-10-05,84800,-0.8199999928474426,1662734800
2015-10-06,84300,-0.5899999737739563,2047080800
2015-10-07,83000,-1.5399999618530273,3255594800
2015-10-08,82700,-0.36000001430511475,3587564800
2015-10-12,83700,1.2100000381469727,2130574700
2015-10-13,83900,0.23999999463558197,917099500
2015-10-14,82500,-1.6699999570846558,2761287500
2015-10-15,83900,1.7000000476837158,1768685500
2015-10-16,86200,2.740000009536743,1569543000
2015-10-19,84900,-1.5099999904632568,1491783700
2015-10-20,85200,0.3499999940395355,1161994800
2015-10-21,84900,-0.3499999940395355,958519100
2015-10-22,85200,0.3499999940395355,1446427100
2015-10-23,85700,0.5899999737739563,2361599800
2015-10-26,86200,0.5799999833106995,1014196700
2015-10-27,86500,0.3499999940395355,1742991800
2015-10-28,86300,-0.23000000417232513,1135827300
2015-10-29,85700,-0.699999988079071,1321842800
2015-10-30,85200,-0.5799999833106995,1270734400
2015-11-02,84300,-1.059999942779541,1276062600
2015-11-03,83100,-1.4199999570846558,2065245500
2015-11-04,82900,-0.23999999463558197,1717409700
2015-11-05,83500,0.7200000286102295,1039903600
2015-11-06,82700,-0.9599999785423279,1158334300
2015-11-09,81100,-1.9299999475479126,2252148900
2015-11-10,81800,0.8600000143051147,1326856000
2015-11-11,81000,-0.9800000190734863,874773100
2015-11-12,81600,0.7400000095367432,574359400
2015-11-13,80400,-1.4700000286102295,1017130900
2015-11-16,80100,-0.3700000047683716,1235577300
2015-11-17,79700,-0.5,686903200
2015-11-18,80000,0.3799999952316284,646043900
2015-11-19,79800,-0.25,700514300
2015-11-20,79800,0.0,988507100
2015-11-23,79600,-0.25,1230303600
2015-11-24,79700,0.12999999523162842,1549293900
2015-11-25,80300,0.75,1394479400
2015-11-26,80900,0.75,784537500
2015-11-27,82100,1.4800000190734863,699732000
2015-11-30,80500,-1.9500000476837158,452882800
2015-12-01,80400,-0.11999999731779099,415089900
2015-12-02,79600,-1.0,881388800
2015-12-03,79300,-0.3799999952316284,512341800
2015-12-04,78300,-1.2599999904632568,699447500
2015-12-07,76700,-2.0399999618530273,991354500
2015-12-08,75100,-2.0899999141693115,2163476600
2015-12-09,72000,-4.130000114440918,3644909400
2015-12-10,71900,-0.14000000059604645,1698472700
2015-12-11,70500,-1.9500000476837158,682749300
2015-12-14,69600,-1.2799999713897705,1105534000
2015-12-15,69400,-0.28999999165534973,475638700
2015-12-16,69800,0.5799999833106995,988468600
2015-12-17,71900,3.009999990463257,913393800
2015-12-18,74000,2.9200000762939453,999623300
2015-12-21,72700,-1.7599999904632568,683144400
2015-12-22,73400,0.9599999785423279,757273700
2015-12-23,73000,-0.5400000214576721,666077200
2015-12-24,73700,0.9599999785423279,576876600
2015-12-28,71900,-2.440000057220459,896947700
2015-12-29,73300,2.809999942779541,528804000
2015-12-30,73000,-0.4099999964237213,443936200
2016-01-04,71000,-2.740000009536743,578345600
2016-01-05,71100,0.14000000059604645,352439800
2016-01-06,70400,-0.9800000190734863,969046100
2016-01-07,69700,-0.9900000095367432,1245186800
2016-01-08,69200,-0.7200000286102295,811763800
2016-01-11,67800,-2.0199999809265137,1081364100
2016-01-12,67100,-1.0299999713897705,885992400
2016-01-13,67700,0.8899999856948853,850836300
2016-01-14,66800,-1.3300000429153442,1157152400
2016-01-15,65200,-2.4000000953674316,1038267700
2016-01-18,64000,-1.840000033378601,1073107900
2016-01-19,63800,-0.3100000023841858,1221006100
2016-01-20,62400,-2.190000057220459,2398206300
2016-01-21,62000,-0.6399999856948853,1067178500
2016-01-22,62800,1.2899999618530273,691119800
2016-01-25,68500,9.079999923706055,2236487100
2016-01-26,68400,-0.15000000596046448,1663945600
2016-01-27,69500,1.6100000143051147,933612000
2016-01-28,71500,2.880000114440918,1354171400
2016-01-29,72500,1.399999976158142,1133606800
2016-02-01,72800,0.4099999964237213,751435300
2016-02-02,72800,0.0,669273500
2016-02-03,71600,-1.649999976158142,429831900
2016-02-04,73300,2.369999885559082,977647500
2016-02-05,74900,2.180000066757202,1372985300
2016-02-11,72400,-3.3399999141693115,630891900
2016-02-12,71300,-1.5199999809265137,927150000
2016-02-15,73200,2.6600000858306885,855969700
2016-02-16,74700,2.049999952316284,915473000
2016-02-17,75800,1.4700000286102295,1202666300
2016-02-18,74600,-1.5800000429153442,1352079800
2016-02-19,74700,0.12999999523162842,357677100
2016-02-22,75900,1.6100000143051147,821843000
2016-02-23,74500,-1.840000033378601,792034700
2016-02-24,73300,-1.6100000143051147,464958100
2016-02-25,72400,-1.2300000190734863,1111896900
2016-02-26,72200,-0.2800000011920929,606688800
2016-02-29,72200,0.0,457038100
2016-03-02,73100,1.25,1048813000
2016-03-03,73400,0.4099999964237213,672082700
2016-03-04,72900,-0.6800000071525574,984729200
2016-03-07,72300,-0.8199999928474426,1200745100
2016-03-08,74000,2.3499999046325684,1099894300
2016-03-09,75000,1.350000023841858,1173295500
2016-03-10,75300,0.4000000059604645,730546900
2016-03-11,78400,4.119999885559082,2175425000
2016-03-14,78200,-0.25999999046325684,1502977100
2016-03-15,79000,1.0199999809265137,1092913200
2016-03-16,78900,-0.12999999523162842,1190991800
2016-03-17,78800,-0.12999999523162842,1399610700
2016-03-18,76700,-2.6600000858306885,1638894300
2016-03-21,74300,-3.130000114440918,1908722800
2016-03-22,75700,1.8799999952316284,821538900
2016-03-23,76400,0.9200000166893005,1465945100
2016-03-24,75600,-1.0499999523162842,1469345500
2016-03-25,75500,-0.12999999523162842,647321700
2016-03-28,78100,3.440000057220459,1684197300
2016-03-29,79000,1.149999976158142,1795010300
2016-03-30,79500,0.6299999952316284,2372725000
2016-03-31,79800,0.3799999952316284,1771580300
2016-04-01,82200,3.009999990463257,3389816500
2016-04-04,83000,0.9700000286102295,1814422600
2016-04-05,80700,-2.7699999809265137,1167377600
2016-04-06,82400,2.109999895095825,1598522500
2016-04-07,81800,-0.7300000190734863,1800172200
2016-04-08,81600,-0.23999999463558197,1147543300
2016-04-11,80200,-1.7200000286102295,1270538100
2016-04-12,81900,2.119999885559082,1559314300
2016-04-14,81800,-0.11999999731779099,646441500
2016-04-15,82000,0.23999999463558197,401989200
2016-04-18,80700,-1.590000033378601,1008244000
2016-04-19,82600,2.3499999046325684,1654426900
2016-04-20,81900,-0.8500000238418579,970650800
2016-04-21,83700,2.200000047683716,1936180900
2016-04-22,82900,-0.9599999785423279,529706200
2016-04-25,84300,1.690000057220459,1281883000
2016-04-26,85300,1.190000057220459,1284069200
2016-04-27,85400,0.11999999731779099,1332612400
2016-04-28,85900,0.5899999737739563,1617250300
2016-04-29,85100,-0.9300000071525574,1465829500
2016-05-02,83300,-2.119999885559082,838105300
2016-05-03,83000,-0.36000001430511475,709347400
2016-05-04,81600,-1.690000057220459,792065900
2016-05-09,81600,0.0,744531600
2016-05-10,83700,2.569999933242798,1333061000
2016-05-11,83100,-0.7200000286102295,749535900
2016-05-12,83000,-0.11999999731779099,825417600
2016-05-13,84000,1.2000000476837158,998556400
2016-05-16,83800,-0.23999999463558197,1279948000
2016-05-17,82700,-1.309999942779541,808210000
2016-05-18,82900,0.23999999463558197,704126200
2016-05-19,83600,0.8399999737739563,757506700
2016-05-20,83000,-0.7200000286102295,598861400
2016-05-23,84100,1.3300000429153442,414515300
2016-05-24,84600,0.5899999737739563,559659300
2016-05-25,85400,0.949999988079071,1475397600
2016-05-26,85300,-0.11999999731779099,867436100
2016-05-27,86200,1.059999942779541,922998300
2016-05-30,85700,-0.5799999833106995,723058100
2016-05-31,86000,0.3499999940395355,1649537778
2016-06-01,85700,-0.3499999940395355,1135916400
2016-06-02,84900,-0.9300000071525574,882979900
2016-06-03,87000,2.4700000286102295,790166600
2016-06-07,89500,2.869999885559082,2095063500
2016-06-08,89800,0.3400000035762787,1229148100
2016-06-09,87900,-2.119999885559082,1395941800
2016-06-10,90000,2.390000104904175,1610963400
2016-06-13,89000,-1.1100000143051147,1549684300
2016-06-14,89000,0.0,1151176000
2016-06-15,88200,-0.8999999761581421,1847973000
2016-06-16,86800,-1.590000033378601,1313591000
2016-06-17,85200,-1.840000033378601,1933011000
2016-06-20,86400,1.409999966621399,1264836600
2016-06-21,85700,-0.8100000023841858,912893600
2016-06-22,86400,0.8199999928474426,1246188200
2016-06-23,85100,-1.5,844195300
2016-06-24,83800,-1.5299999713897705,1757679100
2016-06-27,83300,-0.6000000238418579,1520814800
2016-06-28,84700,1.6799999475479126,1220225600
2016-06-29,85400,0.8299999833106995,1179150600
2016-06-30,86300,1.0499999523162842,1587854100
2016-07-01,86700,0.46000000834465027,800193000
2016-07-04,86400,-0.3499999940395355,710788200
2016-07-05,86600,0.23000000417232513,581787900
2016-07-06,85400,-1.3899999856948853,869778900
2016-07-07,85200,-0.23000000417232513,531752400
2016-07-08,82900,-2.700000047683716,737286700
2016-07-11,84100,1.4500000476837158,779687400
2016-07-12,84300,0.23999999463558197,633085800
2016-07-13,83200,-1.2999999523162842,1367397900
2016-07-14,83000,-0.23999999463558197,1120321800
2016-07-15,81400,-1.9299999475479126,1791345500
2016-07-18,82200,0.9800000190734864,1303644500
2016-07-19,82800,0.7300000190734863,833584300
2016-07-20,82200,-0.7200000286102295,732581700
2016-07-21,82600,0.4900000095367431,827927500
2016-07-22,81400,-1.4500000476837158,1395584500
2016-07-25,81800,0.4900000095367431,487544000
2016-07-26,84100,2.809999942779541,1032199100
2016-07-27,85700,1.899999976158142,1349692100
2016-07-28,85700,0.0,853087200
2016-07-29,85100,-0.699999988079071,773871300
2016-08-01,85800,0.8199999928474426,970320400
2016-08-02,84500,-1.5199999809265137,1006267000
2016-08-03,83100,-1.659999966621399,626805200
2016-08-04,84500,1.6799999475479126,246454200
2016-08-05,84000,-0.5899999737739563,612575600
2016-08-08,85400,1.6699999570846558,672741500
2016-08-09,85300,-0.1199999973177909,666511900
2016-08-10,87500,2.5799999237060547,2159078600
2016-08-11,88800,1.4900000095367432,1207937300
2016-08-12,87700,-1.2400000095367432,908888400
2016-08-16,93500,6.610000133514404,7771313300
2016-08-17,96100,2.7799999713897705,3788018900
2016-08-18,98100,2.0799999237060547,2147387100
2016-08-19,95300,-2.8499999046325684,2634632100
2016-08-22,97300,2.0999999046325684,2197754500
2016-08-23,98000,0.7200000286102295,2528620600
2016-08-24,99000,1.0199999809265137,2900996100
2016-08-25,99500,0.5099999904632568,2100686500
2016-08-26,99500,0.0,2127716300
2016-08-29,99600,0.1000000014901161,1416993100
2016-08-30,98800,-0.800000011920929,3237778100
2016-08-31,100500,1.7200000286102295,2312715600
2016-09-01,101500,1.0,2781704000
2016-09-02,101000,-0.4900000095367431,3010231500
2016-09-05,103500,2.4800000190734863,2112052500
2016-09-06,101500,-1.9299999475479128,2324303500
2016-09-07,104000,2.4600000381469727,1799260000
2016-09-08,104000,0.0,3988294500
2016-09-09,102000,-1.919999957084656,2083777500
2016-09-12,100500,-1.4700000286102295,1519013000
2016-09-13,101000,0.5,3819880400
2016-09-19,102000,0.9900000095367432,2072967100
2016-09-20,102000,0.0,1020119400
2016-09-21,101500,-0.4900000095367431,920139000
2016-09-22,103500,1.9700000286102293,1472867500
2016-09-23,105500,1.9299999475479128,1247198500
2016-09-26,102500,-2.8399999141693115,1489457000
2016-09-27,105000,2.440000057220459,1524737000
2016-09-28,106000,0.949999988079071,1841945500
2016-09-29,104500,-1.4199999570846558,941065500
2016-09-30,103500,-0.959999978542328,1925281500
2016-10-04,104000,0.4799999892711639,1338931500
2016-10-05,106500,2.400000095367432,1781947500
2016-10-06,104000,-2.3499999046325684,1145754000
2016-10-07,100000,-3.849999904632568,2316335500
2016-10-10,99400,-0.6000000238418579,780227300
2016-10-11,100500,1.1100000143051147,1197652400
2016-10-12,99500,-1.0,1084056700
2016-10-13,99800,0.3000000119209289,728932500
2016-10-14,101500,1.7000000476837158,996834000
2016-10-17,98500,-2.9600000381469727,1902789200
2016-10-18,101500,3.049999952316284,1277495300
2016-10-19,103000,1.4800000190734863,1699557500
2016-10-20,100500,-2.430000066757202,1389219500
2016-10-21,99100,-1.3899999856948853,3484847800
2016-10-24,100000,0.9100000262260436,1030859500
2016-10-25,98000,-2.0,897088700
2016-10-26,98300,0.3100000023841858,1230415400
2016-10-27,99200,0.9200000166893004,1298575300
2016-10-28,98100,-1.1100000143051147,1294353300
2016-10-31,96100,-2.039999961853028,1294052500
2016-11-01,100000,4.059999942779541,1307980400
2016-11-02,99600,-0.4000000059604645,867497100
2016-11-03,98100,-1.5099999904632568,768231700
2016-11-04,97500,-0.6100000143051147,508611300
2016-11-07,97900,0.4099999964237213,477423500
2016-11-08,98100,0.2000000029802322,817087600
2016-11-09,96200,-1.940000057220459,1988788900
2016-11-10,99500,3.430000066757202,2106787000
2016-11-11,102000,2.509999990463257,1896192700
2016-11-14,104500,2.450000047683716,2243487500
2016-11-15,104500,0.0,1802717000
2016-11-16,106000,1.440000057220459,2027842500
2016-11-17,105000,-0.9399999976158142,1290226000
2016-11-18,108000,2.859999895095825,1778158000
2016-11-21,109000,0.9300000071525574,1537104500
2016-11-22,110000,0.9200000166893004,2031769000
2016-11-23,109000,-0.9100000262260436,3322827500
2016-11-24,108500,-0.4600000083446502,4748070500
2016-11-25,111000,2.299999952316284,2114272000
2016-11-28,108500,-2.25,1467132500
2016-11-29,113500,4.610000133514404,3512221000
2016-11-30,110000,-3.0799999237060547,2812270000
2016-12-01,112500,2.2699999809265137,1389275000
2016-12-02,111500,-0.8899999856948853,933972000
2016-12-05,110000,-1.350000023841858,1589603000
2016-12-06,113000,2.7300000190734863,1855774500
2016-12-07,114500,1.3300000429153442,2805338000
2016-12-08,118000,3.059999942779541,2600899000
2016-12-09,118000,0.0,2269570500
2016-12-12,117500,-0.4199999868869781,2210864000
2016-12-13,113000,-3.829999923706055,4284418000
2016-12-14,111000,-1.7699999809265137,4624173500
2016-12-15,114500,3.150000095367432,2484536000
2016-12-16,118500,3.490000009536743,3301474000
2016-12-19,118500,0.0,3004596500
2016-12-20,119000,0.4199999868869781,2782029500
2016-12-21,122500,2.940000057220459,2692030500
2016-12-22,122500,0.0,2585629500
2016-12-23,123500,0.8199999928474426,1890090500
2016-12-26,121500,-1.6200000047683716,1577930500
2016-12-27,125000,2.880000114440918,3173359500
2016-12-28,124500,0.4000000059604645,2169539500
2016-12-29,129500,4.019999980926514,2300187500
2017-01-02,123500,-4.630000114440918,2027272500
2017-01-03,119000,-3.640000104904175,3662586000
2017-01-04,118500,-0.4199999868869781,1153619500
2017-01-05,117000,-1.2699999809265137,1978157000
2017-01-06,118500,1.2799999713897705,2278261000
2017-01-09,114000,-3.799999952316284,1716130500
2017-01-10,112500,-1.3200000524520874,2258779500
2017-01-11,114000,1.3300000429153442,1376308000
2017-01-12,115000,0.8799999952316284,2688564500
2017-01-13,112000,-2.609999895095825,3034908500
2017-01-16,112500,0.449999988079071,1839622000
2017-01-17,108500,-3.559999942779541,1694460500
2017-01-18,114500,5.53000020980835,2376326500
2017-01-19,112500,-1.75,1842662500
2017-01-20,112500,0.0,1288773000
2017-01-23,109500,-2.6700000762939453,2073270500
2017-01-24,113000,3.200000047683716,1861694500
2017-01-25,109000,-3.539999961853028,1995268000
2017-01-26,106500,-2.289999961853028,2895014000
2017-01-31,108000,1.409999966621399,920947500
2017-02-01,105500,-2.309999942779541,2994495000
2017-02-02,106500,0.949999988079071,913241500
2017-02-03,106000,-0.4699999988079071,1031370000
2017-02-06,104500,-1.4199999570846558,1134178500
2017-02-07,101500,-2.869999885559082,3113175500
2017-02-08,109500,7.880000114440918,4252282500
2017-02-09,108000,-1.3700000047683716,3366208000
2017-02-10,108500,0.4600000083446502,2687120000
2017-02-13,112000,3.2300000190734863,3163191500
2017-02-14,112500,0.449999988079071,2666907500
2017-02-15,111500,-0.8899999856948853,2227278000
2017-02-16,108500,-2.690000057220459,2184610000
2017-02-17,109000,0.4600000083446502,2413862000
2017-02-20,107000,-1.830000042915344,861805500
2017-02-21,108000,0.9300000071525574,1617554500
2017-02-22,104500,-3.240000009536743,2196958000
2017-02-23,104000,-0.4799999892711639,1819087500
2017-02-24,105500,1.440000057220459,1448278000
2017-02-27,103500,-1.899999976158142,951645500
2017-02-28,105500,1.9299999475479128,1323917500
2017-03-02,104500,-0.949999988079071,1244031500
2017-03-03,104000,-0.4799999892711639,1017375500
2017-03-06,101500,-2.400000095367432,2014163500
2017-03-07,108500,6.900000095367432,2977758500
2017-03-08,114000,5.070000171661377,4194568000
2017-03-09,113000,-0.8799999952316284,1914372500
2017-03-10,109000,-3.539999961853028,3482319000
2017-03-13,108500,-0.4600000083446502,1433342000
2017-03-14,109500,0.9200000166893004,1642713000
2017-03-15,110000,0.4600000083446502,1622354500
2017-03-16,115500,5.0,2788605000
2017-03-17,117000,1.2999999523162842,4111015000
2017-03-20,118500,1.2799999713897705,3387163500
2017-03-21,122000,2.950000047683716,5672691500
2017-03-22,125500,2.869999885559082,3809400000
2017-03-23,125000,-0.4000000059604645,2410819000
2017-03-24,125000,0.0,2655746000
2017-03-27,124000,-0.800000011920929,1722919000
2017-03-28,121500,-2.0199999809265137,2354352000
2017-03-29,124000,2.059999942779541,3783964000
2017-03-30,121500,-2.0199999809265137,2386976500
2017-03-31,121000,-0.4099999964237213,2354522000
2017-04-03,122500,1.2400000095367432,2123070500
2017-04-04,125000,2.039999961853028,2589740500
2017-04-05,122500,-2.0,1566981500
2017-04-06,126000,2.859999895095825,2288923500
2017-04-07,125000,-0.7900000214576721,3436840000
2017-04-10,122000,-2.400000095367432,2311819500
2017-04-11,124000,1.6399999856948853,1788749000
2017-04-12,121500,-2.0199999809265137,1662231500
2017-04-13,119500,-1.649999976158142,4242426500
2017-04-14,118500,-0.8399999737739563,3497227000
2017-04-17,120000,1.2699999809265137,2068867500
2017-04-18,120000,0.0,1289339500
2017-04-19,117500,-2.0799999237060547,3000139500
2017-04-20,120000,2.130000114440918,1919008500
2017-04-21,117000,-2.5,2222065500
2017-04-24,119500,2.140000104904175,1638699000
2017-04-25,122000,2.0899999141693115,3030893500
2017-04-26,121000,-0.8199999928474426,4157715500
2017-04-27,118000,-2.4800000190734863,2922357000
2017-04-28,117500,-0.4199999868869781,2983094000
2017-05-02,118000,0.4300000071525574,3107359000
2017-05-04,116500,-1.2699999809265137,3795658500
2017-05-08,119000,2.150000095367432,3884629500
2017-05-10,121500,2.0999999046325684,3751690000
2017-05-11,117500,-3.289999961853028,2995477000
2017-05-12,118000,0.4300000071525574,2811661500
2017-05-15,114500,-2.970000028610229,4740337500
2017-05-16,122500,6.989999771118164,11101408500
2017-05-17,121000,-1.2200000286102295,8015796000
2017-05-18,120000,-0.8299999833106995,3830832000
2017-05-19,116500,-2.9200000762939453,5075858000
2017-05-22,117500,0.8600000143051147,3186663000
2017-05-23,120000,2.130000114440918,3992900000
2017-05-24,123000,2.5,3574444500
2017-05-25,122000,-0.8100000023841858,2625322500
2017-05-26,122500,0.4099999964237213,1222698500
2017-05-29,121000,-1.2200000286102295,1951060500
2017-05-30,123000,1.649999976158142,2150868500
2017-05-31,119500,-2.8499999046325684,2775816500
2017-06-01,119000,-0.4199999868869781,1522127000
2017-06-02,122000,2.5199999809265137,2157874500
2017-06-05,119000,-2.4600000381469727,4077518000
2017-06-07,119000,0.0,2855228500
2017-06-08,119500,0.4199999868869781,1891945500
2017-06-09,118500,-0.8399999737739563,3839085500
2017-06-12,117000,-1.2699999809265137,2593978000
2017-06-13,124500,6.409999847412109,6808028500
2017-06-14,128500,3.2100000381469727,5728382000
2017-06-15,126500,-1.559999942779541,3283906000
2017-06-16,127000,0.4000000059604645,4728225500
2017-06-19,124500,-1.9700000286102293,2405960000
2017-06-20,130500,4.820000171661377,10949158000
2017-06-21,132500,1.5299999713897705,5935438000
2017-06-22,129500,-2.259999990463257,3745291500
2017-06-23,129500,0.0,2940368000
2017-06-26,127500,-1.5399999618530271,1815866000
2017-06-27,125000,-1.9600000381469729,3032375500
2017-06-28,123500,-1.2000000476837158,2068500500
2017-06-29,130000,5.260000228881836,7249537000
2017-06-30,129000,-0.7699999809265137,3305164500
2017-07-03,124500,-3.490000009536743,2681183000
2017-07-04,122500,-1.6100000143051147,2530565000
2017-07-05,122500,0.0,1294970500
2017-07-06,121500,-0.8199999928474426,2507384500
2017-07-07,118500,-2.470000028610229,1765552500
2017-07-10,120000,1.2699999809265137,1307618500
2017-07-11,119500,-0.4199999868869781,1397573000
2017-07-12,117500,-1.6699999570846558,1367483500
2017-07-13,117500,0.0,724223500
2017-07-14,118500,0.8500000238418579,825502500
2017-07-17,119500,0.8399999737739563,2687029500
2017-07-18,117500,-1.6699999570846558,1738785500
2017-07-19,111500,-5.110000133514404,10895064500
2017-07-20,112500,0.8999999761581421,4558305000
2017-07-21,112500,0.0,2566508500
2017-07-24,109500,-2.6700000762939453,7995024000
2017-07-25,112500,2.740000009536743,4836398000
2017-07-26,111000,-1.3300000429153442,2310887000
2017-07-27,115000,3.5999999046325684,4817849500
2017-07-28,114000,-0.8700000047683716,3327643000
2017-07-31,115000,0.8799999952316284,1546960000
2017-08-01,116000,0.8700000047683716,3886851000
2017-08-02,118000,1.7200000286102295,3527650000
2017-08-03,115000,-2.539999961853028,1754160000
2017-08-04,115000,0.0,1866590500
2017-08-07,117000,1.7400000095367432,1561985000
2017-08-08,117500,0.4300000071525574,1307605000
2017-08-09,116000,-1.2799999713897705,1548874000
2017-08-10,115000,-0.8600000143051147,1021108500
2017-08-11,114500,-0.4300000071525574,1414412000
2017-08-14,112500,-1.75,2087838000
2017-08-16,109500,-2.6700000762939453,4912549000
2017-08-17,109500,0.0,4858471500
2017-08-18,109500,0.0,3359687000
2017-08-21,107000,-2.2799999713897705,4863220000
2017-08-22,110000,2.799999952316284,4496278000
2017-08-23,110000,0.0,3024277000
2017-08-24,108000,-1.820000052452088,5000869000
2017-08-25,110000,1.850000023841858,3029034500
2017-08-28,111500,1.3600000143051147,2293339500
2017-08-29,113500,1.7899999618530271,1480070000
2017-08-30,112000,-1.3200000524520874,2225987000
2017-08-31,112000,0.0,1538607000
2017-09-01,111500,-0.449999988079071,3181234500
2017-09-04,108500,-2.690000057220459,2797137500
2017-09-05,108000,-0.4600000083446502,1243682500
2017-09-06,107000,-0.9300000071525574,985694000
2017-09-07,108500,1.399999976158142,1221570000
2017-09-08,106500,-1.840000033378601,1715081000
2017-09-11,105500,-0.9399999976158142,3113775000
2017-09-12,106000,0.4699999988079071,1748724000
2017-09-13,104500,-1.4199999570846558,2855535000
2017-09-14,105500,0.959999978542328,1655561000
2017-09-15,106500,0.949999988079071,1455151000
2017-09-18,106500,0.0,2094023500
2017-09-19,105000,-1.409999966621399,1445083500
2017-09-20,104500,-0.4799999892711639,1663035500
2017-09-21,104000,-0.4799999892711639,1541290000
2017-09-22,100500,-3.369999885559082,4656480600
2017-09-25,99600,-0.8999999761581421,2421994100
2017-09-26,99600,0.0,2340658300
2017-09-27,93200,-6.429999828338623,9204264200
2017-09-28,95000,1.9299999475479128,3836208700
2017-09-29,94300,-0.7400000095367432,3408085100
2017-10-10,96800,2.650000095367432,2402041800
2017-10-11,97400,0.6200000047683716,2006635600
2017-10-12,97000,-0.4099999964237213,1871975300
2017-10-13,93200,-3.920000076293945,5580091900
2017-10-16,96000,3.0,2245487400
2017-10-17,94900,-1.149999976158142,3954392100
2017-10-18,94800,-0.1099999994039535,1846252600
2017-10-19,95000,0.209999993443489,2765492300
2017-10-20,97600,2.740000009536743,4218195800
2017-10-23,96000,-1.6399999856948853,2265281300
2017-10-24,95400,-0.6299999952316284,1942997600
2017-10-25,94800,-0.6299999952316284,2454463600
2017-10-26,93700,-1.159999966621399,3694614500
2017-10-27,94000,0.3199999928474426,2501933200
2017-10-30,94400,0.4300000071525574,2512614800
2017-10-31,93600,-0.8500000238418579,2376665400
2017-11-01,93100,-0.5299999713897705,2412457400
2017-11-02,91500,-1.7200000286102295,4821417000
2017-11-03,94200,2.950000047683716,3675723200
2017-11-06,93700,-0.5299999713897705,2118560300
2017-11-07,95700,2.130000114440918,4428511600
2017-11-08,95700,0.0,3354301400
2017-11-09,97700,2.0899999141693115,2946067500
2017-11-10,97100,-0.6100000143051147,1915428100
2017-11-13,95800,-1.340000033378601,1883172300
2017-11-14,94400,-1.4600000381469729,2108051400
2017-11-15,95200,0.8500000238418579,1903265700
2017-11-16,97300,2.2100000381469727,2371380500
2017-11-17,96200,-1.1299999952316284,1400423500
2017-11-20,96700,0.5199999809265137,1218847300
2017-11-21,98000,1.340000033378601,3657388300
2017-11-22,96400,-1.6299999952316284,2371249200
2017-11-23,96100,-0.3100000023841858,3403804200
2017-11-24,95100,-1.0399999618530271,1384286000
2017-11-27,98400,3.470000028610229,2465375000
2017-11-28,97200,-1.2200000286102295,1344542400
2017-11-29,96100,-1.1299999952316284,2217463400
2017-11-30,97400,1.350000023841858,1915469800
2017-12-01,96500,-0.9200000166893004,2934466300
2017-12-04,96400,-0.1000000014901161,1370752300
2017-12-05,98700,2.390000104904175,2657190500
2017-12-06,98100,-0.6100000143051147,2042882800
2017-12-07,97400,-0.7099999785423279,1445769400
2017-12-08,95500,-1.950000047683716,1849245100
2017-12-11,92800,-2.8299999237060547,3310127800
2017-12-12,95000,2.369999885559082,3084398500
2017-12-13,94800,-0.209999993443489,1499704100
2017-12-14,93200,-1.690000057220459,2500393100
2017-12-15,94000,0.8600000143051147,2421424300
2017-12-18,94000,0.0,890349600
2017-12-19,92200,-1.909999966621399,3228019200
2017-12-20,92200,0.0,1223849800
2017-12-21,92900,0.7599999904632568,1357263400
2017-12-22,92500,-0.4300000071525574,1217872100
2017-12-26,93200,0.7599999904632568,1999219500
2017-12-27,94300,2.059999942779541,1681408800
2017-12-28,94200,-0.1099999994039535,893081500
2018-01-02,93600,-0.6399999856948853,980727600
2018-01-03,93800,0.209999993443489,1098083400
2018-01-04,92600,-1.2799999713897705,881669300
2018-01-05,94500,2.049999952316284,1137387900
2018-01-08,94500,0.0,1862322600
2018-01-09,92400,-2.220000028610229,2290432900
2018-01-10,93000,0.6499999761581421,2302131400
2018-01-11,94200,1.2899999618530271,1880137900
2018-01-12,95300,1.1699999570846558,2850693200
2018-01-15,95600,0.3100000023841858,1585023800
2018-01-16,95300,-0.3100000023841858,1137355200
2018-01-17,96100,0.8399999737739563,1416695700
2018-01-18,96800,0.7300000190734863,2687732800
2018-01-19,97600,0.8299999833106995,2168415700
2018-01-22,98100,0.5099999904632568,1965865900
2018-01-23,101500,3.470000028610229,5012657400
2018-01-24,103000,1.4800000190734863,2925180500
2018-01-25,104500,1.4600000381469729,3041973500
2018-01-26,102000,-2.390000104904175,3460507500
2018-01-29,103000,0.9800000190734864,3177185500
2018-01-30,104500,1.4600000381469729,4204246000
2018-01-31,106000,1.440000057220459,3839150000
2018-02-01,105500,-0.4699999988079071,2165215500
2018-02-02,101500,-3.7899999618530273,3121175000
2018-02-05,102000,0.4900000095367431,1870682500
2018-02-06,99700,-2.25,2629297400
2018-02-07,97100,-2.609999895095825,2443267200
2018-02-08,95500,-1.649999976158142,1265240500
2018-02-09,93000,-2.619999885559082,2316655100
2018-02-12,91100,-2.039999961853028,2752134600
2018-02-13,90200,-0.9900000095367432,2631378900
2018-02-14,92000,2.0,1061387200
2018-02-19,92000,0.0,1575644700
2018-02-20,93000,1.090000033378601,1773227600
2018-02-21,92300,-0.75,1138096700
2018-02-22,91600,-0.7599999904632568,766442800
2018-02-23,93200,1.75,451592500
2018-02-26,92500,-0.75,381163800
2018-02-27,93600,1.190000057220459,846135700
2018-02-28,94200,0.6399999856948853,1103647100
2018-03-02,96200,2.119999885559082,2569401100
2018-03-05,93300,-3.009999990463257,1090233500
2018-03-06,93700,0.4300000071525574,984158700
2018-03-07,93700,0.0,641234900
2018-03-08,93000,-0.75,398127500
2018-03-09,95100,2.259999990463257,896854500
2018-03-12,96800,1.7899999618530271,1052464700
2018-03-13,97300,0.5199999809265137,1023331500
2018-03-14,95900,-1.440000057220459,1253773500
2018-03-15,97800,1.9800000190734863,1377422400
2018-03-16,96000,-1.840000033378601,1343445700
2018-03-19,94600,-1.4600000381469729,390289800
2018-03-20,93400,-1.2699999809265137,1264720200
2018-03-21,92100,-1.3899999856948853,874690600
2018-03-22,94300,2.390000104904175,951509500
2018-03-23,92500,-1.909999966621399,1187751400
2018-03-26,92000,-0.5400000214576721,1350507000
2018-03-27,92600,0.6499999761581421,1308818400
2018-03-28,91900,-0.7599999904632568,1233316400
2018-03-29,93300,1.5199999809265137,915666300
2018-03-30,96000,2.890000104904175,3117924400
2018-04-02,95800,-0.209999993443489,1729868200
2018-04-03,100000,4.380000114440918,4261397100
2018-04-04,98500,-1.5,2088919500
2018-04-05,97500,-1.0199999809265137,978145400
2018-04-06,98600,1.1299999952316284,1603054700
2018-04-09,98300,-0.3000000119209289,1011442100
2018-04-10,95500,-2.8499999046325684,1258734600
2018-04-11,98400,3.039999961853028,1342633100
2018-04-12,99700,1.3200000524520874,2016794300
2018-04-13,97100,-2.609999895095825,1625477100
2018-04-16,95300,-1.850000023841858,950496900
2018-04-17,96000,0.7300000190734863,1460257700
2018-04-18,94500,-1.559999942779541,1537726900
2018-04-19,94300,-0.209999993443489,1351267400
2018-04-20,96000,1.7999999523162842,2717801800
2018-04-23,94300,-1.7699999809265137,1989323700
2018-04-24,93300,-1.059999942779541,1864935900
2018-04-25,92900,-0.4300000071525574,1848201200
2018-04-26,92700,-0.2199999988079071,1327672500
2018-04-27,93100,0.4300000071525574,875676200
2018-04-30,93900,0.8600000143051147,1227821300
2018-05-02,94900,1.059999942779541,2399008200
2018-05-03,94200,-0.7400000095367432,1055456700
2018-05-04,92800,-1.4900000095367432,2180390300
2018-05-08,91200,-1.7200000286102295,1674160000
2018-05-09,90400,-0.8799999952316284,2044536000
2018-05-10,90200,-0.2199999988079071,1946389400
2018-05-11,90900,0.7799999713897705,2480829400
2018-05-14,91900,1.100000023841858,2039820600
2018-05-15,91200,-0.7599999904632568,1597675300
2018-05-16,97300,6.690000057220459,10889468700
2018-05-17,99000,1.75,4728430300
2018-05-18,98600,-0.4000000059604645,3161629800
2018-05-21,101000,2.430000066757202,2901481100
2018-05-23,104500,3.470000028610229,7092479500
2018-05-24,103500,-0.959999978542328,3055508000
2018-05-25,103000,-0.4799999892711639,3275142300
2018-05-28,100000,-2.9100000858306885,3490659800
2018-05-29,99000,-1.0,3117042400
2018-05-30,96900,-2.119999885559082,3525814200
2018-05-31,100000,3.200000047683716,2711057800
2018-06-01,99700,-0.3000000119209289,1102275200
2018-06-04,97200,-2.509999990463257,1643996600
2018-06-05,97700,0.5099999904632568,739532800
2018-06-07,96400,-1.3300000429153442,1380478200
2018-06-08,95800,-0.6200000047683716,1161089700
2018-06-11,95000,-0.8399999737739563,1500140300
2018-06-12,95300,0.3199999928474426,1285176000
2018-06-14,93600,-1.7799999713897705,1242949000
2018-06-15,96000,2.559999942779541,1639686800
2018-06-18,93700,-2.400000095367432,824920300
2018-06-19,94400,0.75,1458081700
2018-06-20,92800,-1.690000057220459,1788485400
2018-06-21,91600,-1.2899999618530271,1708196500
2018-06-22,90200,-1.5299999713897705,2025402400
2018-06-25,91700,1.659999966621399,1077795200
2018-06-26,93700,2.180000066757202,1426318500
2018-06-27,93500,-0.209999993443489,958258400
2018-06-28,92100,-1.5,751556900
2018-06-29,93900,1.950000047683716,1103352000
2018-07-02,91000,-3.0899999141693115,910395600
2018-07-03,90300,-0.7699999809265137,1521573400
2018-07-04,89800,-0.550000011920929,748660600
2018-07-05,91300,1.6699999570846558,1271500600
2018-07-06,90000,-1.4199999570846558,1386072400
2018-07-09,90000,0.0,754287400
2018-07-10,90500,0.5600000023841858,790633000
2018-07-11,89900,-0.6600000262260437,738832800
2018-07-12,90600,0.7799999713897705,995319700
2018-07-13,89500,-1.2100000381469729,1661033100
2018-07-16,87400,-2.3499999046325684,2704909500
2018-07-17,87500,0.1099999994039535,1168395300
2018-07-18,88200,0.800000011920929,1342267900
2018-07-19,87400,-0.9100000262260436,1610630400
2018-07-20,85600,-2.059999942779541,1711106000
2018-07-23,85300,-0.3499999940395355,904953300
2018-07-24,85100,-0.2300000041723251,1704240000
2018-07-25,83100,-2.3499999046325684,1986209600
2018-07-26,84400,1.559999942779541,1144400800
2018-07-27,84600,0.2399999946355819,572966100
2018-07-30,84500,-0.1199999973177909,671298000
2018-07-31,86100,1.8899999856948853,1599309000
2018-08-01,86400,0.3499999940395355,890373600
2018-08-02,85100,-1.5,1326507600
2018-08-03,85500,0.4699999988079071,960334700
2018-08-06,84600,-1.0499999523162842,1189042300
2018-08-07,84800,0.2399999946355819,1691615300
2018-08-08,84500,-0.3499999940395355,1247063900
2018-08-09,84200,-0.3600000143051147,476217900
2018-08-10,84800,0.7099999785423279,825434100
2018-08-13,84100,-0.8299999833106995,1011004400
2018-08-14,86900,3.3299999237060547,2117270700
2018-08-16,87000,0.1199999973177909,1546072200
2018-08-17,85800,-1.3799999952316284,1381882600
2018-08-20,85700,-0.1199999973177909,546127500
2018-08-21,85300,-0.4699999988079071,728825900
2018-08-22,84400,-1.059999942779541,595435600
2018-08-23,84500,0.1199999973177909,1013799600
2018-08-24,84100,-0.4699999988079071,927590200
2018-08-27,84000,-0.1199999973177909,669432800
2018-08-28,84600,0.7099999785423279,853936700
2018-08-29,85700,1.2999999523162842,1416624300
2018-08-30,85000,-0.8199999928474426,1054345900
2018-08-31,85200,0.2399999946355819,707147600
2018-09-03,84500,-0.8199999928474426,1039047700
2018-09-04,88100,4.260000228881836,8803450300
2018-09-05,88100,0.0,2143756400
2018-09-06,89300,1.3600000143051147,1843989800
2018-09-07,89500,0.2199999988079071,2230746700
2018-09-10,88800,-0.7799999713897705,677771700
2018-09-11,89100,0.3400000035762787,916551100
2018-09-12,89400,0.3400000035762787,1264869500
2018-09-13,89400,0.0,938371700
2018-09-14,88800,-0.6700000166893005,1754274800
2018-09-17,87100,-1.909999966621399,1572751000
2018-09-18,87300,0.2300000041723251,1282463300
2018-09-19,84300,-3.440000057220459,5600675900
2018-09-20,83700,-0.7099999785423279,3204144100
2018-09-21,83800,0.1199999973177909,2318220800
2018-09-27,84800,1.190000057220459,1908101400
2018-09-28,84200,-0.7099999785423279,1621778500
2018-10-01,84400,0.2399999946355819,1218379000
2018-10-02,84300,-0.1199999973177909,1368119900
2018-10-04,83400,-1.0700000524520874,1106699400
2018-10-05,84600,1.440000057220459,1624279600
2018-10-08,84300,-0.3499999940395355,1190248900
2018-10-10,83300,-1.190000057220459,1143590700
2018-10-11,80700,-3.119999885559082,1925010300
2018-10-12,79400,-1.6100000143051147,1549042700
2018-10-15,79900,0.6299999952316284,699837900
2018-10-16,79000,-1.1299999952316284,521413300
2018-10-17,79400,0.5099999904632568,679301200
2018-10-18,80000,0.7599999904632568,1081706100
2018-10-19,81700,2.130000114440918,1298027700
2018-10-22,80500,-1.4700000286102295,561213600
2018-10-23,78000,-3.109999895095825,1312605700
2018-10-24,77500,-0.6399999856948853,912708100
2018-10-25,77200,-0.3899999856948852,1653391400
2018-10-26,75800,-1.809999942779541,1087990200
2018-10-29,73000,-3.690000057220459,1215701700
2018-10-30,72600,-0.550000011920929,2357708600
2018-10-31,73100,0.6899999976158142,1493832400
2018-11-01,73900,1.090000033378601,919389400
2018-11-02,75700,2.440000057220459,1251476300
2018-11-05,74100,-2.109999895095825,647517200
2018-11-06,75400,1.75,502812600
2018-11-07,72300,-4.110000133514404,3902793700
2018-11-08,73800,2.069999933242798,1452648800
2018-11-09,75500,2.299999952316284,1174993100
2018-11-12,78900,4.5,1994993300
2018-11-13,79300,0.5099999904632568,1382931200
2018-11-14,77500,-2.2699999809265137,1125351600
2018-11-15,75600,-2.450000047683716,2948140400
2018-11-16,75700,0.1299999952316284,1077683400
2018-11-19,74900,-1.059999942779541,1426355400
2018-11-20,74700,-0.270000010728836,1368912300
2018-11-21,75500,1.0700000524520874,647294000
2018-11-22,75300,-0.2599999904632568,414599200
2018-11-23,74300,-1.3300000429153442,632772000
2018-11-26,74000,-0.4000000059604645,652485000
2018-11-27,74600,0.8100000023841858,642789900
2018-11-28,74800,0.270000010728836,905452500
2018-11-29,74400,-0.5299999713897705,1236623400
2018-11-30,75500,1.4800000190734863,1224326800
2018-12-03,76100,0.7900000214576721,1390754200
2018-12-04,75800,-0.3899999856948852,1446990300
2018-12-05,74800,-1.3200000524520874,1539169900
2018-12-06,74300,-0.6700000166893005,1197784500
2018-12-07,74200,-0.1299999952316284,1075476000
2018-12-10,74100,-0.1299999952316284,1304712400
2018-12-11,73400,-0.9399999976158142,497223300
2018-12-12,72800,-0.8199999928474426,1750009400
2018-12-13,73200,0.550000011920929,926286400
2018-12-14,73900,0.959999978542328,1064868200
2018-12-17,72900,-1.350000023841858,646883000
2018-12-18,70900,-2.740000009536743,2437307900
2018-12-19,71300,0.5600000023841858,1047863400
2018-12-20,72700,1.9600000381469729,2531072000
2018-12-21,72500,-0.2800000011920929,1108236400
2018-12-24,72400,-0.1400000005960464,630789700
2018-12-26,72300,-0.1400000005960464,1392305900
2018-12-27,71900,0.2800000011920929,729797100
2018-12-28,70700,-1.6699999570846558,1008562800
2019-01-02,70000,-0.9900000095367432,801048500
2019-01-03,68700,-1.8600000143051147,1204015600
2019-01-04,69800,1.600000023841858,883196500
2019-01-07,72000,3.150000095367432,1028189500
2019-01-08,71700,-0.4199999868869781,1451470200
2019-01-09,73300,2.2300000190734863,1111539500
2019-01-10,74100,1.090000033378601,1037956000
2019-01-11,75000,1.2100000381469729,1162634300
2019-01-14,76000,1.3300000429153442,1437639900
2019-01-15,76100,0.1299999952316284,812363700
2019-01-16,75900,-0.2599999904632568,693497500
2019-01-17,76000,0.1299999952316284,567918500
2019-01-18,80000,5.260000228881836,4409842800
2019-01-21,80100,0.1299999952316284,3569497400
2019-01-22,81500,1.75,2080829900
2019-01-23,82300,0.9800000190734864,2015389000
2019-01-24,82400,0.1199999973177909,2204160100
2019-01-25,81200,-1.4600000381469729,2278798300
2019-01-28,81500,0.3700000047683716,2139145300
2019-01-29,81600,0.1199999973177909,1941971800
2019-01-30,80700,-1.100000023841858,1714895200
2019-01-31,82400,2.109999895095825,1493800300
2019-02-01,82600,0.2399999946355819,1227706900
2019-02-07,80100,-3.0299999713897705,2036722400
2019-02-08,80000,-0.1199999973177909,1101447200
2019-02-11,82700,3.380000114440918,2593197400
2019-02-12,80900,-2.180000066757202,1849173700
2019-02-13,81100,0.25,1164416600
2019-02-14,80500,-0.7400000095367432,1392948600
2019-02-15,80900,0.5,1612585700
2019-02-18,82400,1.850000023841858,1709444600
2019-02-19,81600,-0.9700000286102296,987271200
2019-02-20,83000,1.7200000286102295,1757944800
2019-02-21,83700,0.8399999737739563,1333815500
2019-02-22,82100,-1.909999966621399,1048276500
2019-02-25,82500,0.4900000095367431,1193731800
2019-02-26,82000,-0.6100000143051147,832634300
2019-02-27,82600,0.7300000190734863,1449798600
2019-02-28,80400,-2.6600000858306885,1415664700
2019-03-04,82700,2.859999895095825,1165042500
2019-03-05,82600,-0.1199999973177909,691397300
2019-03-06,83900,1.5700000524520874,1365240500
2019-03-07,84900,1.190000057220459,1671142900
2019-03-08,84500,-0.4699999988079071,1667554900
2019-03-11,84700,0.2399999946355819,1197294200
2019-03-12,87900,3.7799999713897705,8799520200
2019-03-13,94100,7.050000190734863,25174354400
2019-03-14,92900,-1.2799999713897705,8496368200
2019-03-15,93400,0.5400000214576721,6119582800
2019-03-18,91200,-2.359999895095825,4728988500
2019-03-19,91400,0.2199999988079071,1777311400
2019-03-20,92000,0.6600000262260437,3137113600
2019-03-21,91000,-1.090000033378601,1811006000
2019-03-22,93400,2.640000104904175,2468927100
2019-03-25,92200,-1.2799999713897705,2444477500
2019-03-26,91900,-0.3300000131130218,2359137500
2019-03-27,93300,1.5199999809265137,1855816300
2019-03-28,90700,-2.789999961853028,1467079400
2019-03-29,91400,0.7699999809265137,2940452200
2019-04-01,90400,-1.090000033378601,2138586800
2019-04-02,90600,0.2199999988079071,997245400
2019-04-03,90800,0.2199999988079071,1371692400
2019-04-04,91300,0.550000011920929,1262984800
2019-04-05,90900,-0.4399999976158142,1222509800
2019-04-08,91700,0.8799999952316284,1237182000
2019-04-09,92500,0.8700000047683716,1612106500
2019-04-10,92700,0.2199999988079071,1508861400
2019-04-11,93300,0.6499999761581421,1766667600
2019-04-12,92200,-1.1799999475479126,1570142900
2019-04-15,92100,-0.1099999994039535,1547659200
2019-04-16,92300,0.2199999988079071,1087354400
2019-04-17,91800,-0.5400000214576721,1198340000
2019-04-18,89900,-2.069999933242798,2112068700
2019-04-19,89600,-0.3300000131130218,1450983600
2019-04-22,90400,0.8899999856948853,2037371000
2019-04-23,88600,-1.9900000095367432,3451880800
2019-04-24,89000,0.449999988079071,1620218100
2019-04-25,87000,-2.25,1591576300
2019-04-26,86000,-1.149999976158142,1688340300
2019-04-29,85400,-0.699999988079071,2219718200
2019-04-30,85900,0.5899999737739563,1074011100
2019-05-02,85400,-0.5799999833106995,971449900
2019-05-03,85400,0.0,968563600
2019-05-07,84300,-1.2899999618530271,1253873100
2019-05-08,86200,2.25,2373616200
2019-05-09,85500,-0.8100000023841858,1800454700
2019-05-10,84600,-1.0499999523162842,1207344600
2019-05-13,83600,-1.1799999475479126,866931500
2019-05-14,84500,1.0800000429153442,1617046200
2019-05-15,84400,-0.1199999973177909,731587700
2019-05-16,83000,-1.659999966621399,780523500
2019-05-17,81800,-1.4500000476837158,1096349700
2019-05-20,80900,-1.100000023841858,1572599100
2019-05-21,79700,-1.4800000190734863,1048149400
2019-05-22,79100,-0.75,556250300
2019-05-23,77800,-1.6399999856948853,953938700
2019-05-24,76700,-1.409999966621399,1952903500
2019-05-27,77200,0.6499999761581421,1234518600
2019-05-28,76600,-0.7799999713897705,3010409600
2019-05-29,79000,3.130000114440918,2168534300
2019-05-30,80400,1.7699999809265137,1012410600
2019-05-31,79600,-1.0,1001368400
2019-06-03,79500,-0.1299999952316284,1224523700
2019-06-04,79200,-0.3799999952316284,774162400
2019-06-05,78600,-0.7599999904632568,701109900
2019-06-07,78100,-0.6399999856948853,678633400
2019-06-10,78600,0.6399999856948853,774524000
2019-06-11,79900,1.649999976158142,1101050300
2019-06-12,79500,-0.5,897975300
2019-06-13,79800,0.3799999952316284,960477300
2019-06-14,79800,0.0,826030800
2019-06-17,79100,-0.8799999952316284,797441300
2019-06-18,79200,0.1299999952316284,514336500
2019-06-19,78100,-1.3899999856948853,1291391600
2019-06-20,78600,0.6399999856948853,413556700
2019-06-21,78300,-0.3799999952316284,406921200
2019-06-24,78500,0.2599999904632568,555848500
2019-06-25,78100,-0.5099999904632568,318050400
2019-06-26,77500,-0.7699999809265137,433156500
2019-06-27,79500,2.5799999237060547,1030050200
2019-06-28,78400,-1.3799999952316284,726518400
2019-07-01,79100,0.8899999856948853,423052300
2019-07-02,79000,-0.1299999952316284,286806000
2019-07-03,79200,0.25,395068600
2019-07-04,79200,0.0,461495500
2019-07-05,81400,2.7799999713897705,1053812400
2019-07-08,79200,-2.700000047683716,518922300
2019-07-09,79100,-0.1299999952316284,401053300
2019-07-10,79100,0.0,298609500
2019-07-11,79000,-0.1299999952316284,165276600
2019-07-12,78400,-0.7599999904632568,917533800
2019-07-15,78400,0.0,818532200
2019-07-16,79600,1.5299999713897705,600400300
2019-07-17,78700,-1.1299999952316284,522431400
2019-07-18,78900,0.25,311494200
2019-07-19,78400,-0.6299999952316284,358302300
2019-07-22,78000,-0.5099999904632568,795789700
2019-07-23,77900,-0.1299999952316284,580551200
2019-07-24,77400,-0.6399999856948853,418382000
2019-07-25,75800,-2.069999933242798,923955700
2019-07-26,75600,-0.2599999904632568,442218000
2019-07-29,75300,-0.4000000059604645,655178500
2019-07-30,77700,3.190000057220459,724219200
2019-07-31,77500,-0.2599999904632568,836220300
2019-08-01,77900,0.5199999809265137,951633400
2019-08-02,78200,0.3899999856948852,775252300
2019-08-05,76400,-2.299999952316284,731303200
2019-08-06,76600,0.2599999904632568,1052724500
2019-08-07,76300,-0.3899999856948852,438839500
2019-08-08,75600,-0.9200000166893004,826224500
2019-08-09,74600,-1.3200000524520874,548922400
2019-08-12,73500,-1.4700000286102295,343559700
2019-08-13,73100,-0.5400000214576721,530678500
2019-08-14,72900,-0.270000010728836,376787200
2019-08-16,71500,-1.919999957084656,545941800
2019-08-19,72800,1.820000052452088,400490000
2019-08-20,74700,2.609999895095825,431567000
2019-08-21,75200,0.6700000166893005,381112900
2019-08-22,75500,0.4000000059604645,289804100
2019-08-23,74900,-0.7900000214576721,325060700
2019-08-26,73300,-2.140000104904175,1024129700
2019-08-27,75500,3.0,436917200
2019-08-28,75400,-0.1299999952316284,1042380500
2019-08-29,76600,1.590000033378601,833944800
2019-08-30,76500,-0.1299999952316284,839495000
2019-09-02,75100,-1.830000042915344,750242600
2019-09-03,74600,-0.6700000166893005,293958900
2019-09-04,76000,1.8799999952316284,810334500
2019-09-05,75900,-0.1299999952316284,526095500
2019-09-06,76000,0.1299999952316284,459816300
2019-09-09,73900,-2.759999990463257,1080781400
2019-09-10,74800,1.2200000286102295,398795700
2019-09-11,76800,2.6700000762939453,733377900
2019-09-16,79100,2.990000009536743,1101258800
2019-09-17,78400,-0.8799999952316284,663380900
2019-09-18,77800,-0.7699999809265137,373835500
2019-09-19,77500,-0.3899999856948852,415216300
2019-09-20,76800,-0.8999999761581421,688124300
2019-09-23,76700,-0.1299999952316284,224854600
2019-09-24,76100,-0.7799999713897705,652881700
2019-09-25,75100,-1.309999942779541,643812300
2019-09-26,75000,-0.1299999952316284,470822400
2019-09-27,74600,-0.5299999713897705,438019900
2019-09-30,74400,-0.270000010728836,311530700
2019-10-01,75200,1.0800000429153442,250288100
2019-10-02,74300,-1.2000000476837158,517613100
2019-10-04,73900,-0.5400000214576721,595514500
2019-10-07,73700,-0.270000010728836,398237300
2019-10-08,73500,-0.270000010728836,685615700
2019-10-10,72800,-0.949999988079071,700431600
2019-10-11,74400,2.200000047683716,428104400
2019-10-14,77100,3.630000114440918,1479242000
2019-10-15,76600,-0.6499999761581421,825577100
2019-10-16,77000,0.5199999809265137,524433500
2019-10-17,76600,-0.5199999809265137,506018100
2019-10-18,76000,-0.7799999713897705,2269586400
2019-10-21,74000,-2.630000114440918,1287934800
2019-10-22,75900,2.569999933242798,836557600
2019-10-23,76400,0.6600000262260437,1487283200
2019-10-24,82800,8.380000114440918,12223959200
2019-10-25,84800,2.4200000762939453,4807764700
2019-10-28,84500,-0.3499999940395355,2124095400
2019-10-29,83600,-1.0700000524520874,3274467600
2019-10-30,84200,0.7200000286102295,2244033400
2019-10-31,84000,-0.2399999946355819,2123002000
2019-11-01,84400,0.4799999892711639,826273100
2019-11-04,85100,0.8299999833106995,1855206500
2019-11-05,85200,0.1199999973177909,1036170700
2019-11-06,85200,0.0,751696100
2019-11-07,85000,-0.2300000041723251,865313500
2019-11-08,85100,0.1199999973177909,1158628200
2019-11-11,85700,0.7099999785423279,1555264900
2019-11-12,85800,0.1199999973177909,730707000
2019-11-13,84400,-1.6299999952316284,839769400
2019-11-14,84800,0.4699999988079071,2466281500
2019-11-15,86500,2.0,1444864500
2019-11-18,85800,-0.8100000023841858,453913800
2019-11-19,86500,0.8199999928474426,1233033000
2019-11-20,86200,-0.3499999940395355,988201600
2019-11-21,85000,-1.3899999856948853,474455300
2019-11-22,85200,0.2399999946355819,404710500
2019-11-25,85400,0.2300000041723251,487273000
2019-11-26,84600,-0.9399999976158142,1185618700
2019-11-27,85200,0.7099999785423279,673751400
2019-11-28,85400,0.2300000041723251,339789000
2019-11-29,86000,0.699999988079071,508146800
2019-12-02,85800,-0.2300000041723251,398182200
2019-12-03,85400,-0.4699999988079071,338817100
2019-12-04,86800,1.6399999856948853,819950700
2019-12-05,86300,-0.5799999833106995,515494900
2019-12-06,86600,0.3499999940395355,868890700
2019-12-09,86800,0.2300000041723251,441264600
2019-12-10,86800,0.0,493523800
2019-12-11,86500,-0.3499999940395355,238664900
2019-12-12,86900,0.4600000083446502,376658000
2019-12-13,84600,-2.650000095367432,1650952200
2019-12-16,83600,-1.1799999475479126,832106700
2019-12-17,85600,2.390000104904175,722315100
2019-12-18,85300,-0.3499999940395355,253376900
2019-12-19,84900,-0.4699999988079071,276344900
2019-12-20,86400,1.7699999809265137,510439100
2019-12-23,86700,0.3499999940395355,462250300
2019-12-24,87200,0.5799999833106995,1173947700
2019-12-26,88400,1.3799999952316284,1102639200
2019-12-27,85200,-2.740000009536743,556492900
2019-12-30,84600,-0.699999988079071,457512000
2020-01-02,83400,-1.4199999570846558,614574800
2020-01-03,84800,1.6799999475479126,533310200
2020-01-06,85000,0.2399999946355819,566531800
2020-01-07,84500,-0.5899999737739563,349800500
2020-01-08,82900,-1.8899999856948853,759990200
2020-01-09,83700,0.9700000286102296,1042732600
2020-01-10,82600,-1.309999942779541,377987800
2020-01-13,83300,0.8500000238418579,377841900
2020-01-14,82700,-0.7200000286102295,426438500
2020-01-15,81500,-1.4500000476837158,541004700
2020-01-16,80000,-1.840000033378601,1222120100
2020-01-17,79600,-0.5,522260300
2020-01-20,79300,-0.3799999952316284,335283100
2020-01-21,79300,0.0,370471900
2020-01-22,78500,-1.0099999904632568,645003400
2020-01-23,78300,-0.25,518459700
2020-01-28,76300,-2.549999952316284,714622500
2020-01-29,76300,0.0,189335900
2020-01-30,75600,-0.9200000166893004,209296600
2020-01-31,75500,-0.1299999952316284,500120300
2020-02-03,76300,1.059999942779541,384293800
2020-02-04,75900,-0.5199999809265137,387677000
2020-02-05,77700,2.369999885559082,459018700
2020-02-06,77800,0.1299999952316284,353461900
2020-02-07,77700,-0.1299999952316284,122604300
2020-02-10,80800,3.990000009536743,1091416500
2020-02-11,81700,1.1100000143051147,874668700
2020-02-12,80600,-1.350000023841858,739574000
2020-02-13,81700,1.3600000143051147,749432200
2020-02-14,80800,-1.100000023841858,674194700
2020-02-17,81300,0.6200000047683716,392555600
2020-02-18,80300,-1.2300000190734863,456703900
2020-02-19,78700,-1.9900000095367432,276970900
2020-02-20,77700,-1.2699999809265137,579320500
2020-02-21,76400,-1.6699999570846558,480608900
2020-02-24,75300,-1.440000057220459,363330400
2020-02-25,77400,2.789999961853028,586625900
2020-02-26,76100,-1.6799999475479126,353844100
2020-02-27,76800,0.9200000166893004,806146400
2020-02-28,77600,1.0399999618530271,1355692600
2020-03-02,77500,-0.1299999952316284,370540100
2020-03-03,77000,-0.6499999761581421,583638500
2020-03-04,77800,1.0399999618530271,514888500
2020-03-05,78300,0.6399999856948853,721532400
2020-03-06,77700,-0.7699999809265137,679831300
2020-03-09,77100,-0.7699999809265137,1114267900
2020-03-10,74600,-3.240000009536743,935146300
2020-03-11,72500,-2.819999933242798,451062500
2020-03-12,70000,-3.450000047683716,1370361500
2020-03-13,64600,-7.710000038146973,1198036800
2020-03-16,63300,-2.009999990463257,1339927500
2020-03-17,62400,-1.4199999570846558,523631600
2020-03-18,60500,-3.039999961853028,771267400
2020-03-19,52800,-12.729999542236328,1715138900
2020-03-20,54400,3.0299999713897705,2287412500
2020-03-23,49200,-9.5600004196167,1351834200
2020-03-24,50800,3.25,1440630900
2020-03-25,57000,12.199999809265137,2142848300
2020-03-26,57800,1.399999976158142,1218665200
2020-03-27,59100,2.25,828798900
2020-03-30,62000,4.909999847412109,1145554200
2020-03-31,62900,1.4500000476837158,734340300
2020-04-01,64100,1.909999966621399,1305413600
2020-04-02,64900,1.25,649562700
2020-04-03,66500,2.470000028610229,1343410500
2020-04-06,69600,4.659999847412109,1252908500
2020-04-07,69000,-0.8600000143051147,1236599900
2020-04-08,70500,2.1700000762939453,874206700
2020-04-09,72000,2.130000114440918,1265185100
2020-04-10,73000,1.3899999856948853,625297200
2020-04-13,72500,-0.6800000071525574,563679600
2020-04-14,74200,2.3399999141693115,760908500
2020-04-16,73500,-0.9399999976158142,958591400
2020-04-17,74000,0.6800000071525574,1774176100
2020-04-20,75700,2.299999952316284,675812500
2020-04-21,75500,-0.2599999904632568,1192584900
2020-04-22,74200,-1.7200000286102295,1639043500
2020-04-23,75900,2.289999961853028,614984100
2020-04-24,77300,1.840000033378601,2009543000
2020-04-27,76500,-1.0299999713897705,886033900
2020-04-28,76400,-0.1299999952316284,1050432900
2020-04-29,76400,0.0,1293061800
2020-05-04,77300,1.1799999475479126,1186036900
2020-05-06,77300,0.0,896452700
2020-05-07,77300,0.0,1011957300
2020-05-08,78100,1.0299999713897705,1014993600
2020-05-11,78900,1.0199999809265137,2196556500
2020-05-12,78300,-0.7599999904632568,872078400
2020-05-13,78500,0.2599999904632568,660104900
2020-05-14,78000,-0.6399999856948853,509389900
2020-05-15,79500,1.919999957084656,565942200
2020-05-18,79000,-0.6299999952316284,629106000
2020-05-19,79200,0.25,860610400
2020-05-20,80800,2.0199999809265137,1208763200
2020-05-21,80000,-0.9900000095367432,760024900
2020-05-22,78600,-1.75,699820200
2020-05-25,79900,1.649999976158142,676953500
2020-05-26,79500,-0.5,493902100
2020-05-27,79900,0.5,779611100
2020-05-28,78700,-1.5,595991400
2020-05-29,76200,-3.180000066757202,1745393700
2020-06-01,78600,3.150000095367432,512057500
2020-06-02,78300,-0.3799999952316284,582604000
2020-06-03,77600,-0.8899999856948853,1177192200
2020-06-04,77200,-0.5199999809265137,605747300
2020-06-05,77200,0.0,590079000
2020-06-08,77900,0.9100000262260436,1586955200
2020-06-09,78500,0.7699999809265137,1148124200
2020-06-10,77500,-1.2699999809265137,681548000
2020-06-11,78300,1.0299999713897705,2368242600
2020-06-12,74100,-5.360000133514404,1916232500
2020-06-15,70700,-4.590000152587891,3545762100
2020-06-16,73100,3.390000104904175,1042361400
2020-06-17,73400,0.4099999964237213,471656500
2020-06-18,74100,0.949999988079071,640456300
2020-06-19,73900,-0.270000010728836,582919700
2020-06-22,72700,-1.6200000047683716,687643700
2020-06-23,73000,0.4099999964237213,259821600
2020-06-24,73500,0.6800000071525574,644350000
2020-06-25,72500,-1.3600000143051147,589765700
2020-06-26,72700,0.2800000011920929,230757800
2020-06-29,73400,0.959999978542328,459964100
2020-06-30,74100,0.949999988079071,495725600
2020-07-01,73300,-1.0800000429153442,698280300
2020-07-02,73800,0.6800000071525574,522276100
2020-07-03,73400,-0.5400000214576721,190754400
2020-07-06,73000,-0.5400000214576721,593203000
2020-07-07,72900,-0.1400000005960464,425205200
2020-07-08,74600,2.3299999237060547,736482600
2020-07-09,73800,-1.0700000524520874,628677400
2020-07-10,72400,-1.899999976158142,710012800
2020-07-13,72600,0.2800000011920929,411791700
2020-07-14,72600,0.0,14484273900
2020-07-15,74000,1.9299999475479128,1116341600
2020-07-16,75400,1.8899999856948853,1320024100
2020-07-17,78100,3.5799999237060547,3036960900
2020-07-20,77600,-0.6399999856948853,914198400
2020-07-21,76300,-1.6799999475479126,1848736200
2020-07-22,76500,0.2599999904632568,1155936500
2020-07-23,77000,0.6499999761581421,1428734000
2020-07-24,77600,0.7799999713897705,1032275600
2020-07-27,81400,4.900000095367432,3170687500
2020-07-28,83700,2.8299999237060547,4011159800
2020-07-29,86400,3.2300000190734863,3520096000
2020-07-30,87400,1.159999966621399,3163219000
2020-07-31,86000,-1.600000023841858,3160663300
2020-08-03,88700,3.140000104904175,2621172600
2020-08-04,90400,1.919999957084656,3491253800
2020-08-05,90500,0.1099999994039535,3790389400
2020-08-06,93300,3.0899999141693115,4345913100
2020-08-07,91700,-1.7100000381469729,2535968400
2020-08-10,93300,1.7400000095367432,3521298600
2020-08-11,93800,0.5400000214576721,3028694400
2020-08-12,92800,-1.0700000524520874,1584148000
2020-08-13,92500,-0.3199999928474426,2045734800
2020-08-14,92700,0.2199999988079071,2089686600
2020-08-18,91800,-0.9700000286102296,2765994900
2020-08-19,93000,1.309999942779541,2091542200
2020-08-20,89500,-3.759999990463257,2006334400
2020-08-21,89500,0.0,1454994600
2020-08-24,89100,-0.449999988079071,1344547300
2020-08-25,90400,1.4600000381469729,800798200
2020-08-26,89600,-0.8799999952316284,1233991600
2020-08-27,88900,-0.7799999713897705,1171562900
2020-08-28,93300,4.949999809265137,3461692700
2020-08-31,94200,0.959999978542328,4173426600
2020-09-01,93700,-0.5299999713897705,1379268300
2020-09-02,94800,1.1699999570846558,1667760700
2020-09-03,94100,-0.7400000095367432,1141518100
2020-09-04,93200,-0.959999978542328,2712648600
2020-09-07,102000,9.4399995803833,9463375700
2020-09-08,100000,-1.9600000381469729,2677952100
2020-09-09,97000,-3.0,2404046600
2020-09-10,101500,4.639999866485596,2448703300
2020-09-11,100500,-0.9900000095367432,2293181000
2020-09-14,102500,1.9900000095367432,1701565000
2020-09-15,119500,16.59000015258789,16499062000
2020-09-16,113000,-5.440000057220459,9148639000
2020-09-17,106000,-6.190000057220459,6621838000
2020-09-18,103500,-2.359999895095825,2907283500
2020-09-21,101000,-2.4200000762939453,5465719500
2020-09-22,99900,-1.090000033378601,2803687600
2020-09-23,98200,-1.7000000476837158,2707006200
2020-09-24,93600,-4.679999828338623,2624526200
2020-09-25,100000,6.840000152587891,3024164700
2020-09-28,96300,-3.700000047683716,2069907600
2020-09-29,97300,1.0399999618530271,1163725000
2020-10-05,99700,2.470000028610229,2058205000
2020-10-06,99800,0.1000000014901161,1519135500
2020-10-07,101500,1.7000000476837158,1528934600
2020-10-08,107000,5.420000076293945,4332067000
2020-10-12,115000,7.480000019073486,18254951500
2020-10-13,118000,2.609999895095825,11315897500
2020-10-14,114000,-3.390000104904175,6072343500
2020-10-15,124000,8.770000457763672,19722955000
2020-10-16,119000,-4.03000020980835,9715218500
2020-10-19,113500,-4.619999885559082,5366865500
2020-10-20,112000,-1.3200000524520874,6022866000
2020-10-21,118500,5.800000190734863,5798534000
2020-10-22,113000,-4.639999866485596,5321426500
2020-10-23,111000,-1.7699999809265137,3168891500
2020-10-26,109500,-1.350000023841858,4066454000
2020-10-27,111500,1.830000042915344,3416230000
2020-10-28,112000,0.449999988079071,1998444000
2020-10-29,108000,-3.569999933242798,2601881000
2020-10-30,105500,-2.309999942779541,3041939500
2020-11-02,106500,0.949999988079071,1596177000
2020-11-03,107000,0.4699999988079071,1532217500
2020-11-04,109000,1.870000004768372,6292104000
2020-11-05,111000,1.830000042915344,3905033000
2020-11-06,108500,-2.25,2823017500
2020-11-09,115000,5.989999771118164,4635359500
2020-11-10,114500,-0.4300000071525574,2212651000
2020-11-11,110000,-3.930000066757202,2908337000
2020-11-12,112000,1.820000052452088,2230013000
2020-11-13,112000,0.0,3156411000
2020-11-16,110000,-1.7899999618530271,1681541000
2020-11-17,110000,0.0,3291406000
2020-11-18,110000,0.0,2096837500
2020-11-19,111500,1.3600000143051147,3008782500
2020-11-20,114000,2.240000009536743,3756841500
2020-11-23,111500,-2.190000057220459,2340488500
2020-11-24,111500,0.0,2197853000
2020-11-25,108500,-2.690000057220459,5289020000
2020-11-26,107500,-0.9200000166893004,2089641000
2020-11-27,108500,0.9300000071525574,1125223500
2020-11-30,106500,-1.840000033378601,2910941500
2020-12-01,110000,3.289999961853028,3752989500
2020-12-02,112000,1.820000052452088,4229720000
2020-12-03,111500,-0.449999988079071,1792074000
2020-12-04,109000,-2.240000009536743,2011606000
2020-12-07,106000,-2.75,3402588500
2020-12-08,105000,-0.9399999976158142,1821084500
2020-12-09,106500,1.4299999475479126,1958122500
2020-12-10,106500,0.0,2275542000
2020-12-11,107500,0.9399999976158142,3464692000
2020-12-14,109500,1.8600000143051147,1860876000
2020-12-15,106500,-2.740000009536743,2842307500
2020-12-16,107500,0.9399999976158142,1484959500
2020-12-17,107000,-0.4699999988079071,2368709500
2020-12-18,108000,0.9300000071525574,3852798500
2020-12-21,107000,-0.9300000071525574,1249044500
2020-12-22,106000,-0.9300000071525574,1898116000
2020-12-23,106000,0.0,1843973000
2020-12-24,105500,-0.4699999988079071,2253841500
2020-12-28,106000,0.4699999988079071,2280733500
2020-12-29,104500,-1.4199999570846558,2453732500
2020-12-30,104500,0.0,1414679500
2021-01-04,103000,-1.440000057220459,5534406500
2021-01-05,101500,-1.4600000381469729,3699186000
2021-01-06,105500,3.940000057220459,7579981000
2021-01-07,113500,7.579999923706055,20328083500
2021-01-08,111500,-1.7599999904632568,5045270500
2021-01-11,108500,-2.690000057220459,6276707000
2021-01-12,106500,-1.840000033378601,3404348000
2021-01-13,109000,2.3499999046325684,4006691500
2021-01-14,108500,-0.4600000083446502,1937828500
2021-01-15,105000,-3.2300000190734863,4111333000
2021-01-18,101500,-3.3299999237060547,3363540000
2021-01-19,102000,0.4900000095367431,3672792500
2021-01-20,105000,2.940000057220459,2189803000
2021-01-21,105500,0.4799999892711639,2170781000
2021-01-22,105000,-0.4699999988079071,2284543000
2021-01-25,106000,0.949999988079071,3809317000
2021-01-26,105500,-0.4699999988079071,3307262000
2021-01-27,102500,-2.8399999141693115,3034030000
2021-01-28,100000,-2.440000057220459,4469029100
2021-01-29,96900,-3.0999999046325684,3331534000
2021-02-01,100500,3.7200000286102295,2635804200
2021-02-02,101000,0.5,1308724500
2021-02-03,101000,0.0,1692666000
2021-02-04,100500,-0.5,1867737000
2021-02-05,100000,-0.5,1750599500
2021-02-08,102500,2.5,3105971500
2021-02-09,102000,-0.4900000095367431,2233735500
2021-02-10,100000,-1.9600000381469729,2978812200
2021-02-15,100000,0.0,2226391900
2021-02-16,99600,-0.4000000059604645,2187150500
2021-02-17,99100,-0.5,2832658100
2021-02-18,99100,0.0,2126139400
2021-02-19,97600,-1.5099999904632568,2274650100
2021-02-22,95300,-2.359999895095825,2860576400
2021-02-23,96100,0.8399999737739563,1422769500
2021-02-24,93400,-2.809999942779541,2001803200
2021-02-25,93300,-0.1099999994039535,1383114700
2021-02-26,91600,-1.820000052452088,1875534100
2021-03-02,91500,-0.1099999994039535,1891370200
2021-03-03,95300,4.150000095367432,2473890000
2021-03-04,95200,-0.1000000014901161,1273298600
2021-03-05,95500,0.3199999928474426,1132372700
2021-03-08,93000,-2.619999885559082,1553319400
2021-03-09,91500,-1.6100000143051147,1405205200
2021-03-10,91100,-0.4399999976158142,1151290200
2021-03-11,91800,0.7699999809265137,1785211700
2021-03-12,91600,-0.2199999988079071,2214635500
2021-03-15,94800,3.490000009536743,2462415000
2021-03-16,94700,-0.1099999994039535,4478000000
2021-03-17,104500,10.350000381469728,18022961700
2021-03-18,105000,0.4799999892711639,5249125500
2021-03-19,105000,0.0,5870107500
2021-03-22,105000,0.0,3255821500
2021-03-23,105000,0.0,3915567500
2021-03-24,105500,0.4799999892711639,2153265500
2021-03-25,105000,-0.4699999988079071,6043225500
2021-03-26,106000,0.949999988079071,3589405500
2021-03-29,106500,0.4699999988079071,3013796000
2021-03-30,106500,0.0,3839823000
2021-03-31,106500,0.0,3274025500
2021-04-01,106000,-0.4699999988079071,4789323000
2021-04-02,104500,-1.4199999570846558,1121693000
2021-04-05,104500,0.0,2059642000
2021-04-06,105000,0.4799999892711639,987669500
2021-04-07,102500,-2.380000114440918,3238374000
2021-04-08,103500,0.9800000190734864,1753856500
2021-04-09,103000,-0.4799999892711639,1408563000
2021-04-12,103000,0.0,814997500
2021-04-13,104000,0.9700000286102296,595883500
2021-04-14,103000,-0.959999978542328,872271000
2021-04-15,103000,0.0,734671500
2021-04-16,102500,-0.4900000095367431,710654500
2021-04-19,102500,0.0,909365000
2021-04-20,103000,0.4900000095367431,886103000
2021-04-21,102500,-0.4900000095367431,1815946000
2021-04-22,102000,-0.4900000095367431,870662500
2021-04-23,102500,0.4900000095367431,590766000
2021-04-26,102500,0.0,907097000
2021-04-27,101500,-0.9800000190734864,1241340000
2021-04-28,100500,-0.9900000095367432,905711000
2021-04-29,102000,1.4900000095367432,893719500
2021-04-30,100500,-1.4700000286102295,1443416500
2021-05-03,102500,1.9900000095367432,586541500
2021-05-04,103000,0.4900000095367431,1125305000
2021-05-06,105000,1.940000057220459,1896684000
2021-05-07,105000,0.0,1265864000
2021-05-10,105000,0.0,980276000
2021-05-11,105000,0.0,828875500
2021-05-12,103500,-1.4299999475479126,1340219500
2021-05-13,104000,0.4799999892711639,955733000
2021-05-14,105000,0.959999978542328,963213500
2021-05-17,104000,-0.949999988079071,1549230500
2021-05-18,106500,2.400000095367432,4312550000
2021-05-20,105000,-1.409999966621399,1153398000
2021-05-21,104500,-0.4799999892711639,3222028000
2021-05-24,106000,1.440000057220459,1249571500
2021-05-25,108000,1.8899999856948853,2391974500
2021-05-26,107000,-0.9300000071525574,1687230500
2021-05-27,104500,-2.3399999141693115,1457483500
2021-05-28,108000,3.3499999046325684,1695959500
2021-05-31,109500,1.3899999856948853,3216675500
2021-06-01,113000,3.200000047683716,5905569000
2021-06-02,117000,3.539999961853028,4062929500
2021-06-03,115000,-1.7100000381469729,2982884000
2021-06-04,115000,0.0,1784558000
2021-06-07,123000,6.960000038146973,9728878000
2021-06-08,127000,3.25,12128992000
2021-06-09,126500,-0.3899999856948852,6529656500
2021-06-10,128000,1.190000057220459,4052259000
2021-06-11,126500,-1.1699999570846558,3275251500
2021-06-14,122500,-3.1600000858306885,5436493500
2021-06-15,125000,2.039999961853028,2645902500
2021-06-16,124500,-0.4000000059604645,3127204500
2021-06-17,124500,0.0,1094160000
2021-06-18,121500,-2.4100000858306885,4296292000
2021-06-21,117500,-3.289999961853028,2493855000
2021-06-22,117500,0.0,2107745000
2021-06-23,115000,-2.130000114440918,2574265000
2021-06-24,115000,0.0,2050369500
2021-06-25,115000,0.0,1670865500
2021-06-28,120500,4.78000020980835,2770930500
2021-06-29,121000,0.4099999964237213,1326627500
2021-06-30,122500,1.2400000095367432,1338513000
2021-07-01,120500,-1.6299999952316284,1123451000
2021-07-02,120000,-0.4099999964237213,1446118500
2021-07-05,119500,-0.4199999868869781,983573500
2021-07-06,120000,0.4199999868869781,940609000
2021-07-07,120000,0.0,871641000
2021-07-08,116000,-3.3299999237060547,1500622000
2021-07-09,115000,-0.8600000143051147,1255244000
2021-07-12,114500,-0.4300000071525574,735032500
2021-07-13,117000,2.180000066757202,1378910000
2021-07-14,117500,0.4300000071525574,1749354500
2021-07-15,117500,0.0,1315867500
2021-07-16,115500,-1.7000000476837158,1521917000
2021-07-19,117000,1.2999999523162842,1306032500
2021-07-20,118500,1.2799999713897705,1353400500
2021-07-21,119000,0.4199999868869781,970968000
2021-07-22,119000,0.0,1068521000
2021-07-23,120500,1.2599999904632568,940743000
2021-07-26,117500,-2.490000009536743,665236500
2021-07-27,119000,1.2799999713897705,697864000
2021-07-28,119000,0.0,658222500
2021-07-29,117500,-1.2599999904632568,829023000
2021-07-30,116500,-0.8500000238418579,1058294500
2021-08-02,115500,-0.8600000143051147,1669667500
2021-08-03,114500,-0.8700000047683716,546522500
2021-08-04,116000,1.309999942779541,503026000
2021-08-05,115000,-0.8600000143051147,639616000
2021-08-06,115000,0.0,572202500
2021-08-09,115000,0.0,710689000
2021-08-10,115000,0.0,577190500
2021-08-11,114500,-0.4300000071525574,847210500
2021-08-12,114500,0.0,460232000
2021-08-13,115500,0.8700000047683716,1115329500
2021-08-17,114500,-0.8700000047683716,1036252000
2021-08-18,114500,0.0,1135717500
2021-08-19,111500,-2.619999885559082,1011742500
2021-08-20,111500,0.0,1055081000
2021-08-23,114500,2.690000057220459,1341329500
2021-08-24,114500,0.0,818265000
2021-08-25,114500,0.0,504444500
2021-08-26,115000,0.4399999976158142,429986500
2021-08-27,117500,2.1700000762939453,1410170000
2021-08-30,119500,1.7000000476837158,1407076000
2021-08-31,119500,0.0,1329489000
2021-09-01,119500,0.0,1078276000
2021-09-02,118500,-0.8399999737739563,400953000
2021-09-03,117500,-0.8399999737739563,794030000
2021-09-06,126500,7.659999847412109,7904408000
2021-09-07,135000,6.71999979019165,14012401000
2021-09-08,134000,-0.7400000095367432,11029191000
2021-09-09,138500,3.359999895095825,9145609000
2021-09-10,152500,10.109999656677246,16032050500
2021-09-13,159500,4.590000152587891,51711988500
2021-09-14,161000,0.9399999976158142,16093737500
2021-09-15,158500,-1.5499999523162842,8217508000
2021-09-16,171500,8.199999809265137,40263710000
2021-09-17,171000,-0.2899999916553497,14643139500
2021-09-23,167000,-2.3399999141693115,10098922500
2021-09-24,162000,-2.990000009536743,16838581500
2021-09-27,163000,0.6200000047683716,7282224500
2021-09-28,166500,2.150000095367432,29300475000
2021-09-29,168000,0.8999999761581421,13019770000
2021-09-30,161000,-4.170000076293945,9625377000
2021-10-01,154500,-4.039999961853027,6866013500
2021-10-05,149500,-3.240000009536743,6757013500
2021-10-06,148000,-1.0,7356633000
2021-10-07,148000,0.0,5093010000
2021-10-08,145500,-1.690000057220459,4596481000
2021-10-12,151500,4.119999885559082,6030441500
2021-10-13,148000,-2.309999942779541,4270836000
2021-10-14,148000,0.0,3245794000
2021-10-15,147500,-0.3400000035762787,4079295000
2021-10-18,154000,4.409999847412109,4811964500
2021-10-19,150000,-2.5999999046325684,3891901500
2021-10-20,148000,-1.3300000429153442,2573143500
2021-10-21,147500,-0.3400000035762787,1136360500
2021-10-22,143500,-2.7100000381469727,2984025500
2021-10-25,143500,0.0,1560938500
2021-10-26,144000,0.3499999940395355,2287548500
2021-10-27,139000,-3.470000028610229,2896774500
2021-10-28,138000,-0.7200000286102295,1566640500
2021-10-29,137500,-0.3600000143051147,1531634000
2021-11-01,133000,-3.2699999809265137,2182756000
2021-11-02,134500,1.1299999952316284,1666853000
2021-11-03,133000,-1.1200000047683716,1482848000
2021-11-04,134000,0.75,1759130000
2021-11-05,129000,-3.7300000190734863,2849114000
2021-11-08,129500,0.3899999856948852,1475771500
2021-11-09,128000,-1.159999966621399,1561794000
2021-11-10,119500,-6.639999866485596,4477325000
2021-11-11,120000,0.4199999868869781,3625184000
2021-11-12,126000,5.0,2915573500
2021-11-15,129000,2.380000114440918,2216986500
2021-11-16,127000,-1.5499999523162842,2001871500
2021-11-17,124000,-2.359999895095825,943356000
2021-11-18,122500,-1.2100000381469729,1917942500
2021-11-19,123500,0.8199999928474426,994368500
2021-11-22,121000,-2.0199999809265137,1180111000
2021-11-23,120500,-0.4099999964237213,1141835000
2021-11-24,120500,0.0,1087101000
2021-11-25,127000,5.389999866485596,2446795000
2021-11-26,122500,-3.539999961853028,2491885000
2021-11-29,119500,-2.450000047683716,1326798000
2021-11-30,115000,-3.7699999809265137,2693107500
2021-12-01,118000,2.609999895095825,770787500
2021-12-02,118000,0.0,796482500
2021-12-03,125000,5.929999828338623,1876632500
2021-12-06,124000,-0.800000011920929,861569000
2021-12-07,123500,-0.4000000059604645,831160500
2021-12-08,123500,0.0,1165633500
2021-12-09,127500,3.240000009536743,2080969500
2021-12-10,130000,1.9600000381469729,3576184000
2021-12-13,124000,-4.619999885559082,2961856500
2021-12-14,124000,0.0,1080705500
2021-12-15,120000,-3.2300000190734863,1999278000
2021-12-16,120000,0.0,1334912500
2021-12-17,123000,2.5,1596430500
2021-12-20,124000,0.8100000023841858,1034902500
2021-12-21,129000,4.03000020980835,3654534000
2021-12-22,131500,1.940000057220459,7111939500
2021-12-23,136000,3.4200000762939453,10421058500
2021-12-24,131500,-3.309999942779541,4648672000
2021-12-27,131500,0.0,2462669500
2021-12-28,132500,0.7599999904632568,3550778000
2021-12-29,129000,-2.640000104904175,1537583000
2021-12-30,127500,-1.159999966621399,1274002500
2022-01-03,124500,-2.3499999046325684,1801252000
2022-01-04,125000,0.4000000059604645,801314500
2022-01-05,129000,3.200000047683716,1781641000
2022-01-06,124500,-3.490000009536743,1954470000
2022-01-07,130500,4.820000171661377,2519385500
2022-01-10,129500,-0.7699999809265137,1610427000
2022-01-11,126000,-2.700000047683716,1118170000
2022-01-12,128000,1.590000033378601,1192443000
2022-01-13,127000,-0.7799999713897705,985452500
2022-01-14,125000,-1.5700000524520874,1222229000
2022-01-17,121000,-3.200000047683716,1210392000
2022-01-18,119000,-1.649999976158142,1000497500
2022-01-19,116500,-2.0999999046325684,837920000
2022-01-20,118000,1.2899999618530271,917802500
2022-01-21,117000,-0.8500000238418579,786107500
2022-01-24,115000,-1.7100000381469729,742041500
2022-01-25,114500,-0.4300000071525574,2143315000
2022-01-26,114500,0.0,757359500
2022-01-27,109500,-4.369999885559082,1522513000
2022-01-28,116500,6.389999866485596,1791114500
2022-02-03,118500,1.7200000286102295,1358885000
2022-02-04,123500,4.21999979019165,899025000
2022-02-07,119500,-3.240000009536743,936805500
2022-02-08,117500,-1.6699999570846558,818523000
2022-02-09,124000,5.53000020980835,1921762000
2022-02-10,121500,-2.0199999809265137,962096000
2022-02-11,117000,-3.700000047683716,1253674500
2022-02-14,124500,6.409999847412109,3657131500
2022-02-15,120500,-3.2100000381469727,1498384000
2022-02-16,118500,-1.659999966621399,1378606500
2022-02-17,119500,0.8399999737739563,2575073500
2022-02-18,118500,-0.8399999737739563,1241566000
2022-02-21,118500,0.0,1180255000
2022-02-22,115500,-2.5299999713897705,1975282500
2022-02-23,117500,1.7300000190734863,1199413500
2022-02-24,136000,15.739999771118164,53367030500
2022-02-25,119500,-12.130000114440918,45156473500
2022-02-28,119000,-0.4199999868869781,10858421000
2022-03-02,119000,0.0,8885316500
2022-03-03,119000,0.0,6001647500
2022-03-04,116500,-2.0999999046325684,5779322000
2022-03-07,116500,0.0,3998964000
2022-03-08,112000,-3.859999895095825,5020746500
2022-03-10,114000,1.7899999618530271,2345619000
2022-03-11,111000,-2.630000114440918,2004169500
2022-03-14,112500,1.350000023841858,1317879500
2022-03-15,110000,-2.220000028610229,1359892500
2022-03-16,110000,0.0,1759754500
2022-03-17,109500,-0.449999988079071,1674232500
2022-03-18,108500,-0.9100000262260436,1619618500
2022-03-21,111000,2.299999952316284,1124819000
2022-03-22,111000,0.0,1063884000
2022-03-23,111500,0.449999988079071,1218473500
2022-03-24,109500,-1.7899999618530271,2016604000
2022-03-25,109500,0.0,985592000
2022-03-28,110500,0.9100000262260436,857435000
2022-03-29,111000,0.449999988079071,955196000
2022-03-30,112000,0.8999999761581421,1711627500
2022-03-31,115000,2.680000066757202,2985966500
2022-04-01,113500,-1.2999999523162842,1382099500
2022-04-04,114500,0.8799999952316284,1113747000
2022-04-05,113000,-1.309999942779541,859032000
2022-04-06,113000,0.0,923134000
2022-04-07,115500,2.2100000381469727,2311348000
2022-04-08,114000,-1.2999999523162842,1163726500
2022-04-11,113500,-0.4399999976158142,976075500
2022-04-12,112500,-0.8799999952316284,1158696000
2022-04-13,114000,1.3300000429153442,598018500
2022-04-14,114000,0.0,788357500
2022-04-15,113500,-0.4399999976158142,556445500
2022-04-18,113500,0.0,598798500
2022-04-19,114000,0.4399999976158142,764201000
2022-04-20,114000,0.0,378734500
2022-04-21,115000,0.8799999952316284,681195500
2022-04-22,116000,0.8700000047683716,2035135500
2022-04-25,114500,-1.2899999618530271,1056578000
2022-04-26,114000,-0.4399999976158142,807828500
2022-04-27,116500,2.190000057220459,6505008500
2022-04-28,115500,-0.8600000143051147,2298974500
2022-04-29,119000,3.0299999713897705,5944831500
2022-05-02,127000,6.71999979019165,10976313500
2022-05-03,136000,7.090000152587891,23282150500
2022-05-04,135000,-0.7400000095367432,16893053500
2022-05-06,131000,-2.9600000381469727,6202017500
2022-05-09,126500,-3.440000057220459,15442222500
2022-05-10,119000,-5.929999828338623,19956149000
2022-05-11,122000,2.5199999809265137,9078302000
2022-05-12,125000,2.4600000381469727,9109640500
2022-05-13,128000,2.400000095367432,4586202000
2022-05-16,127500,-0.3899999856948852,2876818500
2022-05-17,131000,2.75,4501990000
2022-05-18,133000,1.5299999713897705,2648485500
2022-05-19,129500,-2.630000114440918,2736586500
2022-05-20,126500,-2.319999933242798,2811956500
2022-05-23,126500,0.0,1334957000
2022-05-24,125000,-1.190000057220459,1801177000
2022-05-25,128500,2.799999952316284,2457918500
2022-05-26,129000,0.3899999856948852,2003498500
2022-05-27,133500,3.490000009536743,3302995000
2022-05-30,131500,-1.5,1167049000
2022-05-31,130500,-0.7599999904632568,2112252500
2022-06-02,131000,0.3799999952316284,1924873000
2022-06-03,135500,3.440000057220459,3107213000
2022-06-07,137000,1.1100000143051147,3207556000
2022-06-08,138000,0.7300000190734863,1808147000
2022-06-09,135000,-2.1700000762939453,3643064500
2022-06-10,135500,0.3700000047683716,6737752000
2022-06-13,131500,-2.950000047683716,2869983500
2022-06-14,130500,-0.7599999904632568,3597920500
2022-06-15,126000,-3.450000047683716,2384761000
2022-06-16,124500,-1.190000057220459,2202708000
2022-06-17,122500,-1.6100000143051147,1361142000
2022-06-20,118000,-3.670000076293945,1972124000
2022-06-21,120500,2.119999885559082,1439511000
2022-06-22,115000,-4.559999942779541,1475626500
2022-06-23,114000,-0.8700000047683716,1131084500
2022-06-24,122000,7.019999980926514,2325648000
2022-06-27,123500,1.2300000190734863,876117000
2022-06-28,124500,0.8100000023841858,1690227000
2022-06-29,122000,-2.009999990463257,955770500
2022-06-30,121500,-0.4099999964237213,890255000
2022-07-01,117000,-3.700000047683716,785731000
2022-07-04,118000,0.8500000238418579,739691000
2022-07-05,117500,-0.4199999868869781,454309000
2022-07-06,112500,-4.260000228881836,1155375500
2022-07-07,112000,-0.4399999976158142,718786500
2022-07-08,112000,0.0,1275121000
2022-07-11,110000,-1.7899999618530271,991514000
2022-07-12,108000,-1.820000052452088,1123269000
2022-07-13,106500,-1.3899999856948853,1575513500
2022-07-14,108000,1.409999966621399,490605000
2022-07-15,105000,-2.7799999713897705,1101091500
2022-07-18,108000,2.859999895095825,1113337500
2022-07-19,113500,5.090000152587891,1708132500
2022-07-20,110500,-2.640000104904175,1436173500
2022-07-21,110500,0.0,836842000
2022-07-22,110000,-0.449999988079071,725509000
2022-07-25,111000,0.9100000262260436,804339500
2022-07-26,112000,0.8999999761581421,1224456500
2022-07-27,112000,0.0,541558500
2022-07-28,112500,0.449999988079071,965302000
2022-07-29,112500,0.0,518062500
2022-08-01,115500,2.6700000762939453,1129210000
2022-08-02,114000,-1.2999999523162842,690658000
2022-08-03,112000,-1.75,2383880000
2022-08-04,111500,-0.449999988079071,2236883500
2022-08-05,111500,0.0,961554000
2022-08-08,115000,3.140000104904175,3067141500
2022-08-09,115000,0.0,1259580500
2022-08-10,116000,0.8700000047683716,1876491000
2022-08-11,117500,1.2899999618530271,1363067500
2022-08-12,120500,2.549999952316284,2583343500
2022-08-16,117500,-2.490000009536743,1871334500
2022-08-17,117500,0.0,2034968500
2022-08-18,119000,1.2799999713897705,1455030000
2022-08-19,118500,-0.4199999868869781,751812000
2022-08-22,120000,1.2699999809265137,1285428000
2022-08-23,123000,2.5,6966129500
2022-08-24,123500,0.4099999964237213,2777261500
2022-08-25,124000,0.4000000059604645,1883250500
2022-08-26,122500,-1.2100000381469729,1095886500
2022-08-29,123500,0.8199999928474426,1521024500
2022-08-30,119000,-3.640000104904175,2617124500
2022-08-31,116500,-2.0999999046325684,1822130500
2022-09-01,114000,-2.150000095367432,1120745500
2022-09-02,116500,2.190000057220459,832441000
2022-09-05,117000,0.4300000071525574,874667000
2022-09-06,117000,0.0,632588000
2022-09-07,117000,0.0,1994171500
2022-09-08,117500,0.4300000071525574,1123549500
2022-09-13,116000,-1.2799999713897705,1153203500
2022-09-14,113000,-2.5899999141693115,2188619000
2022-09-15,114000,0.8799999952316284,1195651000
2022-09-16,112500,-1.3200000524520874,1100647500
2022-09-19,113500,0.8899999856948853,820761000
2022-09-20,112500,-0.8799999952316284,457485000
2022-09-21,114500,1.7799999713897705,964040000
2022-09-22,118000,3.059999942779541,2215188500
2022-09-23,114500,-2.970000028610229,1561133000
2022-09-26,108500,-5.239999771118164,1949012000
2022-09-27,107500,-0.9200000166893004,1988708500
2022-09-28,107000,-0.4699999988079071,1311117500
2022-09-29,105000,-1.870000004768372,1330639500
2022-09-30,100500,-4.289999961853027,2055973000
2022-10-04,106000,5.46999979019165,1222767600
2022-10-05,109000,2.8299999237060547,2114471500
2022-10-06,114000,4.590000152587891,3970029500
2022-10-07,115500,1.3200000524520874,1775476000
2022-10-11,115500,0.0,1778224500
2022-10-12,112500,-2.5999999046325684,1064332000
2022-10-13,110500,-1.7799999713897705,728842500
2022-10-14,112500,1.809999942779541,537723500
2022-10-17,111500,-0.8899999856948853,613142500
2022-10-18,116500,4.480000019073486,1266123500
2022-10-19,116000,-0.4300000071525574,693581500
2022-10-20,115500,-0.4300000071525574,577731000
2022-10-21,112500,-2.5999999046325684,438353500
2022-10-24,112500,0.0,293534500
2022-10-25,112000,-0.4399999976158142,351931000
2022-10-26,112000,0.0,413422000
2022-10-27,113000,0.8899999856948853,377684000
2022-10-28,115500,2.2100000381469727,1211973000
2022-10-31,114000,-1.2999999523162842,519017000
2022-11-01,115000,0.8799999952316284,430048500
2022-11-02,116500,1.2999999523162842,1284404000
2022-11-03,117000,0.4300000071525574,1083551000
2022-11-04,120000,2.559999942779541,1243647000
2022-11-07,120000,0.0,1091544500
2022-11-08,119000,-0.8299999833106995,1006624000
2022-11-09,118000,-0.8399999737739563,742557000
2022-11-10,118500,0.4199999868869781,436137500
2022-11-11,119000,0.4199999868869781,1061462500
2022-11-14,119500,0.4199999868869781,408800500
2022-11-15,120000,0.4199999868869781,585000000
2022-11-16,118000,-1.6699999570846558,482667500
2022-11-17,116500,-1.2699999809265137,391363500
2022-11-18,118000,1.2899999618530271,684245000
2022-11-21,119000,0.8500000238418579,1168533500
2022-11-22,120000,0.8399999737739563,506095500
2022-11-23,121000,0.8299999833106995,680825000
2022-11-24,120000,-0.8299999833106995,556067000
2022-11-25,120500,0.4199999868869781,535659500
2022-11-28,123000,2.069999933242798,1138939000
2022-11-29,126500,2.8499999046325684,1603715000
2022-11-30,128000,1.190000057220459,1879939000
2022-12-01,126000,-1.559999942779541,1421148000
2022-12-02,122500,-2.7799999713897705,932865000
2022-12-05,122500,0.0,714168000
2022-12-06,121000,-1.2200000286102295,740950500
2022-12-07,120500,-0.4099999964237213,850704000
2022-12-08,120500,0.0,912866500
2022-12-09,119000,-1.2400000095367432,570429500
2022-12-12,120000,0.8399999737739563,864977500
2022-12-13,120000,0.0,318895000
2022-12-14,120500,0.4199999868869781,307505500
2022-12-15,118500,-1.659999966621399,256664000
2022-12-16,121000,2.109999895095825,1021416500
2022-12-19,122500,1.2400000095367432,1478078500
2022-12-20,119000,-2.859999895095825,726026500
2022-12-21,124000,4.199999809265137,1440989500
2022-12-22,125500,1.2100000381469729,1523428500
2022-12-23,124000,-1.2000000476837158,1456070000
2022-12-26,124500,0.4000000059604645,1183890000
2022-12-27,124000,-0.4000000059604645,1344722500
2022-12-28,118000,-4.840000152587891,2223995500
2022-12-29,115500,-2.119999885559082,1709397500
2023-01-02,114500,-0.8700000047683716,834991000
2023-01-03,113000,-1.309999942779541,863694000
2023-01-04,116500,3.0999999046325684,1463744000
2023-01-05,117500,0.8600000143051147,498080000
2023-01-06,115000,-2.130000114440918,393233000
2023-01-09,116500,1.2999999523162842,711844000
2023-01-10,115500,-0.8600000143051147,238748500
2023-01-11,114500,-0.8700000047683716,691410000
2023-01-12,116500,1.75,455867500
2023-01-13,115500,-0.8600000143051147,237450500
2023-01-16,114500,-0.8700000047683716,609867000
2023-01-17,116500,1.75,789775500
2023-01-18,116000,-0.4300000071525574,536073000
2023-01-19,116000,0.0,878378000
2023-01-20,118000,1.7200000286102295,710146500
2023-01-25,118900,0.7599999904632568,943850100
2023-01-26,122200,2.7799999713897705,1742813000
2023-01-27,122300,0.0799999982118606,634873500
2023-01-30,120000,-1.8799999952316284,648546100
2023-01-31,121900,1.5800000429153442,847073900
2023-02-01,120700,-0.9800000190734864,653664000
2023-02-02,120700,0.0,865610900
2023-02-03,120200,-0.4099999964237213,370745300
2023-02-06,119400,-0.6700000166893005,751569600
2023-02-07,118000,-1.1699999570846558,784381600
2023-02-08,123500,4.659999847412109,4277633900
2023-02-09,123000,-0.4000000059604645,1303869200
2023-02-10,125800,2.2799999713897705,1492663400
2023-02-13,125500,-0.2399999946355819,729232100
2023-02-14,124700,-0.6399999856948853,951888700
2023-02-15,125000,0.2399999946355819,779088800
2023-02-16,126300,1.0399999618530271,721814300
2023-02-17,125500,-0.6299999952316284,655451200
2023-02-20,126300,0.6399999856948853,579981800
2023-02-21,126100,-0.1599999964237213,1192492100
2023-02-22,125500,-0.4799999892711639,872571200
2023-02-23,125800,0.2399999946355819,606164800
2023-02-24,126300,0.4000000059604645,520521000
2023-02-27,128600,1.820000052452088,1140307800
2023-02-28,126100,-1.940000057220459,1238425900
2023-03-02,127000,0.7099999785423279,835102400
2023-03-03,126600,-0.3100000023841858,644822400
2023-03-06,126100,-0.3899999856948852,745794100
2023-03-07,124000,-1.6699999570846558,957022600
2023-03-08,125500,1.2100000381469729,585968200
2023-03-09,122200,-2.630000114440918,873110500
2023-03-10,121000,-0.9800000190734864,427229500
2023-03-13,119800,-0.9900000095367432,1369404800
2023-03-14,116500,-2.75,647943500
2023-03-15,117600,0.9399999976158142,508663000
2023-03-16,119300,1.4500000476837158,484480300
2023-03-17,118000,-1.090000033378601,424262200
2023-03-20,116500,-1.2699999809265137,518231900
2023-03-21,118100,1.3700000047683716,272982600
2023-03-22,118600,0.4199999868869781,457629800
2023-03-23,119100,0.4199999868869781,825176200
2023-03-24,116900,-1.850000023841858,491905500
2023-03-27,115800,-0.9399999976158142,390463200
2023-03-28,116700,0.7799999713897705,429554400
2023-03-29,118100,1.2000000476837158,600628400
2023-03-30,119700,1.350000023841858,611903400
2023-03-31,118700,-0.8399999737739563,1068152300
2023-04-03,121200,2.109999895095825,749278900
2023-04-04,119600,-1.3200000524520874,515079900
2023-04-05,119100,-0.4199999868869781,593163300
2023-04-06,117100,-1.6799999475479126,325931300
2023-04-07,116800,-0.2599999904632568,286646700
2023-04-10,117000,0.1700000017881393,436196300
2023-04-11,118700,1.4500000476837158,454803000
2023-04-12,118300,-0.3400000035762787,582835100
2023-04-13,118600,0.25,468080100
2023-04-14,120100,1.2599999904632568,511931800
2023-04-17,121300,1.0,608775500
2023-04-18,120200,-0.9100000262260436,927413300
2023-04-19,121000,0.6700000166893005,575540900
2023-04-20,121000,0.0,731712600
2023-04-21,121900,0.7400000095367432,560714200
2023-04-24,119100,-2.299999952316284,672535200
2023-04-25,121300,1.850000023841858,767116800
2023-04-26,122000,0.5799999833106995,845122500
2023-04-27,120800,-0.9800000190734864,432146700
2023-04-28,120600,-0.1700000017881393,430269700
2023-05-02,123800,2.650000095367432,1014725200
2023-05-03,127800,3.2300000190734863,4097282100
2023-05-04,132400,3.5999999046325684,4165294500
2023-05-08,129500,-2.190000057220459,1626614000
2023-05-09,131400,1.4700000286102295,1836886800
2023-05-10,131500,0.0799999982118606,1093854100
2023-05-11,135500,3.039999961853028,1550745800
2023-05-12,133100,-1.7699999809265137,906343200
2023-05-15,133800,0.5299999713897705,792509300
2023-05-16,131800,-1.4900000095367432,727089800
2023-05-17,129300,-1.899999976158142,709149900
2023-05-18,130300,0.7699999809265137,388146800
2023-05-19,129300,-0.7699999809265137,414681900
2023-05-22,128000,-1.0099999904632568,754491300
2023-05-23,128500,0.3899999856948852,352923600
2023-05-24,129800,1.0099999904632568,470488200
2023-05-25,127600,-1.690000057220459,534522600
2023-05-26,125600,-1.5700000524520874,783597500
2023-05-30,127400,1.4299999475479126,813697700
2023-05-31,125800,-1.2599999904632568,915549100
2023-06-01,126000,0.1599999964237213,390427500
2023-06-02,127000,0.7900000214576721,407245700
2023-06-05,130300,2.5999999046325684,867842700
2023-06-07,128100,-1.690000057220459,496699500
2023-06-08,129000,0.699999988079071,487870900
2023-06-09,132300,2.559999942779541,983555500
2023-06-12,129100,-2.4200000762939453,619103300
2023-06-13,128500,-0.4600000083446502,490048200
2023-06-14,127000,-1.1699999570846558,740808200
2023-06-15,125800,-0.9399999976158142,735549300
2023-06-16,128600,2.2300000190734863,536511400
2023-06-19,129400,0.6200000047683716,689595600
2023-06-20,128500,-0.699999988079071,568130000
2023-06-21,127600,-0.699999988079071,501649100
2023-06-22,126900,-0.550000011920929,321937700
2023-06-23,126100,-0.6299999952316284,366261300
2023-06-26,126900,0.6299999952316284,356052800
2023-06-27,127100,0.1599999964237213,334735600
2023-06-28,127900,0.6299999952316284,423200700
2023-06-29,126500,-1.090000033378601,753420400
2023-06-30,127900,1.1100000143051147,418310200
2023-07-03,126100,-1.409999966621399,437333200
2023-07-04,125700,-0.3199999928474426,433464600
2023-07-05,123500,-1.75,578573100
2023-07-06,123000,-0.4000000059604645,1657779100
2023-07-07,120900,-1.7100000381469729,1688737800
2023-07-10,120100,-0.6600000262260437,506280700
2023-07-11,120700,0.5,462103900
2023-07-12,121100,0.3300000131130218,355653300
2023-07-13,119800,-1.0700000524520874,923092700
2023-07-14,122100,1.919999957084656,626318300
2023-07-17,120000,-1.7200000286102295,852715600
2023-07-18,120100,0.0799999982118606,318681400
2023-07-19,121500,1.1699999570846558,403291400
2023-07-20,123900,1.9800000190734863,944927100
2023-07-21,122800,-0.8899999856948853,379374600
2023-07-24,121100,-1.3799999952316284,631280700
2023-07-25,120500,-0.5,750214000
2023-07-26,123600,2.569999933242798,1276229600
2023-07-27,122000,-1.2899999618530271,900105500
2023-07-28,122000,0.0,421746500
2023-07-31,121800,-0.1599999964237213,721812100
2023-08-01,122900,0.8999999761581421,798749200
2023-08-02,122900,0.0,981718600
2023-08-03,121300,-1.2999999523162842,550775100
2023-08-04,122600,1.0700000524520874,672126300
2023-08-07,123400,0.6499999761581421,420742300
2023-08-08,123900,0.4099999964237213,368277200
2023-08-09,124300,0.3199999928474426,398365500
2023-08-10,124400,0.0799999982118606,1425105400
2023-08-11,125300,0.7200000286102295,645273900
2023-08-14,124600,-0.5600000023841858,625087800
2023-08-16,121900,-2.1700000762939453,651520200
2023-08-17,122500,0.4900000095367431,872063200
2023-08-18,123100,0.4900000095367431,450283400
2023-08-21,122200,-0.7300000190734863,276419100
2023-08-22,126000,3.109999895095825,1359921700
2023-08-23,127600,1.2699999809265137,1318796000
2023-08-24,125000,-2.039999961853028,625173800
2023-08-25,125600,0.4799999892711639,552043600
2023-08-28,124000,-1.2699999809265137,346015800
2023-08-29,125800,1.4500000476837158,512863500
2023-08-30,127300,1.190000057220459,669126000
2023-08-31,125900,-1.100000023841858,727310700
2023-09-01,128000,1.6699999570846558,1267813300
2023-09-04,127800,-0.1599999964237213,1072117300
2023-09-05,127100,-0.550000011920929,829900600
2023-09-06,127200,0.0799999982118606,820350100
2023-09-07,128800,1.2599999904632568,1081855300
2023-09-08,129200,0.3100000023841858,753274400
2023-09-11,128400,-0.6200000047683716,822569900
2023-09-12,130200,1.399999976158142,1007579400
2023-09-13,131500,1.0,2325965400
2023-09-14,129100,-1.830000042915344,1225152600
2023-09-15,132600,2.7100000381469727,1657467500
2023-09-18,134700,1.5800000429153442,2347032900
2023-09-19,147400,9.43000030517578,30865818000
2023-09-20,148800,0.949999988079071,7386748100
2023-09-21,153100,2.890000104904175,5769628400
2023-09-22,153200,0.0700000002980232,6828859900
2023-09-25,149400,-2.4800000190734863,2497871800
2023-09-26,145900,-2.3399999141693115,2227850200
2023-09-27,149900,2.740000009536743,2074473600
2023-10-04,148800,-0.7300000190734863,1558207300
2023-10-05,152500,2.490000009536743,2581562100
2023-10-06,152200,-0.2000000029802322,890522700
2023-10-10,149300,-1.909999966621399,1924290600
2023-10-11,152100,1.8799999952316284,1078029500
2023-10-12,156000,2.559999942779541,1975071100
2023-10-13,158500,1.600000023841858,2227149600
2023-10-16,161500,1.8899999856948853,6194557800
2023-10-17,158600,-1.7999999523162842,2855512200
2023-10-18,164600,3.7799999713897705,3685247600
2023-10-19,169900,3.220000028610229,4947109500
2023-10-20,160100,-5.769999980926514,10717341000
2023-10-23,156200,-2.440000057220459,3277596600
2023-10-24,150100,-3.910000085830689,2854692900
2023-10-25,151900,1.2000000476837158,1855583900
2023-10-26,147100,-3.1600000858306885,1588684100
2023-10-27,147700,0.4099999964237213,1008525300
2023-10-30,148900,0.8100000023841858,1020976700
2023-10-31,148000,-0.6000000238418579,2203552900
2023-11-01,150900,1.9600000381469729,1422486900
2023-11-02,148400,-1.659999966621399,1742420800
2023-11-03,150300,1.2799999713897705,1451782000
2023-11-06,149600,-0.4699999988079071,1958881300
2023-11-07,149800,0.1299999952316284,1777217200
2023-11-08,147100,-1.7999999523162842,1517333200
2023-11-09,146400,-0.4799999892711639,825943200
2023-11-10,147700,0.8899999856948853,895874200
2023-11-13,147100,-0.4099999964237213,577299100
2023-11-14,146700,-0.270000010728836,461862700
2023-11-15,148000,0.8899999856948853,495282500
2023-11-16,148500,0.3400000035762787,589079100
2023-11-17,145700,-1.8899999856948853,673672100
2023-11-20,146500,0.550000011920929,823741700
2023-11-21,148000,1.0199999809265137,1153721700
2023-11-22,149200,0.8100000023841858,992365200
2023-11-23,149500,0.2000000029802322,1202019900
2023-11-24,155900,4.28000020980835,2437149500
2023-11-27,157900,1.2799999713897705,1417397000
2023-11-28,155600,-1.4600000381469729,1650978300
2023-11-29,152200,-2.190000057220459,1166690700
2023-11-30,153200,0.6600000262260437,828375000
2023-12-01,152700,-0.3300000131130218,637729600
2023-12-04,156100,2.2300000190734863,1349474900
2023-12-05,156200,0.0599999986588954,925227100
2023-12-06,152000,-2.690000057220459,1348455500
2023-12-07,151300,-0.4600000083446502,1992339300
2023-12-08,148700,-1.7200000286102295,1370731800
2023-12-11,150400,1.1399999856948853,431903500
2023-12-12,148300,-1.399999976158142,1404560400
2023-12-13,147500,-0.5400000214576721,1843262900
2023-12-14,146500,-0.6800000071525574,2387389700
2023-12-15,150000,2.390000104904175,4071392100
2023-12-18,153500,2.3299999237060547,1994647000
2023-12-19,156800,2.150000095367432,2217384000
2023-12-20,152600,-2.680000066757202,2034654800
2023-12-21,150700,-1.25,1015044900
2023-12-22,152200,1.0,744063800
2023-12-26,153800,1.0499999523162842,1662958600
2023-12-27,149400,-2.859999895095825,2267484800
2023-12-28,148000,-0.9399999976158142,1621919500
2024-01-02,146000,-1.350000023841858,1965465900
2024-01-03,145900,-0.0700000002980232,1604000800
2024-01-04,145600,-0.209999993443489,735692000
2024-01-05,146700,0.7599999904632568,1090992800
2024-01-08,149600,1.9800000190734863,1412851400
2024-01-09,148800,-0.5299999713897705,513271900
2024-01-10,149100,0.2000000029802322,535498600
2024-01-11,150700,1.0700000524520874,1404590400
2024-01-12,149700,-0.6600000262260437,952466900
2024-01-15,150800,0.7300000190734863,809466400
2024-01-16,150300,-0.3300000131130218,642016000
2024-01-17,148400,-1.2599999904632568,1008360100
2024-01-18,148000,-0.270000010728836,1372843100
2024-01-19,148800,0.5400000214576721,1069746500
2024-01-22,149000,0.1299999952316284,632551800
2024-01-23,147500,-1.0099999904632568,486784100
2024-01-24,146500,-0.6800000071525574,847427700
2024-01-25,146600,0.0700000002980232,869241100
2024-01-26,148900,1.5700000524520874,796609700
2024-01-29,153000,2.75,1535487500
2024-01-30,150000,-1.9600000381469729,1415876300
2024-01-31,152700,1.7999999523162842,2000744700
2024-02-01,153700,0.6499999761581421,1377256200
2024-02-02,152000,-1.1100000143051147,1317262900
2024-02-05,159300,4.800000190734863,2039478100
2024-02-06,155900,-2.130000114440918,2338206700
2024-02-07,160300,2.819999933242798,2270054100
2024-02-08,156800,-2.180000066757202,1338284800
2024-02-13,161000,2.680000066757202,1784020600
2024-02-14,155100,-3.660000085830689,1884342200
2024-02-15,152200,-1.870000004768372,1617304900
2024-02-16,154300,1.3799999952316284,1348077200
2024-02-19,157400,2.009999990463257,1528019300
2024-02-20,153500,-2.4800000190734863,2318927200
2024-02-21,152500,-0.6499999761581421,1379340200
2024-02-22,154700,1.440000057220459,1780679600
2024-02-23,156600,1.2300000190734863,1564753900
2024-02-26,155300,-0.8299999833106995,1450932800
2024-02-27,154300,-0.6399999856948853,946698400
2024-02-28,155500,0.7799999713897705,2034273500
2024-02-29,158500,1.9299999475479128,2361427900
2024-03-04,157900,-0.3799999952316284,1814296900
2024-03-05,156700,-0.7599999904632568,1010725300
2024-03-06,155800,-0.5699999928474426,558671400
2024-03-07,155800,0.0,2050327700
2024-03-08,155500,-0.1899999976158142,1540723400
2024-03-11,154700,-0.5099999904632568,1150116000
2024-03-12,152600,-1.3600000143051147,1462950900
2024-03-13,152500,-0.0700000002980232,848130500
2024-03-14,152000,-0.3300000131130218,957971400
2024-03-15,151900,-0.0700000002980232,1162413800
2024-03-18,151400,-0.3300000131130218,1518097500
2024-03-19,150000,-0.9200000166893004,1154888100
2024-03-20,149300,-0.4699999988079071,1599913300
2024-03-21,149400,0.0700000002980232,1835338000
2024-03-22,149900,0.3300000131130218,1428082700
2024-03-25,150400,0.3300000131130218,1598636600
2024-03-26,150300,-0.0700000002980232,731972100
2024-03-27,150300,0.0,879646900
2024-03-28,150500,0.1299999952316284,1134400100
2024-03-29,151000,0.3300000131130218,1069973800
2024-04-01,153800,1.850000023841858,1267732400
2024-04-02,156100,1.5,1543082000
2024-04-03,156200,0.0599999986588954,1681656400
2024-04-04,153900,-1.4700000286102295,1067641100
2024-04-05,155700,1.1699999570846558,1458304100
2024-04-08,154100,-1.0299999713897705,816487400
2024-04-09,153900,-0.1299999952316284,816348700
2024-04-11,161700,5.070000171661377,3441064700
2024-04-12,154500,-4.449999809265137,1624869500
2024-04-15,152700,-1.1699999570846558,1423066100
2024-04-16,152000,-0.4600000083446502,1782653000
2024-04-17,154000,1.3200000524520874,1249783600
2024-04-18,152600,-0.9100000262260436,893045700
2024-04-19,152700,0.0700000002980232,903185200
2024-04-22,154500,1.1799999475479126,1170128100
2024-04-23,160600,3.950000047683716,3124607200
2024-04-24,158900,-1.059999942779541,1155631000
2024-04-25,165400,4.090000152587891,2841854300
2024-04-26,164400,-0.6000000238418579,993722500
2024-04-29,166600,1.340000033378601,1006947900
2024-04-30,165100,-0.8999999761581421,1312994100
2024-05-02,161300,-2.299999952316284,1394781200
2024-05-03,160800,-0.3100000023841858,1225870100
2024-05-07,162600,1.1200000047683716,1102157000
2024-05-08,160800,-1.1100000143051147,1031283900
2024-05-09,161600,0.5,951924200
2024-05-10,161600,0.0,1115596100
2024-05-13,169000,4.579999923706055,3265889500
2024-05-14,166700,-1.3600000143051147,1570725400
2024-05-16,165700,-0.6000000238418579,820423000
2024-05-17,165600,-0.0599999986588954,525887300
2024-05-20,168400,1.690000057220459,1745463600
2024-05-21,174700,3.740000009536743,5956029800
2024-05-22,181500,3.890000104904175,4779110900
2024-05-23,178300,-1.7599999904632568,3258241200
2024-05-24,171300,-3.930000066757202,2526636900
2024-05-27,170200,-0.6399999856948853,1889565400
2024-05-28,172400,1.2899999618530271,1313034500
2024-05-29,170200,-1.2799999713897705,1174597000
2024-05-30,166400,-2.2300000190734863,3225177800
2024-05-31,178500,7.269999980926514,4795427900
2024-06-03,190500,6.71999979019165,99502993400
2024-06-04,175200,-8.029999732971191,47276595600
2024-06-05,179400,2.400000095367432,7234002300
2024-06-07,173000,-3.569999933242798,8087141700
2024-06-10,178300,3.059999942779541,5338974300
2024-06-11,173500,-2.690000057220459,2799243100
2024-06-12,173600,0.0599999986588954,1843517700
2024-06-13,177800,2.4200000762939453,4473123100
2024-06-14,173700,-2.309999942779541,4294597200
2024-06-17,174200,0.2899999916553497,2182626700
2024-06-18,176200,1.149999976158142,2057322500
2024-06-19,175200,-0.5699999928474426,2582811100
2024-06-20,179900,2.680000066757202,3102993600
2024-06-21,178400,-0.8299999833106995,4131639000
2024-06-24,178200,-0.1099999994039535,1792767200
2024-06-25,180000,1.0099999904632568,2105260500
2024-06-26,179800,-0.1099999994039535,2473509100
2024-06-27,174800,-2.7799999713897705,2440776500
2024-06-28,174800,0.0,1642583600
2024-07-01,176300,0.8600000143051147,1670001700
2024-07-02,172900,-1.9299999475479128,2777832200
2024-07-03,173800,0.5199999809265137,1136363000
2024-07-04,173400,-0.2300000041723251,1223215300
2024-07-05,174000,0.3499999940395355,1384632900
2024-07-08,174600,0.3400000035762787,550175400
2024-07-09,173000,-0.9200000166893004,1146248900
2024-07-10,173600,0.3499999940395355,701741300
2024-07-11,174800,0.6899999976158142,1395024600
2024-07-12,175000,0.1099999994039535,969132300
2024-07-15,174000,-0.5699999928474426,817157700
2024-07-16,172900,-0.6299999952316284,1358420100
2024-07-17,174500,0.9300000071525574,849705400
2024-07-18,181400,3.950000047683716,5326841800
2024-07-19,178200,-1.7599999904632568,1137633700
2024-07-22,180100,1.0700000524520874,2200480800
2024-07-23,177900,-1.2200000286102295,911940100
2024-07-24,176000,-1.0700000524520874,1022476700
2024-07-25,174700,-0.7400000095367432,1414707100
2024-07-26,174100,-0.3400000035762787,819836200
2024-07-29,177900,2.180000066757202,1738215000
2024-07-30,178100,0.1099999994039535,578724400
2024-07-31,179200,0.6200000047683716,747545400
2024-08-01,178600,-0.3300000131130218,1543873500
2024-08-02,173700,-2.740000009536743,1942406500
2024-08-05,165200,-4.889999866485596,3200864000
2024-08-06,166400,0.7300000190734863,2224127600
2024-08-07,170200,2.2799999713897705,879355100
2024-08-08,170000,-0.1199999973177909,1050746600
2024-08-09,169000,-0.5899999737739563,865761100
2024-08-12,173500,2.6600000858306885,949398500
2024-08-13,175100,0.9200000166893004,769294400
2024-08-14,173800,-0.7400000095367432,572557500
2024-08-16,174800,0.5799999833106995,537402600
2024-08-19,171200,-2.059999942779541,1041004100
2024-08-20,173900,1.5800000429153442,345302100
2024-08-21,174900,0.5799999833106995,428207400
2024-08-22,173900,-0.5699999928474426,621531500
2024-08-23,177300,1.9600000381469729,1204088400
2024-08-26,178400,0.6200000047683716,1104860700
2024-08-27,178300,-0.0599999986588954,562725900
2024-08-28,176100,-1.2300000190734863,881851000
2024-08-29,174200,-1.0800000429153442,714261000
2024-08-30,172000,-1.2599999904632568,1444968200
2024-09-02,172300,0.1700000017881393,717649100
2024-09-03,173100,0.4600000083446502,334536800
2024-09-04,169700,-1.9600000381469729,1080126000
2024-09-05,168400,-0.7699999809265137,1246900700
2024-09-06,167400,-0.5899999737739563,1154351200
2024-09-09,165800,-0.959999978542328,977368100
2024-09-10,169700,2.3499999046325684,1511972400
2024-09-11,168500,-0.7099999785423279,1094858900
2024-09-12,172000,2.0799999237060547,894380400
2024-09-13,173100,0.6399999856948853,1061580100
2024-09-19,176300,1.850000023841858,1323064800
2024-09-20,171600,-2.6700000762939453,1659211100
2024-09-23,174300,1.5700000524520874,1156573100
2024-09-24,175000,0.4000000059604645,1133513400
2024-09-25,170500,-2.569999933242798,2108274900
2024-09-26,172900,1.409999966621399,817699100
2024-09-27,171900,-0.5799999833106995,849594800
2024-09-30,170100,-1.0499999523162842,619930000
2024-10-02,170000,-0.0599999986588954,717779700
2024-10-04,169700,-0.1800000071525573,850546000
2024-10-07,169900,0.1199999973177909,718499300
2024-10-08,167200,-1.590000033378601,761962900
2024-10-10,169900,1.6100000143051147,1194205800
2024-10-11,170000,0.0599999986588954,304117400
2024-10-14,169800,-0.1199999973177909,420997500
2024-10-15,168900,-0.5299999713897705,462579200
2024-10-16,168000,-0.5299999713897705,646302800
2024-10-17,171600,2.140000104904175,738269100
2024-10-18,171100,-0.2899999916553497,884590500
2024-10-21,180300,5.380000114440918,3040928000
2024-10-22,184400,2.2699999809265137,5207830200
2024-10-23,184800,0.2199999988079071,1490699600
2024-10-24,183200,-0.8700000047683716,604943400
2024-10-25,189500,3.440000057220459,2326778800
2024-10-28,189800,0.1599999964237213,1032651300
2024-10-29,194300,2.369999885559082,1284118700
2024-10-30,197100,1.440000057220459,1785045800
2024-10-31,199700,1.3200000524520874,2021748300
2024-11-01,199200,-0.25,2709315300
2024-11-04,193300,-2.9600000381469727,2576374300
2024-11-05,194900,0.8299999833106995,1683852300
2024-11-06,196000,0.5600000023841858,1191739400
2024-11-07,206000,5.099999904632568,4331451200
2024-11-08,206500,0.2399999946355819,1760651500
2024-11-11,210000,1.690000057220459,1995278000
2024-11-12,210000,0.0,3168461500
2024-11-13,207500,-1.190000057220459,3153919500
2024-11-14,205000,-1.2000000476837158,2135073000
2024-11-15,204500,-0.2399999946355819,2178731000
2024-11-18,200500,-1.9600000381469729,1246711000
2024-11-19,199900,-0.3000000119209289,1045549800
2024-11-20,197900,-1.0,1470660200
2024-11-21,196500,-0.7099999785423279,1824452100
2024-11-22,201500,2.539999961853028,2216003100
2024-11-25,199900,-0.7900000214576721,1645143900
2024-11-26,209500,4.800000190734863,2678794500
2024-11-27,213500,1.909999966621399,15653685500
2024-11-28,217000,1.6399999856948853,3508817500
2024-11-29,217000,0.0,2453146500
2024-12-02,211500,-2.5299999713897705,1655861000
2024-12-03,213500,0.949999988079071,2221042000
2024-12-04,208000,-2.5799999237060547,3661400500
2024-12-05,209500,0.7200000286102295,1425702500
2024-12-06,207000,-1.190000057220459,5227378000
2024-12-09,204000,-1.4500000476837158,2279950700
2024-12-10,207500,1.7200000286102295,1349744500
2024-12-11,208500,0.4799999892711639,2473005000
2024-12-12,208500,0.0,1970704500
2024-12-13,209500,0.4799999892711639,1921714000
2024-12-16,208500,-0.4799999892711639,1832378000
2024-12-17,208500,0.0,1563215500
2024-12-18,203000,-2.640000104904175,3664147500
2024-12-19,199300,-1.820000052452088,4200754600
2024-12-20,196200,-1.559999942779541,2678322200
2024-12-23,201500,2.700000047683716,5245638400
2024-12-24,205000,1.7400000095367432,2024053000
2024-12-26,202500,-1.2200000286102295,1508305000
2024-12-27,202000,-0.25,1953581800
2024-12-30,207000,2.4800000190734863,2038290500
2025-01-02,211500,2.1700000762939453,3061427000
2025-01-03,227500,7.570000171661377,6094113500
2025-01-06,224000,-1.5399999618530271,3486909500
2025-01-07,225500,0.6700000166893005,1615278500
2025-01-08,220500,-2.220000028610229,1627521000
2025-01-09,224000,1.590000033378601,1724897500
2025-01-10,220500,-1.559999942779541,2190289000
2025-01-13,221000,0.2300000041723251,793439500
2025-01-14,218000,-1.3600000143051147,2137793000
2025-01-15,215500,-1.149999976158142,1286558500
2025-01-16,219000,1.6200000047683716,1817045500
2025-01-17,217500,-0.6800000071525574,764893500
2025-01-20,220000,1.149999976158142,1248853500
2025-01-21,223500,1.590000033378601,2402977500
2025-01-22,218500,-2.240000009536743,1337265000
2025-01-23,220000,0.6899999976158142,1515799000
2025-01-24,221000,0.449999988079071,1214368500
2025-01-31,217000,-1.809999942779541,2071362000
2025-02-03,215500,-0.6899999976158142,1672570000
2025-02-04,211500,-1.8600000143051147,2755710000
2025-02-05,234500,10.869999885559082,10864358500
2025-02-06,227500,-2.990000009536743,2219483500
2025-02-07,218000,-4.179999828338623,2676345500
2025-02-10,221000,1.3799999952316284,1737215500
2025-02-11,227500,2.940000057220459,1865942500
2025-02-12,224000,-1.5399999618530271,1629163500
2025-02-13,228500,2.009999990463257,1763234000
2025-02-14,225000,-1.5299999713897705,1304716000
2025-02-17,227500,1.1100000143051147,1093592000
2025-02-18,228000,0.2199999988079071,1608810000
2025-02-19,238000,4.389999866485596,4180174000
2025-02-20,246000,3.359999895095825,3333744500
2025-02-21,248000,0.8100000023841858,2864584000
2025-02-24,248000,0.0,2642691000
2025-02-25,240500,-3.0199999809265137,2961372000
2025-02-26,240000,-0.209999993443489,3326108500
2025-02-27,242000,0.8299999833106995,609429500
2025-02-28,235000,-2.890000104904175,2162358500
2025-03-04,235000,0.0,1753405000
2025-03-05,244000,3.829999923706055,2608932500
2025-03-06,241500,-1.0199999809265137,1483618250
2025-03-07,235500,-2.4800000190734863,2224772500
2025-03-10,239000,1.4900000095367432,2400397750
2025-03-11,237500,-0.6299999952316284,3067912250
2025-03-12,240000,1.0499999523162842,1022718750
2025-03-13,250500,4.380000114440918,4528933750
2025-03-14,259500,3.5899999141693115,5017348500
2025-03-17,262000,0.959999978542328,2371653000
2025-03-18,259000,-1.149999976158142,3601944750
2025-03-19,259000,0.0,2460505250
2025-03-20,259000,0.0,1668457250
2025-03-21,261500,0.9700000286102296,3645075500
2025-03-24,247000,-5.539999961853027,3429571000
2025-03-25,243500,-1.4199999570846558,2622667000
2025-03-26,239500,-1.6399999856948853,3339029000
2025-03-27,236500,-1.25,2039114750
2025-03-28,239000,1.059999942779541,1867355500
2025-03-31,247000,3.3499999046325684,5339477000
2025-04-01,243500,-1.4199999570846558,2117784750
2025-04-02,246500,1.2300000190734863,2031427250
2025-04-03,243500,-1.2200000286102295,1541331000
2025-04-04,241000,-1.0299999713897705,1721813000
2025-04-07,231500,-3.940000057220459,3595489250
2025-04-08,231500,0.0,3793903000
2025-04-09,231500,0.0,2960292000
2025-04-10,237000,2.380000114440918,4129308500
2025-04-11,238000,0.4199999868869781,3152199500
2025-04-14,224000,-5.880000114440918,5078840250
2025-04-15,234500,4.690000057220459,3328514500
2025-04-16,238000,1.4900000095367432,1930850000
2025-04-17,239000,0.4199999868869781,2833202500
2025-04-18,239500,0.209999993443489,1624301000
2025-04-21,236000,-1.4600000381469729,2008255750
2025-04-22,234000,-0.8500000238418579,1554087750
2025-04-23,234000,0.0,2039844000
2025-04-24,232000,-0.8500000238418579,2261387000
2025-04-25,235000,1.2899999618530271,1587266250
2025-04-28,235000,0.0,2757081000
2025-04-29,238500,1.4900000095367432,1211402500
2025-04-30,239500,0.4199999868869781,2386746000
2025-05-02,234500,-2.0899999141693115,1481793750
2025-05-07,232000,-1.0700000524520874,1086277500
2025-05-08,234000,0.8600000143051147,2948895250
2025-05-09,232500,-0.6399999856948853,2125160000
2025-05-12,225000,-3.2300000190734863,6021716750
2025-05-13,225000,0.0,5113828750
2025-05-14,223500,-0.6700000166893005,2551750250
2025-05-15,218500,-2.240000009536743,1783015500
2025-05-16,215500,-1.3700000047683716,3791711250
2025-05-19,212500,-1.3899999856948853,2561501000
2025-05-20,213500,0.4699999988079071,2559193750
2025-05-21,210500,-1.409999966621399,2628596750
2025-05-22,207000,-1.659999966621399,3669231750
2025-05-23,209500,1.2100000381469729,1732593750
2025-05-26,215000,2.630000114440918,2039862000
2025-05-27,212000,-1.399999976158142,1705868500
2025-05-28,212500,0.2399999946355819,1400999000
2025-05-29,213500,0.4699999988079071,2174645250
2025-05-30,212500,-0.4699999988079071,2528911750
2025-06-02,213500,0.4699999988079071,2219736250
2025-06-04,215000,0.699999988079071,3554542250
2025-06-05,215500,0.2300000041723251,2474302500
2025-06-09,214000,-0.699999988079071,6499871750
2025-06-10,213000,-0.4699999988079071,2778701750
2025-06-11,215000,0.9399999976158142,5221060000
2025-06-12,216000,0.4699999988079071,6040995750
2025-06-13,221500,2.549999952316284,6797741250
2025-06-16,225500,1.809999942779541,10666798250
2025-06-17,219000,-2.880000114440918,5434466000
2025-06-18,222000,1.3700000047683716,3656008500
2025-06-19,224000,0.8999999761581421,3023650000
2025-06-20,244000,8.930000305175781,15189410500
2025-06-23,258000,5.739999771118164,14985250000
2025-06-24,255500,-0.9700000286102296,8192298750
2025-06-25,258500,1.1699999570846558,6420061000
2025-06-26,254000,-1.7400000095367432,3733154000
2025-06-27,248500,-2.1700000762939453,2643995750
2025-06-30,258000,3.819999933242798,4895812750
2025-07-01,274500,6.400000095367432,8634591250
2025-07-02,280500,2.190000057220459,6424829000
2025-07-03,285000,1.600000023841858,6944319250
2025-07-04,279000,-2.109999895095825,6021536500
2025-07-07,277000,-0.7200000286102295,3700104000
2025-07-08,288000,3.9700000286102295,6488390500
2025-07-09,286500,-0.5199999809265137,3686704000
2025-07-10,286500,0.0,4587397000
2025-07-11,290000,1.2200000286102295,4032798750
2025-07-14,296000,2.069999933242798,3324538000
2025-07-15,294000,-0.6800000071525574,3037158500
2025-07-16,290000,-1.3600000143051147,2682493250
2025-07-17,286000,-1.3799999952316284,4578328750
2025-07-18,279000,-2.450000047683716,2767526750
2025-07-21,282000,1.0800000429153442,2808134500
2025-07-22,278500,-1.2400000095367432,2622134750
2025-07-23,280500,0.7200000286102295,2937834500
2025-07-24,273000,-2.6700000762939453,2392522250
2025-07-25,268500,-1.649999976158142,2475367000
2025-07-28,261500,-2.609999895095825,4777455000
2025-07-29,264000,0.959999978542328,3231066500
2025-07-30,266500,0.949999988079071,1760444000
2025-07-31,264500,-0.75,1710352250
2025-08-01,252000,-4.730000019073486,3605772750
2025-08-04,252500,0.2000000029802322,2084600750
2025-08-05,261000,3.369999885559082,9083669250
2025-08-06,260000,-0.3799999952316284,3184325000
2025-08-07,252000,-3.0799999237060547,4700503500
2025-08-08,252500,0.2000000029802322,2509541250
2025-08-11,251000,-0.5899999737739563,3182077250
2025-08-12,248000,-1.2000000476837158,2067886750
2025-08-13,246500,-0.6000000238418579,2570519750
2025-08-14,247000,0.2000000029802322,869165500
2025-08-18,243500,-1.4199999570846558,2192852500
2025-08-19,239500,-1.6399999856948853,1257506000
2025-08-20,240500,0.4199999868869781,2512600000
2025-08-21,239000,-0.6200000047683716,1260133750
2025-08-22,241000,0.8399999737739563,1288955000
2025-08-25,240500,-0.209999993443489,1205314500
2025-08-26,246500,2.490000009536743,2106483500
2025-08-27,245000,-0.6100000143051147,1317214750
2025-08-28,244500,-0.2000000029802322,1516574750
2025-08-29,257500,5.320000171661377,5272278750
2025-09-01,249500,-3.109999895095825,2836275750
2025-09-02,248000,-0.6000000238418579,1606017500
2025-09-03,246000,-0.8100000023841858,1956923500
2025-09-04,245000,-0.4099999964237213,1920276250
2025-09-05,248000,1.2200000286102295,2299184250
2025-09-08,242000,-2.4200000762939453,3276295500
2025-09-09,239500,-1.0299999713897705,4100744000
2025-09-10,241000,0.6299999952316284,3251084750
2025-09-11,242000,0.4099999964237213,1807726250
2025-09-12,240500,-0.6200000047683716,2183151000
2025-09-15,246000,2.289999961853028,2045848250
2025-09-16,242500,-1.4199999570846558,1936791750
2025-09-17,245000,1.0299999713897705,988347250
2025-09-18,241500,-1.4299999475479126,2320830000
2025-09-19,239000,-1.0399999618530271,2532445500
2025-09-22,239000,0.0,1237885000
2025-09-23,235500,-1.4600000381469729,1667840500
2025-09-24,235500,0.0,1946447250
2025-09-25,231000,-1.909999966621399,2217722750
2025-09-26,227000,-1.7300000190734863,1578636000
2025-09-29,231500,1.9800000190734863,1439588000
2025-09-30,231500,0.0,1358759500
2025-10-01,235000,1.5099999904632568,2070089500
2025-10-02,239500,1.909999966621399,4430102250
2025-10-10,235000,-1.8799999952316284,1443690500
2025-10-13,233500,-0.6399999856948853,846088500
2025-10-14,236000,1.0700000524520874,1514148250
2025-10-15,240000,1.690000057220459,911843750
2025-10-16,238500,-0.6299999952316284,1515872750
2025-10-17,234500,-1.6799999475479126,1627129750
2025-10-20,234500,0.0,3724542250
2025-10-21,234000,-0.209999993443489,3826105250
2025-10-22,240500,2.7799999713897705,1796738750
2025-10-23,239500,-0.4199999868869781,2559850000
2025-10-24,236000,-1.4600000381469729,2685039250
2025-10-27,239000,1.2699999809265137,3183383500
2025-10-28,255000,6.690000057220459,6012603250
2025-10-29,252000,-1.1799999475479126,3784117000
2025-10-30,252000,0.0,3309237750
2025-10-31,260500,3.369999885559082,4901489000
2025-11-03,272000,4.409999847412109,13778827000
2025-11-04,268500,-1.2899999618530271,9860348500
2025-11-05,258500,-3.7200000286102295,4061587250
2025-11-06,268000,3.680000066757202,5770274250
2025-11-07,259500,-3.1700000762939453,3289202750
2025-11-10,265000,2.119999885559082,5832410000
2025-11-11,261500,-1.3200000524520874,3313827500
2025-11-12,267500,2.289999961853028,3112836500
2025-11-13,265000,-0.9300000071525574,3058596500
2025-11-14,259500,-2.0799999237060547,4117761500
2025-11-17,263500,1.5399999618530271,4674969500
2025-11-18,261500,-0.7599999904632568,3507335000
2025-11-19,262500,0.3799999952316284,3601617500
2025-11-20,268000,2.0999999046325684,3043379500
2025-11-21,258000,-3.7300000190734863,4233443500
2025-11-24,246500,-4.460000038146973,9585752000
2025-11-25,243500,-1.2200000286102295,2149156000
2025-11-26,245000,0.6200000047683716,2188245750
2025-11-27,248500,1.4299999475479126,1434832250
2025-11-28,239000,-3.819999933242798,3481304250
2025-12-01,237000,-0.8399999737739563,3826468000
2025-12-02,238500,0.6299999952316284,2422902500
2025-12-03,244000,2.309999942779541,2750254250
2025-12-04,239500,-1.840000033378601,3445310500
2025-12-05,238500,-0.4199999868869781,2821598750
2025-12-08,242000,1.4700000286102295,1858449000
2025-12-09,243000,0.4099999964237213,2540123250
2025-12-10,236500,-2.6700000762939453,3206919750
2025-12-11,239500,1.2699999809265137,3493018250
2025-12-12,238500,-0.4199999868869781,2864808500
2025-12-15,240500,0.8399999737739563,2473416750
2025-12-16,240500,0.0,1615967250
2025-12-17,241500,0.4199999868869781,2880169250
2025-12-18,233000,-3.5199999809265137,3571655750
2025-12-19,234000,0.4300000071525574,1717483750
2025-12-22,234500,0.209999993443489,1355551750
2025-12-23,232500,-0.8500000238418579,1278222250
2025-12-24,233500,0.4300000071525574,2622207750
2025-12-26,229000,-1.9299999475479128,1698286250
2025-12-29,227000,-0.8700000047683716,1589958750
2025-12-30,225000,-0.8799999952316284,1310560750
2026-01-02,219000,-2.6700000762939453,3531014250
2026-01-05,227500,3.880000114440918,2258341000
2026-01-06,226500,-0.4399999976158142,2118988750
2026-01-07,227000,0.2199999988079071,1856074250
2026-01-08,221000,-2.640000104904175,2622404000
2026-01-09,221000,0.0,2727135500
2026-01-12,222500,0.6800000071525574,1332092250
2026-01-13,223500,0.449999988079071,2062654500
2026-01-14,225500,0.8899999856948853,3340763750
2026-01-15,228500,1.3300000429153442,2698832500
2026-01-16,225000,-1.5299999713897705,2187567250
2026-01-19,223000,-0.8899999856948853,2667240000
2026-01-20,227500,2.0199999809265137,3754195500
2026-01-21,221500,-2.640000104904175,4562725250
2026-01-22,227500,2.7100000381469727,5813351000
2026-01-23,231500,1.7599999904632568,3524340000
2026-01-26,228500,-1.2999999523162842,3080288000
2026-01-27,228000,-0.2199999988079071,2370164000
2026-01-28,227500,-0.2199999988079071,3650947750
2026-01-29,231500,1.7599999904632568,7179144500
2026-01-30,233000,0.6499999761581421,4849285250
2026-02-02,222500,-4.510000228881836,3436639500
2026-02-03,226000,1.5700000524520874,2800275000
2026-02-04,228500,1.1100000143051147,3140858500
2026-02-05,228000,-0.2199999988079071,2974830750
2026-02-06,221500,-2.8499999046325684,4205696250
2026-02-09,222500,0.449999988079071,2628824750
2026-02-10,224000,0.6700000166893005,3279262250
2026-02-11,223000,-0.449999988079071,3609112750
2026-02-12,228500,2.470000028610229,3087559750
2026-02-13,231000,1.090000033378601,6662436000
2026-02-19,236500,2.380000114440918,3263663750
2026-02-20,245500,3.809999942779541,6048031750
2026-02-23,248000,1.0199999809265137,4642769250
2026-02-24,245500,-1.0099999904632568,3710400000
2026-02-25,239000,-2.650000095367432,4791704500
2026-02-26,237500,-0.6299999952316284,3464862250
2026-02-27,233000,-1.8899999856948853,4811295250
2026-03-03,262500,12.65999984741211,24082513750
2026-03-04,217500,-17.139999389648438,34209002000
2026-03-05,238000,9.43000030517578,11349406500
2026-03-06,231500,-2.7300000190734863,10158930500
2026-03-09,241000,4.099999904632568,33345569500
2026-03-10,229500,-4.769999980926514,9694197750
2026-03-11,230500,0.4399999976158142,6811984750
2026-03-12,235000,1.950000047683716,7439691750
2026-03-13,234000,-0.4300000071525574,7991527500
2026-03-16,230500,-1.5,5447203750
2026-03-17,230000,-0.2199999988079071,3694980500
2026-03-18,231000,0.4300000071525574,3726539500
2026-03-19,249000,7.789999961853027,14913164500
2026-03-20,260000,4.420000076293945,23711745250
2026-03-23,254500,-2.119999885559082,19109345250
2026-03-24,243500,-4.320000171661377,9196886500
2026-03-25,247000,1.440000057220459,5917641750
2026-03-26,246500,-0.2000000029802322,7962762500
2026-03-27,246500,0.0,5865665000
2026-03-30,261000,5.880000114440918,14870644750
2026-03-31,269000,3.069999933242798,23456893750
2026-04-01,259500,-3.5299999713897705,13882990000
2026-04-02,258000,-0.5799999833106995,17172459000
2026-04-03,256000,-0.7799999713897705,10716307750
2026-04-06,260000,1.559999942779541,10959592750
2026-04-07,258000,-0.7699999809265137,9340467250
2026-04-08,243000,-5.809999942779541,14418134000
2026-04-09,238000,-2.059999942779541,18885871750
2026-04-10,244500,2.7300000190734863,9632692750
2026-04-13,243500,-0.4099999964237213,6758610750
2026-04-14,241000,-1.0299999713897705,8245101750
2026-04-15,240500,-0.209999993443489,4521100000
2026-04-16,246000,2.289999961853028,5762945500
2026-04-17,243000,-1.2200000286102295,3571935000
2026-04-20,243000,0.0,3143322000
2026-04-21,244000,0.4099999964237213,3299263750
2026-04-22,246000,0.8199999928474426,4248361750
2026-04-23,248500,1.0199999809265137,4015196500
2026-04-24,260000,4.630000114440918,7800790000
2026-04-27,257000,-1.149999976158142,3692188000
2026-04-28,266500,3.700000047683716,8561041250
2026-04-29,284500,6.75,18130047000
2026-04-30,289000,1.5800000429153442,12110741500
2026-05-04,266500,-7.789999961853027,13909149000
2026-05-06,262000,-1.690000057220459,8485344500
2026-05-07,260000,-0.7599999904632568,5136450500
2026-05-08,263500,1.350000023841858,4829185750
2026-05-11,270000,2.470000028610229,8785061750
2026-05-12,269500,-0.1899999976158142,7667691750
2026-05-13,270500,0.3700000047683716,7613103000
2026-05-14,281000,3.880000114440918,9405399500
2026-05-15,290000,3.200000047683716,13886397250
2026-05-18,249500,-13.970000267028809,16237526000
2026-05-19,241500,-3.2100000381469727,8423337750
2026-05-20,238500,-1.2400000095367432,7037234250
2026-05-21,251500,5.449999809265137,6896282250
2026-05-22,260000,3.380000114440918,4408853500
2026-05-26,250000,-3.849999904632568,4589047500
2026-05-27,244500,-2.200000047683716,5650226750
2026-05-28,243500,-0.4099999964237213,2731222750
2026-05-29,237000,-2.6700000762939453,4158010000
2026-06-01,227500,-4.010000228881836,4599626000
2026-06-02,223000,-1.9800000190734863,1944138000
2026-06-04,223500,0.2199999988079071,2710968000
2026-06-05,221500,-0.8899999856948853,2682803500
2026-06-08,212000,-4.289999961853027,2213297000
2026-06-09,212500,0.2399999946355819,2229910250
2026-06-10,215500,1.409999966621399,1849947500
2026-06-11,224500,4.179999828338623,6293821500
2026-06-12,222000,-1.1100000143051147,2900978500
2026-06-15,230500,3.829999923706055,5556017750
2026-06-16,231000,0.2199999988079071,1708797000
2026-06-17,221500,-4.110000133514404,3921911750
2026-06-18,216000,-2.4800000190734863,2062329000
2026-06-19,215500,-0.2300000041723251,2443587000
2026-06-22,208500,-3.25,1393691750
2026-06-23,214000,2.640000104904175,4196308500
2026-06-24,207000,-3.2699999809265137,2973572000
2026-06-25,203500,-1.690000057220459,1580893500
2026-06-26,203000,-0.25,2990314450
2026-06-29,213000,4.929999828338623,2824256750
2026-06-30,209000,-1.8799999952316284,2186263000
2026-07-01,213500,2.150000095367432,2500874750
2026-07-02,216000,1.1699999570846558,2862931500
2026-07-03,218500,1.159999966621399,1709961500
2026-07-06,227500,4.12,5575962500
2026-07-07,224000,-1.54,3683490500
2026-07-08,214500,-4.24,1518340250
2026-07-09,211500,-1.4,1666799000
2026-07-10,216500,2.36,2817998750
2026-07-13,219500,1.39,2766108250
2026-07-14,211500,-3.64,3191521250
2026-07-15,226500,7.09,5209016250
2026-07-16,222000,-1.99,2951169250
2026-07-20,219500,-1.13,2544085750
2026-07-21,227000,3.42,1995991500
2026-07-22,228000,0.44,2668824500
2026-07-23,259500,13.82,8514140250
2026-07-24,255500,-1.54,8777558250
2026-07-27,242500,-5.09,2826975000
2026-07-28,229000,-5.57,3069360500
2026-07-29,222000,-3.06,3458480000
2026-07-30,226500,2.03,2072638250
2026-07-31,223500,-1.32,3842995000
2026-08-03,198000,-11.41,9549545500
2026-08-04,213500,7.83,4905363200
2026-08-05,213500,0.0,2590133500
2026-08-06,220000,3.04,2858197000
2026-08-07,228000,3.64,2654218250
2026-08-10,230000,0.88,2150478000
2026-08-11,238500,3.7,3595779250
2026-08-12,231000,-3.14,2832352250
2026-08-13,228000,-1.3,2117041250
2026-08-14,244000,7.02,4631640000
2026-08-18,242000,-0.82,3134386750
2026-08-19,239500,-1.03,2675812250
2026-08-20,229500,-4.18,2789134750
2026-08-21,233500,1.74,3119511500
2026-08-24,234000,0.21,3020826250
2026-08-25,236000,0.85,1983899250
2026-08-26,236000,0.0,2783046000
2026-08-27,230500,-2.33,2197397500
2026-08-28,230000,-0.22,3808307000
2026-08-31,228000,-0.87,1534261250
2026-09-01,235000,3.07,3211083500
2026-09-02,230000,-2.13,2010129250
2026-09-03,234000,1.74,3572905750
2026-09-04,238500,1.92,3852758250
2026-09-07,239500,0.42,1630237250
2026-09-08,243000,1.46,2031895750
2026-09-09,242500,-0.21,872826000
2026-09-10,252000,3.92,8042228750
2026-09-11,246500,-2.18,3334035250
2026-09-14,252000,2.23,3625761250
2026-09-15,240000,-4.76,1780177500
2026-09-16,239000,-0.42,1054031000
2026-09-17,240500,0.63,852442500
2026-09-18,240500,0.0,1840547000
2026-09-21,244000,1.46,1403435000
2026-09-22,239500,-1.84,3579541250
2026-09-23,240500,0.42,1558082500
2026-09-28,240500,0.0,845137000
2026-09-29,241500,0.42,1424900250
2026-09-30,239500,-0.83,1104104750
2026-10-01,240500,0.42,885302750
2026-10-02,238000,-1.04,1729043000
