date,close,change_pct,trading_value
2015-01-02,47750,0.0,55452973972
2015-01-05,47650,-0.21,67511939450
2015-01-06,47500,-0.31,78445189000
2015-01-07,47400,-0.21,86042161150
2015-01-08,49950,5.38,247489413350
2015-01-09,49700,-0.5,168072214400
2015-01-12,50300,1.21,85662286850
2015-01-13,49000,-2.58,149421793576
2015-01-14,48900,-0.2,110430540050
2015-01-15,49500,1.23,72240780700
2015-01-16,47450,-4.14,229864058500
2015-01-19,47000,-0.95,150076181000
2015-01-20,47050,0.11,104344236850
2015-01-21,48050,2.13,103405467950
2015-01-22,47000,-2.19,137618116250
2015-01-23,47500,1.06,74825992800
2015-01-26,48250,1.58,67454254100
2015-01-27,49150,1.87,112510876560
2015-01-28,49200,0.1,114267966500
2015-01-29,47400,-3.66,240143905650
2015-01-30,47650,0.53,130552757200
2015-02-02,46600,-2.2,151975136950
2015-02-03,46700,0.21,117899347150
2015-02-04,47300,1.28,86094528850
2015-02-05,47150,-0.32,92747630350
2015-02-06,45500,-3.5,208475265975
2015-02-09,45200,-0.66,124659167100
2015-02-10,45150,-0.11,102141160450
2015-02-11,46850,3.77,150354137600
2015-02-12,46650,-0.43,89332020310
2015-02-13,47050,0.86,63695346050
2015-02-16,47500,0.96,72699051500
2015-02-17,46450,-2.21,78183921500
2015-02-23,47200,1.61,106348196450
2015-02-24,47600,0.85,89691938100
2015-02-25,46500,-2.31,122928171866
2015-02-26,47100,1.29,91022151150
2015-02-27,46600,-1.06,109166751540
2015-03-02,46850,0.54,104720693164
2015-03-03,47300,0.96,99133923718
2015-03-04,45900,-2.96,193034043150
2015-03-05,45500,-0.87,101033382800
2015-03-06,46200,1.54,86618898200
2015-03-09,45100,-2.38,143344883150
2015-03-10,44150,-2.11,230120214400
2015-03-11,43400,-1.7,196956475150
2015-03-12,43250,-0.35,171383331950
2015-03-13,44100,1.97,86094254400
2015-03-16,45800,3.85,183056008550
2015-03-17,46250,0.98,128813900000
2015-03-18,46250,0.0,128844088950
2015-03-19,46400,0.32,92448401650
2015-03-20,46850,0.97,90616106050
2015-03-23,48150,2.77,180959626800
2015-03-24,48000,-0.31,102590720500
2015-03-25,48300,0.63,88019778700
2015-03-26,47000,-2.69,210213847210
2015-03-27,45800,-2.55,205560019150
2015-03-30,45500,-0.66,126495772284
2015-03-31,45550,0.11,109901829950
2015-04-01,45000,-1.21,93130819000
2015-04-02,44800,-0.44,140846325200
2015-04-03,44200,-1.34,125357228250
2015-04-06,44750,1.24,92615028800
2015-04-07,43950,-1.79,161972082950
2015-04-08,42600,-3.07,245340170477
2015-04-09,41900,-1.64,247051137166
2015-04-10,43600,4.06,282489251400
2015-04-13,44200,1.38,148562293950
2015-04-14,44000,-0.45,93863729094
2015-04-15,44300,0.68,94925186011
2015-04-16,44500,0.45,93203906900
2015-04-17,44550,0.11,95701854250
2015-04-20,44250,-0.67,103858152350
2015-04-21,45150,2.03,147161797000
2015-04-22,45250,0.22,174353678650
2015-04-23,45800,1.22,231218956250
2015-04-24,47200,3.06,206592756300
2015-04-27,45800,-2.97,170549593150
2015-04-28,46950,2.51,107669141300
2015-04-29,46900,-0.11,113399743350
2015-04-30,46150,-1.6,111710341566
2015-05-04,46800,1.41,104748394150
2015-05-06,45300,-3.21,149510316100
2015-05-07,45900,1.32,97080459650
2015-05-08,45950,0.11,77913239800
2015-05-11,46300,0.76,73845268050
2015-05-12,46050,-0.54,110376233950
2015-05-13,45250,-1.74,86226985600
2015-05-14,45550,0.66,86084647900
2015-05-15,45300,-0.55,55345954000
2015-05-18,45450,0.33,98585799500
2015-05-19,46100,1.43,69347499400
2015-05-20,46850,1.63,83281615100
2015-05-21,46350,-1.07,87918672400
2015-05-22,47850,3.24,187177865050
2015-05-26,48000,0.31,174749003850
2015-05-27,48450,0.94,166587410133
2015-05-28,49650,2.48,274347051663
2015-05-29,51100,2.92,330761578700
2015-06-01,50600,-0.98,232634939500
2015-06-02,51200,1.19,110789060100
2015-06-03,49800,-2.73,136979391600
2015-06-04,48300,-3.01,158543248700
2015-06-05,49050,1.55,104622344750
2015-06-08,48050,-2.04,94208173350
2015-06-09,48000,-0.1,103771965650
2015-06-10,47500,-1.04,126201375800
2015-06-11,47100,-0.84,127668938750
2015-06-12,46550,-1.17,108093757700
2015-06-15,46150,-0.86,82469622300
2015-06-16,44200,-4.23,274791362700
2015-06-17,44950,1.7,154799980450
2015-06-18,44300,-1.45,99050962300
2015-06-19,43550,-1.69,168841197505
2015-06-22,43850,0.69,124591189700
2015-06-23,44150,0.68,118524697600
2015-06-24,43350,-1.81,117446609500
2015-06-25,43100,-0.58,140959816100
2015-06-26,42000,-2.55,332016234900
2015-06-29,42600,1.43,205604591550
2015-06-30,42300,-0.7,110058127200
2015-07-01,42800,1.18,90928485100
2015-07-02,42100,-1.64,109611872508
2015-07-03,42650,1.31,123703911182
2015-07-06,40750,-4.45,186664447250
2015-07-07,41350,1.47,131522294600
2015-07-08,40900,-1.09,136614054200
2015-07-09,40950,0.12,121855022000
2015-07-10,40850,-0.24,111623493000
2015-07-13,40550,-0.73,152327507850
2015-07-14,37850,-6.66,584502878550
2015-07-15,39300,3.83,322872279850
2015-07-16,39450,0.38,93044560450
2015-07-17,39950,1.27,132662896550
2015-07-20,38650,-3.25,99112899050
2015-07-21,39050,1.03,98327668350
2015-07-22,38200,-2.18,153143932350
2015-07-23,39000,2.09,323785699150
2015-07-24,38550,-1.15,132310080400
2015-07-27,37250,-3.37,156206358100
2015-07-28,37100,-0.4,135145297350
2015-07-29,37000,-0.27,112858653850
2015-07-30,34500,-6.76,327413011700
2015-07-31,37100,7.54,254842977800
2015-08-03,35950,-3.1,197354399750
2015-08-04,37250,3.62,150607784508
2015-08-05,37300,0.13,124647887550
2015-08-06,36100,-3.22,142819807850
2015-08-07,36200,0.28,121663108500
2015-08-10,36300,0.28,48366117050
2015-08-11,36100,-0.55,105466861800
2015-08-12,35800,-0.83,101060018700
2015-08-13,36900,3.07,100063422550
2015-08-17,35650,-3.39,137938956250
2015-08-18,35050,-1.68,166387965250
2015-08-19,33000,-5.85,295492334250
2015-08-20,33050,0.15,152384613950
2015-08-21,32000,-3.18,194517831100
2015-08-24,31050,-2.97,269798371700
2015-08-25,33500,7.89,388980407450
2015-08-26,33450,-0.15,219400526500
2015-08-27,35500,6.13,247842542675
2015-08-28,36900,3.94,273193362662
2015-08-31,35800,-2.98,158616381800
2015-09-01,34400,-3.91,222967189000
2015-09-02,34350,-0.15,141945281200
2015-09-03,35400,3.06,148511331800
2015-09-04,34850,-1.55,85819869300
2015-09-07,34750,-0.29,56365533900
2015-09-08,34750,0.0,52034410850
2015-09-09,36000,3.6,109198498650
2015-09-10,35950,-0.14,109836546350
2015-09-11,35000,-2.64,114445277800
2015-09-14,34600,-1.14,74929742300
2015-09-15,33600,-2.89,131403099004
2015-09-16,35100,4.46,134176501200
2015-09-17,36150,2.99,170718276300
2015-09-18,35750,-1.11,117150884315
2015-09-21,34800,-2.66,88515100400
2015-09-22,34900,0.29,69971234500
2015-09-23,34700,-0.57,57125964200
2015-09-24,33850,-2.45,142146368200
2015-09-25,34350,1.48,95494321500
2015-09-30,33550,-2.33,139497175500
2015-10-01,33700,0.45,123628526852
2015-10-02,34550,2.52,104955261701
2015-10-05,35350,2.32,155010029710
2015-10-06,37200,5.23,218924334850
2015-10-07,37300,0.27,144509119250
2015-10-08,37550,0.67,142989379050
2015-10-12,36850,-1.86,93057465050
2015-10-13,36000,-2.31,107118349800
2015-10-14,36400,1.11,135143355000
2015-10-15,36750,0.96,107090083500
2015-10-16,36100,-1.77,69022891250
2015-10-19,35750,-0.97,70426970700
2015-10-20,35700,-0.14,95706581750
2015-10-21,33650,-5.74,337948036400
2015-10-22,31950,-5.05,353888700850
2015-10-23,32100,0.47,206403220250
2015-10-26,32900,2.49,108999106700
2015-10-27,32150,-2.28,114102601400
2015-10-28,31450,-2.18,137104024200
2015-10-29,31450,0.0,135279480950
2015-10-30,30700,-2.38,142802858500
2015-11-02,32150,4.72,141621342677
2015-11-03,31900,-0.78,143102989580
2015-11-04,32600,2.19,106351728700
2015-11-05,32650,0.15,62692053950
2015-11-06,31200,-4.44,164487509400
2015-11-09,31250,0.16,110096089800
2015-11-10,31150,-0.32,84585197450
2015-11-11,31000,-0.48,89436725100
2015-11-12,30700,-0.97,47321986750
2015-11-13,31150,1.47,61093498400
2015-11-16,30500,-2.09,72013660000
2015-11-17,30600,0.33,59539557550
2015-11-18,30550,-0.16,95367921200
2015-11-19,31200,2.13,78619765732
2015-11-20,31000,-0.64,65483826281
2015-11-23,30650,-1.13,74650939200
2015-11-24,30200,-1.47,100421788950
2015-11-25,31900,5.63,218890472000
2015-11-26,32750,2.66,441098469800
2015-11-27,32000,-2.29,126572827300
2015-11-30,31600,-1.25,124576051400
2015-12-01,31350,-0.79,117322948700
2015-12-02,31200,-0.48,85847410850
2015-12-03,31150,-0.16,53703181000
2015-12-04,31200,0.16,66075970600
2015-12-07,30700,-1.6,69559521950
2015-12-08,30200,-1.63,75273959100
2015-12-09,30250,0.17,46226301600
2015-12-10,30300,0.17,95210362600
2015-12-11,29850,-1.49,81911054950
2015-12-14,29000,-2.85,106325482900
2015-12-15,29400,1.38,58842440350
2015-12-16,30400,3.4,78759161450
2015-12-17,30250,-0.49,66520288900
2015-12-18,30600,1.16,86817202500
2015-12-21,30500,-0.33,48164002750
2015-12-22,32200,5.57,216120794013
2015-12-23,32700,1.55,174046457450
2015-12-24,31700,-3.06,117652904500
2015-12-28,30900,-2.52,79393849900
2015-12-29,31200,0.97,61350831750
2015-12-30,30750,-1.44,55517464750
2016-01-04,30150,-1.95,56961584500
2016-01-05,30600,1.49,76504141850
2016-01-06,30750,0.49,75285219350
2016-01-07,30200,-1.79,73591767700
2016-01-08,29700,-1.66,118219096300
2016-01-11,28650,-3.54,154605955100
2016-01-12,27800,-2.97,124222732200
2016-01-13,28100,1.08,98276647850
2016-01-14,27900,-0.71,109173985485
2016-01-15,26800,-3.94,148323506000
2016-01-18,26700,-0.37,96816650400
2016-01-19,28300,5.99,119177305250
2016-01-20,26800,-5.3,113619188000
2016-01-21,26600,-0.75,76359516200
2016-01-22,27150,2.07,64402991050
2016-01-25,28000,3.13,82864404800
2016-01-26,27850,-0.54,151248828650
2016-01-27,27650,-0.72,88746694600
2016-01-28,27650,0.0,82674230025
2016-01-29,27300,-1.27,78735926850
2016-02-01,28400,4.03,134510309700
2016-02-02,28450,0.18,81503420000
2016-02-03,27450,-3.51,74209313650
2016-02-04,28100,2.37,68467136950
2016-02-05,28100,0.0,41802265750
2016-02-11,27150,-3.38,67038189150
2016-02-12,27350,0.74,66258934700
2016-02-15,27700,1.28,60072998200
2016-02-16,28900,4.33,110070254900
2016-02-17,30050,3.98,182457026300
2016-02-18,30200,0.5,90082680500
2016-02-19,29600,-1.99,69195083400
2016-02-22,29900,1.01,40698135700
2016-02-23,30400,1.67,64386564150
2016-02-24,30900,1.64,107668472850
2016-02-25,30800,-0.32,78717989600
2016-02-26,30800,0.0,39407449550
2016-02-29,30000,-2.6,89869780344
2016-03-02,30950,3.17,110531977250
2016-03-03,31950,3.23,123630276048
2016-03-04,31900,-0.16,60924369650
2016-03-07,31900,0.0,111211922100
2016-03-08,30500,-4.39,141407199950
2016-03-09,30550,0.16,105651879600
2016-03-10,30300,-0.82,82980401800
2016-03-11,30700,1.32,64561437800
2016-03-14,30350,-1.14,62815556100
2016-03-15,29900,-1.48,62408824550
2016-03-16,29200,-2.34,85153570150
2016-03-17,29250,0.17,81336669150
2016-03-18,29450,0.68,84628852350
2016-03-21,29550,0.34,52722560850
2016-03-22,30200,2.2,76309776700
2016-03-23,30250,0.17,56331004150
2016-03-24,29450,-2.64,105945897000
2016-03-25,29150,-1.02,57555389500
2016-03-28,28550,-2.06,79852538700
2016-03-29,28900,1.23,67728651350
2016-03-30,28650,-0.87,101899037946
2016-03-31,28150,-1.75,122851315624
2016-04-01,28200,0.18,84427116250
2016-04-04,27900,-1.06,78757813950
2016-04-05,27850,-0.18,56622519150
2016-04-06,27500,-1.26,66530884474
2016-04-07,26900,-2.18,123844290750
2016-04-08,27800,3.35,101515980800
2016-04-11,27150,-2.34,66304534400
2016-04-12,27150,0.0,50500161800
2016-04-14,27250,0.37,131141232700
2016-04-15,27650,1.47,76896817950
2016-04-18,27200,-1.63,106191729000
2016-04-19,27450,0.92,50644952500
2016-04-20,27550,0.36,89679056100
2016-04-21,27550,0.0,83037212550
2016-04-22,27500,-0.18,42920989150
2016-04-25,27500,0.0,41499257050
2016-04-26,29150,6.0,222291259750
2016-04-27,29150,0.0,182267289000
2016-04-28,27900,-4.29,190631446550
2016-04-29,28150,0.9,80682516700
2016-05-02,27850,-1.07,36501553650
2016-05-03,27650,-0.72,38147922950
2016-05-04,26650,-3.62,118375843750
2016-05-09,25750,-3.38,137252265750
2016-05-10,26400,2.52,67047267850
2016-05-11,26200,-0.76,45570526650
2016-05-12,26100,-0.38,45848038500
2016-05-13,26100,0.0,48160554300
2016-05-16,26100,0.0,34860180400
2016-05-17,25900,-0.77,40273468450
2016-05-18,26200,1.16,64276524400
2016-05-19,26600,1.53,116191974000
2016-05-20,26300,-1.13,59222194650
2016-05-23,27200,3.42,123087410250
2016-05-24,26850,-1.29,65312287950
2016-05-25,27050,0.74,61138751350
2016-05-26,27000,-0.18,52406560100
2016-05-27,28650,6.11,217877782227
2016-05-30,29000,1.22,159968423050
2016-05-31,28700,-1.03,155347861186
2016-06-01,28500,-0.7,104027633000
2016-06-02,28050,-1.58,97951778550
2016-06-03,27600,-1.6,102688940950
2016-06-07,28650,3.8,125644104700
2016-06-08,28550,-0.35,113444818650
2016-06-09,29000,1.58,155234943350
2016-06-10,29000,0.0,69969097800
2016-06-13,28350,-2.24,74107035150
2016-06-14,29050,2.47,101129639550
2016-06-15,29950,3.1,171520132000
2016-06-16,29650,-1.0,109883891500
2016-06-17,29000,-2.19,84795567550
2016-06-20,30050,3.62,133029391350
2016-06-21,29800,-0.83,71024087700
2016-06-22,30950,3.86,157401814800
2016-06-23,31750,2.58,225655426050
2016-06-24,31800,0.16,537955234775
2016-06-27,32050,0.79,193847704050
2016-06-28,31150,-2.81,158124535050
2016-06-29,31800,2.09,121354827850
2016-06-30,32400,1.89,147410557900
2016-07-01,32150,-0.77,170553435850
2016-07-04,32750,1.87,104097390400
2016-07-05,31850,-2.75,82885527300
2016-07-06,30600,-3.92,194010470200
2016-07-07,30650,0.16,83744992950
2016-07-08,31050,1.31,75074603300
2016-07-11,32000,3.06,126071251000
2016-07-12,32000,0.0,80545225000
2016-07-13,32650,2.03,123764733750
2016-07-14,33050,1.23,103781331300
2016-07-15,32700,-1.06,85187937750
2016-07-18,32750,0.15,49710042200
2016-07-19,32450,-0.92,75555643450
2016-07-20,32100,-1.08,56833500450
2016-07-21,32150,0.16,60791539500
2016-07-22,32000,-0.47,77259126450
2016-07-25,32500,1.56,69560158750
2016-07-26,32050,-1.38,159062364400
2016-07-27,33450,4.37,157830364950
2016-07-28,33550,0.3,119562730400
2016-07-29,34400,2.53,159427519352
2016-08-01,34850,1.31,114264662700
2016-08-02,33750,-3.16,72195755050
2016-08-03,33550,-0.59,90997333900
2016-08-04,33650,0.3,49870426800
2016-08-05,34800,3.42,97888239350
2016-08-08,34950,0.43,75244986100
2016-08-09,35050,0.29,73712163350
2016-08-10,33800,-3.57,108770447400
2016-08-11,34800,2.96,102100402600
2016-08-12,34350,-1.29,84130585350
2016-08-16,33700,-1.89,98300848750
2016-08-17,33550,-0.45,69423023800
2016-08-18,34150,1.79,63027312050
2016-08-19,35400,3.66,163891274850
2016-08-22,36000,1.69,148428751500
2016-08-23,35600,-1.11,108199947100
2016-08-24,35750,0.42,60273512950
2016-08-25,35700,-0.14,55479805650
2016-08-26,36250,1.54,95238238050
2016-08-29,36250,0.0,100078148400
2016-08-30,36300,0.14,100451028150
2016-08-31,36450,0.41,102673538000
2016-09-01,36100,-0.96,61864693550
2016-09-02,36650,1.52,66734527400
2016-09-05,37500,2.32,87357873850
2016-09-06,38000,1.33,80229647365
2016-09-07,37900,-0.26,145397400850
2016-09-08,38700,2.11,142604307510
2016-09-09,38950,0.65,106338628250
2016-09-12,37000,-5.01,183552787425
2016-09-13,37800,2.16,148812718031
2016-09-19,39200,3.7,206504474150
2016-09-20,39250,0.13,101522748650
2016-09-21,39150,-0.25,67373457300
2016-09-22,39400,0.64,126955767300
2016-09-23,39350,-0.13,82684096500
2016-09-26,39500,0.38,65541427250
2016-09-27,41150,4.18,161299136515
2016-09-28,41200,0.12,173738148430
2016-09-29,40200,-2.43,160554585930
2016-09-30,40200,0.0,151918448618
2016-10-04,41800,3.98,151061001748
2016-10-05,42600,1.91,185308604000
2016-10-06,42550,-0.12,120085144750
2016-10-07,42200,-0.82,111081246325
2016-10-10,41300,-2.13,121038998400
2016-10-11,41300,0.0,116692078900
2016-10-12,41250,-0.12,145969561406
2016-10-13,40950,-0.73,149800816329
2016-10-14,41550,1.47,112662493405
2016-10-17,42300,1.81,96989688034
2016-10-18,41650,-1.54,106618142648
2016-10-19,40050,-3.84,204101529750
2016-10-20,40050,0.0,213696575804
2016-10-21,40950,2.25,98732398348
2016-10-24,40150,-1.95,89073054250
2016-10-25,41050,2.24,183527825311
2016-10-26,42900,4.51,268156593075
2016-10-27,43000,0.23,207335522112
2016-10-28,42450,-1.28,95817905050
2016-10-31,41000,-3.42,136815270850
2016-11-01,42000,2.44,132957689150
2016-11-02,41000,-2.38,115327282400
2016-11-03,41150,0.37,106289352450
2016-11-04,41200,0.12,107062186650
2016-11-07,41500,0.73,84599075000
2016-11-08,41500,0.0,78310426900
2016-11-09,39650,-4.46,231022054400
2016-11-10,41000,3.4,102926706950
2016-11-11,39850,-2.8,118380603300
2016-11-14,39700,-0.38,63439707050
2016-11-15,39700,0.0,81122979200
2016-11-16,40850,2.9,85707647250
2016-11-17,41900,2.57,99048794650
2016-11-18,42000,0.24,139965314970
2016-11-21,40750,-2.98,77739121450
2016-11-22,42700,4.79,139712335100
2016-11-23,43050,0.82,175818207261
2016-11-24,42650,-0.93,77021409850
2016-11-25,42600,-0.12,56728069750
2016-11-28,42600,0.0,64737740000
2016-11-29,42400,-0.47,75305517050
2016-11-30,42900,1.18,187137509500
2016-12-01,44200,3.03,153722631725
2016-12-02,44400,0.45,186230428125
2016-12-05,44400,0.0,75593954350
2016-12-06,45200,1.8,140049383300
2016-12-07,45250,0.11,90333482150
2016-12-08,46250,2.21,153631267750
2016-12-09,45500,-1.62,137771228250
2016-12-12,45300,-0.44,65348111732
2016-12-13,44950,-0.77,82213098100
2016-12-14,45850,2.0,92037836750
2016-12-15,45600,-0.55,83216786950
2016-12-16,46400,1.75,97050029200
2016-12-19,45150,-2.69,90996663400
2016-12-20,45150,0.0,50221438750
2016-12-21,45000,-0.33,75459948900
2016-12-22,45500,1.11,185843972475
2016-12-23,46300,1.76,137862626550
2016-12-26,45650,-1.4,73414513200
2016-12-27,45650,0.0,53721001850
2016-12-28,45350,-0.66,58862600300
2016-12-29,44700,-1.43,81023763700
2017-01-02,45800,2.46,70741238750
2017-01-03,47250,3.17,124284065200
2017-01-04,46500,-1.59,127044173975
2017-01-05,46950,0.97,112240246450
2017-01-06,48000,2.24,152264047279
2017-01-09,49550,3.23,191236382800
2017-01-10,49750,0.4,127213145450
2017-01-11,51600,3.72,223583642686
2017-01-12,50600,-1.94,256710131000
2017-01-13,50300,-0.59,211612764000
2017-01-16,49300,-1.99,245390500600
2017-01-17,49300,0.0,114604813700
2017-01-18,48850,-0.91,144988002700
2017-01-19,49600,1.54,115610934220
2017-01-20,49150,-0.91,96154281550
2017-01-23,50800,3.36,209753459500
2017-01-24,51600,1.57,177616900100
2017-01-25,51700,0.19,141446130200
2017-01-26,53300,3.09,239592036100
2017-01-31,53700,0.75,221428745900
2017-02-01,54000,0.56,152598833428
2017-02-02,52800,-2.22,185564141500
2017-02-03,53700,1.7,196279515060
2017-02-06,53700,0.0,102085693100
2017-02-07,53300,-0.74,129380654500
2017-02-08,54600,2.44,190289394500
2017-02-09,52700,-3.48,347819994300
2017-02-10,50000,-5.12,465448709400
2017-02-13,50700,1.4,208281404650
2017-02-14,48450,-4.44,422149431150
2017-02-15,47900,-1.14,418959476450
2017-02-16,49600,3.55,237306104600
2017-02-17,50400,1.61,249569939100
2017-02-20,49900,-0.99,113363337450
2017-02-21,50900,2.0,112329649650
2017-02-22,50600,-0.59,136898075004
2017-02-23,50200,-0.79,168173904308
2017-02-24,47500,-5.38,371299047500
2017-02-27,46000,-3.16,351359685600
2017-02-28,46700,1.52,262884029905
2017-03-02,47700,2.14,335246658975
2017-03-03,47100,-1.26,186640393450
2017-03-06,49350,4.78,246487961130
2017-03-07,48800,-1.11,167476335900
2017-03-08,48000,-1.64,179925820180
2017-03-09,48000,0.0,142837452701
2017-03-10,49200,2.5,188167881225
2017-03-13,51000,3.66,249891224300
2017-03-14,50300,-1.37,204683057400
2017-03-15,48800,-2.98,229711965700
2017-03-16,49150,0.72,169451585692
2017-03-17,46750,-4.88,381153216850
2017-03-20,47600,1.82,184851310550
2017-03-21,47550,-0.11,177516360850
2017-03-22,48650,2.31,200269780660
2017-03-23,48450,-0.41,120261459150
2017-03-24,49500,2.17,257342312200
2017-03-27,50700,2.42,283731732750
2017-03-28,50800,0.2,144900640600
2017-03-29,51300,0.98,213972694700
2017-03-30,50900,-0.78,111737846700
2017-03-31,50500,-0.79,135004692700
2017-04-03,51800,2.57,121772174100
2017-04-04,51000,-1.54,113279189400
2017-04-05,50300,-1.37,138832002302
2017-04-06,49400,-1.79,147941742500
2017-04-07,49800,0.81,130596375350
2017-04-10,49000,-1.61,89822690638
2017-04-11,48850,-0.31,116511682700
2017-04-12,49000,0.31,82702802525
2017-04-13,49750,1.53,117065730550
2017-04-14,49800,0.1,142925017950
2017-04-17,49200,-1.2,98909188600
2017-04-18,50200,2.03,94570762700
2017-04-19,49850,-0.7,79511141728
2017-04-20,51400,3.11,181798039362
2017-04-21,52000,1.17,199520369456
2017-04-24,52400,0.77,165871353900
2017-04-25,52400,0.0,276789790000
2017-04-26,53700,2.48,301324293700
2017-04-27,53600,-0.19,146919400400
2017-04-28,54000,0.75,192751131700
2017-05-02,55400,2.59,240956691700
2017-05-04,55900,0.9,154745815500
2017-05-08,56900,1.79,215785460500
2017-05-10,55600,-2.28,269366241500
2017-05-11,56400,1.44,196024200280
2017-05-12,55300,-1.95,128048287177
2017-05-15,55600,0.54,85739612600
2017-05-16,55300,-0.54,142368617400
2017-05-17,54700,-1.08,136384483800
2017-05-18,55700,1.83,190530143100
2017-05-19,54200,-2.69,156511803722
2017-05-22,56000,3.32,140824387200
2017-05-23,55100,-1.61,133653961100
2017-05-24,55800,1.27,130096705400
2017-05-25,55800,0.0,111865587400
2017-05-26,57100,2.33,178594395600
2017-05-29,57900,1.4,191428238700
2017-05-30,57400,-0.86,135611819000
2017-05-31,57000,-0.7,189595788500
2017-06-01,56400,-1.05,113246671800
2017-06-02,57100,1.24,141284324000
2017-06-05,56100,-1.75,142111903878
2017-06-07,56500,0.71,171074739646
2017-06-08,56700,0.35,223290006300
2017-06-09,58300,2.82,277059923500
2017-06-12,57500,-1.37,152098692600
2017-06-13,58800,2.26,198717312937
2017-06-14,59300,0.85,263819763800
2017-06-15,60600,2.19,273602192540
2017-06-16,60500,-0.17,238638756100
2017-06-19,62800,3.8,331926635700
2017-06-20,64000,1.91,421413493078
2017-06-21,64800,1.25,364462864342
2017-06-22,65000,0.31,326647334900
2017-06-23,65000,0.0,205414785800
2017-06-26,67500,3.85,234090652100
2017-06-27,69200,2.52,339377416500
2017-06-28,67200,-2.89,374804364000
2017-06-29,68500,1.93,251084109660
2017-06-30,67400,-1.61,217339950820
2017-07-03,66300,-1.63,248130896500
2017-07-04,65800,-0.75,190871324100
2017-07-05,68000,3.34,306513708200
2017-07-06,68100,0.15,276423779700
2017-07-07,66600,-2.2,217837386800
2017-07-10,67300,1.05,178451526600
2017-07-11,69000,2.53,217623977100
2017-07-12,68900,-0.14,238603607800
2017-07-13,70600,2.47,384125703900
2017-07-14,71100,0.71,209076118500
2017-07-17,71200,0.14,199067687800
2017-07-18,70800,-0.56,146851971332
2017-07-19,71000,0.28,141783535300
2017-07-20,71300,0.42,117296305900
2017-07-21,71200,-0.14,113487450900
2017-07-24,73000,2.53,260435962400
2017-07-25,70400,-3.56,430840972164
2017-07-26,66800,-5.11,655041950200
2017-07-27,68400,2.4,422605233366
2017-07-28,64600,-5.56,529573265800
2017-07-31,66000,2.17,311774802900
2017-08-01,65500,-0.76,245936661800
2017-08-02,68000,3.82,281334659600
2017-08-03,65500,-3.68,329494265976
2017-08-04,64000,-2.29,380105397900
2017-08-07,64100,0.16,226134605800
2017-08-08,66300,3.43,286946128300
2017-08-09,64200,-3.17,260752048900
2017-08-10,64400,0.31,286019027300
2017-08-11,61400,-4.66,412801666600
2017-08-14,65100,6.03,334543195300
2017-08-16,66100,1.54,314032027100
2017-08-17,66400,0.45,247917400340
2017-08-18,67000,0.9,208105563200
2017-08-21,67200,0.3,173291387300
2017-08-22,68200,1.49,150015610552
2017-08-23,68000,-0.29,209524243000
2017-08-24,68100,0.15,159209639300
2017-08-25,68400,0.44,126982371200
2017-08-28,67900,-0.73,124791532200
2017-08-29,67600,-0.44,199360919600
2017-08-30,68500,1.33,145004795000
2017-08-31,68600,0.15,141200636600
2017-09-01,68700,0.15,157969181488
2017-09-04,68100,-0.87,219539581900
2017-09-05,69900,2.64,279156781800
2017-09-06,71700,2.58,318561848900
2017-09-07,71400,-0.42,279598286736
2017-09-08,72600,1.68,207650216260
2017-09-11,73800,1.65,244932012900
2017-09-12,74700,1.22,273386494804
2017-09-13,75700,1.34,433948365750
2017-09-14,76800,1.45,257471560700
2017-09-15,77200,0.52,210049266400
2017-09-18,79700,3.24,289008021900
2017-09-19,79200,-0.63,312426840700
2017-09-20,80700,1.89,421787655200
2017-09-21,83100,2.97,572134656900
2017-09-22,83100,0.0,497295419530
2017-09-25,86300,3.85,397045175400
2017-09-26,82100,-4.87,918111660200
2017-09-27,82400,0.37,415283477312
2017-09-28,83200,0.97,404304807700
2017-09-29,82900,-0.36,297279924300
2017-10-10,88700,7.0,698272035600
2017-10-11,89100,0.45,489731597205
2017-10-12,88500,-0.67,382904043400
2017-10-13,86100,-2.71,528412085474
2017-10-16,84200,-2.21,588710801900
2017-10-17,83500,-0.83,577271089360
2017-10-18,80900,-3.11,737738341474
2017-10-19,79000,-2.35,613846154600
2017-10-20,81200,2.78,560456302827
2017-10-23,84700,4.31,449716044200
2017-10-24,81800,-3.42,431212540600
2017-10-25,81700,-0.12,318921663840
2017-10-26,78700,-3.67,602307366200
2017-10-27,78400,-0.38,691691985860
2017-10-30,79800,1.79,472310756400
2017-10-31,82200,3.01,538901554000
2017-11-01,85300,3.77,601022658680
2017-11-02,83400,-2.23,375220713300
2017-11-03,84400,1.2,337348445900
2017-11-06,83500,-1.07,261569393400
2017-11-07,82400,-1.32,247145977200
2017-11-08,83200,0.97,283884157100
2017-11-09,82400,-0.96,308429919200
2017-11-10,82000,-0.49,193577873500
2017-11-13,82300,0.37,243371458300
2017-11-14,83400,1.34,284025290605
2017-11-15,82000,-1.68,265091390700
2017-11-16,82500,0.61,250787561500
2017-11-17,83000,0.61,362775855395
2017-11-20,82100,-1.08,246424623100
2017-11-21,85000,3.53,466928386800
2017-11-22,86800,2.12,399212701900
2017-11-23,84700,-2.42,242064414800
2017-11-24,85100,0.47,175597705100
2017-11-27,83100,-2.35,593412377000
2017-11-28,82600,-0.6,335956958400
2017-11-29,82400,-0.24,199668865000
2017-11-30,76800,-6.8,873084585860
2017-12-01,77400,0.78,337025316000
2017-12-04,79100,2.2,321366491100
2017-12-05,77900,-1.52,291407231242
2017-12-06,77500,-0.51,307971185400
2017-12-07,76000,-1.94,395375589600
2017-12-08,78700,3.55,285431726000
2017-12-11,78700,0.0,196326959260
2017-12-12,77800,-1.14,291496663800
2017-12-13,76800,-1.29,267386058800
2017-12-14,76000,-1.04,425703238700
2017-12-15,75700,-0.39,257081381695
2017-12-18,77200,1.98,248538131200
2017-12-19,80200,3.89,540014323400
2017-12-20,80100,-0.12,353497856300
2017-12-21,77000,-3.87,375893627500
2017-12-22,76700,-0.39,259843230800
2017-12-26,74000,-3.52,470523261600
2017-12-27,75100,1.49,322814111000
2017-12-28,76500,1.86,215222986404
2018-01-02,76600,0.13,154679174100
2018-01-03,77700,1.44,241244828900
2018-01-04,77100,-0.77,293227509500
2018-01-05,79300,2.85,268302301700
2018-01-08,78200,-1.39,231534855000
2018-01-09,76900,-1.66,259263770300
2018-01-10,72900,-5.2,671241841100
2018-01-11,72600,-0.41,275483451450
2018-01-12,74400,2.48,413385561900
2018-01-15,72700,-2.28,258241437272
2018-01-16,74400,2.34,323575898300
2018-01-17,74100,-0.4,241695467200
2018-01-18,75200,1.48,469683363666
2018-01-19,73300,-2.53,287884493200
2018-01-22,71100,-3.0,400294139188
2018-01-23,71300,0.28,333271046211
2018-01-24,72400,1.54,275481490400
2018-01-25,75800,4.7,654080218300
2018-01-26,75500,-0.4,323615824500
2018-01-29,75300,-0.26,275120734900
2018-01-30,73100,-2.92,399864007386
2018-01-31,73500,0.55,426240525400
2018-02-01,74400,1.22,222343899000
2018-02-02,72200,-2.96,315331940400
2018-02-05,70200,-2.77,284978637300
2018-02-06,70200,0.0,394125867200
2018-02-07,71100,1.28,435868616638
2018-02-08,73900,3.94,409329218800
2018-02-09,73400,-0.68,375781382000
2018-02-12,74500,1.5,245892254816
2018-02-13,77700,4.3,601761797400
2018-02-14,77600,-0.13,308915315800
2018-02-19,76500,-1.42,257926778200
2018-02-20,75500,-1.31,189790114600
2018-02-21,76900,1.85,203359345800
2018-02-22,75900,-1.3,143485447500
2018-02-23,77300,1.84,185510056900
2018-02-26,77500,0.26,181117445600
2018-02-27,78700,1.55,267744080900
2018-02-28,76800,-2.41,240630478000
2018-03-02,77400,0.78,205504720300
2018-03-05,78300,1.16,267148137300
2018-03-06,82400,5.24,619123491100
2018-03-07,82700,0.36,415345418636
2018-03-08,83500,0.97,368775666200
2018-03-09,83300,-0.24,435692699900
2018-03-12,84900,1.92,232739645100
2018-03-13,90000,6.01,779442892676
2018-03-14,90700,0.78,535697608620
2018-03-15,89600,-1.21,368089805300
2018-03-16,89800,0.22,443288819100
2018-03-19,89900,0.11,338733400500
2018-03-20,89600,-0.33,274080832700
2018-03-21,88400,-1.34,261699794700
2018-03-22,88600,0.23,238879676005
2018-03-23,83100,-6.21,618805886356
2018-03-26,84000,1.08,506369596400
2018-03-27,81400,-3.1,590162643500
2018-03-28,80300,-1.35,388613925200
2018-03-29,80300,0.0,290922635000
2018-03-30,81300,1.25,302666319700
2018-04-02,81300,0.0,191645987026
2018-04-03,81800,0.62,285147652000
2018-04-04,80400,-1.71,240511936000
2018-04-05,82900,3.11,267910681625
2018-04-06,80300,-3.14,455070668100
2018-04-09,80600,0.37,259648599800
2018-04-10,80400,-0.25,234352272400
2018-04-11,81200,1.0,249613086540
2018-04-12,84000,3.45,480101483900
2018-04-13,84200,0.24,256894654900
2018-04-16,84000,-0.24,125115608548
2018-04-17,82800,-1.43,207410219800
2018-04-18,84600,2.17,285513064600
2018-04-19,87900,3.9,513551826600
2018-04-20,84400,-3.98,389375443600
2018-04-23,84400,0.0,252483827900
2018-04-24,82100,-2.73,555780178700
2018-04-25,82400,0.37,315689610800
2018-04-26,86500,4.98,648417132404
2018-04-27,87100,0.69,434696346800
2018-04-30,84500,-2.99,393799375115
2018-05-02,83100,-1.66,456705976211
2018-05-03,82900,-0.24,196480544350
2018-05-04,83000,0.12,224377596437
2018-05-08,83500,0.6,251643310000
2018-05-09,83400,-0.12,191564281800
2018-05-10,85800,2.88,279371930400
2018-05-11,86100,0.35,181614303400
2018-05-14,85400,-0.81,166897435100
2018-05-15,84600,-0.94,189446023200
2018-05-16,87000,2.84,262370966400
2018-05-17,86700,-0.34,249977892300
2018-05-18,87900,1.38,190404218000
2018-05-21,89100,1.37,289545162600
2018-05-23,95300,6.96,970733836900
2018-05-24,94600,-0.73,306757048500
2018-05-25,95200,0.63,397046637200
2018-05-28,94500,-0.74,236670587900
2018-05-29,94800,0.32,258238750800
2018-05-30,95000,0.21,358341610230
2018-05-31,93400,-1.68,560830087348
2018-06-01,91400,-2.14,435439684800
2018-06-04,89800,-1.75,285050047521
2018-06-05,91000,1.34,249932108800
2018-06-07,90900,-0.11,251659469200
2018-06-08,88400,-2.75,406697274000
2018-06-11,89200,0.9,226548729300
2018-06-12,88400,-0.9,166593786100
2018-06-14,86300,-2.38,404542255508
2018-06-15,87000,0.81,256441655364
2018-06-18,84000,-3.45,396093543200
2018-06-19,84100,0.12,324431586200
2018-06-20,87800,4.4,363766830550
2018-06-21,88500,0.8,290122368300
2018-06-22,89500,1.13,227612457900
2018-06-25,84800,-5.25,378252844300
2018-06-26,84300,-0.59,461841150814
2018-06-27,85200,1.07,325862490170
2018-06-28,83500,-2.0,319415630000
2018-06-29,85700,2.63,255024575500
2018-07-02,83700,-2.33,172154661200
2018-07-03,86100,2.87,241238760400
2018-07-04,85000,-1.28,235835060100
2018-07-05,86200,1.41,177451669100
2018-07-06,85300,-1.04,295457803550
2018-07-09,87600,2.7,183951205200
2018-07-10,87300,-0.34,175121743300
2018-07-11,86800,-0.57,176787327100
2018-07-12,85600,-1.38,260210470085
2018-07-13,88800,3.74,403597606800
2018-07-16,89300,0.56,167920787400
2018-07-17,88600,-0.78,140120405382
2018-07-18,89300,0.79,174195889600
2018-07-19,90300,1.12,216436808900
2018-07-20,87900,-2.66,328519209200
2018-07-23,81700,-7.05,588793840200
2018-07-24,83600,2.33,333477939400
2018-07-25,80500,-3.71,338890658900
2018-07-26,83100,3.23,509230565600
2018-07-27,86100,3.61,422783224800
2018-07-30,85900,-0.23,197795962600
2018-07-31,86300,0.47,240318801400
2018-08-01,85600,-0.81,193516661600
2018-08-02,83200,-2.8,283594511700
2018-08-03,83300,0.12,160825425800
2018-08-06,79400,-4.68,474806677400
2018-08-07,80700,1.64,264370508300
2018-08-08,79800,-1.12,226130554300
2018-08-09,78000,-2.26,437940147700
2018-08-10,75100,-3.72,511787735700
2018-08-13,75400,0.4,280618262985
2018-08-14,75900,0.66,243940354700
2018-08-16,74700,-1.58,410195136500
2018-08-17,74500,-0.27,197869068100
2018-08-20,74700,0.27,153321182900
2018-08-21,78400,4.95,435300685300
2018-08-22,79800,1.79,422644336400
2018-08-23,81100,1.63,263690430900
2018-08-24,81800,0.86,293497347800
2018-08-27,83500,2.08,254582534500
2018-08-28,82400,-1.32,371971745400
2018-08-29,82800,0.49,192500586620
2018-08-30,82700,-0.12,193642727000
2018-08-31,83000,0.36,190305297800
2018-09-03,80600,-2.89,212810467300
2018-09-04,81200,0.74,154443119600
2018-09-05,80000,-1.48,211172993100
2018-09-06,78800,-1.5,353117966300
2018-09-07,75900,-3.68,631127033500
2018-09-10,76500,0.79,318047153360
2018-09-11,76600,0.13,245897680400
2018-09-12,75100,-1.96,325308949615
2018-09-13,74500,-0.8,391077754756
2018-09-14,77700,4.3,318001235108
2018-09-17,77200,-0.64,174078548948
2018-09-18,78000,1.04,190007630572
2018-09-19,78800,1.03,229771515851
2018-09-20,79100,0.38,268695007700
2018-09-21,76700,-3.03,435679405900
2018-09-27,75000,-2.22,439298015100
2018-09-28,73100,-2.53,432567189665
2018-10-01,73700,0.82,219263720800
2018-10-02,71700,-2.71,296476306100
2018-10-04,70000,-2.37,407564848400
2018-10-05,70300,0.43,387223507828
2018-10-08,71200,1.28,203125709520
2018-10-10,70300,-1.26,292827905172
2018-10-11,69000,-1.85,341178322681
2018-10-12,72400,4.93,350547755500
2018-10-15,70300,-2.9,263149625164
2018-10-16,69700,-0.85,155030338800
2018-10-17,70400,1.0,187955766800
2018-10-18,68700,-2.41,196998334500
2018-10-19,70800,3.06,187609602300
2018-10-22,70000,-1.13,166750967550
2018-10-23,69100,-1.29,219820230304
2018-10-24,66700,-3.47,382389118800
2018-10-25,64700,-3.0,377922887455
2018-10-26,67000,3.55,404482375900
2018-10-29,66800,-0.3,282240749100
2018-10-30,68200,2.1,422638767500
2018-10-31,68200,0.0,347142985000
2018-11-01,68300,0.15,220677687560
2018-11-02,72600,6.3,379044040000
2018-11-05,70500,-2.89,239522513500
2018-11-06,70100,-0.57,182737193700
2018-11-07,70800,1.0,268229921900
2018-11-08,72900,2.97,286589728800
2018-11-09,72900,0.0,248274510800
2018-11-12,74500,2.19,244857875400
2018-11-13,71900,-3.49,335859747914
2018-11-14,70400,-2.09,196825283300
2018-11-15,71800,1.99,111117577600
2018-11-16,70100,-2.37,206073440300
2018-11-19,69800,-0.43,160209436900
2018-11-20,67500,-3.3,224462036950
2018-11-21,68100,0.89,209051981400
2018-11-22,69300,1.76,135868541400
2018-11-23,69300,0.0,103455071100
2018-11-26,70900,2.31,166558264300
2018-11-27,70800,-0.14,161437355900
2018-11-28,71900,1.55,174586802599
2018-11-29,71500,-0.56,236884886300
2018-11-30,69600,-2.66,290568707700
2018-12-03,70500,1.29,194484746897
2018-12-04,69000,-2.13,222470121500
2018-12-05,68200,-1.16,204662787308
2018-12-06,66000,-3.23,259458349330
2018-12-07,66800,1.21,173420398207
2018-12-10,65500,-1.95,143790359100
2018-12-11,64900,-0.92,160514206662
2018-12-12,66200,2.0,190428548724
2018-12-13,65500,-1.06,266371212900
2018-12-14,61800,-5.65,350130863800
2018-12-17,62200,0.65,155363002300
2018-12-18,61100,-1.77,189538152100
2018-12-19,60300,-1.31,214394949384
2018-12-20,58600,-2.82,286886618423
2018-12-21,60000,2.39,236398099100
2018-12-24,60400,0.67,126479855300
2018-12-26,60100,-0.5,147785954700
2018-12-27,61600,2.5,187156851900
2018-12-28,60500,-1.79,100586317600
2019-01-02,60600,0.17,117458798300
2019-01-03,57700,-4.79,195003280600
2019-01-04,58300,1.04,195335719400
2019-01-07,58700,0.69,134044079900
2019-01-08,59200,0.85,182102629700
2019-01-09,63600,7.43,306756728900
2019-01-10,65300,2.67,392382253980
2019-01-11,65100,-0.31,187777388200
2019-01-14,62100,-4.61,206235691400
2019-01-15,64000,3.06,152553529100
2019-01-16,64800,1.25,158653260800
2019-01-17,64900,0.15,184779231112
2019-01-18,64600,-0.46,145715624650
2019-01-21,67000,3.72,262811234700
2019-01-22,66600,-0.6,269605437400
2019-01-23,66800,0.3,187011687600
2019-01-24,70500,5.54,478710394200
2019-01-25,74600,5.82,523277130986
2019-01-28,71800,-3.75,363934670100
2019-01-29,73400,2.23,243423241200
2019-01-30,75900,3.41,398381201236
2019-01-31,73900,-2.64,333396826950
2019-02-01,75900,2.71,253945506700
2019-02-07,76700,1.05,328992180800
2019-02-08,73500,-4.17,296341813700
2019-02-11,74100,0.82,247056156200
2019-02-12,75900,2.43,266900281990
2019-02-13,76200,0.4,182321407022
2019-02-14,77400,1.57,177069899400
2019-02-15,73800,-4.65,310263028540
2019-02-18,74700,1.22,132308894800
2019-02-19,73700,-1.34,108018207300
2019-02-20,75700,2.71,235673827900
2019-02-21,76700,1.32,219185131100
2019-02-22,76700,0.0,142868940800
2019-02-25,75400,-1.69,217057499100
2019-02-26,75200,-0.27,186162296000
2019-02-27,73700,-1.99,212669839200
2019-02-28,70000,-5.02,555872886528
2019-03-04,70100,0.14,347613698900
2019-03-05,69700,-0.57,239905751100
2019-03-06,68100,-2.3,337546057000
2019-03-07,68100,0.0,231244259500
2019-03-08,66700,-2.06,238709879100
2019-03-11,66600,-0.15,192102682500
2019-03-12,67700,1.65,187094466500
2019-03-13,66800,-1.33,189893294200
2019-03-14,67300,0.75,208061008300
2019-03-15,68100,1.19,248338899400
2019-03-18,67800,-0.44,147003130300
2019-03-19,68000,0.29,154076063100
2019-03-20,70500,3.68,251480897910
2019-03-21,75900,7.66,747350585250
2019-03-22,76100,0.26,407513835100
2019-03-25,72900,-4.2,274998541700
2019-03-26,72700,-0.27,216321930100
2019-03-27,73400,0.96,200493158500
2019-03-28,72300,-1.5,201485730800
2019-03-29,74200,2.63,237521880600
2019-04-01,76600,3.23,273797653100
2019-04-02,76400,-0.26,209408682000
2019-04-03,79900,4.58,366128554200
2019-04-04,78400,-1.88,433083065400
2019-04-05,79000,0.77,172626248800
2019-04-08,77900,-1.39,208215353200
2019-04-09,77800,-0.13,181154774600
2019-04-10,78600,1.03,208606406050
2019-04-11,78400,-0.25,205682995800
2019-04-12,78100,-0.38,180753009950
2019-04-15,79700,2.05,160595521600
2019-04-16,80400,0.88,176847664600
2019-04-17,80200,-0.25,233930030600
2019-04-18,79200,-1.25,262299718100
2019-04-19,81800,3.28,248303994300
2019-04-22,80500,-1.59,152272668800
2019-04-23,81000,0.62,144167458100
2019-04-24,78500,-3.09,419931562900
2019-04-25,80200,2.17,448430949700
2019-04-26,78600,-2.0,407123038190
2019-04-29,80000,1.78,237185391000
2019-04-30,79000,-1.25,234229762800
2019-05-02,80700,2.15,249273521200
2019-05-03,80400,-0.37,200277469300
2019-05-07,79900,-0.62,214873218154
2019-05-08,80300,0.5,217328393240
2019-05-09,76000,-5.35,456492298302
2019-05-10,74400,-2.11,427347721031
2019-05-13,73500,-1.21,226331131000
2019-05-14,74600,1.5,273538471100
2019-05-15,74500,-0.13,153468950500
2019-05-16,71900,-3.49,253183969000
2019-05-17,71600,-0.42,174457436000
2019-05-20,70900,-0.98,141289659600
2019-05-21,70300,-0.85,275609710900
2019-05-22,68900,-1.99,216749054670
2019-05-23,68000,-1.31,211487699400
2019-05-24,67600,-0.59,226125147669
2019-05-27,66900,-1.04,148461247500
2019-05-28,65900,-1.49,798360749200
2019-05-29,66100,0.3,398147731712
2019-05-30,65900,-0.3,200326790700
2019-05-31,65300,-0.91,209941258753
2019-06-03,66600,1.99,266028146700
2019-06-04,65100,-2.25,189932884900
2019-06-05,65100,0.0,320293658798
2019-06-07,65400,0.46,153808992600
2019-06-10,66800,2.14,205706008000
2019-06-11,67200,0.6,163287108800
2019-06-12,65700,-2.23,161331847200
2019-06-13,63500,-3.35,379232731504
2019-06-14,63100,-0.63,232819839250
2019-06-17,63700,0.95,154347035100
2019-06-18,63400,-0.47,98635878200
2019-06-19,67200,5.99,412795317830
2019-06-20,67300,0.15,185584184804
2019-06-21,65900,-2.08,159417973300
2019-06-24,66900,1.52,144645726600
2019-06-25,66700,-0.3,125192519500
2019-06-26,68900,3.3,345732869800
2019-06-27,70200,1.89,378736507000
2019-06-28,69500,-1.0,216061459100
2019-07-01,70000,0.72,248752674550
2019-07-02,71400,2.0,176911763000
2019-07-03,69100,-3.22,194918970089
2019-07-04,70200,1.59,105265215500
2019-07-05,68400,-2.56,141544031200
2019-07-08,67400,-1.46,147694307100
2019-07-09,69800,3.56,202365830400
2019-07-10,72900,4.44,315159435000
2019-07-11,75500,3.57,383039983000
2019-07-12,74700,-1.06,197951400200
2019-07-15,76200,2.01,160334061800
2019-07-16,76100,-0.13,185619803200
2019-07-17,74600,-1.97,209525879500
2019-07-18,74700,0.13,141642593800
2019-07-19,76800,2.81,201127777100
2019-07-22,78400,2.08,251713162100
2019-07-23,78800,0.51,383957744400
2019-07-24,77600,-1.52,279730793800
2019-07-25,79200,2.06,314226109000
2019-07-26,79800,0.76,245515357600
2019-07-29,77000,-3.51,203418061600
2019-07-30,78900,2.47,187185218910
2019-07-31,76900,-2.53,285714724200
2019-08-01,77700,1.04,262933881300
2019-08-02,76100,-2.06,367221461038
2019-08-05,75400,-0.92,217838918400
2019-08-06,72000,-4.51,365427260900
2019-08-07,73300,1.81,197411483500
2019-08-08,72300,-1.36,215237652800
2019-08-09,73300,1.38,154085880841
2019-08-12,74500,1.64,93432443400
2019-08-13,74500,0.0,96996878400
2019-08-14,76900,3.22,197482912100
2019-08-16,76400,-0.65,152870442255
2019-08-19,75100,-1.7,120483841100
2019-08-20,76400,1.73,128501417725
2019-08-21,75800,-0.79,144342895100
2019-08-22,73800,-2.64,172135840800
2019-08-23,74400,0.81,126320918800
2019-08-26,71800,-3.49,190587825900
2019-08-27,73000,1.67,183547941200
2019-08-28,73300,0.41,101235281521
2019-08-29,73300,0.0,149746131400
2019-08-30,77400,5.59,294972182272
2019-09-02,77600,0.26,110866351904
2019-09-03,77000,-0.77,124040787300
2019-09-04,80000,3.9,216383067056
2019-09-05,83000,3.75,334886240800
2019-09-06,81900,-1.33,199195179100
2019-09-09,84300,2.93,221935933992
2019-09-10,83100,-1.42,146465624530
2019-09-11,82600,-0.6,301126465800
2019-09-16,79500,-3.75,413672614725
2019-09-17,79400,-0.13,202136524890
2019-09-18,80200,1.01,217076699994
2019-09-19,82700,3.12,296218713239
2019-09-20,82200,-0.6,202141701377
2019-09-23,82800,0.73,116783864183
2019-09-24,83400,0.72,137666395000
2019-09-25,81900,-1.8,134929295000
2019-09-26,83300,1.71,144294540000
2019-09-27,81400,-2.28,212449788024
2019-09-30,82200,0.98,200012415300
2019-10-01,82000,-0.24,194331548126
2019-10-02,79500,-3.05,175305316400
2019-10-04,80300,1.01,195629764950
2019-10-07,80300,0.0,98747080400
2019-10-08,80900,0.75,145882785576
2019-10-10,79000,-2.35,346429615200
2019-10-11,80000,1.27,174973779550
2019-10-14,80500,0.63,160171890750
2019-10-15,81200,0.87,123129234700
2019-10-16,82400,1.48,200629893500
2019-10-17,81000,-1.7,138922895900
2019-10-18,77400,-4.44,1060859322100
2019-10-21,77500,0.13,162948717500
2019-10-22,79100,2.06,272536226700
2019-10-23,77700,-1.77,411735900300
2019-10-24,80000,2.96,244841677000
2019-10-25,82900,3.63,348044170065
2019-10-28,82900,0.0,164541992400
2019-10-29,83000,0.12,137163424500
2019-10-30,81500,-1.81,157792413100
2019-10-31,82000,0.61,163449040200
2019-11-01,83100,1.34,152594333050
2019-11-04,84700,1.93,184780044800
2019-11-05,85100,0.47,166221898920
2019-11-06,83500,-1.88,179156269777
2019-11-07,83600,0.12,133259685800
2019-11-08,82300,-1.56,171211260930
2019-11-11,81300,-1.22,176687303200
2019-11-12,83200,2.34,128262360000
2019-11-13,83400,0.24,113968635388
2019-11-14,83400,0.0,126423173100
2019-11-15,85200,2.16,203013766200
2019-11-18,85500,0.35,156442454450
2019-11-19,85300,-0.23,193081266800
2019-11-20,82700,-3.05,277651346800
2019-11-21,80900,-2.18,271077068200
2019-11-22,81700,0.99,170585265600
2019-11-25,81700,0.0,213925218900
2019-11-26,82300,0.73,374086444700
2019-11-27,82700,0.49,109634701500
2019-11-28,82800,0.12,117686527100
2019-11-29,80900,-2.29,173799273000
2019-12-02,80500,-0.49,157474799890
2019-12-03,78700,-2.24,901427126176
2019-12-04,77700,-1.27,478302862875
2019-12-05,78800,1.42,289220630750
2019-12-06,80600,2.28,245159604796
2019-12-09,80700,0.12,185932100100
2019-12-10,80700,0.0,147169033500
2019-12-11,80600,-0.12,162019263700
2019-12-12,83400,3.47,435755313568
2019-12-13,87900,5.4,509017661500
2019-12-16,88600,0.8,234531281100
2019-12-17,92800,4.74,466466873700
2019-12-18,93000,0.22,319636559963
2019-12-19,93600,0.65,468204781728
2019-12-20,95000,1.5,264091139500
2019-12-23,94600,-0.42,162845300100
2019-12-24,93800,-0.85,138254125000
2019-12-26,94800,1.07,147464169900
2019-12-27,96000,1.27,214051531400
2019-12-30,94100,-1.98,176605784000
2020-01-02,94700,0.64,222841408700
2020-01-03,94500,-0.21,289547983400
2020-01-06,94300,-0.21,243272130100
2020-01-07,94000,-0.32,235238505600
2020-01-08,97400,3.62,683275806400
2020-01-09,99000,1.64,352618254100
2020-01-10,98900,-0.1,283434637578
2020-01-13,100500,1.62,222839393700
2020-01-14,100500,0.0,295668466900
2020-01-15,98200,-2.29,270372321400
2020-01-16,99200,1.02,277740736700
2020-01-17,99000,-0.2,224263648700
2020-01-20,99900,0.91,178632950800
2020-01-21,99300,-0.6,147839625650
2020-01-22,101000,1.71,226671660200
2020-01-23,98700,-2.28,275743291116
2020-01-28,96300,-2.43,348138741600
2020-01-29,97900,1.66,268775657800
2020-01-30,94000,-3.98,307740532800
2020-01-31,93500,-0.53,437668470967
2020-02-03,94700,1.28,349297577165
2020-02-04,97100,2.53,305409135550
2020-02-05,97700,0.62,285265098200
2020-02-06,100500,2.87,284679342800
2020-02-07,99300,-1.19,181411610600
2020-02-10,98800,-0.5,179314948100
2020-02-11,99800,1.01,181889222300
2020-02-12,100000,0.2,261388375700
2020-02-13,102000,2.0,360061639000
2020-02-14,104500,2.45,196317446500
2020-02-17,105000,0.48,125043016000
2020-02-18,102000,-2.86,285910042510
2020-02-19,103500,1.47,237343921813
2020-02-20,104000,0.48,322602810500
2020-02-21,103000,-0.96,417997903622
2020-02-24,99500,-3.4,553105215750
2020-02-25,98000,-1.51,642885853650
2020-02-26,94600,-3.47,607674362200
2020-02-27,92800,-1.9,415950598516
2020-02-28,87900,-5.28,730619364864
2020-03-02,92100,4.78,570845182500
2020-03-03,92800,0.76,524304568800
2020-03-04,94300,1.62,468285374400
2020-03-05,94900,0.64,381457640000
2020-03-06,92600,-2.42,304717451900
2020-03-09,86900,-6.16,544548246500
2020-03-10,89100,2.53,580356642350
2020-03-11,85500,-4.04,452031290600
2020-03-12,82800,-3.16,675100578672
2020-03-13,82500,-0.36,651864081500
2020-03-16,80600,-2.3,420941604000
2020-03-17,80400,-0.25,569068819100
2020-03-18,73100,-9.08,623664695334
2020-03-19,69000,-5.61,779503807600
2020-03-20,74800,8.41,641208325400
2020-03-23,69400,-7.22,571262544100
2020-03-24,78700,13.4,548981912800
2020-03-25,84500,7.37,723676328900
2020-03-26,80700,-4.5,665668652900
2020-03-27,83300,3.22,673273497500
2020-03-30,83700,0.48,433405493300
2020-03-31,83300,-0.48,446475912600
2020-04-01,78400,-5.88,552936384600
2020-04-02,80000,2.04,423908686500
2020-04-03,79600,-0.5,299316905200
2020-04-06,83100,4.4,472063035650
2020-04-07,85800,3.25,529030193466
2020-04-08,84500,-1.52,320975559100
2020-04-09,85000,0.59,303325533115
2020-04-10,84100,-1.06,307149070600
2020-04-13,81400,-3.21,295668237500
2020-04-14,82300,1.11,276219167400
2020-04-16,81300,-1.22,363739453100
2020-04-17,84100,3.44,525538253400
2020-04-20,82000,-2.5,415413055400
2020-04-21,81300,-0.85,412144588000
2020-04-22,83900,3.2,438225875923
2020-04-23,82600,-1.55,542404167500
2020-04-24,81400,-1.45,260273777200
2020-04-27,82600,1.47,266705549100
2020-04-28,83400,0.97,266768527800
2020-04-29,83700,0.36,315313111200
2020-05-04,81000,-3.23,430739726900
2020-05-06,82400,1.73,274199173244
2020-05-07,82400,0.0,220302375800
2020-05-08,85000,3.16,425646243900
2020-05-11,84500,-0.59,236843648850
2020-05-12,85700,1.42,303812954200
2020-05-13,83600,-2.45,448167261677
2020-05-14,80600,-3.59,520451344900
2020-05-15,81900,1.61,339736705600
2020-05-18,81100,-0.98,426512754530
2020-05-19,82700,1.97,381008846900
2020-05-20,84100,1.69,327323761395
2020-05-21,83400,-0.83,224639563000
2020-05-22,81300,-2.52,283592909300
2020-05-25,81400,0.12,230731969000
2020-05-26,81900,0.61,247709750400
2020-05-27,81400,-0.61,240865818990
2020-05-28,83900,3.07,776596090592
2020-05-29,81500,-2.86,557500644200
2020-06-01,83600,2.58,349710396100
2020-06-02,83300,-0.36,258791969450
2020-06-03,88700,6.48,1012026187762
2020-06-04,87700,-1.13,595240770900
2020-06-05,90400,3.08,358740057800
2020-06-08,91000,0.66,346478342640
2020-06-09,89800,-1.32,307723476800
2020-06-10,90800,1.11,275007902100
2020-06-11,88500,-2.53,485630048000
2020-06-12,85200,-3.73,403883993200
2020-06-15,82000,-3.76,396586356900
2020-06-16,85400,4.15,297336837700
2020-06-17,86800,1.64,356040819900
2020-06-18,86200,-0.69,214033924700
2020-06-19,85400,-0.93,274017470400
2020-06-22,84900,-0.59,184277657069
2020-06-23,84100,-0.94,250909342994
2020-06-24,86000,2.26,351579333300
2020-06-25,84300,-1.98,287640892200
2020-06-26,84600,0.36,246139912200
2020-06-29,83600,-1.18,246769859800
2020-06-30,85100,1.79,430210457400
2020-07-01,85300,0.24,204996625700
2020-07-02,84400,-1.06,278230270900
2020-07-03,85400,1.18,186505562700
2020-07-06,86000,0.7,221380002600
2020-07-07,84800,-1.4,273456680600
2020-07-08,83700,-1.3,295860393700
2020-07-09,83000,-0.84,333613553000
2020-07-10,82800,-0.24,182243451800
2020-07-13,83000,0.24,172499797800
2020-07-14,82900,-0.12,168607198500
2020-07-15,83000,0.12,251923987700
2020-07-16,82700,-0.36,191183881500
2020-07-17,82900,0.24,131040661300
2020-07-20,82200,-0.84,165380599100
2020-07-21,84100,2.31,351360291700
2020-07-22,83200,-1.07,239611385215
2020-07-23,82400,-0.96,297728783200
2020-07-24,83700,1.58,304393422600
2020-07-27,82800,-1.08,231629150440
2020-07-28,83100,0.36,378147743500
2020-07-29,83200,0.12,309547939100
2020-07-30,85300,2.52,581215886250
2020-07-31,82800,-2.93,405626780500
2020-08-03,81800,-1.21,285292645200
2020-08-04,81600,-0.24,245898247600
2020-08-05,80700,-1.1,366305427151
2020-08-06,81100,0.5,275352872316
2020-08-07,80600,-0.62,397344111700
2020-08-10,81400,0.99,265033012100
2020-08-11,81300,-0.12,263787032800
2020-08-12,81000,-0.37,289641970965
2020-08-13,80700,-0.37,328483224600
2020-08-14,80200,-0.62,207896270700
2020-08-18,78100,-2.62,391556333215
2020-08-19,75000,-3.97,609790999800
2020-08-20,71800,-4.27,525176256700
2020-08-21,74500,3.76,573840629600
2020-08-24,75500,1.34,326758783800
2020-08-25,77000,1.99,266311133590
2020-08-26,78800,2.34,371645530948
2020-08-27,79100,0.38,335794412800
2020-08-28,77800,-1.64,196420844304
2020-08-31,75100,-3.47,388582174600
2020-09-01,75200,0.13,191845520800
2020-09-02,75500,0.4,178744172820
2020-09-03,78700,4.24,551333914770
2020-09-04,78700,0.0,357748053900
2020-09-07,78400,-0.38,218349968500
2020-09-08,79400,1.28,267736731800
2020-09-09,77300,-2.64,305036735025
2020-09-10,76600,-0.91,272690710300
2020-09-11,78400,2.35,219991757400
2020-09-14,80000,2.04,326791141400
2020-09-15,81900,2.38,481035213300
2020-09-16,81500,-0.49,253675146400
2020-09-17,82200,0.86,332692384768
2020-09-18,83700,1.82,432538562400
2020-09-21,84500,0.96,346936913500
2020-09-22,81300,-3.79,340340683784
2020-09-23,83600,2.83,367169323600
2020-09-24,84300,0.84,541562339800
2020-09-25,82900,-1.66,268532032600
2020-09-28,82500,-0.48,259586124900
2020-09-29,84000,1.82,396447085300
2020-10-05,83200,-0.95,282884127576
2020-10-06,83000,-0.24,228785586609
2020-10-07,83400,0.48,187490033150
2020-10-08,82900,-0.6,277459883800
2020-10-12,85500,3.14,379388682000
2020-10-13,88200,3.16,553188776354
2020-10-14,86500,-1.93,281533136850
2020-10-15,87100,0.69,242746343700
2020-10-16,85300,-2.07,209686982700
2020-10-19,86700,1.64,274650442600
2020-10-20,85200,-1.73,567966165400
2020-10-21,83800,-1.64,414313821100
2020-10-22,83300,-0.6,215562088236
2020-10-23,83900,0.72,218627671300
2020-10-26,83200,-0.83,139286481800
2020-10-27,82600,-0.72,187252358800
2020-10-28,82900,0.36,146796077400
2020-10-29,81700,-1.45,214752630200
2020-10-30,79900,-2.2,219064698950
2020-11-02,79600,-0.38,159651019600
2020-11-03,81400,2.26,166103818500
2020-11-04,83200,2.21,313471937300
2020-11-05,86100,3.49,348613876600
2020-11-06,86300,0.23,247944677300
2020-11-09,86000,-0.35,211176309559
2020-11-10,86500,0.58,246334269000
2020-11-11,87000,0.58,229019677500
2020-11-12,88100,1.26,351888492600
2020-11-13,89700,1.82,337060042300
2020-11-16,98000,9.25,885204121740
2020-11-17,98100,0.1,513426181370
2020-11-18,98000,-0.1,366662518288
2020-11-19,98200,0.2,269481229700
2020-11-20,96800,-1.43,236121198500
2020-11-23,100000,3.31,413915943700
2020-11-24,98600,-1.4,375181810246
2020-11-25,97200,-1.42,400555988900
2020-11-26,99400,2.26,288277274800
2020-11-27,98800,-0.6,195380321200
2020-11-30,97500,-1.32,379627794667
2020-12-01,100500,3.08,446056404700
2020-12-02,109000,8.46,803615355500
2020-12-03,111500,2.29,735573889408
2020-12-04,115000,3.14,958024798000
2020-12-07,118000,2.61,613379321750
2020-12-08,115000,-2.54,524960729736
2020-12-09,120500,4.78,651044989000
2020-12-10,116500,-3.32,959915015500
2020-12-11,115500,-0.86,458289098500
2020-12-14,117000,1.3,359109177587
2020-12-15,117500,0.43,321349838500
2020-12-16,117500,0.0,260552844500
2020-12-17,119500,1.7,432269984000
2020-12-18,118500,-0.84,355947794780
2020-12-21,116000,-2.11,414706891903
2020-12-22,112500,-3.02,485295511328
2020-12-23,116000,3.11,363208092500
2020-12-24,118000,1.72,409772029000
2020-12-28,115500,-2.12,567198040500
2020-12-29,116000,0.43,488461750000
2020-12-30,118500,2.16,489962294500
2021-01-04,126000,6.33,994276505704
2021-01-05,130500,3.57,920710588023
2021-01-06,131000,0.38,1132130170500
2021-01-07,134500,2.67,810152555214
2021-01-08,138000,2.6,1181148895500
2021-01-11,133000,-3.62,1509734062000
2021-01-12,129000,-3.01,1121945369000
2021-01-13,133000,3.1,891281070500
2021-01-14,130500,-1.88,702426036508
2021-01-15,127500,-2.3,627291098793
2021-01-18,130000,1.96,758360216500
2021-01-19,130500,0.38,589182407500
2021-01-20,130500,0.0,649021375524
2021-01-21,131500,0.77,402667707500
2021-01-22,128500,-2.28,511059802500
2021-01-25,135000,5.06,675657932860
2021-01-26,129000,-4.44,816274767458
2021-01-27,128500,-0.39,656028088120
2021-01-28,123000,-4.28,774835802830
2021-01-29,122500,-0.41,921708206384
2021-02-01,125000,2.04,690136396500
2021-02-02,130000,4.0,633539068640
2021-02-03,130000,0.0,480587348500
2021-02-04,125000,-3.85,577965896500
2021-02-05,127500,2.0,441554489000
2021-02-08,125000,-1.96,363162815286
2021-02-09,125500,0.4,661250037500
2021-02-10,126000,0.4,535406551607
2021-02-15,132000,4.76,706594091200
2021-02-16,132500,0.38,425572619500
2021-02-17,130000,-1.89,468148482000
2021-02-18,126000,-3.08,481974907500
2021-02-19,133000,5.56,914800423000
2021-02-22,136500,2.63,1092811602500
2021-02-23,138500,1.47,873598454500
2021-02-24,136000,-1.81,1264050755000
2021-02-25,148500,9.19,1438187787500
2021-02-26,141500,-4.71,1535498840671
2021-03-02,144500,2.12,1365279622000
2021-03-03,147000,1.73,839569020500
2021-03-04,142000,-3.4,938397280000
2021-03-05,140000,-1.41,844271259500
2021-03-08,135500,-3.21,775259164000
2021-03-09,136500,0.74,1043442973500
2021-03-10,133000,-2.56,763400710000
2021-03-11,137000,3.01,918735821750
2021-03-12,140000,2.19,640529865500
2021-03-15,136500,-2.5,594535565128
2021-03-16,140500,2.93,461097954500
2021-03-17,140000,-0.36,361508821193
2021-03-18,142000,1.43,634074763962
2021-03-19,138000,-2.82,555490290001
2021-03-22,138000,0.0,377822972114
2021-03-23,135000,-2.17,523290811000
2021-03-24,133500,-1.11,517991222000
2021-03-25,133000,-0.37,550754976000
2021-03-26,135000,1.5,513429099500
2021-03-29,132000,-2.22,476795085000
2021-03-30,134500,1.89,443218978500
2021-03-31,132500,-1.49,441276843000
2021-04-01,140500,6.04,807748318500
2021-04-02,141000,0.36,485467791000
2021-04-05,143000,1.42,373549552500
2021-04-06,143000,0.0,540574718000
2021-04-07,143500,0.35,348944024000
2021-04-08,144000,0.35,543862222000
2021-04-09,140000,-2.78,464472291000
2021-04-12,137500,-1.79,534353588500
2021-04-13,139500,1.45,398264674500
2021-04-14,137000,-1.79,381902748000
2021-04-15,137500,0.36,315231075500
2021-04-16,137500,0.0,273899499636
2021-04-19,138000,0.36,263337076500
2021-04-20,138500,0.36,297980160500
2021-04-21,132500,-4.33,689155249952
2021-04-22,133000,0.38,402386612000
2021-04-23,132500,-0.38,633954956100
2021-04-26,131500,-0.75,381267205572
2021-04-27,135000,2.66,455614278000
2021-04-28,130000,-3.7,734187787360
2021-04-29,130000,0.0,487221837000
2021-04-30,128000,-1.54,506549397500
2021-05-03,131500,2.73,534203731108
2021-05-04,132000,0.38,333537768352
2021-05-06,129000,-2.27,543180636500
2021-05-07,129500,0.39,445020959500
2021-05-10,130000,0.39,398135275000
2021-05-11,123000,-5.38,1225765601800
2021-05-12,119500,-2.85,998375160153
2021-05-13,117500,-1.67,707490660500
2021-05-14,118500,0.85,383650636500
2021-05-17,117500,-0.84,367395250748
2021-05-18,121000,2.98,418341013500
2021-05-20,122500,1.24,562459757000
2021-05-21,122500,0.0,500739197500
2021-05-24,119500,-2.45,382902166000
2021-05-25,123000,2.93,397750334250
2021-05-26,123000,0.0,371449108512
2021-05-27,125500,2.03,565959868106
2021-05-28,125000,-0.4,292477328500
2021-05-31,127000,1.6,307757152500
2021-06-01,128500,1.18,361144242000
2021-06-02,126000,-1.95,366063591000
2021-06-03,129000,2.38,431738907500
2021-06-04,128500,-0.39,326224466000
2021-06-07,128500,0.0,330495929500
2021-06-08,127500,-0.78,530430765200
2021-06-09,122500,-3.92,753815327750
2021-06-10,123000,0.41,555657709500
2021-06-11,128000,4.07,616364167677
2021-06-14,127000,-0.78,256163790000
2021-06-15,128500,1.18,254015860000
2021-06-16,129500,0.78,243901543046
2021-06-17,126500,-2.32,268807728000
2021-06-18,124500,-1.58,314308082000
2021-06-21,122000,-2.01,398859617500
2021-06-22,122000,0.0,266501577312
2021-06-23,124000,1.64,333503792000
2021-06-24,126000,1.61,332400564000
2021-06-25,128500,1.98,324807842500
2021-06-28,126000,-1.95,305054504500
2021-06-29,125000,-0.79,278678507000
2021-06-30,127500,2.0,557285330300
2021-07-01,124500,-2.35,417469163256
2021-07-02,122500,-1.61,488166299825
2021-07-05,123000,0.41,201788320500
2021-07-06,125000,1.63,258715481000
2021-07-07,123500,-1.2,275048469500
2021-07-08,121500,-1.62,385948367500
2021-07-09,119500,-1.65,572864270909
2021-07-12,120000,0.42,298968546740
2021-07-13,123000,2.5,353148544500
2021-07-14,123500,0.41,300251945500
2021-07-15,123500,0.0,185185753500
2021-07-16,121500,-1.62,352105296000
2021-07-19,119000,-2.06,246069384100
2021-07-20,118500,-0.42,245208899000
2021-07-21,117000,-1.27,336751082000
2021-07-22,119500,2.14,229044298500
2021-07-23,118500,-0.84,206437390500
2021-07-26,117000,-1.27,216665648500
2021-07-27,116000,-0.85,341652828000
2021-07-28,114000,-1.72,686796711695
2021-07-29,114000,0.0,348087662000
2021-07-30,112500,-1.32,326825146865
2021-08-02,116000,3.11,492894553500
2021-08-03,120000,3.45,525012153500
2021-08-04,121000,0.83,506426204500
2021-08-05,120000,-0.83,417741836000
2021-08-06,118000,-1.67,261328264000
2021-08-09,116000,-1.69,321254510500
2021-08-10,112500,-3.02,611419233000
2021-08-11,105500,-6.22,1465523476250
2021-08-12,100500,-4.74,1936648003175
2021-08-13,101500,1.0,1163592210610
2021-08-17,101500,0.0,799844118050
2021-08-18,104000,2.46,833497118168
2021-08-19,102500,-1.44,635489333500
2021-08-20,102500,0.0,485591369000
2021-08-23,103000,0.49,470160531000
2021-08-24,105000,1.94,467564469000
2021-08-25,103500,-1.43,331965325500
2021-08-26,104000,0.48,387620188000
2021-08-27,103500,-0.48,360580367000
2021-08-30,103500,0.0,188840484000
2021-08-31,106500,2.9,520811866500
2021-09-01,108000,1.41,504301592000
2021-09-02,106500,-1.39,291366944000
2021-09-03,107000,0.47,268190741250
2021-09-06,106000,-0.93,200100469000
2021-09-07,104500,-1.42,266814694452
2021-09-08,106000,1.44,306049902100
2021-09-09,103000,-2.83,335548149250
2021-09-10,105000,1.94,208765953000
2021-09-13,106500,1.43,203945798000
2021-09-14,107500,0.94,265228954000
2021-09-15,107500,0.0,313065621522
2021-09-16,104000,-3.26,377545296500
2021-09-17,107000,2.88,359100724676
2021-09-23,105500,-1.4,264307905000
2021-09-24,104000,-1.42,234364730900
2021-09-27,104500,0.48,192456989015
2021-09-28,103500,-0.96,306328082384
2021-09-29,100000,-3.38,637439976900
2021-09-30,103000,3.0,398749751000
2021-10-01,100000,-2.91,270093983500
2021-10-05,97900,-2.1,317776292500
2021-10-06,96500,-1.43,272987613500
2021-10-07,95700,-0.83,367445240600
2021-10-08,94000,-1.78,386100145500
2021-10-12,91500,-2.66,434375175502
2021-10-13,92000,0.55,281114919200
2021-10-14,93800,1.96,225994882500
2021-10-15,98400,4.9,410989595150
2021-10-18,97100,-1.32,205541402600
2021-10-19,97700,0.62,136864553900
2021-10-20,97900,0.2,197390236450
2021-10-21,96300,-1.63,209285344950
2021-10-22,98500,2.28,192029886100
2021-10-25,100000,1.52,296226789100
2021-10-26,102000,2.0,354502370500
2021-10-27,101500,-0.49,293196594000
2021-10-28,106500,4.93,669797071750
2021-10-29,103000,-3.29,419885767028
2021-11-01,106500,3.4,329822915500
2021-11-02,107500,0.94,311461835500
2021-11-03,105500,-1.86,332050857750
2021-11-04,106000,0.47,220087063000
2021-11-05,107000,0.94,270381389476
2021-11-08,107500,0.47,234661886288
2021-11-09,109000,1.4,373692083000
2021-11-10,108500,-0.46,256342441500
2021-11-11,107500,-0.92,292597172000
2021-11-12,106500,-0.93,191349195500
2021-11-15,111000,4.23,520375013000
2021-11-16,112000,0.9,420122536000
2021-11-17,110500,-1.34,338946492000
2021-11-18,110000,-0.45,212341653500
2021-11-19,111500,1.36,258662968500
2021-11-22,119500,7.17,1166463215825
2021-11-23,119000,-0.42,578483844000
2021-11-24,119500,0.42,479194804000
2021-11-25,117500,-1.67,395199192000
2021-11-26,115500,-1.7,502130486360
2021-11-29,116000,0.43,514357620020
2021-11-30,114000,-1.72,861327494786
2021-12-01,116500,2.19,484482748500
2021-12-02,120000,3.0,831750593692
2021-12-03,118000,-1.67,537427299761
2021-12-06,118500,0.42,507851262000
2021-12-07,121500,2.53,617725173500
2021-12-08,120000,-1.23,752879680500
2021-12-09,123500,2.92,689409143200
2021-12-10,120500,-2.43,302355110093
2021-12-13,121500,0.83,408531347500
2021-12-14,121000,-0.41,266372613500
2021-12-15,123500,2.07,327764280000
2021-12-16,124000,0.4,479279591000
2021-12-17,122000,-1.61,468341839000
2021-12-20,120500,-1.23,346125412636
2021-12-21,124500,3.32,456218755750
2021-12-22,127000,2.01,485765542000
2021-12-23,127500,0.39,305473862500
2021-12-24,128000,0.39,317105459500
2021-12-27,126000,-1.56,341063850000
2021-12-28,127500,1.19,514250426500
2021-12-29,127000,-0.39,486662008000
2021-12-30,131000,3.15,679015510000
2022-01-03,128500,-1.91,490940041000
2022-01-04,128500,0.0,466570764500
2022-01-05,125500,-2.33,921467697500
2022-01-06,125000,-0.4,466796608500
2022-01-07,127000,1.6,417803212500
2022-01-10,124500,-1.97,428295041000
2022-01-11,128000,2.81,502323396739
2022-01-12,128500,0.39,455036905500
2022-01-13,129500,0.78,536433810500
2022-01-14,128500,-0.77,479418370000
2022-01-17,127000,-1.17,470158740000
2022-01-18,126500,-0.39,455389993500
2022-01-19,127000,0.4,517204557500
2022-01-20,125000,-1.57,677312323500
2022-01-21,119000,-4.8,774548223500
2022-01-24,119000,0.0,577393696500
2022-01-25,118000,-0.84,672613722109
2022-01-26,117500,-0.42,404643108500
2022-01-27,113500,-3.4,761226879000
2022-01-28,120500,6.17,568486717500
2022-02-03,124000,2.9,647974457000
2022-02-04,124500,0.4,379979452500
2022-02-07,123000,-1.2,583282342500
2022-02-08,125000,1.63,506437193000
2022-02-09,126000,0.8,548846549000
2022-02-10,129500,2.78,939935633500
2022-02-11,132000,1.93,795970823637
2022-02-14,132500,0.38,652422384500
2022-02-15,127000,-4.15,656447949000
2022-02-16,130500,2.76,459242437500
2022-02-17,133000,1.92,719950695198
2022-02-18,131500,-1.13,407714952500
2022-02-21,130000,-1.14,521940432500
2022-02-22,128500,-1.15,405764197000
2022-02-23,128500,0.0,353756696750
2022-02-24,122500,-4.67,709502116804
2022-02-25,123000,0.41,410516337000
2022-02-28,123500,0.41,395526449500
2022-03-02,125000,1.21,361484132000
2022-03-03,129000,3.2,396561962000
2022-03-04,124500,-3.49,406303906500
2022-03-07,119500,-4.02,623418762500
2022-03-08,118000,-1.26,427717571500
2022-03-10,120000,1.69,470385190000
2022-03-11,117000,-2.5,360482875000
2022-03-14,116000,-0.85,366557933000
2022-03-15,112500,-3.02,404689423000
2022-03-16,116500,3.56,431645677000
2022-03-17,124000,6.44,886591077500
2022-03-18,124000,0.0,552672916000
2022-03-21,122000,-1.61,419325638500
2022-03-22,123500,1.23,275489017000
2022-03-23,123500,0.0,502102130435
2022-03-24,120500,-2.43,507615750500
2022-03-25,118000,-2.07,657415420500
2022-03-28,118000,0.0,382155919000
2022-03-29,120000,1.69,403039899000
2022-03-30,121000,0.83,418424383000
2022-03-31,118000,-2.48,541078296000
2022-04-01,116000,-1.69,448384562000
2022-04-04,117000,0.86,286487173000
2022-04-05,116500,-0.43,245221124000
2022-04-06,113000,-3.0,515844891500
2022-04-07,113500,0.44,564777583500
2022-04-08,112000,-1.32,478158280000
2022-04-11,111500,-0.45,266927086000
2022-04-12,111000,-0.45,305373585500
2022-04-13,113000,1.8,278810904000
2022-04-14,110000,-2.65,522072911000
2022-04-15,108000,-1.82,397259250000
2022-04-18,109000,0.93,289567673000
2022-04-19,112500,3.21,337878469500
2022-04-20,112500,0.0,325207220500
2022-04-21,113000,0.44,364498039000
2022-04-22,110500,-2.21,261795079000
2022-04-25,108000,-2.26,247214177500
2022-04-26,111000,2.78,325299479000
2022-04-27,108500,-2.25,352792663045
2022-04-28,109500,0.92,305740621500
2022-04-29,112500,2.74,418644000000
2022-05-02,110500,-1.78,240458517500
2022-05-03,110000,-0.45,296292858500
2022-05-04,109500,-0.45,272895368240
2022-05-06,107500,-1.83,276060648705
2022-05-09,107500,0.0,237914727500
2022-05-10,110000,2.33,450008878000
2022-05-11,110500,0.45,404954668500
2022-05-12,109000,-1.36,453649533500
2022-05-13,112500,3.21,446418243500
2022-05-16,110500,-1.78,437751618500
2022-05-17,112500,1.81,230228679500
2022-05-18,113500,0.89,407130704500
2022-05-19,111000,-2.2,409121264500
2022-05-20,112500,1.35,269003284000
2022-05-23,113000,0.44,355053959000
2022-05-24,108500,-3.98,493006547000
2022-05-25,108000,-0.46,449253686500
2022-05-26,103000,-4.63,893078934000
2022-05-27,106000,2.91,390822023500
2022-05-30,107000,0.94,219413029151
2022-05-31,108000,0.93,431706106000
2022-06-02,107000,-0.93,330342100540
2022-06-03,107000,0.0,176160698000
2022-06-07,104000,-2.8,332407380500
2022-06-08,106000,1.92,326582976052
2022-06-09,105500,-0.47,491231766000
2022-06-10,103500,-1.9,358674454500
2022-06-13,99000,-4.35,412791154508
2022-06-14,99100,0.1,319154836100
2022-06-15,97900,-1.21,251800088000
2022-06-16,97400,-0.51,379577327900
2022-06-17,96400,-1.03,379777056285
2022-06-20,94500,-1.97,224647331300
2022-06-21,95200,0.74,256916587444
2022-06-22,92200,-3.15,326448858700
2022-06-23,90200,-2.17,362603763000
2022-06-24,91600,1.55,278278274300
2022-06-27,95000,3.71,322782387700
2022-06-28,95300,0.32,191563545550
2022-06-29,94000,-1.36,237096895400
2022-06-30,91000,-3.19,284596262600
2022-07-01,87500,-3.85,440689971812
2022-07-04,89100,1.83,382388292200
2022-07-05,92500,3.82,328065708900
2022-07-06,92100,-0.43,367383115600
2022-07-07,93900,1.95,313090153800
2022-07-08,94800,0.96,269081541900
2022-07-11,93700,-1.16,178083167400
2022-07-12,93300,-0.43,221641294600
2022-07-13,94000,0.75,258620343000
2022-07-14,94000,0.0,239956379900
2022-07-15,98700,5.0,434627155600
2022-07-18,101000,2.33,464011815400
2022-07-19,100000,-0.99,269911638800
2022-07-20,102000,2.0,406686893500
2022-07-21,102500,0.49,218487709000
2022-07-22,100000,-2.44,315391441000
2022-07-25,100000,0.0,219113615100
2022-07-26,100500,0.5,164328558800
2022-07-27,100000,-0.5,315123152800
2022-07-28,99400,-0.6,335356694300
2022-07-29,97900,-1.51,382602153100
2022-08-01,97100,-0.82,195150654462
2022-08-02,96500,-0.62,185073501100
2022-08-03,97500,1.04,165151135000
2022-08-04,97500,0.0,191399858800
2022-08-05,98500,1.03,201487221500
2022-08-08,96300,-2.23,308609577400
2022-08-09,95100,-1.25,299582643300
2022-08-10,91800,-3.47,401100880900
2022-08-11,93300,1.63,486250440600
2022-08-12,93300,0.0,178991479200
2022-08-16,96700,3.64,411907055726
2022-08-17,97100,0.41,170779402300
2022-08-18,95700,-1.44,180883903300
2022-08-19,96400,0.73,183002249900
2022-08-22,95200,-1.24,217611164989
2022-08-23,93600,-1.68,182136272000
2022-08-24,93200,-0.43,135255103300
2022-08-25,94100,0.97,204612857400
2022-08-26,95100,1.06,219965058400
2022-08-29,92500,-2.73,241961435200
2022-08-30,93200,0.76,148058566200
2022-08-31,95200,2.15,228286190480
2022-09-01,92400,-2.94,216798395700
2022-09-02,91700,-0.76,187983351400
2022-09-05,91100,-0.65,155580540800
2022-09-06,91800,0.77,127635016700
2022-09-07,90400,-1.53,185294122800
2022-09-08,90400,0.0,181857897400
2022-09-13,94800,4.87,307822983700
2022-09-14,93000,-1.9,225687228700
2022-09-15,92000,-1.08,161780125750
2022-09-16,91200,-0.87,202932180200
2022-09-19,90000,-1.32,187933896900
2022-09-20,88000,-2.22,377081451100
2022-09-21,88000,0.0,258367974050
2022-09-22,86000,-2.27,190097055600
2022-09-23,83500,-2.91,331082832100
2022-09-26,82500,-1.2,270406192400
2022-09-27,82000,-0.61,212481807800
2022-09-28,81200,-0.98,250759550200
2022-09-29,80800,-0.49,168860306500
2022-09-30,83100,2.85,389466671870
2022-10-04,86200,3.73,369025972586
2022-10-05,89800,4.18,529349727543
2022-10-06,89900,0.11,275694996677
2022-10-07,91200,1.45,280262013777
2022-10-11,90200,-1.1,344912165400
2022-10-12,94000,4.21,430456023300
2022-10-13,94900,0.96,413619747582
2022-10-14,95500,0.63,334828561464
2022-10-17,95200,-0.31,202198364600
2022-10-18,95800,0.63,249330141200
2022-10-19,92900,-3.03,344615733005
2022-10-20,90200,-2.91,409443868100
2022-10-21,90500,0.33,200305713600
2022-10-24,91800,1.44,199715515400
2022-10-25,93500,1.85,248751488800
2022-10-26,93900,0.43,313156219700
2022-10-27,90000,-4.15,417479104112
2022-10-28,83400,-7.33,658733740180
2022-10-31,82700,-0.84,524946910700
2022-11-01,83900,1.45,316973841612
2022-11-02,84500,0.72,215008401184
2022-11-03,82700,-2.13,240312463400
2022-11-04,84500,2.18,252333968000
2022-11-07,86500,2.37,238246097100
2022-11-08,87700,1.39,246892477700
2022-11-09,89200,1.71,231597454400
2022-11-10,89100,-0.11,345585623552
2022-11-11,93500,4.94,468889493882
2022-11-14,90900,-2.78,227841495800
2022-11-15,91600,0.77,224722829263
2022-11-16,91500,-0.11,238677656700
2022-11-17,87700,-4.15,323608613600
2022-11-18,88400,0.8,267105986700
2022-11-21,86300,-2.38,182763598700
2022-11-22,85200,-1.27,138259167400
2022-11-23,85200,0.0,126638514702
2022-11-24,86900,2.0,185804986018
2022-11-25,85100,-2.07,123372985900
2022-11-28,83100,-2.35,205831023300
2022-11-29,83700,0.72,125168335400
2022-11-30,85000,1.55,282110177452
2022-12-01,84700,-0.35,247276783100
2022-12-02,81900,-3.31,379357522580
2022-12-05,81000,-1.1,286141303500
2022-12-06,81000,0.0,223988414410
2022-12-07,78900,-2.59,284643046300
2022-12-08,78800,-0.13,300349172100
2022-12-09,81500,3.43,240904110800
2022-12-12,81100,-0.49,100209141200
2022-12-13,82300,1.48,225567255000
2022-12-14,81800,-0.61,192626410600
2022-12-15,80200,-1.96,137744973300
2022-12-16,78400,-2.24,300436871699
2022-12-19,79000,0.77,143667793100
2022-12-20,78300,-0.89,106598485400
2022-12-21,78000,-0.38,118631570500
2022-12-22,79200,1.54,162399818300
2022-12-23,77800,-1.77,120957863400
2022-12-26,77000,-1.03,109027729300
2022-12-27,77000,0.0,130482411200
2022-12-28,76000,-1.3,143606781400
2022-12-29,75000,-1.32,130328025000
2023-01-02,75700,0.93,104385549300
2023-01-03,75600,-0.13,203401949925
2023-01-04,81000,7.14,411463313200
2023-01-05,81400,0.49,287338025380
2023-01-06,83100,2.09,305364269050
2023-01-09,86000,3.49,336551433700
2023-01-10,86500,0.58,268141293128
2023-01-11,87300,0.92,269531771800
2023-01-12,86800,-0.57,265514341800
2023-01-13,85700,-1.27,177934277900
2023-01-16,85800,0.12,129809226600
2023-01-17,86000,0.23,136762882075
2023-01-18,85100,-1.05,127203930200
2023-01-19,85500,0.47,142678369200
2023-01-20,87600,2.46,207492408800
2023-01-25,91400,4.34,330045592500
2023-01-26,92300,0.98,212172234400
2023-01-27,91500,-0.87,234318676392
2023-01-30,90700,-0.87,235870829400
2023-01-31,88500,-2.43,458628061505
2023-02-01,91400,3.28,350718422181
2023-02-02,93400,2.19,408022126000
2023-02-03,92200,-1.28,269612957640
2023-02-06,89100,-3.36,254020949707
2023-02-07,90800,1.91,195573743700
2023-02-08,94900,4.52,371349774862
2023-02-09,94400,-0.53,255614856068
2023-02-10,93500,-0.95,185026575400
2023-02-13,90600,-3.1,286254901000
2023-02-14,93400,3.09,202966243344
2023-02-15,91700,-1.82,165824028298
2023-02-16,92900,1.31,167987099000
2023-02-17,92000,-0.97,155523968551
2023-02-20,92500,0.54,163772334670
2023-02-21,91200,-1.41,135024242700
2023-02-22,89100,-2.3,205245475100
2023-02-23,92700,4.04,336914485600
2023-02-24,91000,-1.83,230723303704
2023-02-27,90000,-1.1,169778834100
2023-02-28,89400,-0.67,186728994200
2023-03-02,88100,-1.45,243438501500
2023-03-03,87300,-0.91,196557947200
2023-03-06,89700,2.75,211094486100
2023-03-07,88900,-0.89,143989253400
2023-03-08,86800,-2.36,242544472500
2023-03-09,85600,-1.38,284818757400
2023-03-10,83300,-2.69,297865253747
2023-03-13,84300,1.2,239400949084
2023-03-14,81100,-3.8,274475371900
2023-03-15,79100,-2.47,430419363094
2023-03-16,79000,-0.13,379790459748
2023-03-17,84000,6.33,519703504600
2023-03-20,83700,-0.36,186420482200
2023-03-21,83600,-0.12,157972273100
2023-03-22,86900,3.95,228244628000
2023-03-23,88500,1.84,269658409250
2023-03-24,87300,-1.36,412119310916
2023-03-27,85500,-2.06,275196944500
2023-03-28,88400,3.39,277976981700
2023-03-29,86900,-1.7,267552516300
2023-03-30,88800,2.19,379967206900
2023-03-31,88600,-0.23,236686923700
2023-04-03,87200,-1.58,218381638252
2023-04-04,84500,-3.1,1412242302832
2023-04-05,84600,0.12,371991935300
2023-04-06,83800,-0.95,449826182292
2023-04-07,89100,6.32,959641473100
2023-04-10,90700,1.8,491625995414
2023-04-11,91800,1.21,456889153000
2023-04-12,90300,-1.63,430111356720
2023-04-13,88700,-1.77,436932206800
2023-04-14,89300,0.68,207696178100
2023-04-17,88500,-0.9,165629985700
2023-04-18,87600,-1.02,154881043900
2023-04-19,88200,0.68,177187049700
2023-04-20,87700,-0.57,152681563100
2023-04-21,89100,1.6,233579308586
2023-04-24,87200,-2.13,179772891700
2023-04-25,85500,-1.95,349602680716
2023-04-26,87400,2.22,283962551300
2023-04-27,88800,1.6,262133655500
2023-04-28,89500,0.79,336529892700
2023-05-02,90200,0.78,218065220180
2023-05-03,89800,-0.44,159433627400
2023-05-04,88700,-1.22,158558052768
2023-05-08,88700,0.0,231943383150
2023-05-09,87300,-1.58,200540635200
2023-05-10,86900,-0.46,186091132500
2023-05-11,86300,-0.69,242600516700
2023-05-12,87200,1.04,235793346200
2023-05-15,86400,-0.92,203420188900
2023-05-16,90400,4.63,460164236500
2023-05-17,91900,1.66,305490069300
2023-05-18,93600,1.85,324457640270
2023-05-19,97300,3.95,489879466873
2023-05-22,98200,0.92,418638683706
2023-05-23,97900,-0.31,241643643400
2023-05-24,97700,-0.2,203723251200
2023-05-25,103500,5.94,764750693200
2023-05-26,109200,5.51,1096927604183
2023-05-30,110300,1.01,1012143040580
2023-05-31,108600,-1.54,891972441357
2023-06-01,110300,1.57,600107176200
2023-06-02,110300,0.0,442052991272
2023-06-05,108700,-1.45,362112553050
2023-06-07,108000,-0.64,359648205100
2023-06-08,109700,1.57,473500652270
2023-06-09,115400,5.2,897664429420
2023-06-12,114800,-0.52,302316769200
2023-06-13,119500,4.09,740442624948
2023-06-14,118800,-0.59,384922433566
2023-06-15,119000,0.17,451452946944
2023-06-16,118900,-0.08,508120276437
2023-06-19,114800,-3.45,483981881685
2023-06-20,116100,1.13,383112262682
2023-06-21,115100,-0.86,316320273700
2023-06-22,114000,-0.96,298414032504
2023-06-23,113600,-0.35,338956196800
2023-06-26,113500,-0.09,377116260700
2023-06-27,113000,-0.44,404090106100
2023-06-28,114300,1.15,362174373750
2023-06-29,116200,1.66,509736175386
2023-06-30,115200,-0.86,307081354902
2023-07-03,117600,2.08,356161886500
2023-07-04,117900,0.26,234573794200
2023-07-05,116700,-1.02,290663446600
2023-07-06,113800,-2.49,395970292000
2023-07-07,111800,-1.76,311282060902
2023-07-10,110300,-1.34,352154449334
2023-07-11,113400,2.81,248007674800
2023-07-12,115400,1.76,254615105281
2023-07-13,114100,-1.13,392887316500
2023-07-14,118000,3.42,687446848948
2023-07-17,117200,-0.68,284032099050
2023-07-18,117800,0.51,271400686500
2023-07-19,117500,-0.25,303068840800
2023-07-20,116900,-0.51,227004934438
2023-07-21,115100,-1.54,314031040220
2023-07-24,114000,-0.96,314704114900
2023-07-25,113400,-0.53,302982468900
2023-07-26,113000,-0.35,566739174400
2023-07-27,124000,9.73,1166647511236
2023-07-28,128000,3.23,1099755965250
2023-07-31,123400,-3.59,577960118323
2023-08-01,125100,1.38,574494829200
2023-08-02,119500,-4.48,455931764700
2023-08-03,120000,0.42,417116021500
2023-08-04,120100,0.08,284120415050
2023-08-07,121900,1.5,457450449900
2023-08-08,118600,-2.71,326267254600
2023-08-09,118500,-0.08,302499781550
2023-08-10,118500,0.0,306466245506
2023-08-11,115300,-2.7,282468444795
2023-08-14,114900,-0.35,235064685900
2023-08-16,115800,0.78,451316677964
2023-08-17,114800,-0.86,349242618000
2023-08-18,117200,2.09,387654165904
2023-08-21,116400,-0.68,305368985600
2023-08-22,116500,0.09,394055967122
2023-08-23,116000,-0.43,296654594300
2023-08-24,120900,4.22,777700382800
2023-08-25,116500,-3.64,412064064200
2023-08-28,115900,-0.52,203166955500
2023-08-29,118600,2.33,318899240750
2023-08-30,119400,0.67,318483532000
2023-08-31,121800,2.01,536628688400
2023-09-01,120000,-1.48,349554847550
2023-09-04,119200,-0.67,410802524712
2023-09-05,119400,0.17,209186512876
2023-09-06,118200,-1.01,191335016200
2023-09-07,118500,0.25,354989251824
2023-09-08,113700,-4.05,564691269150
2023-09-11,115900,1.93,291666361832
2023-09-12,116700,0.69,318540598500
2023-09-13,118500,1.54,459528455530
2023-09-14,122200,3.12,477795104066
2023-09-15,122400,0.16,440233706194
2023-09-18,119000,-2.78,282705935000
2023-09-19,119200,0.17,230047588700
2023-09-20,118000,-1.01,262797287900
2023-09-21,116500,-1.27,364611621800
2023-09-22,117300,0.69,341101738500
2023-09-25,117000,-0.26,254825302750
2023-09-26,115000,-1.71,371320676412
2023-09-27,114700,-0.26,348466084800
2023-10-04,115400,0.61,510143127671
2023-10-05,120200,4.16,735305085666
2023-10-06,120400,0.17,499481029916
2023-10-10,119500,-0.75,680705683613
2023-10-11,119200,-0.25,522118015700
2023-10-12,124200,4.19,493611277500
2023-10-13,124700,0.4,399745331031
2023-10-16,124100,-0.48,372140441150
2023-10-17,130000,4.75,822684114450
2023-10-18,130000,0.0,616161822200
2023-10-19,125700,-3.31,643718268150
2023-10-20,126200,0.4,483128643650
2023-10-23,124000,-1.74,303454210200
2023-10-24,126800,2.26,351862314800
2023-10-25,127500,0.55,389851835500
2023-10-26,120000,-5.88,725185301091
2023-10-27,119100,-0.75,652149866016
2023-10-30,119100,0.0,336055843200
2023-10-31,116300,-2.35,372828957600
2023-11-01,120300,3.44,322935014000
2023-11-02,125300,4.16,465048294508
2023-11-03,125800,0.4,352479149000
2023-11-06,133000,5.72,905341125800
2023-11-07,130400,-1.95,647966157110
2023-11-08,127600,-2.15,429987206000
2023-11-09,128000,0.31,285946265000
2023-11-10,130500,1.95,344793091564
2023-11-13,131800,1.0,350143668600
2023-11-14,130000,-1.37,339259239200
2023-11-15,134100,3.15,483201236800
2023-11-16,132300,-1.34,324968349900
2023-11-17,129900,-1.81,317746118121
2023-11-20,131400,1.15,263071361900
2023-11-21,132000,0.46,323127569100
2023-11-22,131300,-0.53,277704556400
2023-11-23,130100,-0.91,239372172300
2023-11-24,128000,-1.61,248264485500
2023-11-27,130700,2.11,294264762162
2023-11-28,131400,0.54,335435847120
2023-11-29,130400,-0.76,289214020100
2023-11-30,133900,2.68,479403393700
2023-12-01,132600,-0.97,480440675249
2023-12-04,131100,-1.13,355855850505
2023-12-05,125900,-3.97,555494298000
2023-12-06,125600,-0.24,336768582237
2023-12-07,125600,0.0,313055554400
2023-12-08,127500,1.51,354950602000
2023-12-11,128900,1.1,475006760500
2023-12-12,131000,1.63,410229009236
2023-12-13,131200,0.15,375666911300
2023-12-14,136700,4.19,1118923106350
2023-12-15,140000,2.41,698129501600
2023-12-18,140000,0.0,355274996550
2023-12-19,138200,-1.29,320762801100
2023-12-20,140500,1.66,435406538900
2023-12-21,140500,0.0,380649944900
2023-12-22,140600,0.07,450429179000
2023-12-26,140900,0.21,315084165800
2023-12-27,140400,-0.35,327122137900
2023-12-28,141500,0.78,346316771700
2024-01-02,142400,0.64,304025996500
2024-01-03,136800,-3.93,449799956600
2024-01-04,136400,-0.29,364515557225
2024-01-05,137500,0.81,252186160000
2024-01-08,136000,-1.09,340752338000
2024-01-09,137400,1.03,480449816300
2024-01-10,133500,-2.84,504545182100
2024-01-11,136000,1.87,485469304242
2024-01-12,134100,-1.4,252938171800
2024-01-15,134100,0.0,249236618000
2024-01-16,132100,-1.49,485781577321
2024-01-17,131000,-0.83,502258110100
2024-01-18,136200,3.97,408810385400
2024-01-19,141300,3.74,692333153000
2024-01-22,142600,0.92,543785154385
2024-01-23,140800,-1.26,407777567000
2024-01-24,141500,0.5,359516598700
2024-01-25,137400,-2.9,655675468200
2024-01-26,136000,-1.02,445104947750
2024-01-29,135000,-0.74,313633464100
2024-01-30,136900,1.41,312515318400
2024-01-31,134700,-1.61,379897664200
2024-02-01,132700,-1.48,503287491300
2024-02-02,134900,1.66,497093939480
2024-02-05,132300,-1.93,440630936350
2024-02-06,138000,4.31,633972303800
2024-02-07,138000,0.0,460438179378
2024-02-08,142800,3.48,816463321850
2024-02-13,150000,5.04,1024935461040
2024-02-14,148700,-0.87,647226851600
2024-02-15,148700,0.0,533512289500
2024-02-16,146800,-1.28,481598717400
2024-02-19,151300,3.07,603119297000
2024-02-20,149600,-1.12,523749875488
2024-02-21,149000,-0.4,639564810500
2024-02-22,156500,5.03,924601274508
2024-02-23,161400,3.13,1142698765200
2024-02-26,161800,0.25,701539010939
2024-02-27,153800,-4.94,951985016400
2024-02-28,158000,2.73,576353149700
2024-02-29,156200,-1.14,530044185000
2024-03-04,166500,6.59,858856763500
2024-03-05,165800,-0.42,600616918100
2024-03-06,162900,-1.75,437195904300
2024-03-07,164900,1.23,499310409394
2024-03-08,171900,4.24,877328789422
2024-03-11,166600,-3.08,575360328400
2024-03-12,165700,-0.54,513176165205
2024-03-13,163600,-1.27,835588610374
2024-03-14,161900,-1.04,592440107700
2024-03-15,161200,-0.43,658493541600
2024-03-18,164300,1.92,438798567500
2024-03-19,160200,-2.5,662956945327
2024-03-20,156500,-2.31,893196442951
2024-03-21,170000,8.63,1539414423700
2024-03-22,169800,-0.12,921768181500
2024-03-25,169400,-0.24,585770629900
2024-03-26,176600,4.25,1156363933615
2024-03-27,181200,2.6,1044760621732
2024-03-28,178200,-1.66,616313637894
2024-03-29,183000,2.69,550258980100
2024-04-01,185500,1.37,508350180100
2024-04-02,186300,0.43,786802337600
2024-04-03,179200,-3.81,977144796396
2024-04-04,188000,4.91,997149126863
2024-04-05,182800,-2.77,743445102300
2024-04-08,181200,-0.88,595819401246
2024-04-09,182900,0.94,422386970500
2024-04-11,188400,3.01,761725042350
2024-04-12,187400,-0.53,585526542652
2024-04-15,188200,0.43,496547354800
2024-04-16,179100,-4.84,894705413400
2024-04-17,178700,-0.22,782580683976
2024-04-18,182300,2.01,749108505216
2024-04-19,173300,-4.94,1309025865050
2024-04-22,171600,-0.98,995024404200
2024-04-23,171000,-0.35,683377354093
2024-04-24,179800,5.15,761849402988
2024-04-25,170600,-5.12,923564574300
2024-04-26,177800,4.22,967256909110
2024-04-29,175900,-1.07,513571847733
2024-04-30,174200,-0.97,640736439440
2024-05-02,173600,-0.34,546282543035
2024-05-03,173200,-0.23,408840628653
2024-05-07,179600,3.7,783410870300
2024-05-08,178000,-0.89,409386290259
2024-05-09,175400,-1.46,505839447700
2024-05-10,179900,2.57,503861705500
2024-05-13,183800,2.17,589193773600
2024-05-14,185300,0.82,508578836378
2024-05-16,193000,4.16,980294203800
2024-05-17,189900,-1.61,544088599400
2024-05-20,190100,0.11,684608014646
2024-05-21,192000,1.0,474582587000
2024-05-22,197700,2.97,772253711200
2024-05-23,200000,1.16,942514526000
2024-05-24,198600,-0.7,757806938160
2024-05-27,201500,1.46,978796178200
2024-05-28,202500,0.5,421758880180
2024-05-29,202500,0.0,625798561849
2024-05-30,195700,-3.36,475957922800
2024-05-31,189200,-3.32,1131954708965
2024-06-03,194200,2.64,571760605900
2024-06-04,193300,-0.46,387926318936
2024-06-05,193700,0.21,519753179900
2024-06-07,207500,7.12,976785683968
2024-06-10,208000,0.24,508789448000
2024-06-11,212500,2.16,647746581000
2024-06-12,215000,1.18,459699813376
2024-06-13,222000,3.26,1292420493649
2024-06-14,221000,-0.45,730644813343
2024-06-17,223000,0.9,493039410000
2024-06-18,234500,5.16,725327503114
2024-06-19,233500,-0.43,889433317870
2024-06-20,237500,1.71,690353793367
2024-06-21,234000,-1.47,893734483178
2024-06-24,223000,-4.7,1136220620500
2024-06-25,225000,0.9,1265955855500
2024-06-26,237000,5.33,1207855980000
2024-06-27,236500,-0.21,878989672000
2024-06-28,236500,0.0,557342030500
2024-07-01,235500,-0.42,400886751500
2024-07-02,232000,-1.49,547269198077
2024-07-03,236000,1.72,765077936994
2024-07-04,230000,-2.54,1754420280262
2024-07-05,236000,2.61,942906556000
2024-07-08,233500,-1.06,540444769469
2024-07-09,238500,2.14,1143174601859
2024-07-10,239000,0.21,611201512750
2024-07-11,241000,0.84,1303368111500
2024-07-12,233000,-3.32,1157877980500
2024-07-15,230000,-1.29,763989336500
2024-07-16,233000,1.3,918962353372
2024-07-17,220500,-5.36,1354821751250
2024-07-18,212500,-3.63,1873308230130
2024-07-19,209500,-1.41,949039126250
2024-07-22,205000,-2.15,1363039398518
2024-07-23,205000,0.0,1224619868908
2024-07-24,208500,1.71,1003813878000
2024-07-25,190000,-8.87,2411730871900
2024-07-26,191800,0.95,1670363205934
2024-07-29,195600,1.98,781013281950
2024-07-30,188900,-3.43,973145109400
2024-07-31,194600,3.02,1228259251360
2024-08-01,193300,-0.67,1274255464000
2024-08-02,173200,-10.4,2305548692308
2024-08-05,156100,-9.87,1991368926669
2024-08-06,163700,4.87,1760799117820
2024-08-07,169300,3.42,1606879911535
2024-08-08,163400,-3.48,880065942750
2024-08-09,171500,4.96,878158271254
2024-08-12,177000,3.21,782041884600
2024-08-13,181900,2.77,764400807200
2024-08-14,186700,2.64,825169822500
2024-08-16,199700,6.96,1376475031084
2024-08-19,193900,-2.9,777397143900
2024-08-20,199700,2.99,853193471878
2024-08-21,192600,-3.56,869118978200
2024-08-22,191100,-0.78,605771429500
2024-08-23,185500,-2.93,816524629000
2024-08-26,179600,-3.18,895835545600
2024-08-27,175000,-2.56,1019901821280
2024-08-28,179300,2.46,990245614800
2024-08-29,169700,-5.35,1401104377307
2024-08-30,173700,2.36,777224540112
2024-09-02,174000,0.17,603452753000
2024-09-03,168300,-3.28,561624316800
2024-09-04,154800,-8.02,1562780316181
2024-09-05,159400,2.97,852321306050
2024-09-06,156400,-1.88,540878643790
2024-09-09,157000,0.38,690588191000
2024-09-10,155500,-0.96,743554238700
2024-09-11,157200,1.09,502162522100
2024-09-12,168800,7.38,1448494775000
2024-09-13,162800,-3.55,858303029100
2024-09-19,152800,-6.14,2252832679920
2024-09-20,157100,2.81,1131269181064
2024-09-23,162000,3.12,722272949700
2024-09-24,163500,0.93,556960896799
2024-09-25,165300,1.1,780853478632
2024-09-26,180900,9.44,1705712584300
2024-09-27,183800,1.6,1282739690900
2024-09-30,174600,-5.01,866892945285
2024-10-02,169100,-3.15,810120111800
2024-10-04,174100,2.96,631393491416
2024-10-07,184900,6.2,705726200700
2024-10-08,178000,-3.73,720348427108
2024-10-10,186700,4.89,1175975386550
2024-10-11,186000,-0.37,651217925890
2024-10-14,187500,0.81,625997612700
2024-10-15,192900,2.88,779386293200
2024-10-16,188700,-2.18,898265411400
2024-10-17,196000,3.87,766062991925
2024-10-18,187300,-4.44,1047211211928
2024-10-21,190900,1.92,463396454100
2024-10-22,187800,-1.62,662401590300
2024-10-23,196000,4.37,845811727700
2024-10-24,198200,1.12,1253030961050
2024-10-25,201000,1.41,1120582740534
2024-10-28,196000,-2.49,816480172676
2024-10-29,190300,-2.91,777432774400
2024-10-30,195000,2.47,692875787184
2024-10-31,186300,-4.46,860701411700
2024-11-01,182200,-2.2,635191353700
2024-11-04,194000,6.48,678440543400
2024-11-05,193200,-0.41,694370208200
2024-11-06,195800,1.35,678932664000
2024-11-07,197400,0.82,584762102000
2024-11-08,200500,1.57,609386355500
2024-11-11,192600,-3.94,513600515900
2024-11-12,185800,-3.53,735920823896
2024-11-13,182900,-1.56,588572745382
2024-11-14,173000,-5.41,1103542727800
2024-11-15,178200,3.01,767732381719
2024-11-18,171700,-3.65,672939356300
2024-11-19,170600,-0.64,694275930300
2024-11-20,170600,0.0,636442685500
2024-11-21,168800,-1.06,650691306000
2024-11-22,176700,4.68,687014396004
2024-11-25,177000,0.17,778801005491
2024-11-26,177100,0.06,352917053292
2024-11-27,168300,-4.97,809509864701
2024-11-28,161100,-4.28,925873640830
2024-11-29,159900,-0.74,748131979100
2024-12-02,158800,-0.69,570038249000
2024-12-03,164900,3.84,677103146098
2024-12-04,168000,1.88,941673740600
2024-12-05,173000,2.98,809096221721
2024-12-06,167100,-3.41,744043079742
2024-12-09,168900,1.08,892260675608
2024-12-10,170400,0.89,534512101470
2024-12-11,171800,0.82,386475447400
2024-12-12,176100,2.5,799323588844
2024-12-13,175500,-0.34,643515029446
2024-12-16,179300,2.17,586614707000
2024-12-17,184000,2.62,586093517788
2024-12-18,183500,-0.27,432146270780
2024-12-19,175000,-4.63,846437012124
2024-12-20,168500,-3.71,759899327600
2024-12-23,169600,0.65,562547050905
2024-12-24,168500,-0.65,312884954400
2024-12-26,170100,0.95,345252114800
2024-12-27,174500,2.59,459886497400
2024-12-30,173900,-0.34,250367749400
2025-01-02,171200,-1.55,358922920000
2025-01-03,181900,6.25,760554633376
2025-01-06,199800,9.84,1415140958700
2025-01-07,195000,-2.4,1208884342340
2025-01-08,194700,-0.15,832264534297
2025-01-09,205000,5.29,1359638086600
2025-01-10,203500,-0.73,1275141940365
2025-01-13,194300,-4.52,939206630700
2025-01-14,195000,0.36,588800948432
2025-01-15,198200,1.64,721291863250
2025-01-16,210000,5.95,1260003720050
2025-01-17,214500,2.14,1078684611000
2025-01-20,212000,-1.17,647968801214
2025-01-21,218000,2.83,722744790231
2025-01-22,225500,3.44,1318000464750
2025-01-23,219500,-2.66,1318343480000
2025-01-24,221000,0.68,838364627936
2025-01-31,199200,-9.86,2370677638450
2025-02-03,190900,-4.17,1507115126941
2025-02-04,191100,0.1,1124998402477
2025-02-05,198800,4.03,835342570774
2025-02-06,203500,2.36,819158236800
2025-02-07,203000,-0.25,447781215500
2025-02-10,198100,-2.41,554180940500
2025-02-11,199700,0.81,496390495100
2025-02-12,198900,-0.4,571551165100
2025-02-13,208500,4.83,730557417800
2025-02-14,210000,0.72,543419304500
2025-02-17,212000,0.95,533048999500
2025-02-18,210000,-0.94,406272256500
2025-02-19,218500,4.05,770153963750
2025-02-20,212000,-2.97,661408632000
2025-02-21,209500,-1.18,542257643792
2025-02-24,205000,-2.15,625258023500
2025-02-25,200500,-2.2,731446983774
2025-02-26,203000,1.25,780860303269
2025-02-27,199200,-1.87,801483462385
2025-02-28,190200,-4.52,1053368170640
2025-03-04,186100,-2.16,1006609154400
2025-03-05,193100,3.76,792823813324
2025-03-06,192400,-0.36,487906203750
2025-03-07,192400,0.0,514599743350
2025-03-10,187900,-2.34,460628775200
2025-03-11,187800,-0.05,649730579920
2025-03-12,198900,5.91,794706190200
2025-03-13,199700,0.4,776558211300
2025-03-14,204500,2.4,689837704000
2025-03-17,206000,0.73,533631663000
2025-03-18,203000,-1.46,550201555250
2025-03-19,205500,1.23,637177605000
2025-03-20,210000,2.19,579752913250
2025-03-21,215500,2.62,1236596921720
2025-03-24,211500,-1.86,341794680250
2025-03-25,208000,-1.65,476236293083
2025-03-26,214000,2.88,439676735592
2025-03-27,207000,-3.27,476716761250
2025-03-28,199300,-3.72,534519603200
2025-03-31,190700,-4.32,876621938700
2025-04-01,197000,3.3,452715582568
2025-04-02,197900,0.46,548735781100
2025-04-03,194600,-1.67,802393786600
2025-04-04,182200,-6.37,1685984859300
2025-04-07,164800,-9.55,1328142523000
2025-04-08,169500,2.85,847718116950
2025-04-09,165000,-2.65,1325989995350
2025-04-10,183200,11.03,1441489112800
2025-04-11,180800,-1.31,576358985600
2025-04-14,180200,-0.33,626944507025
2025-04-15,180600,0.22,346806750872
2025-04-16,174000,-3.65,513625295288
2025-04-17,175000,0.57,518847231000
2025-04-18,175000,0.0,227190964950
2025-04-21,176600,0.91,333023289800
2025-04-22,173800,-1.59,350090558400
2025-04-23,181000,4.14,694204494800
2025-04-24,178300,-1.49,567307528200
2025-04-25,184400,3.42,643236401050
2025-04-28,182000,-1.3,446486658150
2025-04-29,180800,-0.66,337946381750
2025-04-30,177500,-1.83,418810546350
2025-05-02,186000,4.79,713077842545
2025-05-07,190800,2.58,726827737180
2025-05-08,190300,-0.26,987251900800
2025-05-09,190100,-0.11,480995533500
2025-05-12,195000,2.58,316118471450
2025-05-13,198500,1.79,674915737950
2025-05-14,206000,3.78,687064499104
2025-05-15,200500,-2.67,646444000549
2025-05-16,204500,2.0,496481724500
2025-05-19,199400,-2.49,494757331640
2025-05-20,202000,1.3,575346512520
2025-05-21,200500,-0.74,346596366000
2025-05-22,196900,-1.8,393046069000
2025-05-23,200000,1.57,307720248600
2025-05-26,203000,1.5,292677967900
2025-05-27,202500,-0.25,287661281500
2025-05-28,208000,2.72,657413056500
2025-05-29,212000,1.92,808853146000
2025-05-30,204500,-3.54,992245511750
2025-06-02,207500,1.47,367619366000
2025-06-04,217500,4.82,1120799402390
2025-06-05,224500,3.22,1306203853561
2025-06-09,229000,2.0,844187566160
2025-06-10,230500,0.66,857162985228
2025-06-11,240000,4.12,1010945936000
2025-06-12,235500,-1.88,1194087510250
2025-06-13,235500,0.0,973619143023
2025-06-16,248000,5.31,919187630141
2025-06-17,249000,0.4,1275681263500
2025-06-18,246500,-1.0,1009652492936
2025-06-19,246000,-0.2,569942842750
2025-06-20,257000,4.47,916063762030
2025-06-23,259500,0.97,871519681612
2025-06-24,278500,7.32,1510976358680
2025-06-25,286000,2.69,1568977689681
2025-06-26,293000,2.45,1730468230843
2025-06-27,284000,-3.07,1469227568381
2025-06-30,292000,2.82,1270954675000
2025-07-01,285500,-2.23,1067385501678
2025-07-02,279000,-2.28,1307588197560
2025-07-03,278500,-0.18,1018228538080
2025-07-04,270500,-2.87,997717561250
2025-07-07,271000,0.18,676974152250
2025-07-08,282000,4.06,872611189250
2025-07-09,281000,-0.35,737516882940
2025-07-10,297000,5.69,1327686514500
2025-07-11,294500,-0.84,1112891966454
2025-07-14,300000,1.87,877791233750
2025-07-15,298500,-0.5,1231459054812
2025-07-16,296000,-0.84,921107086250
2025-07-17,269500,-8.95,2557977761214
2025-07-18,269000,-0.19,1444044947500
2025-07-21,272500,1.3,659154203750
2025-07-22,268500,-1.47,844336707647
2025-07-23,269000,0.19,835260110076
2025-07-24,269500,0.19,1005675894310
2025-07-25,266000,-1.3,584789111250
2025-07-28,262000,-1.5,752794876750
2025-07-29,262500,0.19,767126728082
2025-07-30,263500,0.38,653841670750
2025-07-31,273500,3.8,943515065750
2025-08-01,258000,-5.67,839582715924
2025-08-04,258000,0.0,586658570250
2025-08-05,263500,2.13,556412835750
2025-08-06,258500,-1.9,355549598750
2025-08-07,262000,1.35,702486445000
2025-08-08,256500,-2.1,697609686674
2025-08-11,267000,4.09,639967964355
2025-08-12,269000,0.75,817577270280
2025-08-13,278000,3.35,961698453500
2025-08-14,276500,-0.54,575810038250
2025-08-18,267500,-3.25,535405923324
2025-08-19,263000,-1.68,452864617000
2025-08-20,255500,-2.85,908399815969
2025-08-21,245000,-4.11,1556929072118
2025-08-22,251000,2.45,763320132000
2025-08-25,259500,3.39,822048126750
2025-08-26,261500,0.77,532879680250
2025-08-27,260000,-0.57,723822493098
2025-08-28,268500,3.27,1011495821250
2025-08-29,269000,0.19,507281153515
2025-09-01,256000,-4.83,472705957750
2025-09-02,260500,1.76,411934878000
2025-09-03,262500,0.77,640466430844
2025-09-04,265500,1.14,584527763000
2025-09-05,273500,3.01,849712439796
2025-09-08,277000,1.28,559185136772
2025-09-09,288000,3.97,1183541273000
2025-09-10,304000,5.56,1583404266500
2025-09-11,307000,0.99,1592899305514
2025-09-12,328500,7.0,1382085841794
2025-09-15,331000,0.76,1404142725000
2025-09-16,348000,5.14,2021474469432
2025-09-17,333500,-4.17,1515919259650
2025-09-18,353000,5.85,1584129187659
2025-09-19,353000,0.0,1546050743059
2025-09-22,351000,-0.57,1541470671626
2025-09-23,361000,2.85,1186486924743
2025-09-24,357500,-0.97,1482037480884
2025-09-25,356500,-0.28,762140462235
2025-09-26,336500,-5.61,1253030899140
2025-09-29,349000,3.71,790539282000
2025-09-30,347500,-0.43,783562302390
2025-10-01,360000,3.6,1001954505000
2025-10-02,395500,9.86,2944922514970
2025-10-10,428000,8.22,2911518119518
2025-10-13,415000,-3.04,1786275320750
2025-10-14,411500,-0.84,1723657397500
2025-10-15,422500,2.67,1115926644050
2025-10-16,452500,7.1,1883343398250
2025-10-17,465500,2.87,2103093826250
2025-10-20,485500,4.3,1591853205750
2025-10-21,479000,-1.34,2024408958400
2025-10-22,481500,0.52,1838015901547
2025-10-23,478500,-0.62,1716194242009
2025-10-24,510000,6.58,2146139539020
2025-10-27,535000,4.9,1793905862965
2025-10-28,521000,-2.62,2932183590000
2025-10-29,558000,7.1,2615487183000
2025-10-30,568000,1.79,2764613878496
2025-10-31,559000,-1.58,1877166443996
2025-11-03,620000,10.91,3473019488800
2025-11-04,586000,-5.48,3551051355316
2025-11-05,579000,-1.19,5043848962489
2025-11-06,593000,2.42,3175511482783
2025-11-07,580000,-2.19,2784161632500
2025-11-10,606000,4.48,2951702322000
2025-11-11,619000,2.15,3446107474086
2025-11-12,617000,-0.32,1732466665264
2025-11-13,612000,-0.81,2378789345500
2025-11-14,560000,-8.5,3312307230600
2025-11-17,606000,8.21,2663586341596
2025-11-18,570000,-5.94,2045293449000
2025-11-19,562000,-1.4,2534033057199
2025-11-20,571000,1.6,2724949894000
2025-11-21,521000,-8.76,3469796088808
2025-11-24,520000,-0.19,3373194903500
2025-11-25,519000,-0.19,1969198513548
2025-11-26,524000,0.96,2642296735780
2025-11-27,544000,3.82,1988027003500
2025-11-28,530000,-2.57,1436194436334
2025-12-01,538000,1.51,1686705134500
2025-12-02,558000,3.72,1490029307122
2025-12-03,552000,-1.08,1430246342896
2025-12-04,542000,-1.81,1535157168065
2025-12-05,544000,0.37,1718852425500
2025-12-08,577000,6.07,2386049841000
2025-12-09,566000,-1.91,1355861203000
2025-12-10,587000,3.71,2335634355500
2025-12-11,565000,-3.75,2309503491500
2025-12-12,571000,1.06,1511828157000
2025-12-15,554000,-2.98,1367827640645
2025-12-16,530000,-4.33,1773669215746
2025-12-17,551000,3.96,1453712501090
2025-12-18,552000,0.18,1641945285000
2025-12-19,547000,-0.91,1923946971000
2025-12-22,580000,6.03,1657807556000
2025-12-23,584000,0.69,1180522164000
2025-12-24,588000,0.68,1272669995000
2025-12-26,599000,1.87,2542663330000
2025-12-29,640000,6.84,2641815287000
2025-12-30,651000,1.72,2662508688140
2026-01-02,677000,3.99,2778983677000
2026-01-05,696000,2.81,3007998338292
2026-01-06,726000,4.31,3381650231374
2026-01-07,742000,2.2,4253604033000
2026-01-08,756000,1.89,4974842286972
2026-01-09,744000,-1.59,3225029514448
2026-01-12,749000,0.67,2499458505000
2026-01-13,738000,-1.47,2784052503000
2026-01-14,742000,0.54,3612610326132
2026-01-15,749000,0.94,2221828050300
2026-01-16,756000,0.93,2800148676108
2026-01-19,764000,1.06,2588923615000
2026-01-20,743000,-2.75,2066362484000
2026-01-21,740000,-0.4,3794476507116
2026-01-22,755000,2.03,2699826367844
2026-01-23,767000,1.59,2655268603316
2026-01-26,736000,-4.04,2334468107336
2026-01-27,800000,8.7,4383477685500
2026-01-28,841000,5.13,5583139773181
2026-01-29,861000,2.38,5852001349316
2026-01-30,909000,5.57,7138823506342
2026-02-02,830000,-8.69,6545821160532
2026-02-03,907000,9.28,4709002033767
2026-02-04,900000,-0.77,3400365232231
2026-02-05,842000,-6.44,4675605487500
2026-02-06,839000,-0.36,4578256265860
2026-02-09,887000,5.72,3746145085500
2026-02-10,876000,-1.24,3058001092490
2026-02-11,860000,-1.83,2698255229000
2026-02-12,888000,3.26,4097020453341
2026-02-13,880000,-0.9,3142574568416
2026-02-19,894000,1.59,2944647825000
2026-02-20,949000,6.15,4678702303000
2026-02-23,951000,0.21,3380785361500
2026-02-24,1005000,5.68,4051375322312
2026-02-25,1018000,1.29,3532466059787
2026-02-26,1099000,7.96,4692062202704
2026-02-27,1061000,-3.46,6889357629920
2026-03-03,939000,-11.5,6769961591097
2026-03-04,849000,-9.58,8247744051500
2026-03-05,941000,10.84,6193801312000
2026-03-06,924000,-1.81,3422798358084
2026-03-09,836000,-9.52,6026259948840
2026-03-10,938000,12.2,4926971087500
2026-03-11,955000,1.81,3774551780246
2026-03-12,930000,-2.62,3478000276288
2026-03-13,910000,-2.15,3305800535625
2026-03-16,974000,7.03,3626471054520
2026-03-17,970000,-0.41,3299876889400
2026-03-18,1056000,8.87,4446872252315
2026-03-19,1013000,-4.07,3403635143500
2026-03-20,1007000,-0.59,3465653176172
2026-03-23,933000,-7.35,3682788964415
2026-03-24,986000,5.68,4237489914994
2026-03-25,995000,0.91,4531384355000
2026-03-26,933000,-6.23,4413300987791
2026-03-27,922000,-1.18,4088912609600
2026-03-30,873000,-5.31,3927069575600
2026-03-31,807000,-7.56,5910765746420
2026-04-01,893000,10.66,5505302416615
2026-04-02,830000,-7.05,5258223773100
2026-04-03,876000,5.54,2564699182000
2026-04-06,886000,1.14,2743088623000
2026-04-07,916000,3.39,3297143106000
2026-04-08,1033000,12.77,6839579325500
2026-04-09,998000,-3.39,5044978949804
2026-04-10,1027000,2.91,3232564390500
2026-04-13,1040000,1.27,2846666929000
2026-04-14,1103000,6.06,5269018575416
2026-04-15,1136000,2.99,4730594238000
2026-04-16,1155000,1.67,3333632747705
2026-04-17,1128000,-2.34,4068760085195
2026-04-20,1166000,3.37,4355715922197
2026-04-21,1224000,4.97,4275047284191
2026-04-22,1223000,-0.08,3518783111500
2026-04-23,1225000,0.16,6558016801135
2026-04-24,1222000,-0.24,3813440481697
2026-04-27,1292000,5.73,5881438282900
2026-04-28,1300000,0.62,3935434758924
2026-04-29,1293000,-0.54,3891337191212
2026-04-30,1286000,-0.54,4355325578994
2026-05-04,1447000,12.52,8099065567750
2026-05-06,1601000,10.64,10558101860470
2026-05-07,1654000,3.31,9481164019780
2026-05-08,1686000,1.93,7029929370772
2026-05-11,1880000,11.51,14004335299500
2026-05-12,1835000,-2.39,17254404225500
2026-05-13,1976000,7.68,13535538165412
2026-05-14,1970000,-0.3,11875492405612
2026-05-15,1819000,-7.66,14133100318500
2026-05-18,1840000,1.15,11755178614060
2026-05-19,1745000,-5.16,8105578348163
2026-05-20,1745000,0.0,9620351918509
2026-05-21,1940000,11.17,9696408439000
2026-05-22,1941000,0.05,6074722419170
2026-05-26,2052000,5.72,10079288149810
2026-05-27,2243000,9.31,17164205410523
2026-05-28,2289000,2.05,13894546860496
2026-05-29,2333000,1.92,19864932227914
2026-06-01,2363000,1.29,13184450197500
2026-06-02,2360000,-0.13,13587276562233
2026-06-04,2298000,-2.63,9036753877655
2026-06-05,2070000,-9.92,12216749328700
2026-06-08,1911000,-7.68,13018820350500
2026-06-09,2215000,15.91,12438552783575
2026-06-10,2048000,-7.54,10247099112784
2026-06-11,2101000,2.59,13762080390120
2026-06-12,2150000,2.33,11838149141836
2026-06-15,2288000,6.42,8883799414425
2026-06-16,2382000,4.11,8608079280084
2026-06-17,2521000,5.84,9758005324358
2026-06-18,2685000,6.51,15395549087600
2026-06-19,2764000,2.94,20821483047128
2026-06-22,2919000,5.61,14909424563700
2026-06-23,2555000,-12.47,21934538087990
2026-06-24,2580000,0.98,19385797230696
2026-06-25,2917000,13.06,19513026832000
2026-06-26,2673000,-8.36,20261482929408
2026-06-29,2628000,-1.68,13544453411500
2026-06-30,2650000,0.84,13522108237000
2026-07-01,2560000,-3.4,11075008889000
2026-07-02,2187000,-14.57,17774537012843
2026-07-03,2425000,10.88,18076083052500
2026-07-06,2343000,-3.38,10104797943882
2026-07-07,2201000,-6.06,13935026133500
2026-07-08,2076000,-5.68,15255963240278
2026-07-09,2186000,5.3,13711944705000
2026-07-10,2180000,-0.27,10732251998500
2026-07-13,1845000,-15.37,15653240664220
2026-07-14,1913000,3.69,19098006165543
2026-07-15,2082000,8.83,12789651669000
2026-07-16,1842000,-11.53,10416507905142
2026-07-20,1764000,-4.23,10575264659754
2026-07-21,1836000,4.08,8463537080489
2026-07-22,1830000,-0.33,9293780368160
2026-07-23,1919000,4.86,7850052946870
2026-07-24,1759000,-8.34,8886116591000
2026-07-27,1816000,3.24,7153016602210
2026-07-28,1550000,-14.65,12904516356126
2026-07-29,1401000,-9.61,17560826499500
2026-07-30,1322000,-5.64,12945505619452
2026-07-31,1718000,29.95,17548832116000
2026-08-03,1567000,-8.79,8641701506000
2026-08-04,1577000,0.64,8323856355440
2026-08-05,1668000,5.77,6621650676150
2026-08-06,1495000,-10.37,8368490651952
2026-08-07,1422000,-4.88,7254601948500
2026-08-10,1420000,-0.14,4729433038360
2026-08-11,1425000,0.35,5405286435660
2026-08-12,1504000,5.54,6828245271868
2026-08-13,1593000,5.92,7514884503000
2026-08-14,1645000,3.26,7489699281000
2026-08-18,1662000,1.03,8802822440885
2026-08-19,1500000,-9.75,6408342771947
2026-08-20,1691000,12.73,9109803915522
2026-08-21,1730000,2.31,7430733958500
2026-08-24,1671000,-3.41,6858026942000
2026-08-25,1678000,0.42,6506368147160
2026-08-26,1688000,0.6,4976617187500
2026-08-27,1730000,2.49,5682108367937
2026-08-28,1653000,-4.45,5984241623291
2026-08-31,1674000,1.27,6517555966000
2026-09-01,1693000,1.14,4606423190500
2026-09-02,1613000,-4.73,4184138865903
2026-09-03,1596000,-1.05,4244461616000
2026-09-04,1647000,3.2,4660912821500
2026-09-07,1783000,8.26,6113151729957
2026-09-08,1793000,0.56,7669131664440
2026-09-09,1856000,3.51,6518811756305
2026-09-10,1853000,-0.16,8279969782300
2026-09-11,1812000,-2.21,4698316407000
2026-09-14,1697000,-6.35,6841208433716
2026-09-15,1690000,-0.41,4647356240500
2026-09-16,1759000,4.08,4946542682794
2026-09-17,1745000,-0.8,4917831824540
2026-09-18,1857000,6.42,8778082507000
2026-09-21,1868000,0.59,5153761949199
2026-09-22,1840000,-1.5,6171466634764
2026-09-23,1862000,1.2,5480333530143
