date,close,change_pct,trading_value
2015-01-02,731000,2.67,46719304000
2015-01-05,749000,2.46,83848802000
2015-01-06,743000,-0.8,68713561000
2015-01-07,732000,-1.48,38396533000
2015-01-08,744000,1.64,41561818000
2015-01-09,752000,1.08,55751190000
2015-01-12,750000,-0.27,27747009000
2015-01-13,740000,-1.33,36335700000
2015-01-14,739000,-0.14,46948917000
2015-01-15,777000,5.14,143833024150
2015-01-16,777000,0.0,90013658490
2015-01-19,776000,-0.13,71063246000
2015-01-20,790000,1.8,80096809532
2015-01-21,780000,-1.27,55716709000
2015-01-22,765000,-1.92,64024720040
2015-01-23,780000,1.96,76413237982
2015-01-26,771000,-1.15,53206969500
2015-01-27,764000,-0.91,64645711000
2015-01-28,777000,1.7,94971372900
2015-01-29,736000,-5.28,207006953000
2015-01-30,716000,-2.72,215842077000
2015-02-02,711000,-0.7,80505614000
2015-02-03,712000,0.14,86354914000
2015-02-04,725000,1.83,94881105000
2015-02-05,712000,-1.79,55562968000
2015-02-06,715000,0.42,54400964765
2015-02-09,681000,-4.76,147693496000
2015-02-10,648000,-4.85,240869024000
2015-02-11,673000,3.86,128937232000
2015-02-12,680000,1.04,76849640760
2015-02-13,668000,-1.76,67223202068
2015-02-16,669000,0.15,37176758000
2015-02-17,671000,0.3,23607643000
2015-02-23,639000,-4.77,188567119309
2015-02-24,637000,-0.31,91456216000
2015-02-25,641000,0.63,93806480000
2015-02-26,626000,-2.34,110354165000
2015-02-27,661000,5.59,174852920976
2015-03-02,646000,-2.27,97448867000
2015-03-03,650000,0.62,67833667000
2015-03-04,680000,4.62,176663176000
2015-03-05,689000,1.32,116184028000
2015-03-06,680000,-1.31,63006092000
2015-03-09,653000,-3.97,84341317000
2015-03-10,641000,-1.84,72286487000
2015-03-11,629000,-1.87,110266088000
2015-03-12,627000,-0.32,117002473000
2015-03-13,650000,3.67,101883749000
2015-03-16,643000,-1.08,81061818000
2015-03-17,660000,2.64,79768341000
2015-03-18,654000,-0.91,73112097000
2015-03-19,641000,-1.99,77829130000
2015-03-20,654000,2.03,58743800000
2015-03-23,680000,3.98,112321187608
2015-03-24,675000,-0.74,59544774000
2015-03-25,670000,-0.74,50470599000
2015-03-26,661000,-1.34,63366850000
2015-03-27,672000,1.66,67880638000
2015-03-30,681000,1.34,60544479000
2015-03-31,671000,-1.47,61213064000
2015-04-01,667000,-0.6,50198814000
2015-04-02,642000,-3.75,305324458000
2015-04-03,647000,0.78,88733267000
2015-04-06,635000,-1.85,58305548000
2015-04-07,639000,0.63,43827465000
2015-04-08,645000,0.94,78017419000
2015-04-09,653000,1.24,115523115000
2015-04-10,650000,-0.46,78170852000
2015-04-13,652000,0.31,61632761000
2015-04-14,667000,2.3,83199458000
2015-04-15,671000,0.6,57040551000
2015-04-16,673000,0.3,64750251000
2015-04-17,669000,-0.59,67487642814
2015-04-20,666000,-0.45,58235139000
2015-04-21,669000,0.45,78595504000
2015-04-22,674000,0.75,96288701000
2015-04-23,682000,1.19,85286769000
2015-04-24,667000,-2.2,73282653016
2015-04-27,684000,2.55,139185152195
2015-04-28,686000,0.29,91853369285
2015-04-29,679000,-1.02,111646103000
2015-04-30,650000,-4.27,208647372000
2015-05-04,603000,-7.23,241411801000
2015-05-06,613000,1.66,181265592000
2015-05-07,611000,-0.33,84137359000
2015-05-08,609000,-0.33,54370132410
2015-05-11,606000,-0.49,51494382600
2015-05-12,605000,-0.17,54208993000
2015-05-13,604000,-0.17,48739696091
2015-05-14,607000,0.5,37331223000
2015-05-15,610000,0.49,37926537000
2015-05-18,618000,1.31,64134131000
2015-05-19,626000,1.29,64522359810
2015-05-20,616000,-1.6,41796510000
2015-05-21,607000,-1.46,97739245000
2015-05-22,627000,3.29,50104472000
2015-05-26,621000,-0.96,45410268000
2015-05-27,608000,-2.09,72630742000
2015-05-28,605000,-0.49,46320665000
2015-05-29,609000,0.66,96417581000
2015-06-01,617000,1.31,49501322000
2015-06-02,611000,-0.97,43633201000
2015-06-03,601000,-1.64,40227566000
2015-06-04,580000,-3.49,102713651000
2015-06-05,565000,-2.59,96135433000
2015-06-08,587000,3.89,68037888000
2015-06-09,590000,0.51,74556346220
2015-06-10,568000,-3.73,52029109000
2015-06-11,566000,-0.35,132023817000
2015-06-12,601000,6.18,147338734000
2015-06-15,627000,4.33,204915426000
2015-06-16,627000,0.0,98068441000
2015-06-17,630000,0.48,70525149000
2015-06-18,624000,-0.95,46213755000
2015-06-19,634000,1.6,44090867000
2015-06-22,631000,-0.47,26857251000
2015-06-23,640000,1.43,29431723000
2015-06-24,649000,1.41,61350888000
2015-06-25,653000,0.62,66093797000
2015-06-26,658000,0.77,89069743000
2015-06-29,651000,-1.06,43203430000
2015-06-30,634000,-2.61,74658889000
2015-07-01,628000,-0.95,142705317000
2015-07-02,615000,-2.07,84466408280
2015-07-03,613000,-0.33,51144972868
2015-07-06,616000,0.49,44605339000
2015-07-07,613000,-0.49,50312828000
2015-07-08,619000,0.98,83696543000
2015-07-09,610000,-1.45,57311290000
2015-07-10,612000,0.33,34414105000
2015-07-13,614000,0.33,24836805000
2015-07-14,614000,0.0,26600566000
2015-07-15,605000,-1.47,34964834000
2015-07-16,607000,0.33,61771131000
2015-07-17,632000,4.12,130347243000
2015-07-20,638000,0.95,78989669000
2015-07-21,649000,1.72,41709114000
2015-07-22,635000,-2.16,56617157000
2015-07-23,622000,-2.05,46248648000
2015-07-24,625000,0.48,47969713000
2015-07-27,611000,-2.24,44833208414
2015-07-28,610000,-0.16,50993550000
2015-07-29,602000,-1.31,65470066000
2015-07-30,518000,-13.95,395471762000
2015-07-31,523000,0.97,142222434000
2015-08-03,520000,-0.57,65110825185
2015-08-04,526000,1.15,56148427000
2015-08-05,525000,-0.19,60121524000
2015-08-06,516000,-1.71,87394286000
2015-08-07,501000,-2.91,128696420000
2015-08-10,511000,2.0,62394422000
2015-08-11,523000,2.35,62229149000
2015-08-12,528000,0.96,80758415000
2015-08-13,519000,-1.7,60810066000
2015-08-17,510000,-1.73,39213504000
2015-08-18,522000,2.35,48989704000
2015-08-19,524000,0.38,66874946000
2015-08-20,521000,-0.57,52783136000
2015-08-21,516000,-0.96,50497162000
2015-08-24,500000,-3.1,62460603000
2015-08-25,491500,-1.7,93635524500
2015-08-26,489000,-0.51,103283588500
2015-08-27,487500,-0.31,72222395000
2015-08-28,488000,0.1,93292495700
2015-08-31,495500,1.54,87076938860
2015-09-01,476000,-3.94,66762435700
2015-09-02,466000,-2.1,74834381500
2015-09-03,470500,0.97,75468273500
2015-09-04,469500,-0.21,46655384000
2015-09-07,474500,1.06,40822089200
2015-09-08,461500,-2.74,45362957800
2015-09-09,501000,8.56,81447573500
2015-09-10,500000,-0.2,75398546000
2015-09-11,488500,-2.3,47793658000
2015-09-14,476000,-2.56,70411802164
2015-09-15,470500,-1.16,58168564636
2015-09-16,481500,2.34,62335695500
2015-09-17,510000,5.92,113889057474
2015-09-18,509000,-0.2,50687013500
2015-09-21,500000,-1.77,24986528000
2015-09-22,496000,-0.8,39414150500
2015-09-23,505000,1.81,100528027926
2015-09-24,506000,0.2,57604072456
2015-09-25,508000,0.4,22352343500
2015-09-30,513000,0.98,66335063000
2015-10-01,546000,6.43,108084583000
2015-10-02,550000,0.73,76491966168
2015-10-05,543000,-1.27,58864392000
2015-10-06,556000,2.39,65342457607
2015-10-07,558000,0.36,61635348200
2015-10-08,561000,0.54,53520172280
2015-10-12,574000,2.32,95486636000
2015-10-13,579000,0.87,45268911000
2015-10-14,562000,-2.94,45099768000
2015-10-15,569000,1.25,37430523000
2015-10-16,587000,3.16,56282549458
2015-10-19,584000,-0.51,50538831000
2015-10-20,578000,-1.03,44067333000
2015-10-21,575000,-0.52,46939318000
2015-10-22,547000,-4.87,68742199000
2015-10-23,571000,4.39,68477478000
2015-10-26,562000,-1.58,82883686000
2015-10-27,564000,0.36,37466895000
2015-10-28,577000,2.3,65830663000
2015-10-29,592000,2.6,141145327000
2015-10-30,600000,1.35,114006212731
2015-11-02,603000,0.5,62328451000
2015-11-03,619000,2.65,71519098000
2015-11-04,626000,1.13,81190528000
2015-11-05,629000,0.48,46725966000
2015-11-06,630000,0.16,29917189600
2015-11-09,634000,0.63,43795685831
2015-11-10,618000,-2.52,69253860000
2015-11-11,625000,1.13,45245291400
2015-11-12,620000,-0.8,31870415000
2015-11-13,606000,-2.26,48289170000
2015-11-16,592000,-2.31,65655553000
2015-11-17,599000,1.18,43518900000
2015-11-18,600000,0.17,24106203000
2015-11-19,609000,1.5,35372164000
2015-11-20,627000,2.96,45303584000
2015-11-23,624000,-0.48,35930340000
2015-11-24,621000,-0.48,38719984000
2015-11-25,630000,1.45,37807656000
2015-11-26,633000,0.48,34730144560
2015-11-27,632000,-0.16,40690720708
2015-11-30,631000,-0.16,86536482000
2015-12-01,647000,2.54,39098385000
2015-12-02,639000,-1.24,48073150000
2015-12-03,633000,-0.94,29546515000
2015-12-04,625000,-1.26,48804012800
2015-12-07,608000,-2.72,66767744000
2015-12-08,613000,0.82,45451233562
2015-12-09,612000,-0.16,48217764075
2015-12-10,618000,0.98,51275238000
2015-12-11,640000,3.56,49235432000
2015-12-14,633000,-1.09,46006625000
2015-12-15,643000,1.58,43309823000
2015-12-16,646000,0.47,50057597000
2015-12-17,653000,1.08,45913204000
2015-12-18,640000,-1.99,32002707000
2015-12-21,648000,1.25,34213096000
2015-12-22,653000,0.77,29917795000
2015-12-23,653000,0.0,26792849000
2015-12-24,647000,-0.92,21344314000
2015-12-28,641000,-0.93,30404063000
2015-12-29,642000,0.16,32442162000
2015-12-30,658000,2.49,42006647000
2016-01-04,632000,-3.95,59686937000
2016-01-05,637000,0.79,44268323000
2016-01-06,623000,-2.2,60172734000
2016-01-07,652000,4.65,81205391000
2016-01-08,652000,0.0,41611782000
2016-01-11,628000,-3.68,56009484000
2016-01-12,650000,3.5,50345408500
2016-01-13,649000,-0.15,60132422000
2016-01-14,651000,0.31,56131458100
2016-01-15,670000,2.92,85630359000
2016-01-18,687000,2.54,95747962450
2016-01-19,670000,-2.47,97002328000
2016-01-20,664000,-0.9,63027443000
2016-01-21,639000,-3.77,86834450500
2016-01-22,668000,4.54,59965831000
2016-01-25,673000,0.75,41176544048
2016-01-26,680000,1.04,37996533000
2016-01-27,674000,-0.88,44968322144
2016-01-28,631000,-6.38,175956666497
2016-01-29,628000,-0.48,165910406000
2016-02-01,613000,-2.39,89283730000
2016-02-02,600000,-2.12,133917313600
2016-02-03,601000,0.17,56920216000
2016-02-04,602000,0.17,52326538000
2016-02-05,599000,-0.5,33234176000
2016-02-11,563000,-6.01,105285162614
2016-02-12,556000,-1.24,109862541404
2016-02-15,556000,0.0,81495030000
2016-02-16,575000,3.42,71320433500
2016-02-17,575000,0.0,91700517380
2016-02-18,582000,1.22,48399519000
2016-02-19,573000,-1.55,43912727300
2016-02-22,565000,-1.4,49334324000
2016-02-23,584000,3.36,64931541000
2016-02-24,580000,-0.68,41173056000
2016-02-25,582000,0.34,33327785000
2016-02-26,580000,-0.34,26667150000
2016-02-29,572000,-1.38,45354184260
2016-03-02,609000,6.47,72023027000
2016-03-03,610000,0.16,45688114000
2016-03-04,613000,0.49,40530831000
2016-03-07,599000,-2.28,45942644000
2016-03-08,604000,0.83,30130192000
2016-03-09,608000,0.66,22818831000
2016-03-10,635000,4.44,86014370000
2016-03-11,636000,0.16,69232685000
2016-03-14,635000,-0.16,33515778000
2016-03-15,641000,0.94,33115768000
2016-03-16,640000,-0.16,26915875000
2016-03-17,636000,-0.63,50514867960
2016-03-18,639000,0.47,37844650000
2016-03-21,642000,0.47,40745305000
2016-03-22,649000,1.09,64337343000
2016-03-23,634000,-2.31,59761403500
2016-03-24,624000,-1.58,45897174000
2016-03-25,613000,-1.76,64288680000
2016-03-28,617000,0.65,33976233000
2016-03-29,640000,3.73,44773928000
2016-03-30,637000,-0.47,57144248840
2016-03-31,637000,0.0,68846682825
2016-04-01,628000,-1.41,39563723884
2016-04-04,651000,3.66,70177404000
2016-04-05,652000,0.15,59960902000
2016-04-06,649000,-0.46,54732623000
2016-04-07,675000,4.01,94675064000
2016-04-08,663000,-1.78,48253630000
2016-04-11,664000,0.15,39468356860
2016-04-12,670000,0.9,37139093000
2016-04-14,673000,0.45,59965732000
2016-04-15,673000,0.0,53814791000
2016-04-18,661000,-1.78,49634671000
2016-04-19,669000,1.21,60310320000
2016-04-20,654000,-2.24,60753341500
2016-04-21,667000,1.99,54685467000
2016-04-22,663000,-0.6,25771532000
2016-04-25,662000,-0.15,46875324000
2016-04-26,654000,-1.21,104387086000
2016-04-27,665000,1.68,52561561000
2016-04-28,659000,-0.9,152882087241
2016-04-29,677000,2.73,122367382510
2016-05-02,678000,0.15,39011975000
2016-05-03,676000,-0.29,46624715000
2016-05-04,680000,0.59,94588008000
2016-05-09,700000,2.94,141533641048
2016-05-10,707000,1.0,75013862000
2016-05-11,693000,-1.98,61277045368
2016-05-12,676000,-2.45,46115654000
2016-05-13,677000,0.15,62630660000
2016-05-16,692000,2.22,44537563000
2016-05-17,694000,0.29,47245952792
2016-05-18,698000,0.58,120933357000
2016-05-19,701000,0.43,34866386000
2016-05-20,688000,-1.85,52944949000
2016-05-23,690000,0.29,39481935000
2016-05-24,694000,0.58,38473945000
2016-05-25,704000,1.44,65267151000
2016-05-26,703000,-0.14,31799525000
2016-05-27,700000,-0.43,31502559562
2016-05-30,710000,1.43,58540561000
2016-05-31,720000,1.41,82901252952
2016-06-01,687000,-4.58,230238394000
2016-06-02,697000,1.46,71359745500
2016-06-03,707000,1.43,61764718235
2016-06-07,707000,0.0,71044073000
2016-06-08,722000,2.12,80001454000
2016-06-09,720000,-0.28,97226288000
2016-06-10,720000,0.0,68499558000
2016-06-13,697000,-3.19,111772707960
2016-06-14,697000,0.0,90888102168
2016-06-15,697000,0.0,49131219000
2016-06-16,701000,0.57,41698992500
2016-06-17,689000,-1.71,51137496000
2016-06-20,692000,0.44,42351229000
2016-06-21,697000,0.72,42708751000
2016-06-22,730000,4.73,144726260000
2016-06-23,747000,2.33,168873673107
2016-06-24,739000,-1.07,127912838000
2016-06-27,710000,-3.92,167443170500
2016-06-28,719000,1.27,109572791000
2016-06-29,713000,-0.83,106184369545
2016-06-30,710000,-0.42,109314783248
2016-07-01,713000,0.42,54833811925
2016-07-04,727000,1.96,84597289500
2016-07-05,750000,3.16,95031867000
2016-07-06,745000,-0.67,90602338000
2016-07-07,753000,1.07,51691758000
2016-07-08,750000,-0.4,55409284000
2016-07-11,754000,0.53,81363869000
2016-07-12,755000,0.13,95845989446
2016-07-13,758000,0.4,117067783272
2016-07-14,734000,-3.17,122560851000
2016-07-15,716000,-2.45,221197284000
2016-07-18,712000,-0.56,107269218000
2016-07-19,718000,0.84,79317466000
2016-07-20,695000,-3.2,141137227187
2016-07-21,704000,1.29,75977739500
2016-07-22,705000,0.14,64028450000
2016-07-25,710000,0.71,36540072000
2016-07-26,710000,0.0,41130183000
2016-07-27,712000,0.28,41786145000
2016-07-28,710000,-0.28,69937124000
2016-07-29,710000,0.0,75605270920
2016-08-01,701000,-1.27,101705448000
2016-08-02,713000,1.71,34606503000
2016-08-03,705000,-1.12,35174155000
2016-08-04,707000,0.28,36206350160
2016-08-05,723000,2.26,39509880000
2016-08-08,749000,3.6,87033915000
2016-08-09,755000,0.8,127402803000
2016-08-10,775000,2.65,123683549000
2016-08-11,778000,0.39,59108335000
2016-08-12,782000,0.51,39897848000
2016-08-16,790000,1.02,89272182025
2016-08-17,790000,0.0,54981052000
2016-08-18,801000,1.39,73840794880
2016-08-19,805000,0.5,110103919780
2016-08-22,795000,-1.24,63697902000
2016-08-23,806000,1.38,55733183000
2016-08-24,812000,0.74,58135325000
2016-08-25,804000,-0.99,78050042624
2016-08-26,805000,0.12,60291566000
2016-08-29,810000,0.62,67905093500
2016-08-30,821000,1.36,57522475000
2016-08-31,845000,2.92,133149255000
2016-09-01,829000,-1.89,74964217200
2016-09-02,831000,0.24,54432820500
2016-09-05,850000,2.29,43973565590
2016-09-06,843000,-0.82,102533218000
2016-09-07,872000,3.44,74828680000
2016-09-08,869000,-0.34,67466946266
2016-09-09,847000,-2.53,70679705000
2016-09-12,840000,-0.83,58227079435
2016-09-13,841000,0.12,58493192000
2016-09-19,856000,1.78,100682117000
2016-09-20,836000,-2.34,92186297000
2016-09-21,855000,2.27,93055333912
2016-09-22,873000,2.11,97523808000
2016-09-23,878000,0.57,64681334000
2016-09-26,876000,-0.23,36838752000
2016-09-27,884000,0.91,71163405525
2016-09-28,887000,0.34,48682086000
2016-09-29,900000,1.47,69146806000
2016-09-30,883000,-1.89,150219789000
2016-10-04,858000,-2.83,94135846000
2016-10-05,867000,1.05,57591521504
2016-10-06,861000,-0.69,47284678000
2016-10-07,843000,-2.09,63927075000
2016-10-10,872000,3.44,60389411000
2016-10-11,862000,-1.15,60943145000
2016-10-12,864000,0.23,55702363500
2016-10-13,827000,-4.28,80494772000
2016-10-14,844000,2.06,47251627000
2016-10-17,851000,0.83,65937022248
2016-10-18,846000,-0.59,68433934712
2016-10-19,829000,-2.01,71102127184
2016-10-20,844000,1.81,97275970000
2016-10-21,831000,-1.54,50402815000
2016-10-24,833000,0.24,112353398290
2016-10-25,837000,0.48,72526037000
2016-10-26,848000,1.31,59999197000
2016-10-27,859000,1.3,153465771000
2016-10-28,860000,0.12,69662457990
2016-10-31,857000,-0.35,56890493000
2016-11-01,847000,-1.17,190552984500
2016-11-02,826000,-2.48,71177906890
2016-11-03,812000,-1.69,55912926000
2016-11-04,789000,-2.83,81045772945
2016-11-07,820000,3.93,81611736206
2016-11-08,815000,-0.61,51475047000
2016-11-09,805000,-1.23,99745166000
2016-11-10,806000,0.12,66546164000
2016-11-11,760000,-5.71,163675926000
2016-11-14,746000,-1.84,105721297000
2016-11-15,744000,-0.27,99715145000
2016-11-16,751000,0.94,116214577000
2016-11-17,745000,-0.8,74189670000
2016-11-18,771000,3.49,110424064716
2016-11-21,786000,1.95,115681082000
2016-11-22,810000,3.05,84665260000
2016-11-23,795000,-1.85,60353808000
2016-11-24,802000,0.88,55872192000
2016-11-25,805000,0.37,101481227000
2016-11-28,808000,0.37,61594610996
2016-11-29,801000,-0.87,45740894000
2016-11-30,798000,-0.37,134495402000
2016-12-01,764000,-4.26,80896272404
2016-12-02,755000,-1.18,60738135500
2016-12-05,764000,1.19,62484461000
2016-12-06,756000,-1.05,74995408118
2016-12-07,750000,-0.79,39864219000
2016-12-08,804000,7.2,106485435000
2016-12-09,800000,-0.5,66146364000
2016-12-12,792000,-1.0,47949691000
2016-12-13,786000,-0.76,47841690000
2016-12-14,785000,-0.13,41534108000
2016-12-15,786000,0.13,66099125769
2016-12-16,806000,2.54,80281195500
2016-12-19,800000,-0.74,38220066000
2016-12-20,787000,-1.63,51711369000
2016-12-21,779000,-1.02,34696181000
2016-12-22,773000,-0.77,60783854140
2016-12-23,768000,-0.65,41049253000
2016-12-26,765000,-0.39,15865798000
2016-12-27,772000,0.92,24520397000
2016-12-28,763000,-1.17,44426228000
2016-12-29,775000,1.57,43323163000
2017-01-02,777000,0.26,24066309000
2017-01-03,767000,-1.29,39787116368
2017-01-04,810000,5.61,95758857000
2017-01-05,791000,-2.35,54777224000
2017-01-06,799000,1.01,40075641740
2017-01-09,779000,-2.5,60031003025
2017-01-10,792000,1.67,37318961000
2017-01-11,796000,0.51,38824922000
2017-01-12,802000,0.75,45220020000
2017-01-13,790000,-1.5,53998799000
2017-01-16,794000,0.51,43588624000
2017-01-17,795000,0.13,40405882000
2017-01-18,788000,-0.88,43688476400
2017-01-19,801000,1.65,54264738000
2017-01-20,785000,-2.0,57986941323
2017-01-23,771000,-1.78,69867920000
2017-01-24,761000,-1.3,81592511088
2017-01-25,763000,0.26,90783268000
2017-01-26,753000,-1.31,205964253790
2017-01-31,758000,0.66,96818598000
2017-02-01,771000,1.72,71304248000
2017-02-02,772000,0.13,93534843100
2017-02-03,774000,0.26,110043655500
2017-02-06,779000,0.65,98722684120
2017-02-07,800000,2.7,107206542531
2017-02-08,795000,-0.63,61691477000
2017-02-09,787000,-1.01,80398411000
2017-02-10,795000,1.02,53445242666
2017-02-13,795000,0.0,47146493627
2017-02-14,770000,-3.14,92520425000
2017-02-15,773000,0.39,51361811445
2017-02-16,777000,0.52,57100799000
2017-02-17,780000,0.39,81282777740
2017-02-20,781000,0.13,58478012000
2017-02-21,790000,1.15,90867371000
2017-02-22,797000,0.89,85606484000
2017-02-23,808000,1.38,78327292000
2017-02-24,803000,-0.62,61744324000
2017-02-27,796000,-0.87,27079989000
2017-02-28,776000,-2.51,76060601000
2017-03-02,815000,5.03,121594136948
2017-03-03,809000,-0.74,79707295000
2017-03-06,800000,-1.11,46482050000
2017-03-07,799000,-0.13,38611875000
2017-03-08,800000,0.13,44965286000
2017-03-09,789000,-1.38,60094492316
2017-03-10,800000,1.39,38816506000
2017-03-13,826000,3.25,68528696000
2017-03-14,815000,-1.33,77284929640
2017-03-15,820000,0.61,33331587000
2017-03-16,819000,-0.12,43940490000
2017-03-17,827000,0.98,48739627000
2017-03-20,818000,-1.09,48540937000
2017-03-21,871000,6.48,128696051664
2017-03-22,849000,-2.53,67569852000
2017-03-23,864000,1.77,69198823274
2017-03-24,872000,0.93,48625953000
2017-03-27,885000,1.49,53300561000
2017-03-28,853000,-3.62,70987517000
2017-03-29,864000,1.29,50406144500
2017-03-30,861000,-0.35,49337280851
2017-03-31,855000,-0.7,42957075000
2017-04-03,873000,2.11,47808834000
2017-04-04,850000,-2.63,51010262154
2017-04-05,843000,-0.82,84156754608
2017-04-06,840000,-0.36,60160689026
2017-04-07,828000,-1.43,47887964654
2017-04-10,818000,-1.21,58360064768
2017-04-11,770000,-5.87,204189454921
2017-04-12,768000,-0.26,156765565000
2017-04-13,802000,4.43,136800875000
2017-04-14,787000,-1.87,47445088000
2017-04-17,785000,-0.25,43610092064
2017-04-18,778000,-0.89,42298137561
2017-04-19,777000,-0.13,64598284336
2017-04-20,796000,2.45,77793558046
2017-04-21,813000,2.14,69320192592
2017-04-24,810000,-0.37,70144792927
2017-04-25,815000,0.62,122565618342
2017-04-26,807000,-0.98,130422740588
2017-04-27,791000,-1.98,133507534600
2017-04-28,800000,1.14,89825191000
2017-05-02,801000,0.13,87093843500
2017-05-04,823000,2.75,71603754000
2017-05-08,845000,2.67,111478954000
2017-05-10,824000,-2.49,119098273000
2017-05-11,866000,5.1,149561271000
2017-05-12,848000,-2.08,65132215000
2017-05-15,839000,-1.06,40010449000
2017-05-16,839000,0.0,46009830000
2017-05-17,832000,-0.83,61004137983
2017-05-18,824000,-0.96,48654684000
2017-05-19,832000,0.97,103770333500
2017-05-22,847000,1.8,59025086000
2017-05-23,842000,-0.59,62937551000
2017-05-24,852000,1.19,77980893000
2017-05-25,852000,0.0,57129122000
2017-05-26,855000,0.35,52921225000
2017-05-29,856000,0.12,38925926000
2017-05-30,852000,-0.47,57149251000
2017-05-31,845000,-0.82,81334279000
2017-06-01,842000,-0.36,46789147000
2017-06-02,864000,2.61,58991528000
2017-06-05,876000,1.39,91651801729
2017-06-07,876000,0.0,73957809066
2017-06-08,890000,1.6,93187904554
2017-06-09,960000,7.87,173021069000
2017-06-12,895000,-6.77,180177434000
2017-06-13,895000,0.0,101323905000
2017-06-14,883000,-1.34,118178249000
2017-06-15,885000,0.23,68041469000
2017-06-16,892000,0.79,85346261550
2017-06-19,878000,-1.57,56109050000
2017-06-20,866000,-1.37,73192670000
2017-06-21,880000,1.62,84420905040
2017-06-22,880000,0.0,52172055000
2017-06-23,887000,0.8,54603184256
2017-06-26,888000,0.11,52560661000
2017-06-27,869000,-2.14,607635310000
2017-06-28,861000,-0.92,86910106000
2017-06-29,853000,-0.93,61904082868
2017-06-30,838000,-1.76,93994053236
2017-07-03,844000,0.72,53922824640
2017-07-04,840000,-0.47,37766011000
2017-07-05,835000,-0.6,54347841000
2017-07-06,825000,-1.2,89182122650
2017-07-07,838000,1.58,77676635000
2017-07-10,813000,-2.98,77110304000
2017-07-11,830000,2.09,68430852613
2017-07-12,821000,-1.08,58388925000
2017-07-13,830000,1.1,76332610000
2017-07-14,839000,1.08,82417182775
2017-07-17,839000,0.0,71353087904
2017-07-18,830000,-1.07,52866874000
2017-07-19,835000,0.6,58011249000
2017-07-20,835000,0.0,53022672426
2017-07-21,839000,0.48,50865638000
2017-07-24,833000,-0.72,56839557000
2017-07-25,837000,0.48,54988537653
2017-07-26,825000,-1.43,68016328000
2017-07-27,825000,0.0,58098622000
2017-07-28,799000,-3.15,101475732000
2017-07-31,803000,0.5,70196791000
2017-08-01,796000,-0.87,66056545000
2017-08-02,795000,-0.13,66545761000
2017-08-03,778000,-2.14,105453068662
2017-08-04,776000,-0.26,52523726000
2017-08-07,796000,2.58,117519417000
2017-08-08,810000,1.76,84317790000
2017-08-09,798000,-1.48,41552877000
2017-08-10,794000,-0.5,58480695000
2017-08-11,795000,0.13,42630650000
2017-08-14,779000,-2.01,62137096000
2017-08-16,787000,1.03,54802260000
2017-08-17,777000,-1.27,57151288000
2017-08-18,784000,0.9,41002715000
2017-08-21,781000,-0.38,31473374000
2017-08-22,767000,-1.79,174059952000
2017-08-23,773000,0.78,75144210064
2017-08-24,771000,-0.26,90119639301
2017-08-25,780000,1.17,64380833000
2017-08-28,783000,0.38,85609509000
2017-08-29,778000,-0.64,81789633000
2017-08-30,774000,-0.51,87501906000
2017-08-31,755000,-2.45,149910694557
2017-09-01,746000,-1.19,110100234500
2017-09-04,726000,-2.68,102096600000
2017-09-05,736000,1.38,71742187281
2017-09-06,737000,0.14,58897949000
2017-09-07,730000,-0.95,49917851000
2017-09-08,727000,-0.41,51525015000
2017-09-11,720000,-0.96,54356058000
2017-09-12,735000,2.08,60813785000
2017-09-13,729000,-0.82,54109287632
2017-09-14,765000,4.94,171526188343
2017-09-15,760000,-0.65,75275421456
2017-09-18,781000,2.76,95649825242
2017-09-19,770000,-1.41,56846205000
2017-09-20,783000,1.69,67463140000
2017-09-21,763000,-2.55,51897843000
2017-09-22,764000,0.13,49619307000
2017-09-25,754000,-1.31,55710901000
2017-09-26,753000,-0.13,56771191000
2017-09-27,734000,-2.52,68090396200
2017-09-28,733000,-0.14,79963606000
2017-09-29,745000,1.64,39278776000
2017-10-10,756000,1.48,124514519687
2017-10-11,751000,-0.66,44434676000
2017-10-12,768000,2.26,87707751000
2017-10-13,762000,-0.78,55579762000
2017-10-16,762000,0.0,49816777000
2017-10-17,768000,0.79,71314643000
2017-10-18,815000,6.12,176884247000
2017-10-19,811000,-0.49,146396448450
2017-10-20,801000,-1.23,82717777000
2017-10-23,799000,-0.25,51804557000
2017-10-24,801000,0.25,44491829000
2017-10-25,804000,0.37,74967092000
2017-10-26,840000,4.48,288451603000
2017-10-27,879000,4.64,206498449000
2017-10-30,876000,-0.34,93068509000
2017-10-31,894000,2.05,115601964425
2017-11-01,860000,-3.8,200397947000
2017-11-02,856000,-0.47,60749513000
2017-11-03,863000,0.82,54195901000
2017-11-06,861000,-0.23,55486959000
2017-11-07,860000,-0.12,72620352000
2017-11-08,849000,-1.28,87089839000
2017-11-09,825000,-2.83,146797273000
2017-11-10,814000,-1.33,127818471000
2017-11-13,819000,0.61,76864592000
2017-11-14,805000,-1.71,95795432000
2017-11-15,805000,0.0,73161744900
2017-11-16,802000,-0.37,69499854520
2017-11-17,805000,0.37,117662693000
2017-11-20,801000,-0.5,68938044000
2017-11-21,808000,0.87,64145508000
2017-11-22,801000,-0.87,76629362000
2017-11-23,801000,0.0,54046479000
2017-11-24,810000,1.12,54994670000
2017-11-27,795000,-1.85,93357623000
2017-11-28,807000,1.51,76850774000
2017-11-29,812000,0.62,74163515000
2017-11-30,800000,-1.48,126340345344
2017-12-01,831000,3.88,126447406000
2017-12-04,839000,0.96,113796668024
2017-12-05,833000,-0.72,53395892000
2017-12-06,826000,-0.84,57248106500
2017-12-07,837000,1.33,129825858000
2017-12-08,830000,-0.84,48755019000
2017-12-11,826000,-0.48,47468075000
2017-12-12,828000,0.24,60675492000
2017-12-13,841000,1.57,59968220000
2017-12-14,835000,-0.71,120313769000
2017-12-15,844000,1.08,76763553286
2017-12-18,860000,1.9,101273380078
2017-12-19,855000,-0.58,68289494050
2017-12-20,849000,-0.7,58373096000
2017-12-21,842000,-0.82,69733007000
2017-12-22,862000,2.38,74957464000
2017-12-26,874000,1.39,90617290000
2017-12-27,877000,0.34,50083757000
2017-12-28,870000,-0.8,56705863764
2018-01-02,885000,1.72,82418272700
2018-01-03,871000,-1.58,73861979000
2018-01-04,893000,2.53,115228389000
2018-01-05,908000,1.68,123266209000
2018-01-08,950000,4.63,185150818578
2018-01-09,944000,-0.63,73680802800
2018-01-10,928000,-1.69,113041715700
2018-01-11,917000,-1.19,86244775000
2018-01-12,909000,-0.87,81400292000
2018-01-15,921000,1.32,54443470000
2018-01-16,903000,-1.95,85984154000
2018-01-17,888000,-1.66,95479680000
2018-01-18,903000,1.69,81272921000
2018-01-19,881000,-2.44,89279727000
2018-01-22,893000,1.36,67160374000
2018-01-23,889000,-0.45,71590897000
2018-01-24,878000,-1.24,103588229000
2018-01-25,913000,3.99,153008985000
2018-01-26,927000,1.53,102762749000
2018-01-29,932000,0.54,96555030000
2018-01-30,931000,-0.11,95725469919
2018-01-31,910000,-2.26,115017011000
2018-02-01,923000,1.43,74591555000
2018-02-02,905000,-1.95,75212282000
2018-02-05,879000,-2.87,86034255000
2018-02-06,851000,-3.19,131726612718
2018-02-07,843000,-0.94,82002261000
2018-02-08,843000,0.0,87414778000
2018-02-09,808000,-4.15,128343848000
2018-02-12,800000,-0.99,153151613000
2018-02-13,805000,0.63,111421224000
2018-02-14,811000,0.75,60178420000
2018-02-19,820000,1.11,68379268000
2018-02-20,807000,-1.59,54321913000
2018-02-21,833000,3.22,117070247000
2018-02-22,827000,-0.72,59811848000
2018-02-23,829000,0.24,58725492000
2018-02-26,810000,-2.29,103241602120
2018-02-27,804000,-0.74,115214234000
2018-02-28,803000,-0.12,308533398000
2018-03-02,786000,-2.12,170530975780
2018-03-05,779000,-0.89,61886220000
2018-03-06,796000,2.18,61765256050
2018-03-07,795000,-0.13,57485072000
2018-03-08,799000,0.5,63114380000
2018-03-09,802000,0.38,68933542000
2018-03-12,806000,0.5,55831029000
2018-03-13,820000,1.74,99528194000
2018-03-14,809000,-1.34,60847340000
2018-03-15,820000,1.36,55928847000
2018-03-16,801000,-2.32,115033451000
2018-03-19,785000,-2.0,94403291000
2018-03-20,795000,1.27,69612965000
2018-03-21,794000,-0.13,67548299000
2018-03-22,803000,1.13,54004340006
2018-03-23,783000,-2.49,76827119698
2018-03-26,789000,0.77,43364063000
2018-03-27,789000,0.0,44745229000
2018-03-28,784000,-0.63,41006705000
2018-03-29,786000,0.26,52763886000
2018-03-30,792000,0.76,45673338000
2018-04-02,785000,-0.88,62493619000
2018-04-03,785000,0.0,53600671000
2018-04-04,754000,-3.95,126535798000
2018-04-05,779000,3.32,73047779000
2018-04-06,770000,-1.16,59264872000
2018-04-09,774000,0.52,44610574000
2018-04-10,775000,0.13,61421472404
2018-04-11,771000,-0.52,47688135000
2018-04-12,757000,-1.82,84807730000
2018-04-13,764000,0.92,51854257000
2018-04-16,751000,-1.7,59152512967
2018-04-17,748000,-0.4,66170246000
2018-04-18,752000,0.53,62704597000
2018-04-19,738000,-1.86,91790934000
2018-04-20,728000,-1.36,70168119000
2018-04-23,735000,0.96,45773475500
2018-04-24,725000,-1.36,72214310000
2018-04-25,743000,2.48,91654929838
2018-04-26,725000,-2.42,156439987708
2018-04-27,716000,-1.24,150411258671
2018-04-30,716000,0.0,57069439680
2018-05-02,738000,3.07,74572997000
2018-05-03,727000,-1.49,46633186000
2018-05-04,717000,-1.38,74233038000
2018-05-08,731000,1.95,71278863000
2018-05-09,727000,-0.55,69620121000
2018-05-10,720000,-0.96,60301453000
2018-05-11,717000,-0.42,78760865000
2018-05-14,717000,0.0,41404410470
2018-05-15,711000,-0.84,56994678000
2018-05-16,700000,-1.55,87124132000
2018-05-17,697000,-0.43,64563978460
2018-05-18,688000,-1.29,77788153000
2018-05-21,682000,-0.87,68915393000
2018-05-23,684000,0.29,58801327000
2018-05-24,680000,-0.58,30277151000
2018-05-25,685000,0.74,51957852000
2018-05-28,680000,-0.73,36836599000
2018-05-29,668000,-1.76,62752433000
2018-05-30,652000,-2.4,87713541880
2018-05-31,669000,2.61,140350807000
2018-06-01,680000,1.64,62175026384
2018-06-04,673000,-1.03,55582090000
2018-06-05,674000,0.15,45282055000
2018-06-07,680000,0.89,53094357478
2018-06-08,701000,3.09,131534370000
2018-06-11,711000,1.43,97555556000
2018-06-12,717000,0.84,88494580000
2018-06-14,707000,-1.39,113124739346
2018-06-15,690000,-2.4,96787338687
2018-06-18,694000,0.58,73247619467
2018-06-19,688000,-0.86,76156692000
2018-06-20,689000,0.15,73426702000
2018-06-21,699000,1.45,81876932000
2018-06-22,723000,3.43,114517680000
2018-06-25,748000,3.46,189302746000
2018-06-26,735000,-1.74,79238090000
2018-06-27,739000,0.54,64827498500
2018-06-28,747000,1.08,101501340500
2018-06-29,763000,2.14,117937464708
2018-07-02,751000,-1.57,81056189018
2018-07-03,747000,-0.53,64587203000
2018-07-04,768000,2.81,138554269000
2018-07-05,765000,-0.39,43644061500
2018-07-06,749000,-2.09,61393455000
2018-07-09,755000,0.8,71414590000
2018-07-10,760000,0.66,57209068000
2018-07-11,769000,1.18,66525371000
2018-07-12,782000,1.69,74558894000
2018-07-13,771000,-1.41,58643596500
2018-07-16,771000,0.0,44442642000
2018-07-17,759000,-1.56,40232957000
2018-07-18,764000,0.66,24267454000
2018-07-19,765000,0.13,38849036000
2018-07-20,770000,0.65,38544081000
2018-07-23,774000,0.52,62820296485
2018-07-24,745000,-3.75,63668117000
2018-07-25,746000,0.13,70670134800
2018-07-26,751000,0.67,167127883000
2018-07-27,751000,0.0,84529764000
2018-07-30,730000,-2.8,79424125000
2018-07-31,716000,-1.92,88642746000
2018-08-01,728000,1.68,74496492000
2018-08-02,728000,0.0,58895677069
2018-08-03,731000,0.41,77558425000
2018-08-06,735000,0.55,44804434000
2018-08-07,744000,1.22,48217353000
2018-08-08,750000,0.81,46775383860
2018-08-09,779000,3.87,102511360500
2018-08-10,771000,-1.03,53621044000
2018-08-13,755000,-2.08,63167893000
2018-08-14,757000,0.26,46774255000
2018-08-16,750000,-0.92,85553215000
2018-08-17,755000,0.67,29317416000
2018-08-20,755000,0.0,29525576000
2018-08-21,747000,-1.06,36328485000
2018-08-22,747000,0.0,35668330000
2018-08-23,772000,3.35,75958583000
2018-08-24,758000,-1.81,41416156945
2018-08-27,769000,1.45,34426025000
2018-08-28,756000,-1.69,35339542050
2018-08-29,748000,-1.06,41281571983
2018-08-30,746000,-0.27,35801483857
2018-08-31,752000,0.8,43522837000
2018-09-03,754000,0.27,23423647000
2018-09-04,755000,0.13,28193185000
2018-09-05,736000,-2.52,86928400000
2018-09-06,730000,-0.82,51561374391
2018-09-07,732000,0.27,47092772970
2018-09-10,725000,-0.96,52162939720
2018-09-11,726000,0.14,42520077000
2018-09-12,730000,0.55,42467746506
2018-09-13,723000,-0.96,74528910820
2018-09-14,730000,0.97,53349331000
2018-09-17,728000,-0.27,39262242000
2018-09-18,725000,-0.41,40166060932
2018-09-19,731000,0.83,40323439811
2018-09-20,731000,0.0,41968013000
2018-09-21,725000,-0.82,54749447936
2018-09-27,713000,-1.66,56095599493
2018-09-28,716000,0.42,69719231448
2018-10-01,713000,-0.42,30172193000
2018-10-02,689000,-3.37,103437031000
2018-10-04,695000,0.87,49005064000
2018-10-05,704000,1.29,60164803000
2018-10-08,704000,0.0,0
2018-10-10,704000,0.0,0
2018-10-11,704000,0.0,0
2018-10-12,142000,0.71,89381904500
2018-10-15,136000,-4.23,87369455500
2018-10-16,133500,-1.84,76373819500
2018-10-17,130000,-2.62,662691179500
2018-10-18,125000,-3.85,110329097500
2018-10-19,127500,2.0,139920038500
2018-10-22,129000,1.18,41658962000
2018-10-23,125500,-2.71,103789439382
2018-10-24,127000,1.2,86342456750
2018-10-25,119000,-6.3,180182671750
2018-10-26,113000,-5.04,173275686250
2018-10-29,109500,-3.1,71907086500
2018-10-30,110500,0.91,101800720100
2018-10-31,114500,3.62,114128452434
2018-11-01,111500,-2.62,91795480500
2018-11-02,116500,4.48,152056918750
2018-11-05,113500,-2.58,49990546000
2018-11-06,117000,3.08,52550421194
2018-11-07,115500,-1.28,45040076500
2018-11-08,116500,0.87,47504676000
2018-11-09,115000,-1.29,34232387000
2018-11-12,115000,0.0,30112411500
2018-11-13,116000,0.87,50565436500
2018-11-14,115500,-0.43,38689826500
2018-11-15,112500,-2.6,64928460500
2018-11-16,112500,0.0,97941803000
2018-11-19,111500,-0.89,77944940000
2018-11-20,108000,-3.14,75303843500
2018-11-21,106500,-1.39,55648365000
2018-11-22,109500,2.82,55240029500
2018-11-23,114000,4.11,79052265000
2018-11-26,124000,8.77,98343715000
2018-11-27,125000,0.81,80024656000
2018-11-28,129000,3.2,83193254500
2018-11-29,130500,1.16,73736213000
2018-11-30,126500,-3.07,101768016000
2018-12-03,126000,-0.4,61571143500
2018-12-04,123500,-1.98,63713951000
2018-12-05,125000,1.21,38623740000
2018-12-06,120000,-4.0,53780017000
2018-12-07,121000,0.83,68583725250
2018-12-10,119000,-1.65,44641857000
2018-12-11,123000,3.36,61083608000
2018-12-12,124500,1.22,60967033000
2018-12-13,124000,-0.4,120801378000
2018-12-14,123500,-0.4,31829032500
2018-12-17,122000,-1.21,36044697000
2018-12-18,122000,0.0,41723054500
2018-12-19,127500,4.51,48710568500
2018-12-20,127000,-0.39,45959512000
2018-12-21,121500,-4.33,62188297500
2018-12-24,123000,1.23,34264434000
2018-12-26,119000,-3.25,32933517000
2018-12-27,122500,2.94,45137960500
2018-12-28,122000,-0.41,39344095000
2019-01-02,118000,-3.28,42251384000
2019-01-03,122000,3.39,64527814000
2019-01-04,125500,2.87,64926488254
2019-01-07,131500,4.78,65889161500
2019-01-08,130000,-1.14,49143060000
2019-01-09,133000,2.31,50703690325
2019-01-10,131000,-1.5,38545940000
2019-01-11,131000,0.0,42783290500
2019-01-14,127000,-3.05,66443718500
2019-01-15,132500,4.33,43815506500
2019-01-16,132500,0.0,36270377500
2019-01-17,136000,2.64,55425430500
2019-01-18,137500,1.1,45112088000
2019-01-21,131000,-4.73,60541665170
2019-01-22,130000,-0.76,64516905500
2019-01-23,132500,1.92,34339506000
2019-01-24,129500,-2.26,72899418214
2019-01-25,130000,0.39,36589234500
2019-01-28,132000,1.54,37141042500
2019-01-29,136000,3.03,55120485000
2019-01-30,136000,0.0,62683314500
2019-01-31,136000,0.0,147213667242
2019-02-01,133500,-1.84,72389292630
2019-02-07,129000,-3.37,96583287130
2019-02-08,126000,-2.33,88687787000
2019-02-11,125500,-0.4,101864982250
2019-02-12,123500,-1.59,141811138000
2019-02-13,125000,1.21,46837431500
2019-02-14,127500,2.0,89571475500
2019-02-15,127500,0.0,54118718000
2019-02-18,127000,-0.39,68077751000
2019-02-19,126500,-0.39,27662037500
2019-02-20,127000,0.4,29370526000
2019-02-21,129000,1.57,44559255000
2019-02-22,127000,-1.55,38126377500
2019-02-25,126000,-0.79,42809732000
2019-02-26,131500,4.37,77530358500
2019-02-27,129500,-1.52,42277046683
2019-02-28,133000,2.7,77949068000
2019-03-04,138000,3.76,101771657000
2019-03-05,135500,-1.81,52969154000
2019-03-06,137500,1.48,55285998200
2019-03-07,138500,0.73,35098614500
2019-03-08,133000,-3.97,40594895000
2019-03-11,133500,0.38,20146603500
2019-03-12,130500,-2.25,48230277000
2019-03-13,130500,0.0,34898035000
2019-03-14,131000,0.38,72559525500
2019-03-15,130500,-0.38,118510505750
2019-03-18,132000,1.15,32867390500
2019-03-19,130500,-1.14,26347309000
2019-03-20,128500,-1.53,47582019500
2019-03-21,128000,-0.39,51357230000
2019-03-22,127000,-0.78,48235201000
2019-03-25,126000,-0.79,35218536250
2019-03-26,126500,0.4,56996038500
2019-03-27,123000,-2.77,52984972000
2019-03-28,122000,-0.81,54922466750
2019-03-29,124000,1.64,52182428250
2019-04-01,124000,0.0,45752229750
2019-04-02,124500,0.4,58847065709
2019-04-03,122000,-2.01,117042274500
2019-04-04,122500,0.41,44278769500
2019-04-05,123000,0.41,44899539750
2019-04-08,121500,-1.22,47837273250
2019-04-09,121500,0.0,51453372250
2019-04-10,122000,0.41,56029506250
2019-04-11,121500,-0.41,74920703157
2019-04-12,119500,-1.65,113895415500
2019-04-15,119500,0.0,71259774500
2019-04-16,119500,0.0,116512423500
2019-04-17,119500,0.0,76325099000
2019-04-18,118000,-1.26,92002696500
2019-04-19,118000,0.0,29266245000
2019-04-22,118000,0.0,63027995000
2019-04-23,120500,2.12,98049738700
2019-04-24,121000,0.41,109830236500
2019-04-25,120500,-0.41,87132142000
2019-04-26,118000,-2.07,64633731500
2019-04-29,120000,1.69,50977023500
2019-04-30,119500,-0.42,67685741500
2019-05-02,122000,2.09,84175164000
2019-05-03,124000,1.64,87051702500
2019-05-07,124000,0.0,86319624750
2019-05-08,123500,-0.4,39123825500
2019-05-09,119000,-3.64,95972050550
2019-05-10,122500,2.94,57723276000
2019-05-13,122500,0.0,42101773000
2019-05-14,122000,-0.41,64845489250
2019-05-15,120000,-1.64,55811604000
2019-05-16,119000,-0.83,57871810000
2019-05-17,121000,1.68,53184383000
2019-05-20,118500,-2.07,53573016000
2019-05-21,114500,-3.38,70058497000
2019-05-22,113000,-1.31,64006105000
2019-05-23,113000,0.0,61145647703
2019-05-24,113500,0.44,46387229000
2019-05-27,110500,-2.64,41005007000
2019-05-28,108500,-1.81,162354790344
2019-05-29,109500,0.92,56529874000
2019-05-30,112000,2.28,42526903757
2019-05-31,111500,-0.45,34620804500
2019-06-03,115000,3.14,44739021500
2019-06-04,111000,-3.48,59336711000
2019-06-05,110500,-0.45,52106602000
2019-06-07,111000,0.45,42856010250
2019-06-10,114000,2.7,52642759500
2019-06-11,113000,-0.88,47889054500
2019-06-12,114000,0.88,40148184750
2019-06-13,113000,-0.88,62294858500
2019-06-14,111500,-1.33,61725417750
2019-06-17,110500,-0.9,52543888500
2019-06-18,109000,-1.36,85777466000
2019-06-19,110000,0.92,52738740000
2019-06-20,111500,1.36,31238698500
2019-06-21,113000,1.35,62917607000
2019-06-24,113500,0.44,28652773750
2019-06-25,114500,0.88,54330990000
2019-06-26,115500,0.87,34679969750
2019-06-27,115000,-0.43,43045588500
2019-06-28,114000,-0.87,30413378000
2019-07-01,114500,0.44,35229512500
2019-07-02,115000,0.44,31233797000
2019-07-03,117500,2.17,47705445000
2019-07-04,118000,0.43,41997059500
2019-07-05,121000,2.54,49373411000
2019-07-08,118500,-2.07,36584591500
2019-07-09,115500,-2.53,53742212500
2019-07-10,115500,0.0,31162368000
2019-07-11,117000,1.3,34374381500
2019-07-12,117000,0.0,18875796750
2019-07-15,118000,0.85,31264980500
2019-07-16,120000,1.69,46656292500
2019-07-17,119000,-0.83,24435589000
2019-07-18,120500,1.26,32247938500
2019-07-19,122500,1.66,54438920500
2019-07-22,121000,-1.22,42166433500
2019-07-23,122500,1.24,43888447500
2019-07-24,123500,0.82,75050592750
2019-07-25,134000,8.5,214159228500
2019-07-26,141000,5.22,201137144000
2019-07-29,138500,-1.77,80886830500
2019-07-30,138500,0.0,50693514500
2019-07-31,138000,-0.36,49885475500
2019-08-01,140500,1.81,64445902641
2019-08-02,142000,1.07,68425493500
2019-08-05,138000,-2.82,100838747000
2019-08-06,138500,0.36,83575262500
2019-08-07,137500,-0.72,46468408000
2019-08-08,140000,1.82,69336961500
2019-08-09,142500,1.79,52696005500
2019-08-12,140500,-1.4,30865080000
2019-08-13,142500,1.42,50338637500
2019-08-14,139000,-2.46,60585579000
2019-08-16,139500,0.36,48893318000
2019-08-19,139000,-0.36,67913238322
2019-08-20,145500,4.68,79570927000
2019-08-21,147500,1.37,75461718000
2019-08-22,148000,0.34,74571632500
2019-08-23,148500,0.34,72214154140
2019-08-26,143500,-3.37,61239210000
2019-08-27,146500,2.09,131710219996
2019-08-28,146500,0.0,45145338500
2019-08-29,145000,-1.02,59098682000
2019-08-30,146500,1.03,62213956760
2019-09-02,150000,2.39,56042665000
2019-09-03,150500,0.33,46415929500
2019-09-04,151000,0.33,52871151500
2019-09-05,147000,-2.65,80361795571
2019-09-06,149500,1.7,33180921000
2019-09-09,153000,2.34,70723633000
2019-09-10,150500,-1.63,44960677000
2019-09-11,153500,1.99,112770651750
2019-09-16,154500,0.65,69804434750
2019-09-17,155000,0.32,47030063313
2019-09-18,159000,2.58,73559410000
2019-09-19,157500,-0.94,59301314500
2019-09-20,157000,-0.32,61191475500
2019-09-23,157000,0.0,32049896000
2019-09-24,158000,0.64,30879624500
2019-09-25,158000,0.0,43359605000
2019-09-26,158000,0.0,49554005500
2019-09-27,156000,-1.27,37608422485
2019-09-30,157000,0.64,49019728000
2019-10-01,160000,1.91,41481321000
2019-10-02,157000,-1.88,32232183000
2019-10-04,150500,-4.14,92323783000
2019-10-07,153000,1.66,58896898000
2019-10-08,153500,0.33,38342946500
2019-10-10,153500,0.0,62016387000
2019-10-11,156000,1.63,33777862000
2019-10-14,156000,0.0,38219754000
2019-10-15,151500,-2.88,45391080500
2019-10-16,154500,1.98,43202971000
2019-10-17,153000,-0.97,43158495500
2019-10-18,150500,-1.63,37261974000
2019-10-21,152000,1.0,37308386000
2019-10-22,154000,1.32,55117376500
2019-10-23,152500,-0.97,34582492500
2019-10-24,153000,0.33,34164279000
2019-10-25,152500,-0.33,24738588000
2019-10-28,157000,2.95,52158537000
2019-10-29,153000,-2.55,49321738000
2019-10-30,154500,0.98,44616928000
2019-10-31,164000,6.15,229751213000
2019-11-01,167000,1.83,116288980000
2019-11-04,164500,-1.5,74746326500
2019-11-05,161500,-1.82,107586558000
2019-11-06,161500,0.0,53895253500
2019-11-07,165500,2.48,64005639000
2019-11-08,163500,-1.21,50202718500
2019-11-11,163000,-0.31,37853300000
2019-11-12,162000,-0.61,38250724000
2019-11-13,158000,-2.47,78810333000
2019-11-14,180000,13.92,356901907000
2019-11-15,173500,-3.61,154997769000
2019-11-18,178500,2.88,155659554500
2019-11-19,170500,-4.48,182737706000
2019-11-20,169500,-0.59,102547351500
2019-11-21,170000,0.29,92596944500
2019-11-22,167500,-1.47,80651860500
2019-11-25,174000,3.88,84213502500
2019-11-26,173000,-0.57,134331405000
2019-11-27,172500,-0.29,52123225000
2019-11-28,173000,0.29,43684590000
2019-11-29,172000,-0.58,59658263000
2019-12-02,171500,-0.29,47568710000
2019-12-03,172000,0.29,42136731500
2019-12-04,174500,1.45,39799431500
2019-12-05,170500,-2.29,46496991500
2019-12-06,174000,2.05,36185841000
2019-12-09,175000,0.57,47492017500
2019-12-10,174500,-0.29,37661376000
2019-12-11,174000,-0.29,35003282000
2019-12-12,175500,0.86,106949609000
2019-12-13,175500,0.0,55689111000
2019-12-16,179500,2.28,59882314000
2019-12-17,180500,0.56,66782062000
2019-12-18,178500,-1.11,55383459000
2019-12-19,179000,0.28,52757867400
2019-12-20,183500,2.51,103004839500
2019-12-23,184000,0.27,45942416458
2019-12-24,182000,-1.09,35094363000
2019-12-26,180500,-0.82,31417897000
2019-12-27,183500,1.66,58899691000
2019-12-30,186500,1.63,70555278000
2020-01-02,182500,-2.14,55309555500
2020-01-03,181500,-0.55,82879082000
2020-01-06,180500,-0.55,51850594000
2020-01-07,187000,3.6,60938161000
2020-01-08,183000,-2.14,149007274500
2020-01-09,186000,1.64,98404726565
2020-01-10,188000,1.08,74272588500
2020-01-13,188000,0.0,63290413750
2020-01-14,190500,1.33,95615101000
2020-01-15,191500,0.52,61588154000
2020-01-16,191500,0.0,46822745500
2020-01-17,191000,-0.26,54559560000
2020-01-20,187500,-1.83,85618166000
2020-01-21,182000,-2.93,101140304750
2020-01-22,186000,2.2,80460117896
2020-01-23,183000,-1.61,68993017893
2020-01-28,178500,-2.46,85950327000
2020-01-29,180000,0.84,78717578000
2020-01-30,180000,0.0,138821474500
2020-01-31,179500,-0.28,96391727000
2020-02-03,177500,-1.11,86525985000
2020-02-04,180500,1.69,100583526500
2020-02-05,181500,0.55,118416563500
2020-02-06,181500,0.0,119855075500
2020-02-07,185000,1.93,134873626000
2020-02-10,183500,-0.81,79113800920
2020-02-11,184500,0.54,73826905500
2020-02-12,185000,0.27,64637348000
2020-02-13,184500,-0.27,102444448000
2020-02-14,186500,1.08,122491407500
2020-02-17,188500,1.07,58327801000
2020-02-18,186500,-1.06,64496791000
2020-02-19,189500,1.61,105948706406
2020-02-20,190000,0.26,80995692500
2020-02-21,189500,-0.26,82009340500
2020-02-24,184000,-2.9,104933546500
2020-02-25,190500,3.53,132868413000
2020-02-26,187000,-1.84,92735380500
2020-02-27,182000,-2.67,97707150500
2020-02-28,174000,-4.4,145304893500
2020-03-02,175000,0.57,115287636500
2020-03-03,175000,0.0,96232361890
2020-03-04,178500,2.0,80148066000
2020-03-05,181000,1.4,87078634500
2020-03-06,179500,-0.83,52626855500
2020-03-09,168000,-6.41,113527110000
2020-03-10,172000,2.38,114160716424
2020-03-11,170000,-1.16,82522513000
2020-03-12,166500,-2.06,162319112750
2020-03-13,166000,-0.3,196520979750
2020-03-16,155000,-6.63,129571989000
2020-03-17,151000,-2.58,146962918750
2020-03-18,146000,-3.31,101184767500
2020-03-19,144000,-1.37,166780846000
2020-03-20,154000,6.94,152296565000
2020-03-23,143000,-7.14,149203913500
2020-03-24,156000,9.09,147225148000
2020-03-25,156000,0.0,162535070000
2020-03-26,152500,-2.24,151989974000
2020-03-27,164000,7.54,196384187250
2020-03-30,162500,-0.91,102272849000
2020-03-31,170000,4.62,144239173750
2020-04-01,163000,-4.12,119915823500
2020-04-02,173500,6.44,185994169500
2020-04-03,172000,-0.86,113014300250
2020-04-06,173000,0.58,113204731500
2020-04-07,169500,-2.02,148260760500
2020-04-08,166500,-1.77,98699017000
2020-04-09,167500,0.6,114115514000
2020-04-10,166500,-0.6,79984197000
2020-04-13,166000,-0.3,68604878000
2020-04-14,168500,1.51,87907957000
2020-04-16,170500,1.19,143678838500
2020-04-17,179000,4.99,160020201000
2020-04-20,180000,0.56,119824011500
2020-04-21,178500,-0.83,135236245000
2020-04-22,182000,1.96,108969982000
2020-04-23,190000,4.4,290222204500
2020-04-24,192500,1.32,179515361000
2020-04-27,197500,2.6,183204749500
2020-04-28,198000,0.25,85255376500
2020-04-29,197500,-0.25,134316105500
2020-05-04,199000,0.76,219347304500
2020-05-06,212000,6.53,205787370500
2020-05-07,215500,1.65,211748985000
2020-05-08,214000,-0.7,157941958500
2020-05-11,214500,0.23,129972333000
2020-05-12,219500,2.33,233075479324
2020-05-13,218500,-0.46,220160321100
2020-05-14,219000,0.23,189765921500
2020-05-15,213000,-2.74,224546853750
2020-05-18,215000,0.94,137642952000
2020-05-19,213500,-0.7,194724262253
2020-05-20,222000,3.98,215443492692
2020-05-21,225000,1.35,228495510500
2020-05-22,230500,2.44,253944629000
2020-05-25,241000,4.56,241341938500
2020-05-26,239000,-0.83,373024854000
2020-05-27,228500,-4.39,310510598540
2020-05-28,240500,5.25,379140893000
2020-05-29,226000,-6.03,714990175761
2020-06-01,237000,4.87,267471360500
2020-06-02,234000,-1.27,161138696500
2020-06-03,225500,-3.63,336214347000
2020-06-04,232500,3.1,243731307500
2020-06-05,231000,-0.65,242026503257
2020-06-08,240500,4.11,386413276924
2020-06-09,237500,-1.25,222810393500
2020-06-10,244000,2.74,349337389500
2020-06-11,240500,-1.43,346203593500
2020-06-12,242000,0.62,312801430152
2020-06-15,231500,-4.34,312066561500
2020-06-16,243500,5.18,278620560000
2020-06-17,251000,3.08,337948312500
2020-06-18,247500,-1.39,185524270000
2020-06-19,249500,0.81,227162727456
2020-06-22,270000,8.22,485816124704
2020-06-23,276000,2.22,588370997500
2020-06-24,279000,1.09,274364135500
2020-06-25,269500,-3.41,325381436500
2020-06-26,269000,-0.19,252348629500
2020-06-29,264000,-1.86,216894244500
2020-06-30,267000,1.14,230249229500
2020-07-01,269000,0.75,177471989500
2020-07-02,277000,2.97,278931268000
2020-07-03,277500,0.18,270001585250
2020-07-06,281500,1.44,343377555500
2020-07-07,279500,-0.71,387292509500
2020-07-08,282500,1.07,379185499050
2020-07-09,287500,1.77,580638013000
2020-07-10,299000,4.0,636152069000
2020-07-13,297000,-0.67,371275963500
2020-07-14,287000,-3.37,391150174500
2020-07-15,286500,-0.17,365508952000
2020-07-16,273000,-4.71,370524116500
2020-07-17,276000,1.1,255308206000
2020-07-20,263000,-4.71,412991664000
2020-07-21,270000,2.66,319522573500
2020-07-22,270000,0.0,242469605000
2020-07-23,284000,5.19,392799798000
2020-07-24,281000,-1.06,349350239000
2020-07-27,284500,1.25,196092854000
2020-07-28,288000,1.23,282133831000
2020-07-29,292000,1.39,277837840500
2020-07-30,294000,0.68,337799333500
2020-07-31,301000,2.38,470401573500
2020-08-03,314500,4.49,414200187952
2020-08-04,311000,-1.11,416681747984
2020-08-05,313500,0.8,252510658244
2020-08-06,322000,2.71,327503268500
2020-08-07,314000,-2.48,337762914000
2020-08-10,313500,-0.16,300186814500
2020-08-11,311500,-0.64,207633464500
2020-08-12,305000,-2.09,262002347000
2020-08-13,307000,0.66,431869653500
2020-08-14,305000,-0.65,185401362500
2020-08-18,307500,0.82,466796799500
2020-08-19,315000,2.44,294012490000
2020-08-20,305500,-3.02,369136184500
2020-08-21,312500,2.29,243883950000
2020-08-24,320000,2.4,248511604000
2020-08-25,325000,1.56,288283649500
2020-08-26,334000,2.77,385114088000
2020-08-27,337000,0.9,420457471000
2020-08-28,333000,-1.19,322883401000
2020-08-31,322500,-3.15,501802488500
2020-09-01,324500,0.62,224807032500
2020-09-02,332500,2.47,267179697500
2020-09-03,339000,1.95,260315239000
2020-09-04,328500,-3.1,386839673000
2020-09-07,314500,-4.26,414431872000
2020-09-08,311000,-1.11,307561928000
2020-09-09,304500,-2.09,282302689500
2020-09-10,307500,0.99,256821117500
2020-09-11,306000,-0.49,156744682500
2020-09-14,303000,-0.98,183968356000
2020-09-15,312000,2.97,247446069000
2020-09-16,307000,-1.6,214032765500
2020-09-17,300500,-2.12,247808408500
2020-09-18,298000,-0.83,224009191452
2020-09-21,292000,-2.01,194380094500
2020-09-22,284500,-2.57,247453709000
2020-09-23,296500,4.22,287769901500
2020-09-24,294000,-0.84,247261094500
2020-09-25,295000,0.34,190145908500
2020-09-28,298500,1.19,216677244200
2020-09-29,296500,-0.67,227159509500
2020-10-05,298500,0.67,267077969500
2020-10-06,305000,2.18,262495639000
2020-10-07,305000,0.0,161652795000
2020-10-08,301000,-1.31,228655143000
2020-10-12,292000,-2.99,271287018750
2020-10-13,295000,1.03,187811627000
2020-10-14,298500,1.19,226919223000
2020-10-15,292500,-2.01,183437635000
2020-10-16,293500,0.34,131388850500
2020-10-19,286000,-2.56,126233192500
2020-10-20,290000,1.4,153114238000
2020-10-21,297500,2.59,190068789500
2020-10-22,293000,-1.51,122387518500
2020-10-23,286500,-2.22,130367453000
2020-10-26,281500,-1.75,98886894500
2020-10-27,283500,0.71,592567560000
2020-10-28,298500,5.29,204354898000
2020-10-29,298500,0.0,234069798000
2020-10-30,290000,-2.85,275981100000
2020-11-02,285500,-1.55,144652379000
2020-11-03,283000,-0.88,301242049500
2020-11-04,298500,5.48,475495284500
2020-11-05,299000,0.17,320599626000
2020-11-06,301000,0.67,293172475500
2020-11-09,298000,-1.0,203474346000
2020-11-10,283000,-5.03,491946808250
2020-11-11,280000,-1.06,331858821000
2020-11-12,279000,-0.36,285804347000
2020-11-13,281000,0.72,199085735500
2020-11-16,278000,-1.07,247465174000
2020-11-17,275000,-1.08,224864596500
2020-11-18,281000,2.18,256459023785
2020-11-19,280500,-0.18,146190416000
2020-11-20,281000,0.18,123160411500
2020-11-23,281500,0.18,158965136500
2020-11-24,282500,0.36,229452373500
2020-11-25,278500,-1.42,256106095877
2020-11-26,285500,2.51,226073273500
2020-11-27,284500,-0.35,118868668500
2020-11-30,277500,-2.46,328944653500
2020-12-01,285500,2.88,201529768500
2020-12-02,283500,-0.7,170365949000
2020-12-03,287000,1.23,211714389000
2020-12-04,294000,2.44,343892230000
2020-12-07,289500,-1.53,240096146500
2020-12-08,285000,-1.55,162586326000
2020-12-09,288000,1.05,152722372500
2020-12-10,286000,-0.69,275249175500
2020-12-11,290000,1.4,145874384000
2020-12-14,286000,-1.38,160307617500
2020-12-15,283000,-1.05,139876084000
2020-12-16,285500,0.88,108762735000
2020-12-17,285000,-0.18,148272877000
2020-12-18,282500,-0.88,137869096000
2020-12-21,284000,0.53,133982406000
2020-12-22,284000,0.0,216615913000
2020-12-23,284000,0.0,144709809500
2020-12-24,282000,-0.7,127855006000
2020-12-28,281000,-0.35,151110988500
2020-12-29,283000,0.71,142909061500
2020-12-30,292500,3.36,345787662000
2021-01-04,293000,0.17,274635759500
2021-01-05,292500,-0.17,263680870000
2021-01-06,290000,-0.85,405202285000
2021-01-07,289500,-0.17,334436364500
2021-01-08,312000,7.77,966379748000
2021-01-11,309000,-0.96,864780016750
2021-01-12,304000,-1.62,472267233000
2021-01-13,314000,3.29,592380799500
2021-01-14,318000,1.27,494982166500
2021-01-15,306000,-3.77,343490363500
2021-01-18,300500,-1.8,261979886500
2021-01-19,308000,2.5,268964782000
2021-01-20,308000,0.0,271512687500
2021-01-21,322500,4.71,624528226500
2021-01-22,343500,6.51,1126878299750
2021-01-25,349000,1.6,554410127400
2021-01-26,342000,-2.01,427933056500
2021-01-27,341500,-0.15,396931758500
2021-01-28,355000,3.95,805428064000
2021-01-29,343000,-3.38,563409149500
2021-02-01,348000,1.46,343584358000
2021-02-02,362500,4.17,712826057000
2021-02-03,370500,2.21,438797080500
2021-02-04,358000,-3.37,418468427800
2021-02-05,362500,1.26,356919905000
2021-02-08,357500,-1.38,256927949000
2021-02-09,358500,0.28,239484155000
2021-02-10,366500,2.23,419082967500
2021-02-15,385500,5.18,449539085000
2021-02-16,394000,2.2,624092950750
2021-02-17,392000,-0.51,453918172000
2021-02-18,388000,-1.02,399927379750
2021-02-19,398000,2.58,410157072500
2021-02-22,386500,-2.89,507096566332
2021-02-23,390500,1.03,393312683500
2021-02-24,374000,-4.23,412846237236
2021-02-25,383000,2.41,288003239000
2021-02-26,375000,-2.09,436567248000
2021-03-02,377500,0.67,474654570750
2021-03-03,399500,5.83,501969216000
2021-03-04,391500,-2.0,624774261678
2021-03-05,377500,-3.58,599799491864
2021-03-08,368500,-2.38,388037623500
2021-03-09,361500,-1.9,470398395670
2021-03-10,372000,2.9,352370460000
2021-03-11,373500,0.4,382286104000
2021-03-12,380500,1.87,372893512500
2021-03-15,383000,0.66,232530367000
2021-03-16,385500,0.65,221455755500
2021-03-17,383500,-0.52,462797585500
2021-03-18,403500,5.22,728874584340
2021-03-19,402000,-0.37,505530602611
2021-03-22,396500,-1.37,362038803885
2021-03-23,386000,-2.65,454596300550
2021-03-24,387000,0.26,291327860726
2021-03-25,380000,-1.81,255541387000
2021-03-26,383000,0.79,263299158000
2021-03-29,372000,-2.87,329580103500
2021-03-30,376500,1.21,235239849000
2021-03-31,377000,0.13,215458155500
2021-04-01,378500,0.4,205901007000
2021-04-02,379500,0.26,180735805000
2021-04-05,377000,-0.66,158651864000
2021-04-06,388500,3.05,385999370500
2021-04-07,384500,-1.03,222240991000
2021-04-08,381500,-0.78,239895267000
2021-04-09,383500,0.52,179549432500
2021-04-12,385500,0.52,263008655000
2021-04-13,388500,0.78,226337587000
2021-04-14,391500,0.77,298405770500
2021-04-15,391000,-0.13,349682243000
2021-04-16,391500,0.13,166333005000
2021-04-19,390000,-0.38,175418068500
2021-04-20,391000,0.26,162827307750
2021-04-21,380500,-2.69,320184846000
2021-04-22,380500,0.0,150353847000
2021-04-23,378000,-0.66,190767530000
2021-04-26,377500,-0.13,182139260500
2021-04-27,380000,0.66,148503381500
2021-04-28,373500,-1.71,182047415500
2021-04-29,366500,-1.87,275162050500
2021-04-30,359500,-1.91,368172293000
2021-05-03,363000,0.97,185304440000
2021-05-04,364500,0.41,145008684750
2021-05-06,361500,-0.82,228484662398
2021-05-07,361000,-0.14,161371669500
2021-05-10,362000,0.28,206997102000
2021-05-11,349000,-3.59,836806387782
2021-05-12,343000,-1.72,384775691000
2021-05-13,337500,-1.6,335008147000
2021-05-14,342500,1.48,157285603500
2021-05-17,344000,0.44,155976513000
2021-05-18,349500,1.6,154774393000
2021-05-20,351000,0.43,197359743000
2021-05-21,360000,2.56,221349588500
2021-05-24,355500,-1.25,128514152500
2021-05-25,358000,0.7,154127663000
2021-05-26,363000,1.4,197825847500
2021-05-27,358000,-1.38,344624502500
2021-05-28,358000,0.0,157438201500
2021-05-31,362500,1.26,143584446500
2021-06-01,367000,1.24,148283071000
2021-06-02,363000,-1.09,144862344500
2021-06-03,362000,-0.28,106207397500
2021-06-04,357000,-1.38,154313607500
2021-06-07,362500,1.54,142018836500
2021-06-08,362500,0.0,134867387000
2021-06-09,358500,-1.1,130454891000
2021-06-10,373500,4.18,559637402500
2021-06-11,372500,-0.27,245650344500
2021-06-14,387000,3.89,465177833500
2021-06-15,387000,0.0,241297367500
2021-06-16,391000,1.03,325825888000
2021-06-17,389500,-0.38,261201095500
2021-06-18,398000,2.18,505640525610
2021-06-21,397000,-0.25,321309330000
2021-06-22,391000,-1.51,276996196500
2021-06-23,423500,8.31,1136240913045
2021-06-24,419500,-0.94,908784331000
2021-06-25,410000,-2.26,566690647500
2021-06-28,408000,-0.49,253657687000
2021-06-29,411500,0.86,234075964000
2021-06-30,417500,1.46,399857908862
2021-07-01,413000,-1.08,246417898898
2021-07-02,414000,0.24,214353467950
2021-07-05,410000,-0.97,203384734000
2021-07-06,409500,-0.12,140499313000
2021-07-07,417500,1.95,275567070000
2021-07-08,422000,1.08,485766631000
2021-07-09,415500,-1.54,451210365500
2021-07-12,418500,0.72,198330453500
2021-07-13,441000,5.38,649710255000
2021-07-14,444000,0.68,410780383500
2021-07-15,449000,1.13,423309605500
2021-07-16,447000,-0.45,562503208000
2021-07-19,443000,-0.89,312242762208
2021-07-20,439000,-0.9,344819246000
2021-07-21,428000,-2.51,383204711000
2021-07-22,440000,2.8,453586665500
2021-07-23,452000,2.73,493135371500
2021-07-26,452000,0.0,388979065500
2021-07-27,452000,0.0,345809710000
2021-07-28,442000,-2.21,404049832500
2021-07-29,439500,-0.57,245501796000
2021-07-30,433500,-1.37,273860761500
2021-08-02,433500,0.0,238543680000
2021-08-03,428000,-1.27,354638945287
2021-08-04,433000,1.17,234730484000
2021-08-05,442500,2.19,330777571000
2021-08-06,444500,0.45,185230845500
2021-08-09,447500,0.67,234903002500
2021-08-10,446500,-0.22,206311712500
2021-08-11,445000,-0.34,198712329000
2021-08-12,440500,-1.01,296423426500
2021-08-13,436500,-0.91,225655149000
2021-08-17,428500,-1.83,325336329000
2021-08-18,429000,0.12,212803777302
2021-08-19,424500,-1.05,215921001500
2021-08-20,422500,-0.47,249944432000
2021-08-23,429500,1.66,221531427500
2021-08-24,437500,1.86,237873960000
2021-08-25,430500,-1.6,292231681500
2021-08-26,423500,-1.63,273726916000
2021-08-27,420000,-0.83,238234796591
2021-08-30,428000,1.9,170152063000
2021-08-31,439000,2.57,334035980500
2021-09-01,445000,1.37,290527529000
2021-09-02,442500,-0.56,191412040500
2021-09-03,452500,2.26,290579530000
2021-09-06,454000,0.33,166094277000
2021-09-07,444500,-2.09,159365526500
2021-09-08,409500,-7.87,1029180562750
2021-09-09,399000,-2.56,789692132716
2021-09-10,410000,2.76,543277107000
2021-09-13,408000,-0.49,314256083500
2021-09-14,402500,-1.35,651684728499
2021-09-15,400500,-0.5,294741342449
2021-09-16,402000,0.37,248682162000
2021-09-17,403000,0.25,224377268500
2021-09-23,400000,-0.74,245613929452
2021-09-24,405500,1.38,231507509500
2021-09-27,403000,-0.62,184157136500
2021-09-28,392500,-2.61,337446710256
2021-09-29,387000,-1.4,255576821500
2021-09-30,388000,0.26,236265881000
2021-10-01,382000,-1.55,154539688400
2021-10-05,370500,-3.01,309456893639
2021-10-06,373000,0.67,310558855500
2021-10-07,393500,5.5,324428409945
2021-10-08,388500,-1.27,211928675500
2021-10-12,372000,-4.25,306983739070
2021-10-13,382000,2.69,232430583892
2021-10-14,395000,3.4,271716095500
2021-10-15,393500,-0.38,175660277320
2021-10-18,396500,0.76,177799908500
2021-10-19,407500,2.77,226716804000
2021-10-20,407500,0.0,243820144500
2021-10-21,410500,0.74,196715783904
2021-10-22,407500,-0.73,160321160000
2021-10-25,402500,-1.23,186872355000
2021-10-26,412500,2.48,193167470000
2021-10-27,414500,0.48,206258676500
2021-10-28,413000,-0.36,205504176664
2021-10-29,407000,-1.45,192908364408
2021-11-01,408500,0.37,137638444000
2021-11-02,410000,0.37,144799010500
2021-11-03,402500,-1.83,148046885000
2021-11-04,411500,2.24,221701971000
2021-11-05,410500,-0.24,126495432000
2021-11-08,408000,-0.61,149424680000
2021-11-09,417500,2.33,225068307000
2021-11-10,414500,-0.72,171906380000
2021-11-11,407000,-1.81,231045159500
2021-11-12,409000,0.49,168322070000
2021-11-15,411000,0.49,136229036500
2021-11-16,405500,-1.34,199916460802
2021-11-17,401000,-1.11,216815413500
2021-11-18,407000,1.5,297628877000
2021-11-19,404000,-0.74,168843529500
2021-11-22,410000,1.49,225800345500
2021-11-23,400000,-2.44,273486917252
2021-11-24,395000,-1.25,219240037500
2021-11-25,397000,0.51,128517360000
2021-11-26,389500,-1.89,184919804500
2021-11-29,386500,-0.77,177251690500
2021-11-30,381000,-1.42,423327659500
2021-12-01,390000,2.36,212994149000
2021-12-02,398500,2.18,241738341500
2021-12-03,402000,0.88,200205381492
2021-12-06,392000,-2.49,179248848390
2021-12-07,391000,-0.26,149993774000
2021-12-08,395000,1.02,205515508400
2021-12-09,399500,1.14,297838445500
2021-12-10,395000,-1.13,88608836101
2021-12-13,390500,-1.14,136198351500
2021-12-14,392000,0.38,125505998733
2021-12-15,387500,-1.15,112690573500
2021-12-16,387500,0.0,210995288500
2021-12-17,384500,-0.77,194506545500
2021-12-20,373000,-2.99,236773535000
2021-12-21,375000,0.54,180307698500
2021-12-22,378500,0.93,99579716500
2021-12-23,378000,-0.13,133398260000
2021-12-24,384000,1.59,158903133000
2021-12-27,380500,-0.91,86464326500
2021-12-28,384500,1.05,210627496500
2021-12-29,382000,-0.65,135291963000
2021-12-30,378500,-0.92,139545143500
2022-01-03,376000,-0.66,142954102500
2022-01-04,365500,-2.79,295844908000
2022-01-05,355000,-2.87,409303673645
2022-01-06,338500,-4.65,438426318000
2022-01-07,338000,-0.15,267513155280
2022-01-10,335000,-0.89,276478717500
2022-01-11,335000,0.0,272271119021
2022-01-12,345500,3.13,364057951000
2022-01-13,348000,0.72,236322868506
2022-01-14,342000,-1.72,171403540000
2022-01-17,343500,0.44,143603981500
2022-01-18,338000,-1.6,150023889000
2022-01-19,332500,-1.63,247649322880
2022-01-20,335000,0.75,230148486500
2022-01-21,333000,-0.6,194092485000
2022-01-24,328500,-1.35,163283047000
2022-01-25,322000,-1.98,257970996000
2022-01-26,313000,-2.8,255361740000
2022-01-27,303000,-3.19,292133780000
2022-01-28,310000,2.31,297142295500
2022-02-03,320500,3.39,285967920000
2022-02-04,327500,2.18,179261508000
2022-02-07,327000,-0.15,160095155500
2022-02-08,322000,-1.53,138555364500
2022-02-09,326000,1.24,122523053000
2022-02-10,331500,1.69,233900787500
2022-02-11,327500,-1.21,147577943500
2022-02-14,322000,-1.68,136939354000
2022-02-15,318500,-1.09,107441910000
2022-02-16,324500,1.88,144681983568
2022-02-17,324500,0.0,156613250000
2022-02-18,318000,-2.0,174479545500
2022-02-21,318000,0.0,172503571000
2022-02-22,313000,-1.57,150305652500
2022-02-23,309000,-1.28,137584753000
2022-02-24,302500,-2.1,201502913000
2022-02-25,314500,3.97,267935862000
2022-02-28,318000,1.11,171203688500
2022-03-02,317000,-0.31,173108861500
2022-03-03,325500,2.68,188682271000
2022-03-04,317500,-2.46,142456036270
2022-03-07,307000,-3.31,164297442000
2022-03-08,304500,-0.81,171092970926
2022-03-10,330500,8.54,502345070000
2022-03-11,329000,-0.45,241043821000
2022-03-14,329000,0.0,224915753000
2022-03-15,327500,-0.46,207068642000
2022-03-16,330500,0.92,192294565000
2022-03-17,344500,4.24,368631791500
2022-03-18,344500,0.0,248867327500
2022-03-21,339000,-1.6,135398927000
2022-03-22,339500,0.15,102136437000
2022-03-23,345500,1.77,173752975500
2022-03-24,340000,-1.59,178229385000
2022-03-25,333000,-2.06,186974413500
2022-03-28,331500,-0.45,117389516500
2022-03-29,334000,0.75,108380932500
2022-03-30,339000,1.5,154228116500
2022-03-31,340500,0.44,145424351000
2022-04-01,335500,-1.47,150555231400
2022-04-04,338000,0.75,95337899000
2022-04-05,342500,1.33,132760489000
2022-04-06,330000,-3.65,215525450000
2022-04-07,321000,-2.73,159318179500
2022-04-08,316500,-1.4,197399726000
2022-04-11,313000,-1.11,157176144000
2022-04-12,308500,-1.44,143567512500
2022-04-13,310500,0.65,159935048000
2022-04-14,313000,0.81,143765913500
2022-04-15,308500,-1.44,114203122500
2022-04-18,306500,-0.65,64275581500
2022-04-19,312000,1.79,115443824500
2022-04-20,315500,1.12,156121497075
2022-04-21,309500,-1.9,248214781000
2022-04-22,300000,-3.07,350368946500
2022-04-25,288500,-3.83,239262404500
2022-04-26,287000,-0.52,231615993000
2022-04-27,280500,-2.26,244504745500
2022-04-28,280500,0.0,154063418500
2022-04-29,286500,2.14,153821454500
2022-05-02,281000,-1.92,142651423000
2022-05-03,282000,0.36,118389756500
2022-05-04,282000,0.0,111233288747
2022-05-06,272000,-3.55,213272833500
2022-05-09,275000,1.1,147794550120
2022-05-10,276000,0.36,200871192500
2022-05-11,279000,1.09,130914919000
2022-05-12,270000,-3.23,166454212000
2022-05-13,274500,1.67,129232331500
2022-05-16,273500,-0.36,106105605000
2022-05-17,275500,0.73,118408036440
2022-05-18,276500,0.36,148865431512
2022-05-19,271500,-1.81,168843590000
2022-05-20,275000,1.29,128270075500
2022-05-23,277500,0.91,87701595000
2022-05-24,266000,-4.14,154580946500
2022-05-25,266000,0.0,141871527500
2022-05-26,266000,0.0,145410884500
2022-05-27,270000,1.5,130077052270
2022-05-30,281000,4.07,209793169500
2022-05-31,288000,2.49,434458084500
2022-06-02,290000,0.69,175145071000
2022-06-03,287500,-0.86,136624283500
2022-06-07,278000,-3.3,184436522000
2022-06-08,278000,0.0,111249622000
2022-06-09,273000,-1.8,205371765500
2022-06-10,270000,-1.1,134772642500
2022-06-13,254000,-5.93,239293492184
2022-06-14,253000,-0.39,182998765000
2022-06-15,244500,-3.36,183981498500
2022-06-16,240000,-1.84,179793811500
2022-06-17,237500,-1.04,235419467000
2022-06-20,234000,-1.47,167862591000
2022-06-21,239500,2.35,125525020000
2022-06-22,229000,-4.38,206191806500
2022-06-23,234000,2.18,209531913500
2022-06-24,247500,5.77,241851026500
2022-06-27,249000,0.61,158347359800
2022-06-28,252500,1.41,115089191750
2022-06-29,246500,-2.38,114555411500
2022-06-30,240000,-2.64,184132546000
2022-07-01,237000,-1.25,124814368000
2022-07-04,235000,-0.84,120383305500
2022-07-05,243000,3.4,159394015200
2022-07-06,243500,0.21,214619899500
2022-07-07,245000,0.62,134298824500
2022-07-08,249000,1.63,162485327500
2022-07-11,240500,-3.41,134602736000
2022-07-12,233500,-2.91,139981478500
2022-07-13,237500,1.71,106834636500
2022-07-14,233500,-1.68,142583885500
2022-07-15,231000,-1.07,190631131500
2022-07-18,246500,6.71,239419579500
2022-07-19,243500,-1.22,85006956500
2022-07-20,246000,1.03,158622848500
2022-07-21,250500,1.83,143177360500
2022-07-22,250000,-0.2,116508505500
2022-07-25,248000,-0.8,93847756000
2022-07-26,245000,-1.21,105056845000
2022-07-27,246000,0.41,141183155500
2022-07-28,247000,0.41,140891541500
2022-07-29,259000,4.86,285999236000
2022-08-01,259000,0.0,137975825650
2022-08-02,259000,0.0,141672005900
2022-08-03,269000,3.86,221524849000
2022-08-04,273500,1.67,263195122000
2022-08-05,267000,-2.38,257239417500
2022-08-08,258500,-3.18,243469917044
2022-08-09,265000,2.51,139419758000
2022-08-10,262000,-1.13,83422863000
2022-08-11,267500,2.1,138698055500
2022-08-12,265500,-0.75,107088188000
2022-08-16,259500,-2.26,225691158750
2022-08-17,258000,-0.58,111654424500
2022-08-18,250000,-3.1,198255570500
2022-08-19,248000,-0.8,94968455515
2022-08-22,245500,-1.01,83326863500
2022-08-23,241000,-1.83,96856346500
2022-08-24,241500,0.21,83245218500
2022-08-25,244500,1.24,85344694500
2022-08-26,242000,-1.02,74743388000
2022-08-29,234000,-3.31,142269559572
2022-08-30,238000,1.71,72623366000
2022-08-31,240000,0.84,100954572000
2022-09-01,236000,-1.67,96556883500
2022-09-02,234000,-0.85,88117201500
2022-09-05,236000,0.85,77288148000
2022-09-06,235000,-0.42,56414784000
2022-09-07,231500,-1.49,110585849000
2022-09-08,231500,0.0,125713310500
2022-09-13,238500,3.02,121612453000
2022-09-14,230000,-3.56,126271455500
2022-09-15,225500,-1.96,119408351500
2022-09-16,220000,-2.44,171751838500
2022-09-19,218000,-0.91,109614070000
2022-09-20,218000,0.0,52730338500
2022-09-21,213000,-2.29,105537566000
2022-09-22,206500,-3.05,143247816500
2022-09-23,210500,1.94,137676988105
2022-09-26,204500,-2.85,105445712500
2022-09-27,204500,0.0,129697455000
2022-09-28,200500,-1.96,115870534500
2022-09-29,196500,-2.0,122938320500
2022-09-30,193500,-1.53,179743445146
2022-10-04,176500,-8.79,681176784500
2022-10-05,164000,-7.08,1116428396000
2022-10-06,167000,1.83,579928489700
2022-10-07,160000,-4.19,420928449000
2022-10-11,158500,-0.94,289026112192
2022-10-12,162000,2.21,245057052000
2022-10-13,158500,-2.16,234805220608
2022-10-14,165500,4.42,260614394500
2022-10-17,167000,0.91,237066548000
2022-10-18,172500,3.29,242594103000
2022-10-19,168500,-2.32,199986729000
2022-10-20,168500,0.0,182613236000
2022-10-21,166000,-1.48,124490150500
2022-10-24,164000,-1.2,147732553000
2022-10-25,165500,0.91,90584669000
2022-10-26,159500,-3.63,218273579500
2022-10-27,161000,0.94,169204813000
2022-10-28,160000,-0.62,123987985500
2022-10-31,169500,5.94,265166034000
2022-11-01,170500,0.59,129998128000
2022-11-02,174000,2.05,276077811000
2022-11-03,169000,-2.87,171357286500
2022-11-04,174000,2.96,215785707500
2022-11-07,169000,-2.87,366316315500
2022-11-08,177500,5.03,449445825500
2022-11-09,180000,1.41,288597044500
2022-11-10,176000,-2.22,172921456500
2022-11-11,193500,9.94,634376445200
2022-11-14,188500,-2.58,339414130500
2022-11-15,192000,1.86,169572427000
2022-11-16,189500,-1.3,219231420000
2022-11-17,188000,-0.79,155262270500
2022-11-18,185500,-1.33,146618915500
2022-11-21,182500,-1.62,112629037500
2022-11-22,180500,-1.1,114620464500
2022-11-23,181500,0.55,142769018500
2022-11-24,188000,3.58,180407347312
2022-11-25,185000,-1.6,82197729000
2022-11-28,180500,-2.43,100021833500
2022-11-29,182500,1.11,87500909000
2022-11-30,187000,2.47,163074997500
2022-12-01,187500,0.27,233327988500
2022-12-02,185500,-1.07,149441364500
2022-12-05,191500,3.23,235935897000
2022-12-06,185500,-3.13,163769993500
2022-12-07,183500,-1.08,119705293502
2022-12-08,185500,1.09,131168577500
2022-12-09,195000,5.12,208176701500
2022-12-12,193000,-1.03,126128276500
2022-12-13,193000,0.0,133841667000
2022-12-14,193500,0.26,136960511858
2022-12-15,182500,-5.68,236034713000
2022-12-16,180500,-1.1,164591967000
2022-12-19,183500,1.66,104571616000
2022-12-20,180500,-1.63,113352691500
2022-12-21,180000,-0.28,54874474000
2022-12-22,184500,2.5,85481942000
2022-12-23,178000,-3.52,109969984000
2022-12-26,178500,0.28,62675445000
2022-12-27,181000,1.4,88792538000
2022-12-28,180000,-0.55,104937784500
2022-12-29,177500,-1.39,118186269500
2023-01-02,179500,1.13,78053667000
2023-01-03,178500,-0.56,101144402000
2023-01-04,182500,2.24,143921660500
2023-01-05,186000,1.92,207512328500
2023-01-06,185000,-0.54,137034053000
2023-01-09,196500,6.22,215480557500
2023-01-10,193000,-1.78,162224475500
2023-01-11,195000,1.04,202268349000
2023-01-12,194000,-0.51,155598387500
2023-01-13,195000,0.52,171693146000
2023-01-16,200500,2.82,168763527500
2023-01-17,193500,-3.49,191481174000
2023-01-18,195500,1.03,100919097888
2023-01-19,196000,0.26,92615797000
2023-01-20,196000,0.0,155776220500
2023-01-25,202000,3.06,199403913000
2023-01-26,204000,0.99,176492936100
2023-01-27,211500,3.68,252899819500
2023-01-30,207000,-2.13,251661758500
2023-01-31,202500,-2.17,220320297500
2023-02-01,205500,1.48,176352831500
2023-02-02,211500,2.92,264142108000
2023-02-03,223500,5.67,677850303500
2023-02-06,215500,-3.58,305466185000
2023-02-07,219500,1.86,227367768500
2023-02-08,230500,5.01,406772205000
2023-02-09,230000,-0.22,358425361314
2023-02-10,230000,0.0,319937283446
2023-02-13,223000,-3.04,293556421777
2023-02-14,224000,0.45,167897735000
2023-02-15,215500,-3.79,310305596500
2023-02-16,220500,2.32,211851862000
2023-02-17,215500,-2.27,195377660000
2023-02-20,219000,1.62,124386412000
2023-02-21,215500,-1.6,139829754000
2023-02-22,211500,-1.86,173884025000
2023-02-23,213500,0.95,120009276500
2023-02-24,208000,-2.58,178204688500
2023-02-27,208000,0.0,192219145000
2023-02-28,208500,0.24,177495612500
2023-03-02,206000,-1.2,169311974500
2023-03-03,205500,-0.24,151737275000
2023-03-06,214500,4.38,223127585500
2023-03-07,211000,-1.63,135702546500
2023-03-08,202500,-4.03,209639311500
2023-03-09,202000,-0.25,154314781500
2023-03-10,199800,-1.09,170284086100
2023-03-13,202500,1.35,205818775700
2023-03-14,196000,-3.21,153758130300
2023-03-15,196400,0.2,165201461900
2023-03-16,197100,0.36,139021532433
2023-03-17,198000,0.46,154732549600
2023-03-20,201500,1.77,121585915900
2023-03-21,200500,-0.5,81070506500
2023-03-22,207000,3.24,134407109500
2023-03-23,204000,-1.45,123675421000
2023-03-24,202500,-0.74,121086558500
2023-03-27,199300,-1.58,121929314900
2023-03-28,199500,0.1,116774872500
2023-03-29,199100,-0.2,87965921900
2023-03-30,201000,0.95,157655600600
2023-03-31,202000,0.5,188788645700
2023-04-03,198200,-1.88,158978981400
2023-04-04,201000,1.41,114957888967
2023-04-05,199200,-0.9,97168141200
2023-04-06,191900,-3.66,273016133300
2023-04-07,193400,0.78,103062659500
2023-04-10,193000,-0.21,150813105700
2023-04-11,199900,3.58,224401359400
2023-04-12,198000,-0.95,138646626100
2023-04-13,196400,-0.81,143043155500
2023-04-14,199000,1.32,192128134200
2023-04-17,197000,-1.01,109664040000
2023-04-18,192800,-2.13,197166489712
2023-04-19,191400,-0.73,117371007400
2023-04-20,191600,0.1,111276488500
2023-04-21,190300,-0.68,91303231700
2023-04-24,190000,-0.16,89065077100
2023-04-25,186100,-2.05,146079773400
2023-04-26,188100,1.07,126652120500
2023-04-27,188200,0.05,88331723000
2023-04-28,192300,2.18,173345453500
2023-05-02,193200,0.47,94522112300
2023-05-03,192600,-0.31,86298657062
2023-05-04,196100,1.82,174279721400
2023-05-08,207000,5.56,414445311500
2023-05-09,211000,1.93,393084585750
2023-05-10,210000,-0.47,160235471000
2023-05-11,211000,0.48,175420584500
2023-05-12,213500,1.18,142028043736
2023-05-15,212000,-0.7,123246342000
2023-05-16,207500,-2.12,110566823000
2023-05-17,213000,2.65,114046099750
2023-05-18,212500,-0.23,80224912500
2023-05-19,216500,1.88,187589104500
2023-05-22,215000,-0.69,115474113000
2023-05-23,212000,-1.4,117081618000
2023-05-24,203000,-4.25,248280556500
2023-05-25,206000,1.48,162235046000
2023-05-26,202500,-1.7,103167709000
2023-05-30,201500,-0.49,123247826500
2023-05-31,199500,-0.99,198857047700
2023-06-01,204000,2.26,110973793600
2023-06-02,204500,0.25,82743563000
2023-06-05,204500,0.0,87918477500
2023-06-07,205000,0.24,113754324810
2023-06-08,200500,-2.2,144259533000
2023-06-09,200500,0.0,109979356500
2023-06-12,200500,0.0,83978731637
2023-06-13,201000,0.25,113504263800
2023-06-14,199200,-0.9,133025498000
2023-06-15,200500,0.65,112240844100
2023-06-16,202500,1.0,152492936250
2023-06-19,198600,-1.93,133823111800
2023-06-20,198500,-0.05,87184994000
2023-06-21,189900,-4.33,260781054900
2023-06-22,191300,0.74,111062396600
2023-06-23,188900,-1.25,130988232400
2023-06-26,188900,0.0,92747103600
2023-06-27,185900,-1.59,163126557100
2023-06-28,184800,-0.59,132329294800
2023-06-29,183400,-0.76,106807394000
2023-06-30,182800,-0.33,124514883500
2023-07-03,189300,3.56,163801209300
2023-07-04,188700,-0.32,92642830400
2023-07-05,186500,-1.17,129218788600
2023-07-06,195500,4.83,291222688378
2023-07-07,195000,-0.26,162685024200
2023-07-10,193200,-0.92,98908502800
2023-07-11,197400,2.17,102885716000
2023-07-12,202000,2.33,172366512100
2023-07-13,199700,-1.14,189725564871
2023-07-14,204500,2.4,150325982400
2023-07-17,206500,0.98,145204999000
2023-07-18,209000,1.21,166806480500
2023-07-19,204500,-2.15,141716645500
2023-07-20,204500,0.0,118765105500
2023-07-21,206000,0.73,128605096500
2023-07-24,203000,-1.46,134677774500
2023-07-25,201000,-0.99,132556159800
2023-07-26,197700,-1.64,211699064600
2023-07-27,211500,6.98,299082048500
2023-07-28,211000,-0.24,199518876500
2023-07-31,227000,7.58,608126994000
2023-08-01,233000,2.64,731182158500
2023-08-02,227500,-2.36,319000543500
2023-08-03,223000,-1.98,318355410500
2023-08-04,223500,0.22,579380253000
2023-08-07,234500,4.92,720914400508
2023-08-08,223000,-4.9,444766962500
2023-08-09,227500,2.02,291433568500
2023-08-10,225000,-1.1,206705032000
2023-08-11,222000,-1.33,211344486000
2023-08-14,221000,-0.45,126951532000
2023-08-16,222500,0.68,209921211000
2023-08-17,218000,-2.02,192114480500
2023-08-18,212500,-2.52,189097289000
2023-08-21,214500,0.94,149180648500
2023-08-22,221000,3.03,222432089000
2023-08-23,215500,-2.49,188324923500
2023-08-24,229000,6.26,686839107500
2023-08-25,211000,-7.86,445536695000
2023-08-28,213500,1.18,147464463500
2023-08-29,218000,2.11,174417217500
2023-08-30,217500,-0.23,131189096500
2023-08-31,214500,-1.38,173582387500
2023-09-01,214500,0.0,121795130500
2023-09-04,211500,-1.4,138876975500
2023-09-05,212000,0.24,82526752500
2023-09-06,214000,0.94,170374233500
2023-09-07,216500,1.17,268984053000
2023-09-08,215000,-0.69,127732479550
2023-09-11,211500,-1.63,153198436500
2023-09-12,219500,3.78,280076013500
2023-09-13,222000,1.14,202361687250
2023-09-14,225500,1.58,221988663352
2023-09-15,229500,1.77,265086920000
2023-09-18,221500,-3.49,162200693000
2023-09-19,219500,-0.9,98883705500
2023-09-20,217500,-0.91,81703729500
2023-09-21,210000,-3.45,145561187000
2023-09-22,208000,-0.95,101107097000
2023-09-25,206500,-0.72,101865534500
2023-09-26,201000,-2.66,133283307000
2023-09-27,201500,0.25,83936924400
2023-10-04,191200,-5.11,226121340200
2023-10-05,189400,-0.94,118945810500
2023-10-06,190900,0.79,76938574700
2023-10-10,191200,0.16,121164102800
2023-10-11,193000,0.94,116963671900
2023-10-12,193600,0.31,110290506200
2023-10-13,191800,-0.93,70838057900
2023-10-16,189700,-1.09,107812926300
2023-10-17,188500,-0.63,97189724300
2023-10-18,186300,-1.17,99480207200
2023-10-19,181400,-2.63,143539375900
2023-10-20,180200,-0.66,103995883700
2023-10-23,178300,-1.05,80186993500
2023-10-24,187000,4.88,147298949600
2023-10-25,189100,1.12,150605083852
2023-10-26,181900,-3.81,138726490100
2023-10-27,185400,1.92,96097286200
2023-10-30,186100,0.38,72736536400
2023-10-31,187400,0.7,155396663700
2023-11-01,187700,0.16,96486901300
2023-11-02,190800,1.65,121178100900
2023-11-03,200500,5.08,252316197900
2023-11-06,205500,2.49,202939817000
2023-11-07,200500,-2.43,156755362200
2023-11-08,197400,-1.55,116762319000
2023-11-09,198200,0.41,117641211800
2023-11-10,194700,-1.77,131666453000
2023-11-13,192600,-1.08,97438090400
2023-11-14,198600,3.12,94266951100
2023-11-15,205500,3.47,173065381500
2023-11-16,203000,-1.22,85987911000
2023-11-17,202000,-0.49,82233229681
2023-11-20,202500,0.25,55130914500
2023-11-21,204500,0.99,95132855500
2023-11-22,207500,1.47,73211838500
2023-11-23,205500,-0.96,71168821500
2023-11-24,205500,0.0,68832017500
2023-11-27,206000,0.24,111663397528
2023-11-28,207500,0.73,114063354000
2023-11-29,207500,0.0,102976665000
2023-11-30,208000,0.24,133659823000
2023-12-01,206000,-0.96,112346102000
2023-12-04,210500,2.18,148871568000
2023-12-05,213000,1.19,189989548585
2023-12-06,213500,0.23,105735756500
2023-12-07,212500,-0.47,110866877076
2023-12-08,217500,2.35,149070372000
2023-12-11,217500,0.0,111648122500
2023-12-12,213500,-1.84,152570934500
2023-12-13,213500,0.0,93263578500
2023-12-14,223000,4.45,391127849000
2023-12-15,226000,1.35,202597549000
2023-12-18,223000,-1.33,123837890500
2023-12-19,222500,-0.22,110637778000
2023-12-20,220500,-0.9,194089794000
2023-12-21,216500,-1.81,183270410250
2023-12-22,215000,-0.69,123873054000
2023-12-26,215500,0.23,99073995500
2023-12-27,223000,3.48,134276449000
2023-12-28,224000,0.45,117081615000
2024-01-02,227500,1.56,161946345500
2024-01-03,222000,-2.42,153542219000
2024-01-04,223000,0.45,120372067000
2024-01-05,220500,-1.12,85907366000
2024-01-08,226500,2.72,240424339000
2024-01-09,229500,1.32,192638796500
2024-01-10,231000,0.65,162104581000
2024-01-11,231500,0.22,204400304000
2024-01-12,230500,-0.43,118930059500
2024-01-15,229500,-0.43,122093694000
2024-01-16,230000,0.22,160920812500
2024-01-17,219000,-4.78,213976285000
2024-01-18,216500,-1.14,158373813000
2024-01-19,215500,-0.46,198301089250
2024-01-22,217000,0.7,116755585500
2024-01-23,218000,0.46,84616588000
2024-01-24,218000,0.0,82856574000
2024-01-25,213500,-2.06,124605101500
2024-01-26,216500,1.41,88143112500
2024-01-29,212000,-2.08,131914981500
2024-01-30,209500,-1.18,128853307500
2024-01-31,200500,-4.3,267032071500
2024-02-01,202500,1.0,164628176800
2024-02-02,221500,9.38,397797262000
2024-02-05,208000,-6.09,363089536500
2024-02-06,205500,-1.2,183987745500
2024-02-07,204500,-0.49,145824743500
2024-02-08,206000,0.73,129753871500
2024-02-13,205000,-0.49,177299710500
2024-02-14,202500,-1.22,126589711600
2024-02-15,203500,0.49,194796661000
2024-02-16,205000,0.74,205911570624
2024-02-19,203500,-0.73,126016737500
2024-02-20,202500,-0.49,144088263200
2024-02-21,202500,0.0,119871272000
2024-02-22,202000,-0.25,177986852000
2024-02-23,200500,-0.74,146816083500
2024-02-26,199900,-0.3,126298144503
2024-02-27,200000,0.05,129862078600
2024-02-28,204000,2.0,120373326400
2024-02-29,195000,-4.41,397064235700
2024-03-04,192000,-1.54,230239756900
2024-03-05,188700,-1.72,208364421400
2024-03-06,189800,0.58,166887929100
2024-03-07,189000,-0.42,146866729400
2024-03-08,188000,-0.53,142003314800
2024-03-11,189900,1.01,124040858800
2024-03-12,190500,0.32,134576149300
2024-03-13,188400,-1.1,153833163300
2024-03-14,186800,-0.85,215514445556
2024-03-15,186100,-0.37,189819427500
2024-03-18,184100,-1.07,194190362500
2024-03-19,182600,-0.81,132621646100
2024-03-20,183100,0.27,104208520900
2024-03-21,184400,0.71,194248623400
2024-03-22,188900,2.44,241858193000
2024-03-25,188000,-0.48,122896691100
2024-03-26,188900,0.48,141353660600
2024-03-27,189300,0.21,111934917400
2024-03-28,187100,-1.16,124789900900
2024-03-29,187400,0.16,118025099300
2024-04-01,194300,3.68,268463534000
2024-04-02,192000,-1.18,176162087900
2024-04-03,193400,0.73,220138802908
2024-04-04,194300,0.47,133039198900
2024-04-05,193100,-0.62,93154765800
2024-04-08,189900,-1.66,116546535900
2024-04-09,189000,-0.47,86558422100
2024-04-11,183600,-2.86,219564924181
2024-04-12,185900,1.25,156410402000
2024-04-15,182800,-1.67,116607852200
2024-04-16,179500,-1.81,143440665000
2024-04-17,179600,0.06,73215809600
2024-04-18,180700,0.61,108256290700
2024-04-19,182400,0.94,137661738800
2024-04-22,180900,-0.82,89411731400
2024-04-23,180100,-0.44,84824300800
2024-04-24,183700,2.0,109404221600
2024-04-25,182700,-0.54,79806154300
2024-04-26,181500,-0.66,79932372060
2024-04-29,184700,1.76,93666037400
2024-04-30,184400,-0.16,115107178500
2024-05-02,188800,2.39,195195353300
2024-05-03,194600,3.07,445400711900
2024-05-07,194800,0.1,249747017600
2024-05-08,190900,-2.0,191123442800
2024-05-09,188300,-1.36,211731870900
2024-05-10,188600,0.16,130209185400
2024-05-13,184300,-2.28,133345912600
2024-05-14,184400,0.05,100758269637
2024-05-16,188500,2.22,152104203500
2024-05-17,187300,-0.64,74044120100
2024-05-20,184000,-1.76,105146796000
2024-05-21,183200,-0.43,85861213625
2024-05-22,182600,-0.33,57762672500
2024-05-23,182100,-0.27,73885306700
2024-05-24,179000,-1.7,131152430000
2024-05-27,179000,0.0,99947488100
2024-05-28,177400,-0.89,100260866000
2024-05-29,175300,-1.18,158971448400
2024-05-30,170400,-2.8,162366552400
2024-05-31,170200,-0.12,190517554300
2024-06-03,172700,1.47,114848270100
2024-06-04,176800,2.37,133081540000
2024-06-05,177100,0.17,82836744100
2024-06-07,175400,-0.96,112293692900
2024-06-10,170700,-2.68,127603569100
2024-06-11,170200,-0.29,103483659700
2024-06-12,168400,-1.06,165167249000
2024-06-13,169900,0.89,168109184300
2024-06-14,169900,0.0,115036163600
2024-06-17,166100,-2.24,146203435500
2024-06-18,166800,0.42,111206072840
2024-06-19,167900,0.66,128815496900
2024-06-20,167200,-0.42,97372372750
2024-06-21,167600,0.24,145635327100
2024-06-24,168900,0.78,99886243500
2024-06-25,166400,-1.48,112437403500
2024-06-26,168400,1.2,106452635400
2024-06-27,165400,-1.78,96909913300
2024-06-28,166900,0.91,118607248300
2024-07-01,162900,-2.4,185896387600
2024-07-02,159900,-1.84,149472695700
2024-07-03,159800,-0.06,97762091900
2024-07-04,159800,0.0,80915036200
2024-07-05,168100,5.19,215851677400
2024-07-08,170500,1.43,194513160900
2024-07-09,170700,0.12,113369273600
2024-07-10,177500,3.98,291306536714
2024-07-11,176100,-0.79,139952872700
2024-07-12,174800,-0.74,247363440100
2024-07-15,176300,0.86,164871637100
2024-07-16,171600,-2.67,140128671800
2024-07-17,173400,1.05,97056471600
2024-07-18,174900,0.87,91011473900
2024-07-19,172200,-1.54,105798488700
2024-07-22,172700,0.29,79985655750
2024-07-23,170600,-1.22,103483500600
2024-07-24,171700,0.64,70304945600
2024-07-25,178000,3.67,258895008400
2024-07-26,174800,-1.8,154851820880
2024-07-29,175000,0.11,75144231000
2024-07-30,173300,-0.97,70214923200
2024-07-31,174000,0.4,73684476800
2024-08-01,175000,0.57,84561415300
2024-08-02,171400,-2.06,115467189900
2024-08-05,156100,-8.93,232912789800
2024-08-06,158400,1.47,178357423400
2024-08-07,162700,2.71,125544306600
2024-08-08,162700,0.0,116895526700
2024-08-09,163700,0.61,205099683400
2024-08-12,160300,-2.08,130531936000
2024-08-13,156400,-2.43,162802554300
2024-08-14,157300,0.58,134696880750
2024-08-16,157500,0.13,130656821400
2024-08-19,156600,-0.57,86435238200
2024-08-20,156600,0.0,85144030800
2024-08-21,156400,-0.13,72714798000
2024-08-22,164700,5.31,262845062300
2024-08-23,164900,0.12,96965945500
2024-08-26,170700,3.52,216829806850
2024-08-27,167900,-1.64,106669031240
2024-08-28,163800,-2.44,128659395200
2024-08-29,164900,0.67,73620807500
2024-08-30,169100,2.55,160751424000
2024-09-02,166600,-1.48,84128310700
2024-09-03,165300,-0.78,89751370400
2024-09-04,157500,-4.72,193693129100
2024-09-05,159800,1.46,132699348886
2024-09-06,157200,-1.63,102694316300
2024-09-09,155000,-1.4,94529203100
2024-09-10,159000,2.58,151192935250
2024-09-11,156400,-1.64,67196385500
2024-09-12,160000,2.3,93079229300
2024-09-13,160100,0.06,56213993600
2024-09-19,160600,0.31,97518442424
2024-09-20,159900,-0.44,126028897500
2024-09-23,166700,4.25,156453736212
2024-09-24,168000,0.78,110118269000
2024-09-25,166200,-1.07,113350499944
2024-09-26,170900,2.83,118568182488
2024-09-27,170400,-0.29,143844871000
2024-09-30,169400,-0.59,337688553000
2024-10-02,168200,-0.71,159365870700
2024-10-04,170700,1.49,199718960767
2024-10-07,166100,-2.69,182177691100
2024-10-08,166200,0.06,148725674300
2024-10-10,172400,3.73,241870733100
2024-10-11,173300,0.52,99496897100
2024-10-14,171400,-1.1,116148963400
2024-10-15,175200,2.22,184722833950
2024-10-16,177000,1.03,152535872094
2024-10-17,175000,-1.13,100459429600
2024-10-18,176800,1.03,100761233000
2024-10-21,176800,0.0,95666319100
2024-10-22,171200,-3.17,132018662100
2024-10-23,172500,0.76,101879098100
2024-10-24,172100,-0.23,66130734200
2024-10-25,167800,-2.5,105657195400
2024-10-28,170400,1.55,54361408000
2024-10-29,169200,-0.7,59559355400
2024-10-30,174400,3.07,124589875110
2024-10-31,170000,-2.52,83195108500
2024-11-01,169700,-0.18,41484886900
2024-11-04,175700,3.54,121873608100
2024-11-05,176500,0.46,60914811400
2024-11-06,176300,-0.11,76071519200
2024-11-07,179700,1.93,120055128600
2024-11-08,174600,-2.84,218420272900
2024-11-11,176000,0.8,114545727000
2024-11-12,181400,3.07,309371240500
2024-11-13,182200,0.44,222728678350
2024-11-14,188500,3.46,408545964100
2024-11-15,190000,0.8,218958430300
2024-11-18,190800,0.42,144749171000
2024-11-19,193000,1.15,185909869600
2024-11-20,193100,0.05,133873204100
2024-11-21,189700,-1.76,168717383400
2024-11-22,190000,0.16,143875686600
2024-11-25,193200,1.68,448742954300
2024-11-26,195600,1.24,194133104581
2024-11-27,203000,3.78,464234723958
2024-11-28,204500,0.74,274850916750
2024-11-29,206500,0.98,255798403750
2024-12-02,203500,-1.45,252829440250
2024-12-03,209000,2.7,229781837000
2024-12-04,202500,-3.11,358534178500
2024-12-05,204000,0.74,295092645432
2024-12-06,204500,0.25,270982814900
2024-12-09,201500,-1.47,243818488000
2024-12-10,209000,3.72,187843524000
2024-12-11,218000,4.31,332914172500
2024-12-12,208000,-4.59,456427830000
2024-12-13,210000,0.96,230958319000
2024-12-16,214000,1.9,202607780000
2024-12-17,209500,-2.1,189628065554
2024-12-18,212500,1.43,141356023120
2024-12-19,209500,-1.41,134350857539
2024-12-20,210000,0.24,163250185000
2024-12-23,201000,-4.29,237152360500
2024-12-24,202500,0.75,112805032250
2024-12-26,199900,-1.28,129442001800
2024-12-27,197700,-1.1,136433516220
2024-12-30,198900,0.61,114986468000
2025-01-02,193800,-2.56,136012241000
2025-01-03,200500,3.46,159489539900
2025-01-06,208500,3.99,159264091500
2025-01-07,208000,-0.24,126173615500
2025-01-08,207000,-0.48,108648459000
2025-01-09,202500,-2.17,157812813500
2025-01-10,202000,-0.25,89569432000
2025-01-13,204000,0.99,110014752000
2025-01-14,202000,-0.98,101315761360
2025-01-15,206500,2.23,139091853000
2025-01-16,206500,0.0,132891152500
2025-01-17,209000,1.21,145919301500
2025-01-20,205000,-1.91,82140631000
2025-01-21,204500,-0.24,73276422000
2025-01-22,204000,-0.24,114444804000
2025-01-23,204500,0.25,100300398500
2025-01-24,204000,-0.24,86122138000
2025-01-31,216500,6.13,423400867000
2025-02-03,217000,0.23,304897432500
2025-02-04,218500,0.69,315053406222
2025-02-05,229000,4.81,532714938250
2025-02-06,232000,1.31,391149889000
2025-02-07,225500,-2.8,436149914500
2025-02-10,227500,0.89,282964104500
2025-02-11,228500,0.44,184893431500
2025-02-12,225000,-1.53,212516644500
2025-02-13,220000,-2.22,226836064500
2025-02-14,221000,0.45,127246720500
2025-02-17,221000,0.0,136164356000
2025-02-18,222500,0.68,139359823500
2025-02-19,222000,-0.22,126631917500
2025-02-20,221500,-0.23,135811975000
2025-02-21,226500,2.26,185346842000
2025-02-24,228000,0.66,119483109000
2025-02-25,228500,0.22,141609753500
2025-02-26,231500,1.31,163158767000
2025-02-27,219000,-5.4,250799143280
2025-02-28,207000,-5.48,347729555500
2025-03-04,205500,-0.72,138745770488
2025-03-05,207500,0.97,158751213873
2025-03-06,219000,5.54,215933620810
2025-03-07,213000,-2.74,135256870750
2025-03-10,215000,0.94,116483472000
2025-03-11,212500,-1.16,123590048500
2025-03-12,214000,0.71,87673446000
2025-03-13,216000,0.93,134391521500
2025-03-14,208000,-3.7,108970502000
2025-03-17,211000,1.44,101137862500
2025-03-18,209000,-0.95,140915623250
2025-03-19,208000,-0.48,148456052250
2025-03-20,208000,0.0,123671931750
2025-03-21,209500,0.72,143070968000
2025-03-24,207000,-1.19,73678867750
2025-03-25,207500,0.24,75864495750
2025-03-26,204000,-1.69,161915576182
2025-03-27,197800,-3.04,297444506100
2025-03-28,194700,-1.57,136591990202
2025-03-31,191000,-1.9,127534776450
2025-04-01,196700,2.98,94996021750
2025-04-02,195600,-0.56,90375058604
2025-04-03,198600,1.53,113759031200
2025-04-04,197800,-0.4,132935186850
2025-04-07,191800,-3.03,114724174500
2025-04-08,179600,-6.36,249338709926
2025-04-09,176900,-1.5,110687428050
2025-04-10,183900,3.96,119649304350
2025-04-11,183000,-0.49,103811021450
2025-04-14,182700,-0.16,71817177300
2025-04-15,183900,0.66,63760146528
2025-04-16,184400,0.27,79071656250
2025-04-17,183600,-0.43,43622942350
2025-04-18,187500,2.12,53601829450
2025-04-21,187500,0.0,46513745900
2025-04-22,193700,3.31,124701632750
2025-04-23,192900,-0.41,76098534650
2025-04-24,191500,-0.73,79865898150
2025-04-25,193500,1.04,75805360900
2025-04-28,195500,1.03,61224215750
2025-04-29,196500,0.51,63881157950
2025-04-30,200500,2.04,104218055400
2025-05-02,197400,-1.55,55668131350
2025-05-07,199100,0.86,124094405250
2025-05-08,188700,-5.22,227383609500
2025-05-09,191000,1.22,106527237000
2025-05-12,190200,-0.42,83774862600
2025-05-13,188200,-1.05,128394970150
2025-05-14,191200,1.59,69339914900
2025-05-15,189200,-1.05,67233087800
2025-05-16,187800,-0.74,53620900750
2025-05-19,185400,-1.28,48640383750
2025-05-20,185000,-0.22,54276389800
2025-05-21,184800,-0.11,70799263746
2025-05-22,183200,-0.87,85818375600
2025-05-23,183100,-0.05,47215602200
2025-05-26,188000,2.68,87686861026
2025-05-27,183800,-2.23,122881037600
2025-05-28,187700,2.12,136634927200
2025-05-29,189300,0.85,122652682950
2025-05-30,187500,-0.95,185161014300
2025-06-02,186500,-0.53,76296762500
2025-06-04,185500,-0.54,152523825200
2025-06-05,191200,3.07,173050193300
2025-06-09,198500,3.82,277196823650
2025-06-10,200000,0.76,182102249050
2025-06-11,201000,0.5,102771713100
2025-06-12,198900,-1.04,124719434450
2025-06-13,200500,0.8,210657406600
2025-06-16,209500,4.49,239806493040
2025-06-17,206500,-1.43,174920408500
2025-06-18,243500,17.92,1329338576000
2025-06-19,252000,3.49,964636160528
2025-06-20,269500,6.94,1276142062750
2025-06-23,290000,7.61,1424878759550
2025-06-24,290500,0.17,1240176015250
2025-06-25,283500,-2.41,806833905750
2025-06-26,261000,-7.94,1135356147686
2025-06-27,257500,-1.34,596517532750
2025-06-30,262500,1.94,579964215000
2025-07-01,262000,-0.19,473415630750
2025-07-02,252000,-3.82,474191656000
2025-07-03,253000,0.4,307015456500
2025-07-04,249000,-1.58,219422983000
2025-07-07,256000,2.81,301840750750
2025-07-08,258000,0.78,232601504000
2025-07-09,254000,-1.55,241452000500
2025-07-10,259500,2.17,452878183500
2025-07-11,253000,-2.5,318883578057
2025-07-14,249000,-1.58,299084616750
2025-07-15,249500,0.2,197588877000
2025-07-16,250000,0.2,197492658500
2025-07-17,243500,-2.6,310563706500
2025-07-18,242000,-0.62,170337702250
2025-07-21,240000,-0.83,162797204500
2025-07-22,235000,-2.08,220222894750
2025-07-23,231500,-1.49,167112508000
2025-07-24,227000,-1.94,269260962250
2025-07-25,234500,3.3,277531146750
2025-07-28,235500,0.43,140749209000
2025-07-29,233000,-1.06,217704436500
2025-07-30,234000,0.43,181393979750
2025-07-31,235000,0.43,121965523500
2025-08-01,225000,-4.26,187805722500
2025-08-04,232500,3.33,297523186500
2025-08-05,232000,-0.22,158817795000
2025-08-06,228500,-1.51,245782980000
2025-08-07,235500,3.06,236658186250
2025-08-08,229500,-2.55,382550168500
2025-08-11,223000,-2.83,284226034500
2025-08-12,223000,0.0,167270502250
2025-08-13,225000,0.9,227284957000
2025-08-14,224500,-0.22,264447604250
2025-08-18,226000,0.67,108474901500
2025-08-19,225500,-0.22,94613950500
2025-08-20,221500,-1.77,112192899250
2025-08-21,223000,0.68,104058139250
2025-08-22,222000,-0.45,121808260500
2025-08-25,225500,1.58,126603052500
2025-08-26,221000,-2.0,152252950750
2025-08-27,218000,-1.36,150890703000
2025-08-28,217500,-0.23,143770853750
2025-08-29,214500,-1.38,161448459750
2025-09-01,215500,0.47,136108030250
2025-09-02,225000,4.41,403819600470
2025-09-03,221000,-1.78,157542200500
2025-09-04,227000,2.71,220349826750
2025-09-05,229000,0.88,215405115500
2025-09-08,228000,-0.44,163050235500
2025-09-09,231000,1.32,213864155528
2025-09-10,233500,1.08,213280155500
2025-09-11,233000,-0.21,188872662500
2025-09-12,236000,1.29,281570936750
2025-09-15,234000,-0.85,165988142500
2025-09-16,235000,0.43,218561115500
2025-09-17,233500,-0.64,477909135684
2025-09-18,238500,2.14,237395895500
2025-09-19,234000,-1.89,373739044750
2025-09-22,232000,-0.85,232730264000
2025-09-23,231000,-0.43,170738922250
2025-09-24,228000,-1.3,223144745250
2025-09-25,254000,11.4,2055875722250
2025-09-26,256500,0.98,1182526042750
2025-09-29,274500,7.02,956180554500
2025-09-30,268500,-2.19,748389857500
2025-10-01,254500,-5.21,871718839500
2025-10-02,253000,-0.59,560734537164
2025-10-10,267500,5.73,929354277450
2025-10-13,262500,-1.87,381866788250
2025-10-14,258000,-1.71,543535536250
2025-10-15,258500,0.19,371737102250
2025-10-16,260500,0.77,566226822620
2025-10-17,255500,-1.92,378988092750
2025-10-20,258000,0.98,391516567750
2025-10-21,254500,-1.36,339275088500
2025-10-22,255500,0.39,271373889750
2025-10-23,242500,-5.09,500852610000
2025-10-24,247000,1.86,247227454750
2025-10-27,251000,1.62,327012926000
2025-10-28,253000,0.8,229571198250
2025-10-29,265000,4.74,650420286250
2025-10-30,255500,-3.58,359697336500
2025-10-31,267500,4.7,764088665750
2025-11-03,274500,2.62,768977725250
2025-11-04,267000,-2.73,356580444250
2025-11-05,278500,4.31,932026899500
2025-11-06,264000,-5.21,616211708000
2025-11-07,260000,-1.52,430903394250
2025-11-10,260000,0.0,253937801750
2025-11-11,263000,1.15,356929026000
2025-11-12,263500,0.19,158368099250
2025-11-13,265500,0.76,191024825500
2025-11-14,253500,-4.52,236507855250
2025-11-17,255000,0.59,129693072500
2025-11-18,249000,-2.35,242620615750
2025-11-19,248500,-0.2,141276078500
2025-11-20,257000,3.42,251291280000
2025-11-21,262500,2.14,332275185000
2025-11-24,261000,-0.57,441247256500
2025-11-25,253000,-3.07,310292775250
2025-11-26,263500,4.15,244397399750
2025-11-27,251500,-4.55,517304366750
2025-11-28,244000,-2.98,388913845750
2025-12-01,243000,-0.41,162715774500
2025-12-02,243000,0.0,150238400000
2025-12-03,246500,1.44,155587012750
2025-12-04,247000,0.2,119957687250
2025-12-05,249500,1.01,142768198750
2025-12-08,249000,-0.2,115823485500
2025-12-09,248000,-0.4,123082907750
2025-12-10,244500,-1.41,160403598750
2025-12-11,243500,-0.41,257120518066
2025-12-12,244500,0.41,118114408000
2025-12-15,240500,-1.64,126327234750
2025-12-16,231500,-3.74,354843923250
2025-12-17,231000,-0.22,177528853500
2025-12-18,230500,-0.22,171558513728
2025-12-19,235500,2.17,348923801476
2025-12-22,238000,1.06,145017493250
2025-12-23,237000,-0.42,163098499250
2025-12-24,236500,-0.21,151135015000
2025-12-26,231500,-2.11,172018651750
2025-12-29,242000,4.54,255466754000
2025-12-30,242500,0.21,158307346250
2026-01-02,247000,1.86,333866856750
2026-01-05,249500,1.01,252067459500
2026-01-06,260000,4.21,636058166250
2026-01-07,252500,-2.88,475411010500
2026-01-08,251000,-0.59,327427144750
2026-01-09,254000,1.2,233353536750
2026-01-12,255500,0.59,337372433750
2026-01-13,264500,3.52,435426279250
2026-01-14,259500,-1.89,409384510500
2026-01-15,247500,-4.62,605449691000
2026-01-16,245500,-0.81,465454123500
2026-01-19,238000,-3.05,403773358750
2026-01-20,244000,2.52,292659591250
2026-01-21,238500,-2.25,244822441500
2026-01-22,245500,2.94,328676872500
2026-01-23,266000,8.35,1324215574014
2026-01-26,272500,2.44,731103141750
2026-01-27,281500,3.3,1406248732750
2026-01-28,277500,-1.42,786064449250
2026-01-29,287000,3.42,797449163500
2026-01-30,275000,-4.18,506398458750
2026-02-02,268000,-2.55,504599181750
2026-02-03,269000,0.37,507696355500
2026-02-04,264500,-1.67,448495333250
2026-02-05,257000,-2.84,401798639630
2026-02-06,249000,-3.11,474845029500
2026-02-09,250000,0.4,358265634750
2026-02-10,254000,1.6,377032275250
2026-02-11,257500,1.38,291914327750
2026-02-12,255500,-0.78,360888324250
2026-02-13,252500,-1.17,207146109000
2026-02-19,253000,0.2,204013994750
2026-02-20,254500,0.59,243486522250
2026-02-23,255500,0.39,192078336000
2026-02-24,255000,-0.2,166458691500
2026-02-25,253000,-0.78,237242459750
2026-02-26,260500,2.96,495651277000
2026-02-27,254500,-2.3,323263324250
2026-03-03,236000,-7.27,366367839000
2026-03-04,208000,-11.86,445942066500
2026-03-05,220000,5.77,370724847500
2026-03-06,222500,1.14,230759286250
2026-03-09,218500,-1.8,200834309500
2026-03-10,220500,0.92,206811417000
2026-03-11,222000,0.68,171227486019
2026-03-12,222000,0.0,155784989250
2026-03-13,223000,0.45,156771597500
2026-03-16,218000,-2.24,116168292500
2026-03-17,224000,2.75,137794043250
2026-03-18,226500,1.12,155662271000
2026-03-19,220500,-2.65,104731193500
2026-03-20,221500,0.45,149194180750
2026-03-23,209000,-5.64,146143324250
2026-03-24,213500,2.15,99778021750
2026-03-25,215500,0.94,100644506000
2026-03-26,211500,-1.86,88610190000
2026-03-27,212500,0.47,92204026500
2026-03-30,207000,-2.59,78270171500
2026-03-31,201500,-2.66,179847073500
2026-04-01,210000,4.22,120378465250
2026-04-02,195800,-6.76,293098994200
2026-04-03,197500,0.87,130487290300
2026-04-06,196800,-0.35,141047838100
2026-04-07,195900,-0.46,132217403900
2026-04-08,201500,2.86,141087403900
2026-04-09,201500,0.0,252869633550
2026-04-10,202000,0.25,106502477750
2026-04-13,199000,-1.49,102128854150
2026-04-14,201500,1.26,126765268500
2026-04-15,211000,4.71,209018253500
2026-04-16,218500,3.55,164173536250
2026-04-17,216500,-0.92,242284981000
2026-04-20,213500,-1.39,98157451000
2026-04-21,214000,0.23,116462158250
2026-04-22,214000,0.0,77973435000
2026-04-23,217500,1.64,173607522750
2026-04-24,214000,-1.61,101819458750
2026-04-27,215000,0.47,99058569750
2026-04-28,219500,2.09,166414024250
2026-04-29,220000,0.23,149372220750
2026-04-30,211000,-4.09,296339309000
2026-05-04,209000,-0.95,183333128500
2026-05-06,208000,-0.48,175373697250
2026-05-07,207500,-0.24,211591740250
2026-05-08,215000,3.61,331389155500
2026-05-11,211500,-1.63,165374898750
2026-05-12,204000,-3.55,203665518250
2026-05-13,201500,-1.23,181810368150
2026-05-14,213000,5.71,339044322000
2026-05-15,203500,-4.46,208052660000
2026-05-18,200000,-1.72,177636294050
2026-05-19,198100,-0.95,188653769100
2026-05-20,191500,-3.33,191280208200
2026-05-21,199500,4.18,173107125800
2026-05-22,203000,1.75,152741520750
2026-05-26,200000,-1.48,116983754600
2026-05-27,198800,-0.6,181441261250
2026-05-28,205000,3.12,402176479800
2026-05-29,234000,14.15,1768114957750
2026-06-01,271500,16.03,3994657114250
2026-06-02,280500,3.31,2481695690500
2026-06-04,267500,-4.63,876727587250
2026-06-05,255500,-4.49,798990802250
2026-06-08,279000,9.2,2816298185000
2026-06-09,257000,-7.89,1779725850020
2026-06-10,227000,-11.67,832586111750
2026-06-11,224000,-1.32,495374431750
2026-06-12,247000,10.27,1301635523750
2026-06-15,248000,0.4,501773359500
2026-06-16,242000,-2.42,618019473000
2026-06-17,243500,0.62,280692114750
2026-06-18,235000,-3.49,312916895250
2026-06-19,229500,-2.34,491230842250
2026-06-22,222000,-3.27,195084353000
2026-06-23,202500,-8.78,350303239500
2026-06-24,199400,-1.53,290831621150
2026-06-25,199700,0.15,208028316300
2026-06-26,196400,-1.65,287793282300
2026-06-29,204000,3.87,219319442600
2026-06-30,199000,-2.45,164650004900
2026-07-01,197400,-0.8,200243317900
2026-07-02,199900,1.27,230940610250
2026-07-03,195800,-2.05,216593930850
2026-07-06,196600,0.41,134945161950
2026-07-07,197200,0.31,211155814000
2026-07-08,192700,-2.28,211065307300
2026-07-09,184400,-4.31,226401241600
2026-07-10,191300,3.74,139416562750
2026-07-13,188000,-1.73,143921765000
2026-07-14,183200,-2.55,174891948650
2026-07-15,189600,3.49,128033566900
2026-07-16,190000,0.21,138857897200
2026-07-20,185900,-2.16,117168113650
2026-07-21,193000,3.82,168157606550
2026-07-22,196900,2.02,179591040250
2026-07-23,220000,11.73,407972313500
2026-07-24,207500,-5.68,217804319500
2026-07-27,225000,8.43,611630940000
2026-07-28,210000,-6.67,496680892750
2026-07-29,201500,-4.05,400615028850
2026-07-30,194700,-3.37,333104910400
2026-07-31,208000,6.83,363944015800
2026-08-03,207500,-0.24,136077586250
2026-08-04,226500,9.16,513793736250
2026-08-05,229000,1.1,250317809250
2026-08-06,226000,-1.31,216611901865
2026-08-07,210000,-7.08,373541094250
2026-08-10,211500,0.71,153237104000
2026-08-11,214000,1.18,138328624000
2026-08-12,215500,0.7,181020255250
2026-08-13,226500,5.1,411644330500
2026-08-14,228000,0.66,170768122000
2026-08-18,217000,-4.82,181267670250
2026-08-19,208000,-4.15,151385300750
2026-08-20,219500,5.53,210505687250
2026-08-21,222000,1.14,217448570500
2026-08-24,223500,0.68,355098709000
2026-08-25,220500,-1.34,203178128250
2026-08-26,220000,-0.23,139469819250
2026-08-27,216500,-1.59,167158944500
2026-08-28,220500,1.85,211389904750
2026-08-31,217000,-1.59,157931927250
2026-09-01,215000,-0.92,82408444750
2026-09-02,209000,-2.79,111681259500
2026-09-03,207500,-0.72,110514715500
2026-09-04,213500,2.89,138236649250
2026-09-07,218000,2.11,122677163250
2026-09-08,214500,-1.61,124580571500
2026-09-09,210000,-2.1,154520472500
2026-09-10,208000,-0.95,179846426250
2026-09-11,206500,-0.72,136068648250
2026-09-14,204000,-1.21,78479298250
2026-09-15,206000,0.98,77217911750
2026-09-16,201500,-2.18,105890969750
2026-09-17,199000,-1.24,115913960250
2026-09-18,197700,-0.65,256609196800
2026-09-21,197900,0.10000000149011612,121785931200
2026-09-22,201000,1.5700000524520874,100182681500
2026-09-23,194700,-3.130000114440918,225541510150
2026-09-28,197700,1.5399999618530273,127174952950
