date,close,change_pct,trading_value
2015-01-02,272500,1.68,32339366000
2015-01-05,276500,1.47,43400414000
2015-01-06,274500,-0.72,39780722500
2015-01-07,269500,-1.82,40986044000
2015-01-08,265000,-1.67,37547181500
2015-01-09,266000,0.38,45089703500
2015-01-12,267000,0.38,30212680500
2015-01-13,268000,0.37,38710207000
2015-01-14,264000,-1.49,38642525000
2015-01-15,268500,1.7,38658116500
2015-01-16,267500,-0.37,34776524500
2015-01-19,268000,0.19,20768096000
2015-01-20,273500,2.05,31360175000
2015-01-21,275000,0.55,29116425000
2015-01-22,277000,0.73,26576629500
2015-01-23,283500,2.35,54617097500
2015-01-26,290000,2.29,59416062500
2015-01-27,288000,-0.69,79051438333
2015-01-28,285500,-0.87,62809700000
2015-01-29,284000,-0.53,54691021500
2015-01-30,289000,1.76,86559139000
2015-02-02,288000,-0.35,26959906500
2015-02-03,282500,-1.91,52707505500
2015-02-04,280000,-0.88,32839254000
2015-02-05,278000,-0.71,32324134000
2015-02-06,278000,0.0,30036155000
2015-02-09,277000,-0.36,27544101500
2015-02-10,274000,-1.08,28516156500
2015-02-11,280500,2.37,44557881000
2015-02-12,289500,3.21,50341597000
2015-02-13,295500,2.07,36366063428
2015-02-16,301000,1.86,51503417462
2015-02-17,295500,-1.83,26166818500
2015-02-23,291000,-1.52,21378506500
2015-02-24,291000,0.0,34808595000
2015-02-25,288000,-1.03,34902015500
2015-02-26,287500,-0.17,35987013500
2015-02-27,286500,-0.35,49663834000
2015-03-02,284000,-0.87,27572893640
2015-03-03,283500,-0.18,31167570000
2015-03-04,288000,1.59,38794827960
2015-03-05,290000,0.69,38986967000
2015-03-06,283000,-2.41,58845772500
2015-03-09,279000,-1.41,52824609000
2015-03-10,270500,-3.05,53941951000
2015-03-11,269000,-0.55,49277315000
2015-03-12,270000,0.37,69764382000
2015-03-13,283000,4.81,61016060720
2015-03-16,280000,-1.06,34422061500
2015-03-17,279500,-0.18,29752249000
2015-03-18,281500,0.72,31440439500
2015-03-19,290500,3.2,62967110500
2015-03-20,284500,-2.07,62558002500
2015-03-23,279500,-1.76,74200479500
2015-03-24,283500,1.43,31392079500
2015-03-25,282000,-0.53,35527352000
2015-03-26,280000,-0.71,36685802000
2015-03-27,280500,0.18,55258008000
2015-03-30,278500,-0.71,30010170500
2015-03-31,272500,-2.15,45720577000
2015-04-01,274000,0.55,29970831000
2015-04-02,274000,0.0,17698611000
2015-04-03,271500,-0.91,21900247000
2015-04-06,273000,0.55,20535752000
2015-04-07,276000,1.1,29611011500
2015-04-08,268000,-2.9,63973249500
2015-04-09,262500,-2.05,76712187000
2015-04-10,266500,1.52,64128639500
2015-04-13,262500,-1.5,69695459157
2015-04-14,266000,1.33,70694057244
2015-04-15,264500,-0.56,31588109000
2015-04-16,268000,1.32,67506640500
2015-04-17,275000,2.61,66649533000
2015-04-20,274500,-0.18,63239079500
2015-04-21,274000,-0.18,40507223000
2015-04-22,268000,-2.19,52437676000
2015-04-23,275000,2.61,61076542500
2015-04-24,290000,5.45,169093397500
2015-04-27,293500,1.21,85592602500
2015-04-28,288000,-1.87,50258838500
2015-04-29,288500,0.17,38172969000
2015-04-30,287000,-0.52,45004768500
2015-05-04,281500,-1.92,35699498000
2015-05-06,271500,-3.55,94162684177
2015-05-07,262500,-3.31,158581004842
2015-05-08,256500,-2.29,99071442500
2015-05-11,251000,-2.14,132623988443
2015-05-12,252000,0.4,52596827500
2015-05-13,252500,0.2,58091803500
2015-05-14,250000,-0.99,58324705605
2015-05-15,251500,0.6,46030132376
2015-05-18,252500,0.4,35058924500
2015-05-19,248500,-1.58,45412772500
2015-05-20,250000,0.6,32915213500
2015-05-21,258000,3.2,93199301263
2015-05-22,262500,1.74,62295616500
2015-05-26,264000,0.57,45286587000
2015-05-27,264000,0.0,48234283558
2015-05-28,255000,-3.41,58562264500
2015-05-29,246500,-3.33,74982450500
2015-06-01,249000,1.01,60748558500
2015-06-02,248500,-0.2,30013301500
2015-06-03,245000,-1.41,27030993500
2015-06-04,240500,-1.84,58927891000
2015-06-05,242500,0.83,51605951500
2015-06-08,244500,0.82,36986053000
2015-06-09,251500,2.86,64772956000
2015-06-10,256500,1.99,60653644000
2015-06-11,262500,2.34,73214457500
2015-06-12,257000,-2.1,47029220500
2015-06-15,256500,-0.19,24539941252
2015-06-16,257000,0.19,72074943000
2015-06-17,254500,-0.97,49935775500
2015-06-18,255000,0.2,26302816000
2015-06-19,254000,-0.39,33895462688
2015-06-22,249000,-1.97,36430721425
2015-06-23,256000,2.81,43219379500
2015-06-24,257500,0.59,22920084000
2015-06-25,254500,-1.17,26854139396
2015-06-26,250500,-1.57,32463605500
2015-06-29,247000,-1.4,24725520764
2015-06-30,250000,1.21,34675504000
2015-07-01,247500,-1.0,23781055500
2015-07-02,242500,-2.02,49778747000
2015-07-03,242000,-0.21,27797377335
2015-07-06,240500,-0.62,35139903188
2015-07-07,252500,4.99,75175973500
2015-07-08,250000,-0.99,52021317500
2015-07-09,251500,0.6,49184600000
2015-07-10,256000,1.79,46962134358
2015-07-13,257000,0.39,28658213500
2015-07-14,253500,-1.36,39882499000
2015-07-15,255000,0.59,19265092500
2015-07-16,250500,-1.76,23258960500
2015-07-17,252500,0.8,17562736788
2015-07-20,250000,-0.99,18379214500
2015-07-21,244000,-2.4,55058685232
2015-07-22,241000,-1.23,40913248500
2015-07-23,241000,0.0,21926894000
2015-07-24,240500,-0.21,38750818000
2015-07-27,237000,-1.46,38553647500
2015-07-28,244500,3.16,47144415000
2015-07-29,250000,2.25,37085611000
2015-07-30,245000,-2.0,42891093000
2015-07-31,249500,1.84,51653680000
2015-08-03,258000,3.41,60354351500
2015-08-04,255500,-0.97,29204820000
2015-08-05,249500,-2.35,43159398500
2015-08-06,244000,-2.2,60484161500
2015-08-07,242500,-0.61,26101679500
2015-08-10,246000,1.44,24337988500
2015-08-11,254000,3.25,52528957500
2015-08-12,253000,-0.39,41893277500
2015-08-13,249500,-1.38,23070603500
2015-08-17,251500,0.8,39526076000
2015-08-18,253500,0.8,42602444000
2015-08-19,257000,1.38,93260721500
2015-08-20,258000,0.39,54649482000
2015-08-21,254000,-1.55,84375803500
2015-08-24,247500,-2.56,80861823500
2015-08-25,238500,-3.64,87924384000
2015-08-26,238000,-0.21,80240488428
2015-08-27,241500,1.47,73371073922
2015-08-28,243000,0.62,41398532000
2015-08-31,244000,0.41,51425580500
2015-09-01,243000,-0.41,34586175000
2015-09-02,246000,1.23,56243913000
2015-09-03,246500,0.2,31158349500
2015-09-04,246000,-0.2,27811462500
2015-09-07,241000,-2.03,33875611500
2015-09-08,250500,3.94,53106803820
2015-09-09,258500,3.19,73862981664
2015-09-10,261500,1.16,98566683000
2015-09-11,252000,-3.63,61405649000
2015-09-14,255000,1.19,40367964500
2015-09-15,256500,0.59,47790222000
2015-09-16,257500,0.39,27388739500
2015-09-17,257500,0.0,31533258500
2015-09-18,257000,-0.19,61384210000
2015-09-21,256000,-0.39,27032557000
2015-09-22,262000,2.34,37098885000
2015-09-23,259000,-1.15,27466646500
2015-09-24,261500,0.97,36282280000
2015-09-25,262000,0.19,65792505000
2015-09-30,263000,0.38,81208390500
2015-10-01,261500,-0.57,56387937500
2015-10-02,256500,-1.91,61551993900
2015-10-05,254500,-0.78,39027199000
2015-10-06,259000,1.77,31366053000
2015-10-07,256500,-0.97,24453102000
2015-10-08,259000,0.97,45873032000
2015-10-12,256500,-0.97,55425105000
2015-10-13,256000,-0.19,41280708500
2015-10-14,257500,0.59,38155111000
2015-10-15,259000,0.58,36224389000
2015-10-16,258000,-0.39,31018244500
2015-10-19,260500,0.97,23168486500
2015-10-20,259500,-0.38,24242294000
2015-10-21,260000,0.19,24443303000
2015-10-22,251500,-3.27,48736736500
2015-10-23,250000,-0.6,37111384500
2015-10-26,254000,1.6,40917118640
2015-10-27,252000,-0.79,37869507250
2015-10-28,249000,-1.19,32057036001
2015-10-29,242500,-2.61,84976641500
2015-10-30,241000,-0.62,60522171500
2015-11-02,238500,-1.04,129188125500
2015-11-03,230000,-3.56,242011795000
2015-11-04,231000,0.43,125366473500
2015-11-05,230500,-0.22,43936073000
2015-11-06,227000,-1.52,51693063000
2015-11-09,229000,0.88,39720714500
2015-11-10,227000,-0.87,39841931500
2015-11-11,229000,0.88,77996158500
2015-11-12,232000,1.31,48987612500
2015-11-13,232000,0.0,47130935500
2015-11-16,233500,0.65,44388054000
2015-11-17,231500,-0.86,50054932000
2015-11-18,230000,-0.65,47482098500
2015-11-19,232000,0.87,32896061000
2015-11-20,233000,0.43,24511281500
2015-11-23,232500,-0.21,22883222500
2015-11-24,233000,0.22,30672873500
2015-11-25,231500,-0.64,34028822000
2015-11-26,235000,1.51,37612513500
2015-11-27,237000,0.85,30225079500
2015-11-30,234000,-1.27,63506895500
2015-12-01,234000,0.0,31616558500
2015-12-02,233500,-0.21,19123235000
2015-12-03,231500,-0.86,23274699000
2015-12-04,232500,0.43,19119396000
2015-12-07,234000,0.65,22869111500
2015-12-08,233000,-0.43,20591011500
2015-12-09,229000,-1.72,30871213500
2015-12-10,228000,-0.44,45383160000
2015-12-11,234000,2.63,57632457500
2015-12-14,232000,-0.85,29139303500
2015-12-15,228000,-1.72,34183879500
2015-12-16,228500,0.22,32407058000
2015-12-17,232500,1.75,26953744500
2015-12-18,229500,-1.29,33253139000
2015-12-21,228500,-0.44,29253262000
2015-12-22,228000,-0.22,36512254000
2015-12-23,232500,1.97,38855765500
2015-12-24,233500,0.43,36270693000
2015-12-28,230000,-1.5,66248439000
2015-12-29,215000,-6.52,92381883500
2015-12-30,215500,0.23,55521351000
2016-01-04,210500,-2.32,73038961000
2016-01-05,210000,-0.24,54711765500
2016-01-06,208000,-0.95,64339344096
2016-01-07,204000,-1.92,46676246000
2016-01-08,208000,1.96,69737826000
2016-01-11,203000,-2.4,51647864000
2016-01-12,206500,1.72,35320268000
2016-01-13,208500,0.97,30442194000
2016-01-14,208500,0.0,30579161000
2016-01-15,205500,-1.44,35993806500
2016-01-18,203000,-1.22,28591156500
2016-01-19,202500,-0.25,15704913500
2016-01-20,197000,-2.72,62452597500
2016-01-21,193000,-2.03,46089078000
2016-01-22,197500,2.33,33283950000
2016-01-25,194000,-1.77,44668767500
2016-01-26,198000,2.06,57343084000
2016-01-27,201500,1.77,44181506500
2016-01-28,205000,1.74,31447902975
2016-01-29,209000,1.95,28920578500
2016-02-01,216000,3.35,63161474000
2016-02-02,216500,0.23,34510950500
2016-02-03,208000,-3.93,99221926531
2016-02-04,210500,1.2,33892529500
2016-02-05,210500,0.0,23628185500
2016-02-11,204500,-2.85,55880915000
2016-02-12,211000,3.18,72779701000
2016-02-15,216500,2.61,38750047000
2016-02-16,216500,0.0,37886433500
2016-02-17,215500,-0.46,22194042500
2016-02-18,220500,2.32,33707278000
2016-02-19,224500,1.81,34514682500
2016-02-22,226000,0.67,32691990000
2016-02-23,228500,1.11,40200293500
2016-02-24,228500,0.0,31921638500
2016-02-25,225000,-1.53,43798622000
2016-02-26,227500,1.11,39081682000
2016-02-29,233500,2.64,262016542000
2016-03-02,223000,-4.5,86947444000
2016-03-03,220000,-1.35,53255190000
2016-03-04,216500,-1.59,49181209000
2016-03-07,212000,-2.08,41078900500
2016-03-08,212000,0.0,40111035500
2016-03-09,214500,1.18,45727284500
2016-03-10,214500,0.0,46137765000
2016-03-11,218500,1.86,47550961500
2016-03-14,215000,-1.6,46363858000
2016-03-15,215500,0.23,29191784000
2016-03-16,218000,1.16,31241052500
2016-03-17,218000,0.0,24259586000
2016-03-18,214500,-1.61,38918424500
2016-03-21,213500,-0.47,27866597500
2016-03-22,211000,-1.17,43218115722
2016-03-23,210000,-0.47,27568987000
2016-03-24,210000,0.0,27528293401
2016-03-25,207500,-1.19,29975301500
2016-03-28,210500,1.45,14999551000
2016-03-29,211500,0.48,16519808664
2016-03-30,209500,-0.95,28198602464
2016-03-31,208500,-0.48,36579869400
2016-04-01,210000,0.72,23623952704
2016-04-04,206000,-1.9,25688977000
2016-04-05,207000,0.49,19894183000
2016-04-06,204000,-1.45,32161874000
2016-04-07,203500,-0.25,32803993500
2016-04-08,202500,-0.49,28890686000
2016-04-11,201500,-0.49,24704543500
2016-04-12,203500,0.99,20975782500
2016-04-14,211000,3.69,59089865500
2016-04-15,210500,-0.24,36933480000
2016-04-18,209000,-0.71,22099481500
2016-04-19,206500,-1.2,27164820500
2016-04-20,206500,0.0,20224542000
2016-04-21,204500,-0.97,33748089500
2016-04-22,201500,-1.47,44851188500
2016-04-25,202500,0.5,30330379000
2016-04-26,206500,1.98,33443518000
2016-04-27,203500,-1.45,40154064500
2016-04-28,210500,3.44,80576623100
2016-04-29,206000,-2.14,41612649900
2016-05-02,210000,1.94,24849553500
2016-05-03,213500,1.67,45169158500
2016-05-04,212000,-0.7,47414531000
2016-05-09,210000,-0.94,32315500000
2016-05-10,211000,0.48,24328343500
2016-05-11,212500,0.71,20473686000
2016-05-12,213500,0.47,24504227000
2016-05-13,213000,-0.23,17533638000
2016-05-16,212000,-0.47,17176421500
2016-05-17,210000,-0.94,15874125000
2016-05-18,211000,0.48,24395815000
2016-05-19,210500,-0.24,14990495000
2016-05-20,210500,0.0,17383309000
2016-05-23,209000,-0.71,17744638000
2016-05-24,215000,2.87,38878761000
2016-05-25,215500,0.23,26274606500
2016-05-26,213000,-1.16,11210174000
2016-05-27,216500,1.64,27653975768
2016-05-30,220000,1.62,34657718500
2016-05-31,222000,0.91,88638798530
2016-06-01,218500,-1.58,58346186253
2016-06-02,216000,-1.14,31110458000
2016-06-03,220000,1.85,28316004250
2016-06-07,221500,0.68,26981329500
2016-06-08,219000,-1.13,42191399270
2016-06-09,217000,-0.91,82101910500
2016-06-10,212000,-2.3,36674201000
2016-06-13,211000,-0.47,28256550000
2016-06-14,216000,2.37,37318721500
2016-06-15,216000,0.0,30624376900
2016-06-16,210500,-2.55,23722745000
2016-06-17,210000,-0.24,22225043500
2016-06-20,209500,-0.24,30828843000
2016-06-21,209500,0.0,21291948500
2016-06-22,210000,0.24,25124829500
2016-06-23,210000,0.0,15998373000
2016-06-24,208500,-0.71,43109072000
2016-06-27,211500,1.44,40458474000
2016-06-28,212500,0.47,31662283000
2016-06-29,217000,2.12,39167997060
2016-06-30,215500,-0.69,21082142578
2016-07-01,218500,1.39,28188510335
2016-07-04,219000,0.23,23736871500
2016-07-05,216500,-1.14,15934628000
2016-07-06,215000,-0.69,17941664000
2016-07-07,214500,-0.23,17203740000
2016-07-08,216000,0.7,12279900500
2016-07-11,217000,0.46,18005077500
2016-07-12,217000,0.0,12343337000
2016-07-13,220000,1.38,37659685000
2016-07-14,221000,0.45,33554527272
2016-07-15,220500,-0.23,29906242500
2016-07-18,223000,1.13,20716082000
2016-07-19,221000,-0.9,29370786000
2016-07-20,218000,-1.36,29089536500
2016-07-21,222500,2.06,22541501000
2016-07-22,223500,0.45,24270639500
2016-07-25,230000,2.91,55357199000
2016-07-26,232000,0.87,38853053000
2016-07-27,231000,-0.43,33788246700
2016-07-28,229500,-0.65,30492585000
2016-07-29,230000,0.22,36180484072
2016-08-01,226500,-1.52,40418558500
2016-08-02,223500,-1.32,43276194500
2016-08-03,221000,-1.12,37571531000
2016-08-04,220500,-0.23,34466941500
2016-08-05,221000,0.23,26674510000
2016-08-08,222000,0.45,22125057000
2016-08-09,224500,1.13,28199104500
2016-08-10,224000,-0.22,31848607000
2016-08-11,227000,1.34,38864037500
2016-08-12,226500,-0.22,20961304000
2016-08-16,227000,0.22,28488613500
2016-08-17,228000,0.44,16373205158
2016-08-18,226500,-0.66,17593588000
2016-08-19,224000,-1.1,34912170500
2016-08-22,221000,-1.34,22030648500
2016-08-23,220000,-0.45,21367752000
2016-08-24,220500,0.23,18436064500
2016-08-25,220500,0.0,30178481453
2016-08-26,222500,0.91,18305130500
2016-08-29,221000,-0.67,17428775500
2016-08-30,220500,-0.23,15515809902
2016-08-31,218500,-0.91,19326767500
2016-09-01,216500,-0.92,26193884338
2016-09-02,216000,-0.23,20616407000
2016-09-05,220500,2.08,25732961500
2016-09-06,219500,-0.45,17781712500
2016-09-07,221000,0.68,23498640500
2016-09-08,223500,1.13,39746550500
2016-09-09,222000,-0.67,20125103500
2016-09-12,219000,-1.35,22507928000
2016-09-13,217500,-0.68,22675880000
2016-09-19,217000,-0.23,27476613500
2016-09-20,217000,0.0,32918157500
2016-09-21,216000,-0.46,19873405000
2016-09-22,218000,0.93,25026953000
2016-09-23,220500,1.15,31399825000
2016-09-26,221000,0.23,19062407500
2016-09-27,222000,0.45,33030530500
2016-09-28,222500,0.23,26941305000
2016-09-29,226000,1.57,38202868590
2016-09-30,226000,0.0,37895872000
2016-10-04,224500,-0.66,34282189867
2016-10-05,222500,-0.89,35453655525
2016-10-06,219000,-1.57,27058534936
2016-10-07,216000,-1.37,40755955788
2016-10-10,219500,1.62,34289392000
2016-10-11,219500,0.0,22336261000
2016-10-12,219000,-0.23,23047752500
2016-10-13,219500,0.23,30054655500
2016-10-14,221000,0.68,22762752500
2016-10-17,225500,2.04,45885898500
2016-10-18,227500,0.89,38879948500
2016-10-19,229000,0.66,31052237000
2016-10-20,224500,-1.97,23720760000
2016-10-21,224000,-0.22,45356164500
2016-10-24,227500,1.56,29804923000
2016-10-25,231500,1.76,50908920000
2016-10-26,230000,-0.65,26485133500
2016-10-27,232500,1.09,30433014000
2016-10-28,224500,-3.44,47850651147
2016-10-31,223500,-0.45,34768198000
2016-11-01,226000,1.12,23148559500
2016-11-02,223500,-1.11,25804229000
2016-11-03,223500,0.0,23206107000
2016-11-04,226000,1.12,20541625500
2016-11-07,223500,-1.11,27118354500
2016-11-08,221000,-1.12,35627212500
2016-11-09,218500,-1.13,60635680000
2016-11-10,220000,0.69,42160355000
2016-11-11,218500,-0.68,28498473500
2016-11-14,217000,-0.69,45753066855
2016-11-15,217500,0.23,24465444000
2016-11-16,217000,-0.23,44598491500
2016-11-17,217000,0.0,35734285500
2016-11-18,219500,1.15,38120183500
2016-11-21,220000,0.23,25927931000
2016-11-22,220000,0.0,30105615000
2016-11-23,226000,2.73,76754926500
2016-11-24,226500,0.22,30233519500
2016-11-25,226000,-0.22,15027191500
2016-11-28,222500,-1.55,22023023500
2016-11-29,223500,0.45,27471625500
2016-11-30,226000,1.12,64339026500
2016-12-01,224500,-0.66,27323728500
2016-12-02,228000,1.56,29320611500
2016-12-05,228000,0.0,16765042500
2016-12-06,229000,0.44,34210040500
2016-12-07,231500,1.09,39607382000
2016-12-08,231500,0.0,58391609056
2016-12-09,231000,-0.22,21867092500
2016-12-12,230500,-0.22,19552560500
2016-12-13,232500,0.87,43319886500
2016-12-14,229500,-1.29,26770028500
2016-12-15,230000,0.22,15475648500
2016-12-16,232000,0.87,32202950000
2016-12-19,229000,-1.29,19639417000
2016-12-20,231000,0.87,23473126000
2016-12-21,230000,-0.43,20661998500
2016-12-22,230500,0.22,25406122000
2016-12-23,230500,0.0,44374000000
2016-12-26,231000,0.22,25530286000
2016-12-27,231000,0.0,46013853500
2016-12-28,224500,-2.81,39078536500
2016-12-29,224000,-0.22,23747041500
2017-01-02,225500,0.67,15632588000
2017-01-03,223000,-1.11,34932885000
2017-01-04,223000,0.0,42869844500
2017-01-05,228000,2.24,35498969000
2017-01-06,226500,-0.66,20729529500
2017-01-09,226000,-0.22,18680268500
2017-01-10,225000,-0.44,26409791500
2017-01-11,227500,1.11,49017825000
2017-01-12,229000,0.66,32006421500
2017-01-13,228500,-0.22,19354894500
2017-01-16,224500,-1.75,24895514000
2017-01-17,226000,0.67,20702475000
2017-01-18,224500,-0.66,25512003500
2017-01-19,224000,-0.22,23101202500
2017-01-20,223000,-0.45,20920983000
2017-01-23,220500,-1.12,35466343830
2017-01-24,221500,0.45,24632258500
2017-01-25,219000,-1.13,45218385500
2017-01-26,222500,1.6,38004282500
2017-01-31,223000,0.22,25845771000
2017-02-01,220000,-1.35,49948001500
2017-02-02,218000,-0.91,49846089000
2017-02-03,219500,0.69,41422878449
2017-02-06,222000,1.14,37000204000
2017-02-07,226500,2.03,35717624000
2017-02-08,224500,-0.88,38229442500
2017-02-09,224000,-0.22,29194312500
2017-02-10,227500,1.56,39551715500
2017-02-13,229500,0.88,26990250000
2017-02-14,229000,-0.22,27343790354
2017-02-15,225000,-1.75,22572720500
2017-02-16,225500,0.22,31145844500
2017-02-17,226500,0.44,16597421500
2017-02-20,226500,0.0,13049835500
2017-02-21,227500,0.44,21633721670
2017-02-22,231000,1.54,45742167836
2017-02-23,231000,0.0,36448560000
2017-02-24,231500,0.22,35103493500
2017-02-27,232000,0.22,20974615500
2017-02-28,231500,-0.22,41158502000
2017-03-02,229500,-0.86,33261874000
2017-03-03,233000,1.53,42597218240
2017-03-06,232000,-0.43,36162735000
2017-03-07,231000,-0.43,19373079500
2017-03-08,241000,4.33,135812455000
2017-03-09,248000,2.9,96173597500
2017-03-10,247000,-0.4,77324742380
2017-03-13,245000,-0.81,63148439462
2017-03-14,245500,0.2,57051866000
2017-03-15,257500,4.89,111129680000
2017-03-16,256000,-0.58,59416204630
2017-03-17,250000,-2.34,50153368500
2017-03-20,251000,0.4,39595269500
2017-03-21,253000,0.8,43655852000
2017-03-22,259500,2.57,70866427000
2017-03-23,262500,1.16,76295077000
2017-03-24,260000,-0.95,29952961500
2017-03-27,259500,-0.19,35548145000
2017-03-28,260500,0.39,37492314500
2017-03-29,252500,-3.07,50494432500
2017-03-30,255500,1.19,66636431500
2017-03-31,252000,-1.37,27273676000
2017-04-03,254000,0.79,20603594996
2017-04-04,257000,1.18,28388339500
2017-04-05,253000,-1.56,24569045000
2017-04-06,256000,1.19,37651448500
2017-04-07,255000,-0.39,29780067000
2017-04-10,252500,-0.98,18554866000
2017-04-11,245000,-2.97,65986275500
2017-04-12,243000,-0.82,50601663000
2017-04-13,245500,1.03,43107661400
2017-04-14,243500,-0.81,19173990500
2017-04-17,242500,-0.41,18485477000
2017-04-18,247000,1.86,34196057000
2017-04-19,248500,0.61,28599924000
2017-04-20,249000,0.2,26061375500
2017-04-21,251500,1.0,29735427000
2017-04-24,251500,0.0,27178623844
2017-04-25,249500,-0.8,32114769500
2017-04-26,244000,-2.2,109934084000
2017-04-27,240000,-1.64,45826376000
2017-04-28,239500,-0.21,60013437500
2017-05-02,240000,0.21,42938994500
2017-05-04,235500,-1.88,62587408500
2017-05-08,236000,0.21,77177456104
2017-05-10,238500,1.06,92141934000
2017-05-11,235500,-1.26,89212834596
2017-05-12,236000,0.21,53519990000
2017-05-15,236000,0.0,41966976000
2017-05-16,239500,1.48,65283952000
2017-05-17,239500,0.0,45619836500
2017-05-18,241000,0.63,42537147000
2017-05-19,244500,1.45,47302557000
2017-05-22,246500,0.82,49535492290
2017-05-23,246000,-0.2,47031018500
2017-05-24,252000,2.44,64216294450
2017-05-25,249500,-0.99,52209219000
2017-05-26,254500,2.0,41467625500
2017-05-29,250000,-1.77,37865457000
2017-05-30,249000,-0.4,25402631000
2017-05-31,253500,1.81,47840537000
2017-06-01,249500,-1.58,27262787500
2017-06-02,250500,0.4,57102030000
2017-06-05,246000,-1.8,51732437500
2017-06-07,245500,-0.2,66756603000
2017-06-08,243000,-1.02,82605153000
2017-06-09,246000,1.23,50709925000
2017-06-12,246500,0.2,34060128500
2017-06-13,248000,0.61,27587255000
2017-06-14,243500,-1.81,45264416000
2017-06-15,242000,-0.62,41607194500
2017-06-16,242000,0.0,38463713000
2017-06-19,247500,2.27,42731203000
2017-06-20,249500,0.81,54831535500
2017-06-21,254500,2.0,103282909240
2017-06-22,263000,3.34,102369355500
2017-06-23,258000,-1.9,56444326500
2017-06-26,258000,0.0,35690787000
2017-06-27,264000,2.33,103729447100
2017-06-28,266000,0.76,76353825500
2017-06-29,261500,-1.69,37194939000
2017-06-30,266000,1.72,47345779000
2017-07-03,274500,3.2,65740526000
2017-07-04,264000,-3.83,52529492000
2017-07-05,267500,1.33,31839070000
2017-07-06,257500,-3.74,70643277500
2017-07-07,256500,-0.39,65096684500
2017-07-10,255500,-0.39,32530387000
2017-07-11,260000,1.76,46547874318
2017-07-12,257000,-1.15,40096801986
2017-07-13,257500,0.19,41332958500
2017-07-14,263000,2.14,31320551500
2017-07-17,262000,-0.38,37555589500
2017-07-18,261000,-0.38,26491850000
2017-07-19,262000,0.38,24487426000
2017-07-20,263000,0.38,30015157000
2017-07-21,270500,2.85,62378331500
2017-07-24,278500,2.96,49224685000
2017-07-25,277500,-0.36,39966156000
2017-07-26,270000,-2.7,40400303500
2017-07-27,279000,3.33,52226222500
2017-07-28,277000,-0.72,51357236446
2017-07-31,278000,0.36,61395156806
2017-08-01,277500,-0.18,29813759500
2017-08-02,283500,2.16,53209266000
2017-08-03,283000,-0.18,51286826256
2017-08-04,276500,-2.3,50279072000
2017-08-07,279500,1.08,36747942000
2017-08-08,275000,-1.61,50361201500
2017-08-09,274500,-0.18,26881208020
2017-08-10,269000,-2.0,60277730500
2017-08-11,265000,-1.49,63187240500
2017-08-14,269500,1.7,42871415636
2017-08-16,268500,-0.37,41852802500
2017-08-17,264000,-1.68,37826711500
2017-08-18,260000,-1.52,61296824500
2017-08-21,260000,0.0,22936636312
2017-08-22,262500,0.96,25467745844
2017-08-23,261000,-0.57,22223093500
2017-08-24,263500,0.96,28729200000
2017-08-25,261000,-0.95,29722940000
2017-08-28,262000,0.38,14094661000
2017-08-29,260500,-0.57,19717983000
2017-08-30,257000,-1.34,39780476000
2017-08-31,253500,-1.36,52957712500
2017-09-01,252000,-0.59,27447828500
2017-09-04,248000,-1.59,28561441500
2017-09-05,248000,0.0,21396128000
2017-09-06,244000,-1.61,46989742500
2017-09-07,251500,3.07,42190468648
2017-09-08,249500,-0.8,29919098500
2017-09-11,246500,-1.2,26119327000
2017-09-12,246500,0.0,24423213000
2017-09-13,249000,1.01,36498469000
2017-09-14,242000,-2.81,74825655210
2017-09-15,253000,4.55,65533447000
2017-09-18,250000,-1.19,39977210500
2017-09-19,246000,-1.6,48271607500
2017-09-20,245500,-0.2,32800051500
2017-09-21,249000,1.43,58295119500
2017-09-22,252000,1.2,57096528000
2017-09-25,249500,-0.99,35336196500
2017-09-26,254500,2.0,47426409000
2017-09-27,257000,0.98,48680899378
2017-09-28,257500,0.19,41341849000
2017-09-29,255000,-0.97,28894417000
2017-10-10,267500,4.9,101366644728
2017-10-11,266500,-0.37,55268783000
2017-10-12,268000,0.56,63654148304
2017-10-13,267500,-0.19,37224926000
2017-10-16,271500,1.5,42589579000
2017-10-17,268500,-1.1,35652535500
2017-10-18,267500,-0.37,37751295314
2017-10-19,264500,-1.12,29531495000
2017-10-20,265000,0.19,38489780500
2017-10-23,262000,-1.13,30615833000
2017-10-24,263000,0.38,30289243526
2017-10-25,267000,1.52,32585654500
2017-10-26,263500,-1.31,28329035500
2017-10-27,261000,-0.95,44933274000
2017-10-30,257500,-1.34,33922627500
2017-10-31,264000,2.52,41975390500
2017-11-01,263500,-0.19,29988293500
2017-11-02,265000,0.57,26791928000
2017-11-03,266000,0.38,20587034000
2017-11-06,260000,-2.26,48610975000
2017-11-07,256000,-1.54,44972044000
2017-11-08,254000,-0.78,39119839000
2017-11-09,253500,-0.2,39541409000
2017-11-10,256000,0.99,33178165000
2017-11-13,252500,-1.37,48681331000
2017-11-14,251000,-0.59,44424993500
2017-11-15,252000,0.4,30193211500
2017-11-16,255500,1.39,31604497000
2017-11-17,254500,-0.39,37732894000
2017-11-20,250500,-1.57,27979271816
2017-11-21,250500,0.0,22027205000
2017-11-22,260500,3.99,64696561500
2017-11-23,260000,-0.19,41918550000
2017-11-24,261500,0.58,28077114800
2017-11-27,260000,-0.57,31130117000
2017-11-28,259000,-0.38,44439101000
2017-11-29,256000,-1.16,27322095000
2017-11-30,264000,3.13,94931552000
2017-12-01,265000,0.38,41996712000
2017-12-04,269500,1.7,46518295500
2017-12-05,275500,2.23,77720411500
2017-12-06,275500,0.0,57144479412
2017-12-07,277500,0.73,61834358000
2017-12-08,271500,-2.16,71564029324
2017-12-11,274500,1.1,34552138500
2017-12-12,270000,-1.64,44850735500
2017-12-13,276500,2.41,48253529100
2017-12-14,274500,-0.72,86417074000
2017-12-15,277000,0.91,38919941000
2017-12-18,272500,-1.62,54133024500
2017-12-19,273000,0.18,28138497500
2017-12-20,272000,-0.37,34185373000
2017-12-21,272000,0.0,39539091958
2017-12-22,274000,0.74,31199822000
2017-12-26,278000,1.46,52000942000
2017-12-27,267500,-3.78,40156318500
2017-12-28,267000,-0.19,30573798032
2018-01-02,265500,-0.56,22497122000
2018-01-03,262000,-1.32,49424522500
2018-01-04,259500,-0.95,53503682600
2018-01-05,267500,3.08,62237273500
2018-01-08,266000,-0.56,29980515500
2018-01-09,276000,3.76,72265367500
2018-01-10,268500,-2.72,61550727800
2018-01-11,268500,0.0,52539687500
2018-01-12,267000,-0.56,42215600500
2018-01-15,266000,-0.37,37295377000
2018-01-16,266000,0.0,25584194500
2018-01-17,266500,0.19,45446363683
2018-01-18,278000,4.32,80179062000
2018-01-19,280000,0.72,52400341500
2018-01-22,274000,-2.14,29413084500
2018-01-23,274000,0.0,45585122000
2018-01-24,274000,0.0,34775562000
2018-01-25,266500,-2.74,72777984000
2018-01-26,267500,0.38,39522947500
2018-01-29,265500,-0.75,48273579000
2018-01-30,267000,0.56,48904437500
2018-01-31,265500,-0.56,53701824500
2018-02-01,261500,-1.51,44678024500
2018-02-02,262000,0.19,37281236500
2018-02-05,260000,-0.76,41711311000
2018-02-06,255500,-1.73,44466938000
2018-02-07,248000,-2.94,81113654798
2018-02-08,244000,-1.61,60562923500
2018-02-09,240000,-1.64,56752665000
2018-02-12,240000,0.0,36220462500
2018-02-13,240500,0.21,42930757500
2018-02-14,244000,1.46,28875193000
2018-02-19,243500,-0.2,24673767000
2018-02-20,245000,0.62,25674014000
2018-02-21,246000,0.41,31437973500
2018-02-22,240000,-2.44,50844392500
2018-02-23,241500,0.63,32660162000
2018-02-26,239500,-0.83,38336067000
2018-02-27,241000,0.63,36615855500
2018-02-28,240000,-0.41,34041500500
2018-03-02,234500,-2.29,41271574500
2018-03-05,234000,-0.21,23094816500
2018-03-06,232000,-0.85,59342461000
2018-03-07,232000,0.0,36606475500
2018-03-08,229500,-1.08,65104563500
2018-03-09,233500,1.74,39141553000
2018-03-12,236000,1.07,39065887500
2018-03-13,235000,-0.42,52867339450
2018-03-14,232500,-1.06,37319791000
2018-03-15,236500,1.72,37488249500
2018-03-16,239500,1.27,51643610000
2018-03-19,239000,-0.21,46053998500
2018-03-20,232500,-2.72,52770724500
2018-03-21,230000,-1.08,58179230500
2018-03-22,231500,0.65,33396932000
2018-03-23,228500,-1.3,43414656500
2018-03-26,226500,-0.88,41532443000
2018-03-27,228000,0.66,30984795050
2018-03-28,226500,-0.66,30650307500
2018-03-29,230000,1.55,35262969000
2018-03-30,233500,1.52,35837774000
2018-04-02,235000,0.64,28100336000
2018-04-03,237000,0.85,49978728848
2018-04-04,234500,-1.05,37682035550
2018-04-05,233000,-0.64,37007409000
2018-04-06,232500,-0.21,31883320000
2018-04-09,235000,1.08,32597784500
2018-04-10,232500,-1.06,40963601000
2018-04-11,231000,-0.65,44412754500
2018-04-12,229000,-0.87,58738227000
2018-04-13,224000,-2.18,98123245184
2018-04-16,225500,0.67,38402448500
2018-04-17,223500,-0.89,39002259500
2018-04-18,222000,-0.67,49461743500
2018-04-19,222000,0.0,46276684500
2018-04-20,225000,1.35,37501372500
2018-04-23,226000,0.44,29116027000
2018-04-24,223500,-1.11,33746930500
2018-04-25,226500,1.34,33417329000
2018-04-26,222500,-1.77,47507972000
2018-04-27,226500,1.8,42799756000
2018-04-30,228500,0.88,32590568500
2018-05-02,228500,0.0,35319630500
2018-05-03,231500,1.31,37562561000
2018-05-04,230500,-0.43,43299373500
2018-05-08,228000,-1.08,35866083500
2018-05-09,226000,-0.88,65264862480
2018-05-10,222500,-1.55,59992869500
2018-05-11,224500,0.9,22185149000
2018-05-14,221000,-1.56,48426976000
2018-05-15,220500,-0.23,24977666000
2018-05-16,221000,0.23,24952151000
2018-05-17,222000,0.45,19312513000
2018-05-18,223000,0.45,18836176060
2018-05-21,222500,-0.22,16232944500
2018-05-23,224500,0.9,59033271840
2018-05-24,224000,-0.22,27605496000
2018-05-25,227500,1.56,53815434000
2018-05-28,227500,0.0,21388334000
2018-05-29,227500,0.0,20039784500
2018-05-30,223000,-1.98,40409042500
2018-05-31,222000,-0.45,45922852500
2018-06-01,222000,0.0,18819025000
2018-06-04,223000,0.45,23151324000
2018-06-05,222500,-0.22,25454329000
2018-06-07,226500,1.8,37969631500
2018-06-08,230000,1.55,57709471750
2018-06-11,241000,4.78,117706092500
2018-06-12,246500,2.28,121633995500
2018-06-14,241500,-2.03,115629152577
2018-06-15,234500,-2.9,91285040000
2018-06-18,237500,1.28,87565864500
2018-06-19,235500,-0.84,61536875500
2018-06-20,241500,2.55,74710096500
2018-06-21,243000,0.62,50715546500
2018-06-22,242000,-0.41,34301214000
2018-06-25,237000,-2.07,39931020500
2018-06-26,237000,0.0,28113164000
2018-06-27,235000,-0.84,33502120000
2018-06-28,231500,-1.49,31668082500
2018-06-29,233000,0.65,33643781000
2018-07-02,230500,-1.07,24169061000
2018-07-03,229000,-0.65,26644458000
2018-07-04,228500,-0.22,20309027000
2018-07-05,228000,-0.22,13407584000
2018-07-06,227500,-0.22,34896421500
2018-07-09,228500,0.44,23425190500
2018-07-10,233000,1.97,44807090250
2018-07-11,237500,1.93,59921309250
2018-07-12,237500,0.0,37526929500
2018-07-13,240500,1.26,39982165000
2018-07-16,237000,-1.46,24989702000
2018-07-17,238000,0.42,13851208000
2018-07-18,237500,-0.21,21629207500
2018-07-19,236500,-0.42,19746434500
2018-07-20,239500,1.27,30343311500
2018-07-23,240500,0.42,23438229000
2018-07-24,241000,0.21,27584399000
2018-07-25,242000,0.41,25839457500
2018-07-26,239000,-1.24,29225994500
2018-07-27,242000,1.26,19516570000
2018-07-30,245000,1.24,59121749500
2018-07-31,250500,2.24,54615756592
2018-08-01,247000,-1.4,46319791500
2018-08-02,253000,2.43,53784431500
2018-08-03,257000,1.58,47013980500
2018-08-06,259500,0.97,40322130500
2018-08-07,250500,-3.47,50443466500
2018-08-08,252000,0.6,24105718500
2018-08-09,257000,1.98,48552725500
2018-08-10,256500,-0.19,31756368500
2018-08-13,257000,0.19,34604326500
2018-08-14,259500,0.97,27698783500
2018-08-16,264500,1.93,87098044220
2018-08-17,261500,-1.13,41579204000
2018-08-20,262000,0.19,32516874000
2018-08-21,257000,-1.91,46916456500
2018-08-22,254000,-1.17,38557672000
2018-08-23,258500,1.77,32249579000
2018-08-24,263500,1.93,40050177000
2018-08-27,261000,-0.95,40088528287
2018-08-28,262000,0.38,29980672000
2018-08-29,263500,0.57,27312739555
2018-08-30,261000,-0.95,30175999500
2018-08-31,262500,0.57,40260522500
2018-09-03,256500,-2.29,27076138500
2018-09-04,262000,2.14,29016943000
2018-09-05,262500,0.19,30058627000
2018-09-06,261500,-0.38,21442460000
2018-09-07,263500,0.76,32713080500
2018-09-10,265500,0.76,39661069250
2018-09-11,271500,2.26,71560579500
2018-09-12,274000,0.92,58721923000
2018-09-13,276000,0.73,59810587640
2018-09-14,277000,0.36,47230492000
2018-09-17,278500,0.54,29791771500
2018-09-18,277000,-0.54,49261995280
2018-09-19,269500,-2.71,54097309500
2018-09-20,271500,0.74,43121661000
2018-09-21,269500,-0.74,40150962000
2018-09-27,275000,2.04,77003789350
2018-09-28,282000,2.55,67415639250
2018-10-01,275500,-2.3,25334111296
2018-10-02,272000,-1.27,35469741912
2018-10-04,279500,2.76,56681842000
2018-10-05,281000,0.54,36799685684
2018-10-08,278500,-0.89,23932609263
2018-10-10,285000,2.33,55610621827
2018-10-11,270000,-5.26,64082588000
2018-10-12,270000,0.0,46444060008
2018-10-15,268500,-0.56,40717044000
2018-10-16,268000,-0.19,33350457140
2018-10-17,274000,2.24,36659019000
2018-10-18,279500,2.01,47577280100
2018-10-19,282500,1.07,67913065000
2018-10-22,286000,1.24,33872763000
2018-10-23,283000,-1.05,50382175500
2018-10-24,278500,-1.59,76152697100
2018-10-25,283500,1.8,103828646500
2018-10-26,275000,-3.0,89420681000
2018-10-29,276000,0.36,44423802500
2018-10-30,269000,-2.54,59774637000
2018-10-31,268000,-0.37,74066259000
2018-11-01,261500,-2.43,58043951654
2018-11-02,257500,-1.53,77490530115
2018-11-05,263500,2.33,57592711000
2018-11-06,262500,-0.38,33880745000
2018-11-07,268500,2.29,54037871500
2018-11-08,267500,-0.37,53720853200
2018-11-09,266000,-0.56,29767051500
2018-11-12,267000,0.38,29315607500
2018-11-13,266500,-0.19,42993903000
2018-11-14,270000,1.31,28149566500
2018-11-15,267000,-1.11,31002223000
2018-11-16,279000,4.49,48743271000
2018-11-19,276000,-1.08,32720662000
2018-11-20,282500,2.36,59251307576
2018-11-21,280000,-0.88,61758076000
2018-11-22,286500,2.32,42560510500
2018-11-23,284000,-0.87,22608458500
2018-11-26,279500,-1.58,40864685765
2018-11-27,278500,-0.36,35652211357
2018-11-28,284000,1.97,66158660500
2018-11-29,284000,0.0,62834745440
2018-11-30,289500,1.94,75468004500
2018-12-03,282000,-2.59,50137337700
2018-12-04,278000,-1.42,66871792000
2018-12-05,282000,1.44,49164534938
2018-12-06,287500,1.95,60326442751
2018-12-07,283000,-1.57,35555396000
2018-12-10,283500,0.18,48712293000
2018-12-11,287500,1.41,44791096000
2018-12-12,283000,-1.57,52663193000
2018-12-13,280000,-1.06,81889613500
2018-12-14,280000,0.0,33794394000
2018-12-17,277000,-1.07,43478448000
2018-12-18,270000,-2.53,76395153500
2018-12-19,273000,1.11,62984743572
2018-12-20,273000,0.0,52676202000
2018-12-21,276000,1.1,38132579000
2018-12-24,276000,0.0,38875648000
2018-12-26,269000,-2.54,47642626000
2018-12-27,266000,-1.12,38123409000
2018-12-28,269500,1.32,43987800500
2019-01-02,272500,1.11,35162518500
2019-01-03,275500,1.1,80514768000
2019-01-04,279500,1.45,62751299000
2019-01-07,276500,-1.07,33381445500
2019-01-08,276000,-0.18,27858406500
2019-01-09,269500,-2.36,68711746000
2019-01-10,271000,0.56,49218921500
2019-01-11,263500,-2.77,59075188000
2019-01-14,267000,1.33,35288798500
2019-01-15,268500,0.56,27973904000
2019-01-16,267500,-0.37,24868619000
2019-01-17,268500,0.37,30209641500
2019-01-18,269500,0.37,19308358500
2019-01-21,263500,-2.23,48756403500
2019-01-22,264000,0.19,28833485000
2019-01-23,269000,1.89,45685342500
2019-01-24,271000,0.74,37560995500
2019-01-25,269000,-0.74,36725832500
2019-01-28,272500,1.3,41251882000
2019-01-29,267500,-1.83,41806932500
2019-01-30,258500,-3.36,117267976000
2019-01-31,258000,-0.19,60570279500
2019-02-01,260000,0.78,68031143500
2019-02-07,259500,-0.19,48235996000
2019-02-08,261000,0.58,61848744000
2019-02-11,261000,0.0,44373230000
2019-02-12,259500,-0.57,57893146000
2019-02-13,259500,0.0,37820767500
2019-02-14,260000,0.19,64450008860
2019-02-15,255000,-1.92,90588699500
2019-02-18,259500,1.76,50558528500
2019-02-19,260000,0.19,35391574500
2019-02-20,260000,0.0,35606737000
2019-02-21,259000,-0.38,34123351500
2019-02-22,261000,0.77,32654205500
2019-02-25,260000,-0.38,50066553000
2019-02-26,259500,-0.19,27160122000
2019-02-27,263000,1.35,46555024500
2019-02-28,260500,-0.95,73498501413
2019-03-04,261000,0.19,48373322500
2019-03-05,261000,0.0,43376474500
2019-03-06,258000,-1.15,38730765500
2019-03-07,254000,-1.55,40915969000
2019-03-08,252000,-0.79,24481257000
2019-03-11,249000,-1.19,39835163000
2019-03-12,248000,-0.4,32611528000
2019-03-13,245500,-1.01,55572419500
2019-03-14,246500,0.41,59123138500
2019-03-15,253500,2.84,54831836000
2019-03-18,252000,-0.59,29923280000
2019-03-19,253000,0.4,39602562500
2019-03-20,251000,-0.79,29778024000
2019-03-21,249500,-0.6,31617670000
2019-03-22,252000,1.0,58925052352
2019-03-25,253000,0.4,72919966684
2019-03-26,250500,-0.99,36526368100
2019-03-27,253000,1.0,36570719500
2019-03-28,251500,-0.59,62021187000
2019-03-29,251500,0.0,48031389000
2019-04-01,254500,1.19,47185854000
2019-04-02,251000,-1.38,44553554500
2019-04-03,243000,-3.19,159460236000
2019-04-04,245500,1.03,69802050500
2019-04-05,246500,0.41,39548380000
2019-04-08,245500,-0.41,39758042500
2019-04-09,244000,-0.61,27647147500
2019-04-10,246500,1.02,32574716000
2019-04-11,245000,-0.61,42792127500
2019-04-12,245000,0.0,27493772000
2019-04-15,246000,0.41,25719430500
2019-04-16,247500,0.61,27101929500
2019-04-17,247500,0.0,20513717500
2019-04-18,244500,-1.21,32131122500
2019-04-19,243500,-0.41,17445023500
2019-04-22,244500,0.41,13122818000
2019-04-23,243500,-0.41,15048936000
2019-04-24,246000,1.03,38042895500
2019-04-25,248000,0.81,39186250500
2019-04-26,246500,-0.6,40905318500
2019-04-29,247500,0.41,27722086500
2019-04-30,247500,0.0,34283331500
2019-05-02,251500,1.62,64079420000
2019-05-03,256000,1.79,75817551500
2019-05-07,256500,0.2,67852119322
2019-05-08,262500,2.34,137018187000
2019-05-09,263500,0.38,88212897000
2019-05-10,262500,-0.38,56842278000
2019-05-13,259500,-1.14,34663501000
2019-05-14,259500,0.0,45672108500
2019-05-15,258000,-0.58,49727817000
2019-05-16,258000,0.0,40635858500
2019-05-17,257500,-0.19,27377506500
2019-05-20,260500,1.17,43985416500
2019-05-21,258000,-0.96,27937666500
2019-05-22,253000,-1.94,40952455500
2019-05-23,251000,-0.79,54461317500
2019-05-24,253000,0.8,36968915000
2019-05-27,256500,1.38,24695030000
2019-05-28,253500,-1.17,59212311500
2019-05-29,252000,-0.59,25467215000
2019-05-30,250000,-0.79,29035678500
2019-05-31,250500,0.2,36726187500
2019-06-03,250000,-0.2,37263416500
2019-06-04,254000,1.6,51889180500
2019-06-05,257500,1.38,39994851000
2019-06-07,255000,-0.97,36909511000
2019-06-10,253500,-0.59,45670853000
2019-06-11,253500,0.0,42626431000
2019-06-12,257000,1.38,42038519500
2019-06-13,259500,0.97,68936463500
2019-06-14,259000,-0.19,21738561500
2019-06-17,261500,0.97,33124899500
2019-06-18,264000,0.96,54107669500
2019-06-19,263000,-0.38,30084570000
2019-06-20,260500,-0.95,30615970500
2019-06-21,262000,0.58,32566393000
2019-06-24,260000,-0.76,20532658500
2019-06-25,259000,-0.38,29680135000
2019-06-26,259000,0.0,23603510500
2019-06-27,257500,-0.58,36981155500
2019-06-28,259000,0.58,35880219000
2019-07-01,257000,-0.77,24038817000
2019-07-02,260500,1.36,25628393000
2019-07-03,258000,-0.96,18378791000
2019-07-04,262000,1.55,25908812500
2019-07-05,262500,0.19,21452682000
2019-07-08,260500,-0.76,33801144500
2019-07-09,255000,-2.11,30099418564
2019-07-10,254500,-0.2,32890942000
2019-07-11,254500,0.0,32073236500
2019-07-12,260000,2.16,29721994000
2019-07-15,260500,0.19,23464016500
2019-07-16,259500,-0.38,28349790500
2019-07-17,259000,-0.19,19525787000
2019-07-18,259500,0.19,19600265500
2019-07-19,258500,-0.39,43893476000
2019-07-22,257000,-0.58,22138433500
2019-07-23,257500,0.19,36846420500
2019-07-24,255000,-0.97,29425093000
2019-07-25,248500,-2.55,48902425000
2019-07-26,245500,-1.21,47826309500
2019-07-29,246000,0.2,29804367500
2019-07-30,246500,0.2,22274559500
2019-07-31,248500,0.81,54606636000
2019-08-01,244000,-1.81,45094906000
2019-08-02,252000,3.28,71163566000
2019-08-05,252500,0.2,71480326438
2019-08-06,247500,-1.98,60078398000
2019-08-07,244500,-1.21,46431092500
2019-08-08,240500,-1.64,71995928000
2019-08-09,242000,0.62,35215671500
2019-08-12,241000,-0.41,25188448000
2019-08-13,236000,-2.07,55430595300
2019-08-14,239000,1.27,35488187500
2019-08-16,231500,-3.14,68539032500
2019-08-19,232500,0.43,29457882000
2019-08-20,234000,0.65,32903655500
2019-08-21,238000,1.71,35741482420
2019-08-22,237500,-0.21,35864588406
2019-08-23,237000,-0.21,25818493500
2019-08-26,235500,-0.63,22728977500
2019-08-27,237000,0.64,33637225500
2019-08-28,238000,0.42,28186111000
2019-08-29,240000,0.84,35630763742
2019-08-30,239500,-0.21,48905594500
2019-09-02,239000,-0.21,14940241000
2019-09-03,239000,0.0,21419758500
2019-09-04,239000,0.0,35420044000
2019-09-05,236500,-1.05,52017685500
2019-09-06,237000,0.21,29965477500
2019-09-09,237000,0.0,24781888000
2019-09-10,240000,1.27,41834355000
2019-09-11,238000,-0.83,64497772500
2019-09-16,239000,0.42,148440593000
2019-09-17,239500,0.21,42490040000
2019-09-18,238500,-0.42,32014422500
2019-09-19,238000,-0.21,32606131000
2019-09-20,238500,0.21,42019166500
2019-09-23,241000,1.05,39279703500
2019-09-24,240500,-0.21,33265222500
2019-09-25,240000,-0.21,45567575000
2019-09-26,239500,-0.21,25796266500
2019-09-27,239500,0.0,27248365000
2019-09-30,241500,0.84,30067694500
2019-10-01,239000,-1.04,30771641500
2019-10-02,235000,-1.67,39709647000
2019-10-04,234500,-0.21,25950582500
2019-10-07,233000,-0.64,29179575500
2019-10-08,235000,0.86,27129624000
2019-10-10,233000,-0.85,47486095000
2019-10-11,236500,1.5,31978591500
2019-10-14,236500,0.0,20157845500
2019-10-15,238000,0.63,17865405500
2019-10-16,237000,-0.42,17866661000
2019-10-17,239000,0.84,26114708000
2019-10-18,238500,-0.21,23053066000
2019-10-21,238500,0.0,17891768000
2019-10-22,238000,-0.21,25292222500
2019-10-23,236000,-0.84,29333218000
2019-10-24,238500,1.06,29600166000
2019-10-25,235500,-1.26,34400625500
2019-10-28,237000,0.64,25678359500
2019-10-29,235000,-0.84,36143709500
2019-10-30,234000,-0.43,31298003000
2019-10-31,237000,1.28,51424656500
2019-11-01,236000,-0.42,30227381000
2019-11-04,236000,0.0,36416355500
2019-11-05,238000,0.85,43836964000
2019-11-06,237500,-0.21,47359283500
2019-11-07,243000,2.32,76809501500
2019-11-08,242000,-0.41,36429896500
2019-11-11,242500,0.21,47060805000
2019-11-12,244500,0.82,37050557500
2019-11-13,242000,-1.02,31005918500
2019-11-14,242000,0.0,50224418500
2019-11-15,243500,0.62,26685602000
2019-11-18,244500,0.41,25152996500
2019-11-19,245500,0.41,36738177500
2019-11-20,244500,-0.41,30196295000
2019-11-21,241500,-1.23,38540303500
2019-11-22,244500,1.24,31168485000
2019-11-25,246000,0.61,25029590500
2019-11-26,244000,-0.81,51875020500
2019-11-27,245000,0.41,22506586000
2019-11-28,246500,0.61,19006278000
2019-11-29,246000,-0.2,39977321000
2019-12-02,242000,-1.63,73027598750
2019-12-03,242500,0.21,27572381000
2019-12-04,239000,-1.44,231332024600
2019-12-05,238000,-0.42,30972379000
2019-12-06,238500,0.21,33734765500
2019-12-09,239000,0.21,30155060000
2019-12-10,240000,0.42,26986263000
2019-12-11,241000,0.42,35645725500
2019-12-12,239500,-0.62,85388320500
2019-12-13,240500,0.42,48991712500
2019-12-16,241500,0.42,32642245000
2019-12-17,240500,-0.41,54146060500
2019-12-18,242000,0.62,38688152500
2019-12-19,243000,0.41,37153004000
2019-12-20,243500,0.21,39320403000
2019-12-23,244000,0.21,30817934500
2019-12-24,242500,-0.61,41080784500
2019-12-26,244500,0.82,61944051000
2019-12-27,237500,-2.86,72043700000
2019-12-30,238000,0.21,23071880000
2020-01-02,234000,-1.68,62232326000
2020-01-03,234000,0.0,61184972500
2020-01-06,231500,-1.07,52200480000
2020-01-07,233000,0.65,31842900000
2020-01-08,232500,-0.21,64476909535
2020-01-09,232000,-0.22,124091988500
2020-01-10,231000,-0.43,45593912500
2020-01-13,234500,1.52,38312289500
2020-01-14,236000,0.64,56910126000
2020-01-15,237500,0.64,49897334000
2020-01-16,236000,-0.63,52260609249
2020-01-17,235000,-0.42,63834913925
2020-01-20,236000,0.43,56755974000
2020-01-21,236500,0.21,21465870500
2020-01-22,238500,0.85,34379670000
2020-01-23,237000,-0.63,41601138000
2020-01-28,232500,-1.9,74023606500
2020-01-29,232500,0.0,29600589000
2020-01-30,229000,-1.51,64271319500
2020-01-31,229500,0.22,50718729000
2020-02-03,226500,-1.31,46183663000
2020-02-04,226500,0.0,51430977500
2020-02-05,225000,-0.66,47715576000
2020-02-06,229000,1.78,57823937000
2020-02-07,228500,-0.22,49966648500
2020-02-10,225000,-1.53,47637573500
2020-02-11,223500,-0.67,68696631500
2020-02-12,226500,1.34,56732327000
2020-02-13,228500,0.88,91747316000
2020-02-14,227500,-0.44,42046554500
2020-02-17,228000,0.22,23303905000
2020-02-18,226000,-0.88,37081721500
2020-02-19,225000,-0.44,38563282250
2020-02-20,222000,-1.33,43531873000
2020-02-21,219500,-1.13,48712506000
2020-02-24,217500,-0.91,71388577105
2020-02-25,217500,0.0,50007874918
2020-02-26,216000,-0.69,48928836500
2020-02-27,217000,0.46,36330957500
2020-02-28,212500,-2.07,64346519000
2020-03-02,208000,-2.12,60952050000
2020-03-03,207000,-0.48,46850855500
2020-03-04,219500,6.04,76128609000
2020-03-05,221500,0.91,82911489041
2020-03-06,222500,0.45,86441298000
2020-03-09,219000,-1.57,62432162500
2020-03-10,218500,-0.23,45124082500
2020-03-11,217500,-0.46,53881996000
2020-03-12,211500,-2.76,82309131500
2020-03-13,197000,-6.86,131327480500
2020-03-16,193000,-2.03,70434782000
2020-03-17,187500,-2.85,79638597500
2020-03-18,180000,-4.0,51420660500
2020-03-19,173000,-3.89,98312180500
2020-03-20,175000,1.16,70523692000
2020-03-23,165500,-5.43,56893312000
2020-03-24,171000,3.32,70413477000
2020-03-25,174500,2.05,120560844000
2020-03-26,173000,-0.86,118172049900
2020-03-27,176500,2.02,92172211500
2020-03-30,176000,-0.28,67386486500
2020-03-31,177000,0.57,174939854076
2020-04-01,175000,-1.13,98569642000
2020-04-02,182000,4.0,81289690500
2020-04-03,183000,0.55,70110778500
2020-04-06,190500,4.1,78485157500
2020-04-07,190500,0.0,69917963000
2020-04-08,194000,1.84,104471397000
2020-04-09,193500,-0.26,73571679500
2020-04-10,194000,0.26,38017749000
2020-04-13,190000,-2.06,45893025000
2020-04-14,196000,3.16,52765015000
2020-04-16,196500,0.26,77473818000
2020-04-17,199000,1.27,55877584000
2020-04-20,203500,2.26,69135610000
2020-04-21,209500,2.95,104322350000
2020-04-22,214500,2.39,94638027500
2020-04-23,215500,0.47,69329518000
2020-04-24,209500,-2.78,61278096500
2020-04-27,213000,1.67,50999057000
2020-04-28,213000,0.0,49353016000
2020-04-29,211500,-0.7,60839270000
2020-05-04,208500,-1.42,64987308500
2020-05-06,206500,-0.96,62354335000
2020-05-07,207000,0.24,54098388992
2020-05-08,207000,0.0,52553902000
2020-05-11,205000,-0.97,47502585500
2020-05-12,210000,2.44,66866517000
2020-05-13,206500,-1.67,61775566000
2020-05-14,207000,0.24,54784309000
2020-05-15,204000,-1.45,62381189810
2020-05-18,205500,0.74,49279730700
2020-05-19,209000,1.7,50845557500
2020-05-20,211500,1.2,52127577000
2020-05-21,213000,0.71,49168672500
2020-05-22,208500,-2.11,50703328000
2020-05-25,212000,1.68,36070180000
2020-05-26,212000,0.0,47806959500
2020-05-27,210000,-0.94,63492604500
2020-05-28,212000,0.95,58481208000
2020-05-29,216000,1.89,100935749000
2020-06-01,224500,3.94,94209532000
2020-06-02,225000,0.22,73928697500
2020-06-03,230000,2.22,84050694000
2020-06-04,227000,-1.3,79966401500
2020-06-05,223500,-1.54,69245477000
2020-06-08,222500,-0.45,55585457500
2020-06-09,221000,-0.67,46314476790
2020-06-10,219000,-0.9,56182659500
2020-06-11,215000,-1.83,97153875500
2020-06-12,208500,-3.02,96032158500
2020-06-15,201000,-3.6,86928606500
2020-06-16,209000,3.98,72777441500
2020-06-17,207000,-0.96,70906314000
2020-06-18,205500,-0.72,53513195500
2020-06-19,206000,0.24,50142151500
2020-06-22,206500,0.24,49543834000
2020-06-23,205500,-0.48,60117857500
2020-06-24,205500,0.0,44796397500
2020-06-25,203000,-1.22,51055811500
2020-06-26,208500,2.71,64164668000
2020-06-29,207000,-0.72,64946760000
2020-06-30,211000,1.93,72813376000
2020-07-01,222000,5.21,192847880000
2020-07-02,225000,1.35,100022589000
2020-07-03,221000,-1.78,63405982000
2020-07-06,225000,1.81,63134425500
2020-07-07,218000,-3.11,99844691500
2020-07-08,218500,0.23,82444020500
2020-07-09,218000,-0.23,57031863500
2020-07-10,215000,-1.38,61358689500
2020-07-13,215500,0.23,47714036000
2020-07-14,217500,0.93,82219835500
2020-07-15,218000,0.23,66054332000
2020-07-16,218000,0.0,52980919500
2020-07-17,217000,-0.46,43981392000
2020-07-20,216500,-0.23,56724785500
2020-07-21,215500,-0.46,66062583500
2020-07-22,214500,-0.46,66775671600
2020-07-23,211500,-1.4,80036351000
2020-07-24,208000,-1.65,59604640500
2020-07-27,208500,0.24,59648763000
2020-07-28,214000,2.64,89405256000
2020-07-29,216500,1.17,90809072500
2020-07-30,220000,1.62,161744271200
2020-07-31,220500,0.23,162247009500
2020-08-03,219000,-0.68,92328681500
2020-08-04,225500,2.97,172916562500
2020-08-05,227000,0.67,142710949000
2020-08-06,220500,-2.86,238327940000
2020-08-07,229000,3.85,193376246500
2020-08-10,238000,3.93,191894007500
2020-08-11,237000,-0.42,124880030000
2020-08-12,241500,1.9,134495947000
2020-08-13,242000,0.21,233242559000
2020-08-14,237000,-2.07,125593025000
2020-08-18,229000,-3.38,172428787000
2020-08-19,231000,0.87,100745578500
2020-08-20,227500,-1.52,155031083000
2020-08-21,235500,3.52,130917657000
2020-08-24,242000,2.76,129404961500
2020-08-25,247500,2.27,156872292000
2020-08-26,248500,0.4,122600002500
2020-08-27,245500,-1.21,143354587000
2020-08-28,242500,-1.22,205619295000
2020-08-31,248000,2.27,584438518000
2020-09-01,242000,-2.42,128747004500
2020-09-02,242500,0.21,89201101000
2020-09-03,241000,-0.62,88994408000
2020-09-04,237500,-1.45,114954127000
2020-09-07,243500,2.53,88072739000
2020-09-08,241500,-0.82,71417616000
2020-09-09,238000,-1.45,73477923500
2020-09-10,240000,0.84,73869383000
2020-09-11,243000,1.25,61128907500
2020-09-14,248000,2.06,68933288000
2020-09-15,246000,-0.81,59676491000
2020-09-16,243000,-1.22,52165853500
2020-09-17,244000,0.41,44250878500
2020-09-18,244000,0.0,53544707000
2020-09-21,240500,-1.43,52046967000
2020-09-22,237500,-1.25,56398085000
2020-09-23,233000,-1.89,82263548500
2020-09-24,230500,-1.07,54817833500
2020-09-25,231000,0.22,37485092500
2020-09-28,233000,0.87,25242271500
2020-09-29,238000,2.15,53665385000
2020-10-05,240500,1.05,59645490500
2020-10-06,241000,0.21,43712484500
2020-10-07,241000,0.0,43130944500
2020-10-08,240000,-0.41,56129068450
2020-10-12,239500,-0.21,45308428000
2020-10-13,242500,1.25,44481787500
2020-10-14,230500,-4.95,199786767000
2020-10-15,234500,1.74,152796507500
2020-10-16,234500,0.0,73668460000
2020-10-19,232500,-0.85,55757496500
2020-10-20,233000,0.22,44751362000
2020-10-21,238000,2.15,49058605000
2020-10-22,238500,0.21,44105585500
2020-10-23,238500,0.0,35247745000
2020-10-26,234000,-1.89,35706423000
2020-10-27,232500,-0.64,45978497000
2020-10-28,229500,-1.29,84074411000
2020-10-29,222500,-3.05,86977614500
2020-10-30,214000,-3.82,110653646500
2020-11-02,215000,0.47,62956941000
2020-11-03,219000,1.86,86599323875
2020-11-04,218500,-0.23,66311499000
2020-11-05,223000,2.06,90883802500
2020-11-06,227000,1.79,80818138000
2020-11-09,225500,-0.66,75915938000
2020-11-10,227000,0.67,109159230500
2020-11-11,230500,1.54,81004568000
2020-11-12,230000,-0.22,71131439000
2020-11-13,229500,-0.22,91334447500
2020-11-16,232000,1.09,78526362000
2020-11-17,232500,0.22,74868604000
2020-11-18,231000,-0.65,72325900000
2020-11-19,229500,-0.65,61217530500
2020-11-20,229000,-0.22,52803829000
2020-11-23,231000,0.87,68176186000
2020-11-24,232000,0.43,70081038500
2020-11-25,229000,-1.29,88563343000
2020-11-26,232000,1.31,63932858500
2020-11-27,235000,1.29,106498956500
2020-11-30,237500,1.06,124406663000
2020-12-01,236500,-0.42,56720279500
2020-12-02,239000,1.06,93272039500
2020-12-03,238500,-0.21,82627456792
2020-12-04,239500,0.42,72742246000
2020-12-07,239000,-0.21,62153078500
2020-12-08,240000,0.42,54934097500
2020-12-09,240000,0.0,69372152500
2020-12-10,238000,-0.83,95127398500
2020-12-11,247000,3.78,147353194000
2020-12-14,249000,0.81,117949231000
2020-12-15,246000,-1.2,76054425500
2020-12-16,247000,0.41,49925950000
2020-12-17,246000,-0.4,56945664500
2020-12-18,246500,0.2,68412019000
2020-12-21,249000,1.01,64271107000
2020-12-22,244000,-2.01,57211143000
2020-12-23,245000,0.41,51581233000
2020-12-24,247000,0.82,43719144500
2020-12-28,247000,0.0,127681560500
2020-12-29,237500,-3.85,115026370000
2020-12-30,238000,0.21,75438340000
2021-01-04,237000,-0.42,101823409500
2021-01-05,246000,3.8,160908728000
2021-01-06,250500,1.83,224452231000
2021-01-07,270000,7.78,358488301500
2021-01-08,265000,-1.85,268702568000
2021-01-11,257500,-2.83,266851598742
2021-01-12,253500,-1.55,152344376000
2021-01-13,255000,0.59,122980163000
2021-01-14,255500,0.2,135276640500
2021-01-15,251500,-1.57,131112673500
2021-01-18,244000,-2.98,125302856500
2021-01-19,245000,0.41,101174073000
2021-01-20,248500,1.43,108326510000
2021-01-21,256000,3.02,135561009000
2021-01-22,254000,-0.78,94526926500
2021-01-25,263000,3.54,121866787500
2021-01-26,254000,-3.42,119026267000
2021-01-27,251000,-1.18,97513464000
2021-01-28,248000,-1.2,105233434500
2021-01-29,244000,-1.61,120052450500
2021-02-01,245500,0.61,88885445500
2021-02-02,245000,-0.2,109007017500
2021-02-03,245000,0.0,102410677500
2021-02-04,247000,0.82,116771716000
2021-02-05,258500,4.66,190216734500
2021-02-08,252000,-2.51,77002564000
2021-02-09,247500,-1.79,84243950500
2021-02-10,246000,-0.61,93625818000
2021-02-15,246000,0.0,73037101000
2021-02-16,251000,2.03,95831329925
2021-02-17,253000,0.8,96881039000
2021-02-18,253000,0.0,105803291500
2021-02-19,253500,0.2,77965519500
2021-02-22,248000,-2.17,83101352000
2021-02-23,247000,-0.4,66743250500
2021-02-24,243500,-1.42,102834877000
2021-02-25,252000,3.49,85368064500
2021-02-26,247500,-1.79,140711541500
2021-03-02,247500,0.0,92892651236
2021-03-03,252500,2.02,61023148000
2021-03-04,246500,-2.38,79243358000
2021-03-05,244000,-1.01,64965441500
2021-03-08,244500,0.2,57154973500
2021-03-09,248000,1.43,77623806500
2021-03-10,250500,1.01,67786256500
2021-03-11,252500,0.8,140306893700
2021-03-12,255000,0.99,76107012000
2021-03-15,257000,0.78,45569640000
2021-03-16,256500,-0.19,60399846000
2021-03-17,257500,0.39,54055533000
2021-03-18,257000,-0.19,52265608000
2021-03-19,254500,-0.97,62528221500
2021-03-22,256000,0.59,33623671000
2021-03-23,250500,-2.15,77876456500
2021-03-24,249000,-0.6,59094563613
2021-03-25,253500,1.81,53028509500
2021-03-26,274000,8.09,297016566500
2021-03-29,269000,-1.82,107123621500
2021-03-30,268500,-0.19,73822013000
2021-03-31,275000,2.42,125799468500
2021-04-01,277000,0.73,93676274000
2021-04-02,281000,1.44,78360591500
2021-04-05,279000,-0.71,56329114000
2021-04-06,281500,0.9,66970018500
2021-04-07,281000,-0.18,61564568500
2021-04-08,280000,-0.36,98986713500
2021-04-09,276500,-1.25,92163172000
2021-04-12,283000,2.35,68369756000
2021-04-13,300000,6.01,189295764250
2021-04-14,293500,-2.17,128430520500
2021-04-15,300500,2.39,168283077000
2021-04-16,302000,0.5,101225193000
2021-04-19,301000,-0.33,72113323000
2021-04-20,305000,1.33,67303523500
2021-04-21,302000,-0.98,58814549000
2021-04-22,310500,2.81,88669499500
2021-04-23,314500,1.29,89876159500
2021-04-26,316500,0.64,77348626000
2021-04-27,318000,0.47,61176609575
2021-04-28,316000,-0.63,62904596300
2021-04-29,303500,-3.96,88561359500
2021-04-30,303500,0.0,87688213000
2021-05-03,304000,0.16,63397820000
2021-05-04,307500,1.15,161288548500
2021-05-06,309500,0.65,120476325500
2021-05-07,312000,0.81,63628024500
2021-05-10,318500,2.08,84270132500
2021-05-11,319500,0.31,135889891284
2021-05-12,310000,-2.97,129090399000
2021-05-13,312500,0.81,97936816000
2021-05-14,317000,1.44,101872321500
2021-05-17,307000,-3.15,86855895500
2021-05-18,306500,-0.16,88073737000
2021-05-20,306000,-0.16,75447952000
2021-05-21,309500,1.14,121033573000
2021-05-24,314500,1.62,94249606000
2021-05-25,314000,-0.16,104559166000
2021-05-26,318500,1.43,101751814500
2021-05-27,320000,0.47,134232139000
2021-05-28,317000,-0.94,82573808000
2021-05-31,317000,0.0,49717078000
2021-06-01,328000,3.47,102990471000
2021-06-02,330000,0.61,76427996500
2021-06-03,328500,-0.45,83026216500
2021-06-04,320500,-2.44,83790472500
2021-06-07,323500,0.94,80831227500
2021-06-08,328000,1.39,88349818500
2021-06-09,327500,-0.15,89461186000
2021-06-10,328000,0.15,167200936076
2021-06-11,334000,1.83,116666203000
2021-06-14,333000,-0.3,53103169500
2021-06-15,330000,-0.9,46492896000
2021-06-16,328000,-0.61,56940080000
2021-06-17,327500,-0.15,77076979309
2021-06-18,326500,-0.31,125523448250
2021-06-21,321000,-1.68,101051140500
2021-06-22,321000,0.0,51092949250
2021-06-23,326000,1.56,60040609000
2021-06-24,327000,0.31,59608227000
2021-06-25,326500,-0.15,49267423500
2021-06-28,329500,0.92,57841997000
2021-06-29,323500,-1.82,52406989500
2021-06-30,320000,-1.08,64069644000
2021-07-01,315000,-1.56,59928195500
2021-07-02,318500,1.11,37803875500
2021-07-05,318000,-0.16,31014597500
2021-07-06,317000,-0.31,38268348500
2021-07-07,314500,-0.79,51896667000
2021-07-08,317000,0.79,62169365500
2021-07-09,322000,1.58,117854986500
2021-07-12,326500,1.4,58380052000
2021-07-13,325500,-0.31,66317322000
2021-07-14,320000,-1.69,50721168500
2021-07-15,320000,0.0,53449285738
2021-07-16,322000,0.63,35427402500
2021-07-19,326500,1.4,47356485500
2021-07-20,324000,-0.77,53927200504
2021-07-21,312000,-3.7,132658540000
2021-07-22,309500,-0.8,114474322000
2021-07-23,305000,-1.45,112837266000
2021-07-26,308000,0.98,50638773500
2021-07-27,304000,-1.3,42814141000
2021-07-28,311000,2.3,57450565500
2021-07-29,312500,0.48,45630153000
2021-07-30,301000,-3.68,102369906000
2021-08-02,302000,0.33,62046035000
2021-08-03,306000,1.32,34447204500
2021-08-04,306500,0.16,42757479500
2021-08-05,306500,0.0,37852448500
2021-08-06,305500,-0.33,38377617000
2021-08-09,302000,-1.15,38682138500
2021-08-10,302500,0.17,36633058000
2021-08-11,293500,-2.98,96433481500
2021-08-12,312500,6.47,212968607000
2021-08-13,306000,-2.08,85516134250
2021-08-17,292500,-4.41,139983116000
2021-08-18,294500,0.68,88740310500
2021-08-19,290000,-1.53,72590564500
2021-08-20,284500,-1.9,115284566000
2021-08-23,293000,2.99,80119413000
2021-08-24,296000,1.02,65670450000
2021-08-25,294000,-0.68,77870905000
2021-08-26,290500,-1.19,95475125500
2021-08-27,288000,-0.86,63261140500
2021-08-30,291500,1.22,106265347500
2021-08-31,298000,2.23,935979863500
2021-09-01,313000,5.03,239417992000
2021-09-02,308000,-1.6,104955733045
2021-09-03,305500,-0.81,81680700500
2021-09-06,306000,0.16,84100971000
2021-09-07,300500,-1.8,85243186641
2021-09-08,301500,0.33,100570098000
2021-09-09,301500,0.0,148470888500
2021-09-10,307000,1.82,71645370000
2021-09-13,302500,-1.47,52356460500
2021-09-14,303500,0.33,43351522000
2021-09-15,303000,-0.16,52777330500
2021-09-16,302000,-0.33,37027809500
2021-09-17,301000,-0.33,78925426500
2021-09-23,310000,2.99,101383088000
2021-09-24,308500,-0.48,54835510000
2021-09-27,319000,3.4,133513306000
2021-09-28,315500,-1.1,98322717429
2021-09-29,319000,1.11,119285007000
2021-09-30,324000,1.57,173559543500
2021-10-01,327000,0.93,100394579500
2021-10-05,320000,-2.14,160091286125
2021-10-06,314500,-1.72,104284927500
2021-10-07,315500,0.32,94351872251
2021-10-08,304500,-3.49,136870833000
2021-10-12,300500,-1.31,114417207000
2021-10-13,302500,0.67,90614669500
2021-10-14,302500,0.0,111248837000
2021-10-15,300000,-0.83,108052630000
2021-10-18,296000,-1.33,120859329500
2021-10-19,299500,1.18,94752071500
2021-10-20,298500,-0.33,104360351900
2021-10-21,298000,-0.17,124233068500
2021-10-22,312000,4.7,194343802000
2021-10-25,309500,-0.8,387657355000
2021-10-26,309500,0.0,0
2021-10-27,309500,0.0,0
2021-10-28,309500,0.0,0
2021-10-29,309500,0.0,0
2021-11-01,309500,0.0,0
2021-11-02,309500,0.0,0
2021-11-03,309500,0.0,0
2021-11-04,309500,0.0,0
2021-11-05,309500,0.0,0
2021-11-08,309500,0.0,0
2021-11-09,309500,0.0,0
2021-11-10,309500,0.0,0
2021-11-11,309500,0.0,0
2021-11-12,309500,0.0,0
2021-11-15,309500,0.0,0
2021-11-16,309500,0.0,0
2021-11-17,309500,0.0,0
2021-11-18,309500,0.0,0
2021-11-19,309500,0.0,0
2021-11-22,309500,0.0,0
2021-11-23,309500,0.0,0
2021-11-24,309500,0.0,0
2021-11-25,309500,0.0,0
2021-11-26,309500,0.0,0
2021-11-29,57900,8.43,619519600200
2021-11-30,54500,-5.87,260596585300
2021-12-01,54600,0.18,129516270600
2021-12-02,55400,1.47,76525928900
2021-12-03,56800,2.53,80023639100
2021-12-06,55700,-1.94,68489630100
2021-12-07,55800,0.18,68355737938
2021-12-08,55100,-1.25,63535685000
2021-12-09,55900,1.45,71909552751
2021-12-10,55800,-0.18,39600428300
2021-12-13,56000,0.36,56800522600
2021-12-14,56200,0.36,42680948300
2021-12-15,56000,-0.36,42096683600
2021-12-16,58700,4.82,105715822600
2021-12-17,60900,3.75,117225231600
2021-12-20,61000,0.16,50673258900
2021-12-21,61800,1.31,74143342800
2021-12-22,62600,1.29,60108010900
2021-12-23,62700,0.16,38614553500
2021-12-24,61700,-1.59,50283828200
2021-12-27,61300,-0.65,49154739200
2021-12-28,61300,0.0,65342738400
2021-12-29,58300,-4.89,79582146700
2021-12-30,57900,-0.69,48543048200
2022-01-03,57200,-1.21,43027489600
2022-01-04,57200,0.0,54195767300
2022-01-05,58300,1.92,70594683080
2022-01-06,57900,-0.69,55290471000
2022-01-07,56400,-2.59,52079928100
2022-01-10,56500,0.18,39783823200
2022-01-11,56200,-0.53,36061612700
2022-01-12,56100,-0.18,50493218100
2022-01-13,56300,0.36,40191106600
2022-01-14,56300,0.0,35206882200
2022-01-17,55800,-0.89,26039586100
2022-01-18,56200,0.72,52791840300
2022-01-19,55800,-0.71,44069156900
2022-01-20,56800,1.79,38122524100
2022-01-21,57300,0.88,43078694500
2022-01-24,56300,-1.75,30562675200
2022-01-25,56300,0.0,41493034530
2022-01-26,56600,0.53,31936010900
2022-01-27,55500,-1.94,50905110400
2022-01-28,56400,1.62,60000108300
2022-02-03,56300,-0.18,66080787050
2022-02-04,56400,0.18,43762398000
2022-02-07,55400,-1.77,58392056110
2022-02-08,55900,0.9,53804352700
2022-02-09,56200,0.54,42186727914
2022-02-10,55600,-1.07,63665671141
2022-02-11,54900,-1.26,45481517400
2022-02-14,54700,-0.36,26772915000
2022-02-15,54800,0.18,30319512600
2022-02-16,55300,0.91,25071852734
2022-02-17,55500,0.36,30052360500
2022-02-18,55000,-0.9,14444267000
2022-02-21,54700,-0.55,16439328900
2022-02-22,55000,0.55,22943705900
2022-02-23,55000,0.0,15044198800
2022-02-24,54000,-1.82,33526640600
2022-02-25,53900,-0.19,17876884700
2022-02-28,54600,1.3,33757792300
2022-03-02,54500,-0.18,38050245992
2022-03-03,54900,0.73,23761106600
2022-03-04,56400,2.73,57100197450
2022-03-07,56400,0.0,41318701700
2022-03-08,56200,-0.35,38698452200
2022-03-10,57000,1.42,38336198400
2022-03-11,57100,0.18,18065848300
2022-03-14,59300,3.85,50253499600
2022-03-15,57800,-2.53,30728839500
2022-03-16,58000,0.35,24498309300
2022-03-17,57200,-1.38,39379376450
2022-03-18,58100,1.57,48163433400
2022-03-21,57100,-1.72,33710195800
2022-03-22,57200,0.18,23419268600
2022-03-23,58100,1.57,27210991400
2022-03-24,57300,-1.38,19413436300
2022-03-25,57000,-0.52,26708620700
2022-03-28,58000,1.75,26524711900
2022-03-29,58300,0.52,33684635000
2022-03-30,56300,-3.43,52808600100
2022-03-31,56900,1.07,26984446500
2022-04-01,57200,0.53,27699259700
2022-04-04,58500,2.27,35393935600
2022-04-05,57700,-1.37,18161391600
2022-04-06,57900,0.35,19577937400
2022-04-07,58000,0.17,31803600500
2022-04-08,60500,4.31,82320091500
2022-04-11,62500,3.31,73836736400
2022-04-12,62500,0.0,64456045800
2022-04-13,61500,-1.6,39390043500
2022-04-14,60500,-1.63,69813136700
2022-04-15,59500,-1.65,63961017800
2022-04-18,59800,0.5,22025302000
2022-04-19,60400,1.0,23962490600
2022-04-20,61300,1.49,48094596200
2022-04-21,62000,1.14,37980778800
2022-04-22,61600,-0.65,30759950700
2022-04-25,59600,-3.25,27381683700
2022-04-26,59000,-1.01,47543772110
2022-04-27,56800,-3.73,96132831200
2022-04-28,56700,-0.18,69775725800
2022-04-29,57000,0.53,36442417900
2022-05-02,57000,0.0,17250036300
2022-05-03,57800,1.4,25209532900
2022-05-04,58200,0.69,25074290400
2022-05-06,57800,-0.69,38593420600
2022-05-09,58100,0.52,51864467500
2022-05-10,59100,1.72,33868505600
2022-05-11,59600,0.85,33656700700
2022-05-12,59800,0.34,49946581700
2022-05-13,61000,2.01,72535084800
2022-05-16,59100,-3.11,26241591500
2022-05-17,60500,2.37,50646426400
2022-05-18,58800,-2.81,48213988500
2022-05-19,57800,-1.7,54559105650
2022-05-20,58200,0.69,51563177500
2022-05-23,57300,-1.55,39249474300
2022-05-24,56500,-1.4,39003044400
2022-05-25,56400,-0.18,34861212800
2022-05-26,57000,1.06,34178939600
2022-05-27,57200,0.35,29053566100
2022-05-30,57100,-0.17,29028148700
2022-05-31,57100,0.0,94670132576
2022-06-02,56200,-1.58,49493941800
2022-06-03,56600,0.71,22760007900
2022-06-07,56200,-0.71,34188786400
2022-06-08,56100,-0.18,30934467500
2022-06-09,55600,-0.89,47521543400
2022-06-10,55800,0.36,30535922000
2022-06-13,54700,-1.97,41233700600
2022-06-14,53700,-1.83,62022809700
2022-06-15,51800,-3.54,64117569150
2022-06-16,50900,-1.74,63216245100
2022-06-17,51900,1.96,91538810947
2022-06-20,52700,1.54,39458792690
2022-06-21,52600,-0.19,30599972697
2022-06-22,52000,-1.14,36938235483
2022-06-23,53600,3.08,43122451600
2022-06-24,54400,1.49,32618214692
2022-06-27,54100,-0.55,29481483036
2022-06-28,54500,0.74,28498113200
2022-06-29,53000,-2.75,78669854100
2022-06-30,52000,-1.89,29010059600
2022-07-01,52800,1.54,35624432290
2022-07-04,53600,1.52,32048415500
2022-07-05,54200,1.12,27488666600
2022-07-06,53800,-0.74,40513085900
2022-07-07,53800,0.0,34328231400
2022-07-08,54000,0.37,32909767400
2022-07-11,55000,1.85,44580097000
2022-07-12,55000,0.0,31545926897
2022-07-13,55800,1.45,40818093232
2022-07-14,54900,-1.61,36258631700
2022-07-15,53500,-2.55,29431623400
2022-07-18,54700,2.24,37054451800
2022-07-19,54000,-1.28,22775786700
2022-07-20,53300,-1.3,35676179272
2022-07-21,52100,-2.25,38568419800
2022-07-22,51800,-0.58,21042755300
2022-07-25,51600,-0.39,21116238500
2022-07-26,52400,1.55,17090280600
2022-07-27,52600,0.38,17979690300
2022-07-28,52800,0.38,15612500700
2022-07-29,53600,1.52,23637893000
2022-08-01,53600,0.0,12774088900
2022-08-02,52800,-1.49,15890814800
2022-08-03,53100,0.57,16656339600
2022-08-04,53200,0.19,17847896300
2022-08-05,53000,-0.38,17853307900
2022-08-08,52900,-0.19,20101968400
2022-08-09,52900,0.0,17431426200
2022-08-10,52200,-1.32,32251627300
2022-08-11,52600,0.77,33678355400
2022-08-12,51900,-1.33,50147645800
2022-08-16,51900,0.0,37850179000
2022-08-17,51300,-1.16,62804958940
2022-08-18,51200,-0.19,36714981622
2022-08-19,51000,-0.39,37159563900
2022-08-22,51400,0.78,28620991300
2022-08-23,51100,-0.58,44679964100
2022-08-24,51200,0.2,42161213211
2022-08-25,52300,2.15,49455214445
2022-08-26,51300,-1.91,47151322800
2022-08-29,51300,0.0,33093332500
2022-08-30,52000,1.36,36379017131
2022-08-31,52100,0.19,213292250200
2022-09-01,52400,0.58,51232734500
2022-09-02,52600,0.38,37116350400
2022-09-05,52100,-0.95,24739087000
2022-09-06,51300,-1.54,37700695400
2022-09-07,52000,1.36,41875034600
2022-09-08,51900,-0.19,32138392300
2022-09-13,51800,-0.19,48258927400
2022-09-14,51000,-1.54,36117488400
2022-09-15,51200,0.39,46247515000
2022-09-16,52400,2.34,89928470200
2022-09-19,51400,-1.91,29512938100
2022-09-20,51800,0.78,27614915300
2022-09-21,51700,-0.19,29917508050
2022-09-22,51400,-0.58,25548326500
2022-09-23,52700,2.53,47306321700
2022-09-26,53500,1.52,85228420150
2022-09-27,52500,-1.87,53044106400
2022-09-28,51300,-2.29,44548598275
2022-09-29,50000,-2.53,56150277150
2022-09-30,50800,1.6,43489743600
2022-10-04,50900,0.2,50005270000
2022-10-05,50900,0.0,32689735600
2022-10-06,50500,-0.79,27904909400
2022-10-07,50200,-0.59,50551022600
2022-10-11,48700,-2.99,33356790300
2022-10-12,48750,0.1,27108340500
2022-10-13,48550,-0.41,20293982850
2022-10-14,49700,2.37,19414773200
2022-10-17,49000,-1.41,13233636300
2022-10-18,50200,2.45,23090436600
2022-10-19,49100,-2.19,27957671350
2022-10-20,49550,0.92,31222838750
2022-10-21,49600,0.1,15733838200
2022-10-24,49450,-0.3,24278279050
2022-10-25,49550,0.2,14353547450
2022-10-26,49200,-0.71,17964252900
2022-10-27,50400,2.44,21985733300
2022-10-28,50200,-0.4,17474136700
2022-10-31,50100,-0.2,17358538350
2022-11-01,50200,0.2,18098683800
2022-11-02,50300,0.2,19905029448
2022-11-03,50400,0.2,19254129650
2022-11-04,50600,0.4,12693706900
2022-11-07,50400,-0.4,26598488900
2022-11-08,50500,0.2,28298424100
2022-11-09,51200,1.39,32690798687
2022-11-10,50400,-1.56,26913850400
2022-11-11,50500,0.2,53651872836
2022-11-14,50100,-0.79,28387785100
2022-11-15,50100,0.0,18897658700
2022-11-16,49550,-1.1,41503479700
2022-11-17,49850,0.61,19765616350
2022-11-18,49550,-0.6,27873870300
2022-11-21,49750,0.4,22236422050
2022-11-22,49750,0.0,16270850650
2022-11-23,50000,0.5,15942464919
2022-11-24,50000,0.0,23489506000
2022-11-25,50000,0.0,10576449650
2022-11-28,49900,-0.2,11871627800
2022-11-29,49800,-0.2,10466374200
2022-11-30,50000,0.4,49973683530
2022-12-01,50500,1.0,28699843772
2022-12-02,50300,-0.4,20324012100
2022-12-05,50400,0.2,36009640213
2022-12-06,50400,0.0,30214977500
2022-12-07,50200,-0.4,15869374900
2022-12-08,50200,0.0,41438283374
2022-12-09,50000,-0.4,19095439792
2022-12-12,49900,-0.2,15112353930
2022-12-13,49850,-0.1,17332736450
2022-12-14,49800,-0.1,22411591900
2022-12-15,49300,-1.0,23144247250
2022-12-16,48800,-1.01,49584835861
2022-12-19,48750,-0.1,23962094650
2022-12-20,48500,-0.51,22991477250
2022-12-21,48600,0.21,21778069200
2022-12-22,48750,0.31,20731849900
2022-12-23,49000,0.51,18550335850
2022-12-26,49250,0.51,18502336800
2022-12-27,49300,0.1,29952210550
2022-12-28,48200,-2.23,21423148300
2022-12-29,47400,-1.66,19456420650
2023-01-02,47250,-0.32,20105075300
2023-01-03,46950,-0.63,23600299750
2023-01-04,47350,0.85,16605281550
2023-01-05,47100,-0.53,41218611250
2023-01-06,47600,1.06,19762031700
2023-01-09,47500,-0.21,39681903250
2023-01-10,46900,-1.26,50375404400
2023-01-11,46500,-0.85,56029415800
2023-01-12,45900,-1.29,61682881702
2023-01-13,45900,0.0,43160378700
2023-01-16,46600,1.53,42593745250
2023-01-17,46850,0.54,30027583211
2023-01-18,47250,0.85,31592518450
2023-01-19,47450,0.42,20684399500
2023-01-20,46900,-1.16,23751611200
2023-01-25,46100,-1.71,54660490950
2023-01-26,46350,0.54,53543209000
2023-01-27,47850,3.24,56762843950
2023-01-30,47050,-1.67,37709828045
2023-01-31,46600,-0.96,35507905050
2023-02-01,46150,-0.97,60054653856
2023-02-02,46300,0.33,37610922400
2023-02-03,46350,0.11,32863620850
2023-02-06,46250,-0.22,49003279149
2023-02-07,46700,0.97,45966290742
2023-02-08,46700,0.0,47679875550
2023-02-09,46700,0.0,165903391621
2023-02-10,47000,0.64,83228715450
2023-02-13,47700,1.49,65801338900
2023-02-14,47700,0.0,35713745100
2023-02-15,46600,-2.31,49822749400
2023-02-16,44600,-4.29,171072983050
2023-02-17,44400,-0.45,86243431150
2023-02-20,44700,0.68,44187791400
2023-02-21,45050,0.78,28225337250
2023-02-22,45100,0.11,39391774400
2023-02-23,44900,-0.44,38279973250
2023-02-24,45100,0.45,48848318659
2023-02-27,44950,-0.33,28077181600
2023-02-28,45150,0.44,31973708750
2023-03-02,45050,-0.22,49930421775
2023-03-03,45600,1.22,24866750400
2023-03-06,46250,1.43,32433172000
2023-03-07,47450,2.59,61704955550
2023-03-08,46700,-1.58,43096822300
2023-03-09,47500,1.71,51199751550
2023-03-10,46600,-1.89,22818404950
2023-03-13,46500,-0.21,19058945700
2023-03-14,46950,0.97,39759462950
2023-03-15,47600,1.38,22926910800
2023-03-16,47200,-0.84,24409088800
2023-03-17,46850,-0.74,45402011450
2023-03-20,47650,1.71,27559041850
2023-03-21,48800,2.41,51493884900
2023-03-22,48600,-0.41,24465690600
2023-03-23,47800,-1.65,48578643350
2023-03-24,48350,1.15,35125621400
2023-03-27,48400,0.1,25568532200
2023-03-28,48500,0.21,25802475100
2023-03-29,48850,0.72,39523957950
2023-03-30,47800,-2.15,39179119100
2023-03-31,48300,1.05,32614030250
2023-04-03,47550,-1.55,24478858100
2023-04-04,47700,0.32,15488369100
2023-04-05,47950,0.52,21097983850
2023-04-06,47850,-0.21,22615584050
2023-04-07,47600,-0.52,12831476800
2023-04-10,47650,0.11,24970540300
2023-04-11,47750,0.21,32547600825
2023-04-12,47800,0.1,17336754100
2023-04-13,48250,0.94,23178954800
2023-04-14,48300,0.1,27317679352
2023-04-17,48150,-0.31,14417196150
2023-04-18,48750,1.25,20383093800
2023-04-19,48550,-0.41,13398903350
2023-04-20,48550,0.0,14736762500
2023-04-21,48600,0.1,15654596400
2023-04-24,47700,-1.85,19454174950
2023-04-25,47750,0.1,30979381850
2023-04-26,47500,-0.52,18494089300
2023-04-27,47350,-0.32,16599406600
2023-04-28,47700,0.74,21757683050
2023-05-02,48150,0.94,18739265450
2023-05-03,47900,-0.52,8456092450
2023-05-04,48100,0.42,16702211000
2023-05-08,48550,0.94,19136823850
2023-05-09,48600,0.1,50397920900
2023-05-10,49750,2.37,42477513400
2023-05-11,50500,1.51,40428630450
2023-05-12,50300,-0.4,26563672300
2023-05-15,50400,0.2,21443420000
2023-05-16,49600,-1.59,25510069200
2023-05-17,49200,-0.81,22371038900
2023-05-18,49800,1.22,20281546350
2023-05-19,49900,0.2,21574639450
2023-05-22,49550,-0.7,18470126800
2023-05-23,49900,0.71,15278658138
2023-05-24,49900,0.0,18426391800
2023-05-25,49600,-0.6,13155701500
2023-05-26,49600,0.0,11288750450
2023-05-30,50000,0.81,14491073200
2023-05-31,49700,-0.6,28344348150
2023-06-01,49250,-0.91,18235779100
2023-06-02,49050,-0.41,17110082200
2023-06-05,49450,0.82,18376991950
2023-06-07,49600,0.3,19592963850
2023-06-08,49500,-0.2,37082168400
2023-06-09,49150,-0.71,39547542975
2023-06-12,49150,0.0,21839186150
2023-06-13,48850,-0.61,21493018350
2023-06-14,48500,-0.72,27367357475
2023-06-15,48100,-0.82,32399860800
2023-06-16,47200,-1.87,99906298000
2023-06-19,47050,-0.32,35056387850
2023-06-20,47000,-0.11,22852952750
2023-06-21,47000,0.0,20267854800
2023-06-22,47350,0.74,18535728350
2023-06-23,47400,0.11,20746846500
2023-06-26,47350,-0.11,19200241550
2023-06-27,47600,0.53,24805650400
2023-06-28,47650,0.11,27073888800
2023-06-29,46250,-2.94,41320615550
2023-06-30,46600,0.76,29447149900
2023-07-03,46350,-0.54,25382654250
2023-07-04,45800,-1.19,28903002050
2023-07-05,45050,-1.64,35429534150
2023-07-06,44200,-1.89,66321784650
2023-07-07,43550,-1.47,43630935489
2023-07-10,44300,1.72,35461494650
2023-07-11,45250,2.14,28649131600
2023-07-12,45900,1.44,23789890300
2023-07-13,45900,0.0,22833624450
2023-07-14,46050,0.33,22174335700
2023-07-17,45550,-1.09,19427359950
2023-07-18,45400,-0.33,16218028350
2023-07-19,45000,-0.88,19843428700
2023-07-20,45150,0.33,16621491900
2023-07-21,45500,0.78,13223250400
2023-07-24,45350,-0.33,23836369750
2023-07-25,44800,-1.21,19817096050
2023-07-26,44900,0.22,41605753600
2023-07-27,46300,3.12,40979215500
2023-07-28,45800,-1.08,27263376150
2023-07-31,46100,0.66,28092266350
2023-08-01,46600,1.08,33482522100
2023-08-02,46400,-0.43,24110996750
2023-08-03,46150,-0.54,18662336900
2023-08-04,46400,0.54,14644223100
2023-08-07,46800,0.86,28297986350
2023-08-08,46500,-0.64,31710639350
2023-08-09,46500,0.0,28194026550
2023-08-10,46550,0.11,21141818575
2023-08-11,46750,0.43,24491381550
2023-08-14,47200,0.96,25303498800
2023-08-16,47300,0.21,30343322200
2023-08-17,47300,0.0,26953080200
2023-08-18,47250,-0.11,16219831550
2023-08-21,47250,0.0,17491969850
2023-08-22,47150,-0.21,18877739450
2023-08-23,47200,0.11,17359664300
2023-08-24,47100,-0.21,15633494200
2023-08-25,47150,0.11,18324921100
2023-08-28,47350,0.42,20195981700
2023-08-29,47600,0.53,17758432900
2023-08-30,48300,1.47,26367878100
2023-08-31,48050,-0.52,21642071350
2023-09-01,47900,-0.31,23771971650
2023-09-04,47700,-0.42,26211392200
2023-09-05,48000,0.63,14318793850
2023-09-06,47700,-0.63,11587718000
2023-09-07,48100,0.84,14869275750
2023-09-08,48750,1.35,26736136900
2023-09-11,48800,0.1,21711300350
2023-09-12,48950,0.31,24985648250
2023-09-13,49700,1.53,37632153650
2023-09-14,50200,1.01,37335459900
2023-09-15,50400,0.4,39524433600
2023-09-18,50700,0.6,33747655788
2023-09-19,50600,-0.2,36103591956
2023-09-20,50700,0.2,37132167600
2023-09-21,50700,0.0,52951483400
2023-09-22,51100,0.79,68783381900
2023-09-25,51000,-0.2,47066980800
2023-09-26,51500,0.98,49158266000
2023-09-27,52000,0.97,47395152400
2023-10-04,49700,-4.42,91222142200
2023-10-05,47700,-4.02,77074989128
2023-10-06,48350,1.36,21373467700
2023-10-10,49400,2.17,36376205900
2023-10-11,48900,-1.01,29393030050
2023-10-12,49100,0.41,34365359950
2023-10-13,49150,0.1,20113565400
2023-10-16,49500,0.71,29182762450
2023-10-17,50000,1.01,21809277450
2023-10-18,50100,0.2,21597721950
2023-10-19,50300,0.4,20511871250
2023-10-20,49900,-0.8,22379418650
2023-10-23,49500,-0.8,17973489000
2023-10-24,49750,0.51,17319987650
2023-10-25,49700,-0.1,13262957824
2023-10-26,49250,-0.91,26462023462
2023-10-27,49500,0.51,14475086050
2023-10-30,49450,-0.1,25010862503
2023-10-31,49150,-0.61,29033357176
2023-11-01,49200,0.1,19295319950
2023-11-02,49350,0.3,25711996700
2023-11-03,49800,0.91,16910371850
2023-11-06,49800,0.0,46404512000
2023-11-07,49250,-1.1,19566304900
2023-11-08,48400,-1.73,37613207300
2023-11-09,49650,2.58,26461331700
2023-11-10,49900,0.5,21316740500
2023-11-13,50200,0.6,20895257650
2023-11-14,51300,2.19,39129085700
2023-11-15,51300,0.0,49226697571
2023-11-16,51100,-0.39,29096081100
2023-11-17,51900,1.57,35381881600
2023-11-20,52000,0.19,26647613100
2023-11-21,52100,0.19,38925409800
2023-11-22,52000,-0.19,21644817200
2023-11-23,52000,0.0,27565643300
2023-11-24,51800,-0.38,29509211200
2023-11-27,52200,0.77,29325791100
2023-11-28,52300,0.19,36212172900
2023-11-29,51900,-0.76,41964979500
2023-11-30,52200,0.58,350921857850
2023-12-01,50600,-3.07,43049019700
2023-12-04,50600,0.0,26173098900
2023-12-05,50300,-0.59,28588962700
2023-12-06,51100,1.59,27263538900
2023-12-07,50200,-1.76,37574798650
2023-12-08,49900,-0.6,27746099350
2023-12-11,50000,0.2,27590300950
2023-12-12,49950,-0.1,38705529950
2023-12-13,49900,-0.1,33718561150
2023-12-14,50600,1.4,63449098550
2023-12-15,50400,-0.4,32615223550
2023-12-18,50000,-0.79,23274528190
2023-12-19,49900,-0.2,22804237250
2023-12-20,50000,0.2,31107500250
2023-12-21,50100,0.2,19790737400
2023-12-22,49950,-0.3,24611622400
2023-12-26,50000,0.1,44997740200
2023-12-27,49250,-1.5,30621680950
2023-12-28,50100,1.73,36182994450
2024-01-02,49950,-0.3,22174571750
2024-01-03,49350,-1.2,21075855200
2024-01-04,49450,0.2,14064657300
2024-01-05,49350,-0.2,11885531950
2024-01-08,48900,-0.91,18468573600
2024-01-09,49250,0.72,16408298700
2024-01-10,49000,-0.51,18096962900
2024-01-11,49150,0.31,24096538100
2024-01-12,49400,0.51,14429081352
2024-01-15,49350,-0.1,9554204500
2024-01-16,49100,-0.51,9286374750
2024-01-17,49400,0.61,22543991050
2024-01-18,49400,0.0,15874263100
2024-01-19,49450,0.1,18140444850
2024-01-22,49450,0.0,20430159750
2024-01-23,49100,-0.71,20708377950
2024-01-24,49200,0.2,15607829450
2024-01-25,49400,0.41,12961807500
2024-01-26,49600,0.4,13502527100
2024-01-29,49600,0.0,17057668850
2024-01-30,50000,0.81,15190527850
2024-01-31,50200,0.4,24444377100
2024-02-01,50800,1.2,40310192288
2024-02-02,50300,-0.98,44225248800
2024-02-05,50400,0.2,37558774700
2024-02-06,50500,0.2,34245069800
2024-02-07,51300,1.58,40895199200
2024-02-08,50800,-0.97,31524522500
2024-02-13,51900,2.17,53325113847
2024-02-14,51500,-0.77,25860067500
2024-02-15,51700,0.39,15452549700
2024-02-16,52100,0.77,22856450100
2024-02-19,52900,1.54,36095421907
2024-02-20,53700,1.51,46003373200
2024-02-21,53100,-1.12,33335005300
2024-02-22,52700,-0.75,31100821598
2024-02-23,52800,0.19,21778553200
2024-02-26,52900,0.19,21003768425
2024-02-27,52300,-1.13,20777924364
2024-02-28,52500,0.38,20682002800
2024-02-29,52700,0.38,37973890300
2024-03-04,52000,-1.33,27177691100
2024-03-05,52100,0.19,19841485500
2024-03-06,52200,0.19,21411606500
2024-03-07,52100,-0.19,21764812000
2024-03-08,52500,0.77,29081649300
2024-03-11,52200,-0.57,15448915600
2024-03-12,52600,0.77,22452749100
2024-03-13,53100,0.95,25391597100
2024-03-14,54000,1.69,63696446400
2024-03-15,53100,-1.67,27791832900
2024-03-18,53200,0.19,24263634600
2024-03-19,53200,0.0,25093799300
2024-03-20,53000,-0.38,16468669200
2024-03-21,53200,0.38,24528984400
2024-03-22,53200,0.0,19904153598
2024-03-25,53300,0.19,14497213700
2024-03-26,54100,1.5,27103383600
2024-03-27,54100,0.0,22964360200
2024-03-28,53300,-1.48,25239549000
2024-03-29,52500,-1.5,20200687400
2024-04-01,52200,-0.57,14748850900
2024-04-02,51500,-1.34,25297345700
2024-04-03,51000,-0.97,24291400700
2024-04-04,52300,2.55,23839234913
2024-04-05,51700,-1.15,20002073800
2024-04-08,51900,0.39,19914721100
2024-04-09,51800,-0.19,14740600700
2024-04-11,51200,-1.16,32813593500
2024-04-12,50500,-1.37,29505272800
2024-04-15,50700,0.4,16303351100
2024-04-16,50700,0.0,19102205448
2024-04-17,50300,-0.79,13157111000
2024-04-18,50700,0.8,13157384200
2024-04-19,50100,-1.18,25886732700
2024-04-22,51000,1.8,21924537200
2024-04-23,50900,-0.2,14476044300
2024-04-24,51100,0.39,12993782000
2024-04-25,51000,-0.2,17021100500
2024-04-26,51300,0.59,13254450700
2024-04-29,51200,-0.19,22323657400
2024-04-30,51300,0.2,24411570413
2024-05-02,51000,-0.58,15820659500
2024-05-03,50800,-0.39,16566832500
2024-05-07,51300,0.98,24106472800
2024-05-08,51300,0.0,15762608842
2024-05-09,51800,0.97,29688612000
2024-05-10,52400,1.16,23235917800
2024-05-13,52600,0.38,16490326300
2024-05-14,52800,0.38,13223325900
2024-05-16,52000,-1.52,47955447897
2024-05-17,51800,-0.38,15663711000
2024-05-20,52000,0.39,17695751600
2024-05-21,51900,-0.19,15739219300
2024-05-22,52200,0.58,16342764750
2024-05-23,51900,-0.57,14461147500
2024-05-24,51800,-0.19,15173821800
2024-05-27,52000,0.39,14759052600
2024-05-28,51600,-0.77,15393670500
2024-05-29,51800,0.39,19333476064
2024-05-30,51700,-0.19,25551864000
2024-05-31,51000,-1.35,65877566895
2024-06-03,51500,0.98,22847067100
2024-06-04,51100,-0.78,26191693900
2024-06-05,51500,0.78,27112024500
2024-06-07,51900,0.78,23658459700
2024-06-10,51400,-0.96,21615183900
2024-06-11,51100,-0.58,28371442500
2024-06-12,51300,0.39,19202222200
2024-06-13,51100,-0.39,38604065868
2024-06-14,50900,-0.39,33647930700
2024-06-17,51000,0.2,26584486500
2024-06-18,51500,0.98,31784718000
2024-06-19,51200,-0.58,21036045600
2024-06-20,51200,0.0,17650440200
2024-06-21,52200,1.95,37525528600
2024-06-24,52400,0.38,19319159700
2024-06-25,52300,-0.19,18890131300
2024-06-26,52000,-0.57,26063785580
2024-06-27,51400,-1.15,25953188700
2024-06-28,51500,0.19,24954422800
2024-07-01,51500,0.0,16455225900
2024-07-02,51700,0.39,18642769700
2024-07-03,51200,-0.97,18126928600
2024-07-04,51500,0.59,15981499300
2024-07-05,51600,0.19,17177164100
2024-07-08,51400,-0.39,11024282000
2024-07-09,51300,-0.19,12986236400
2024-07-10,51200,-0.19,16501510438
2024-07-11,52300,2.15,42836210800
2024-07-12,52300,0.0,28174739978
2024-07-15,52300,0.0,15016866100
2024-07-16,52800,0.96,35224585800
2024-07-17,52900,0.19,34365713400
2024-07-18,53900,1.89,56612498300
2024-07-19,53900,0.0,23348827700
2024-07-22,53800,-0.19,22507082700
2024-07-23,53400,-0.74,14285618900
2024-07-24,53500,0.19,15868765300
2024-07-25,54100,1.12,55382390400
2024-07-26,54200,0.18,23187886500
2024-07-29,54200,0.0,15689456600
2024-07-30,54600,0.74,26285018100
2024-07-31,54100,-0.92,36742595700
2024-08-01,53700,-0.74,17916058700
2024-08-02,54200,0.93,44072708700
2024-08-05,51900,-4.24,60503032900
2024-08-06,51800,-0.19,45734755300
2024-08-07,54800,5.79,72425956600
2024-08-08,54400,-0.73,45916301128
2024-08-09,54900,0.92,28340497156
2024-08-12,54300,-1.09,20393565500
2024-08-13,54700,0.74,19366819400
2024-08-14,55000,0.55,22652557603
2024-08-16,54500,-0.91,19098804900
2024-08-19,55100,1.1,19098049400
2024-08-20,54900,-0.36,27250690919
2024-08-21,55200,0.55,14376505400
2024-08-22,55300,0.18,12503985800
2024-08-23,56100,1.45,40732535600
2024-08-26,56000,-0.18,17946280400
2024-08-27,56100,0.18,22385127900
2024-08-28,55800,-0.53,29160113322
2024-08-29,55200,-1.08,24505760386
2024-08-30,55200,0.0,26145600300
2024-09-02,55200,0.0,15597707500
2024-09-03,56500,2.36,26624557000
2024-09-04,56600,0.18,55447133700
2024-09-05,57200,1.06,49090169200
2024-09-06,57800,1.05,76896637829
2024-09-09,56500,-2.25,40720816600
2024-09-10,56700,0.35,16909328000
2024-09-11,57700,1.76,33621928952
2024-09-12,58300,1.04,43632903100
2024-09-13,58300,0.0,18868954500
2024-09-19,58400,0.17,45410643800
2024-09-20,57500,-1.54,41827079100
2024-09-23,57900,0.7,19581308500
2024-09-24,57900,0.0,22877353800
2024-09-25,57100,-1.38,39383067000
2024-09-26,58000,1.58,42645178451
2024-09-27,56600,-2.41,40664847000
2024-09-30,55900,-1.24,35758978600
2024-10-02,55600,-0.54,34167929900
2024-10-04,56700,1.98,26838287900
2024-10-07,56600,-0.18,22421967900
2024-10-08,54700,-3.36,41077817100
2024-10-10,55300,1.1,36876134604
2024-10-11,55700,0.72,15767245000
2024-10-14,56300,1.08,17370375400
2024-10-15,56000,-0.53,17225894600
2024-10-16,56200,0.36,49054816000
2024-10-17,55200,-1.78,24696934900
2024-10-18,56200,1.81,34752247500
2024-10-21,56300,0.18,19985445700
2024-10-22,57500,2.13,36444293000
2024-10-23,56700,-1.39,27429149800
2024-10-24,57300,1.06,52347941300
2024-10-25,57500,0.35,27003175100
2024-10-28,57300,-0.35,21094455100
2024-10-29,57200,-0.17,17123844600
2024-10-30,56900,-0.52,30164024900
2024-10-31,56700,-0.35,36480646400
2024-11-01,57000,0.53,18317163900
2024-11-04,56900,-0.18,22247637600
2024-11-05,56500,-0.7,18263505528
2024-11-06,57500,1.77,24454742100
2024-11-07,57700,0.35,29044111400
2024-11-08,56400,-2.25,27417773100
2024-11-11,56500,0.18,14973296100
2024-11-12,56900,0.71,23829422800
2024-11-13,56500,-0.7,28725208900
2024-11-14,56400,-0.18,25643026600
2024-11-15,55900,-0.89,17711464800
2024-11-18,55300,-1.07,32158203900
2024-11-19,55500,0.36,20362906300
2024-11-20,56700,2.16,26360224500
2024-11-21,56300,-0.71,43611125900
2024-11-22,57200,1.6,24599640500
2024-11-25,56800,-0.7,41534485500
2024-11-26,58300,2.64,35540049400
2024-11-27,61000,4.63,102282456500
2024-11-28,61500,0.82,41073134854
2024-11-29,61400,-0.16,43582100300
2024-12-02,60900,-0.81,50398057012
2024-12-03,60000,-1.48,53523689500
2024-12-04,58800,-2.0,67534305000
2024-12-05,58200,-1.02,39958838500
2024-12-06,58000,-0.34,37473098600
2024-12-09,57200,-1.38,35888226200
2024-12-10,56200,-1.75,57856275600
2024-12-11,56500,0.53,25107751332
2024-12-12,56500,0.0,53959959300
2024-12-13,57400,1.59,26069177800
2024-12-16,57600,0.35,27015792200
2024-12-17,57000,-1.04,35655569500
2024-12-18,57600,1.05,19413347900
2024-12-19,57000,-1.04,41759462700
2024-12-20,56000,-1.75,41923653000
2024-12-23,56700,1.25,16736529500
2024-12-24,56800,0.18,17156567400
2024-12-26,56700,-0.18,14832048500
2024-12-27,56300,-0.71,12375456800
2024-12-30,55200,-1.95,23683015700
2025-01-02,56100,1.63,19864776700
2025-01-03,56700,1.07,21942428400
2025-01-06,55600,-1.94,33484555900
2025-01-07,55800,0.36,29905057850
2025-01-08,56100,0.54,22130990700
2025-01-09,55300,-1.43,28281622400
2025-01-10,55600,0.54,38722829200
2025-01-13,56000,0.72,22550015300
2025-01-14,55500,-0.89,13203475000
2025-01-15,55200,-0.54,18850519500
2025-01-16,55300,0.18,18020930700
2025-01-17,55700,0.72,21443656050
2025-01-20,55400,-0.54,15600370700
2025-01-21,54900,-0.9,38236011300
2025-01-22,54500,-0.73,38857521000
2025-01-23,54900,0.73,24973374800
2025-01-24,54800,-0.18,32834057490
2025-01-31,55400,1.09,50724988100
2025-02-03,55900,0.9,63092307026
2025-02-04,55700,-0.36,23821673700
2025-02-05,55800,0.18,21517370600
2025-02-06,56100,0.54,19101324900
2025-02-07,55200,-1.6,23626540800
2025-02-10,55000,-0.36,36780219143
2025-02-11,56000,1.82,27968976600
2025-02-12,56000,0.0,22531790800
2025-02-13,56300,0.54,29247931800
2025-02-14,56300,0.0,19963855400
2025-02-17,56400,0.18,20767994800
2025-02-18,56000,-0.71,21040897600
2025-02-19,57700,3.04,44160349900
2025-02-20,59100,2.43,44290369300
2025-02-21,58200,-1.52,16852315300
2025-02-24,58700,0.86,22206439900
2025-02-25,58200,-0.85,24560351800
2025-02-26,58000,-0.34,35592437700
2025-02-27,56300,-2.93,53581033300
2025-02-28,56000,-0.53,61090079600
2025-03-04,56000,0.0,39293157400
2025-03-05,56600,1.07,30369875718
2025-03-06,56000,-1.06,32960114700
2025-03-07,55400,-1.07,30504345600
2025-03-10,55100,-0.54,28814683350
2025-03-11,55600,0.91,24907699150
2025-03-12,55900,0.54,20700803350
2025-03-13,56000,0.18,33176261900
2025-03-14,55300,-1.25,28276532550
2025-03-17,55800,0.9,30606186850
2025-03-18,55900,0.18,23394845500
2025-03-19,56700,1.43,27164922308
2025-03-20,56300,-0.71,18451015400
2025-03-21,56300,0.0,25187066050
2025-03-24,55800,-0.89,18290668550
2025-03-25,56100,0.54,17679915250
2025-03-26,55800,-0.53,17014436800
2025-03-27,55700,-0.18,16500218850
2025-03-28,55700,0.0,17567555550
2025-03-31,55500,-0.36,27380143700
2025-04-01,55400,-0.18,15091037750
2025-04-02,55800,0.72,23188017950
2025-04-03,55700,-0.18,20912457850
2025-04-04,56100,0.72,25709056150
2025-04-07,55900,-0.36,34938328370
2025-04-08,54800,-1.97,48576287637
2025-04-09,55100,0.55,55353858191
2025-04-10,55900,1.45,48089475050
2025-04-11,56500,1.07,23051782850
2025-04-14,55900,-1.06,15233596800
2025-04-15,56200,0.54,17875878550
2025-04-16,57800,2.85,51223306700
2025-04-17,57900,0.17,20107008700
2025-04-18,57700,-0.35,13064411400
2025-04-21,58000,0.52,9569239750
2025-04-22,58800,1.38,36758494900
2025-04-23,57600,-2.04,35309744750
2025-04-24,57700,0.17,21614678850
2025-04-25,57800,0.17,28334521466
2025-04-28,53900,-6.75,177039378550
2025-04-29,53400,-0.93,130253663990
2025-04-30,54300,1.69,78104683450
2025-05-02,53700,-1.1,62863600500
2025-05-07,53100,-1.12,74979795200
2025-05-08,53100,0.0,57138279100
2025-05-09,52400,-1.32,50227428050
2025-05-12,52200,-0.38,60086561926
2025-05-13,51600,-1.15,60723830400
2025-05-14,51300,-0.58,82960243750
2025-05-15,51100,-0.39,60585313000
2025-05-16,52200,2.15,53075464750
2025-05-19,51200,-1.92,48011331650
2025-05-20,51500,0.59,28064761800
2025-05-21,51600,0.19,31747383450
2025-05-22,50800,-1.55,67446580700
2025-05-23,50700,-0.2,46896627250
2025-05-26,51500,1.58,30730644000
2025-05-27,51800,0.58,38978712140
2025-05-28,51700,-0.19,65226156694
2025-05-29,51300,-0.77,50708963226
2025-05-30,51500,0.39,81225588438
2025-06-02,51700,0.39,35037609680
2025-06-04,52500,1.55,62974294802
2025-06-05,52600,0.19,46291115230
2025-06-09,53100,0.95,49798446452
2025-06-10,52800,-0.56,47271158600
2025-06-11,53700,1.7,63930259290
2025-06-12,54100,0.74,62062773646
2025-06-13,54600,0.92,100659146800
2025-06-16,55200,1.1,44234762600
2025-06-17,55300,0.18,70402504050
2025-06-18,55300,0.0,47084819950
2025-06-19,55300,0.0,36662850800
2025-06-20,56300,1.81,51226978200
2025-06-23,56100,-0.36,39646763200
2025-06-24,56800,1.25,58240618962
2025-06-25,57100,0.53,44923378650
2025-06-26,56700,-0.7,42473475700
2025-06-27,56200,-0.88,35917944400
2025-06-30,56700,0.89,41965256400
2025-07-01,57500,1.41,40927530950
2025-07-02,57900,0.7,66689415550
2025-07-03,57600,-0.52,45501558000
2025-07-04,54400,-5.56,129953374050
2025-07-07,53900,-0.92,97467713508
2025-07-08,54600,1.3,60965341200
2025-07-09,55000,0.73,54688734450
2025-07-10,55300,0.55,54847097100
2025-07-11,55700,0.72,43759518000
2025-07-14,56500,1.44,41451542300
2025-07-15,56000,-0.88,50303610650
2025-07-16,55900,-0.18,34536369850
2025-07-17,56400,0.89,34297716200
2025-07-18,56000,-0.71,29522497300
2025-07-21,55900,-0.18,23314028200
2025-07-22,56500,1.07,32243173500
2025-07-23,56100,-0.71,26044908300
2025-07-24,55500,-1.07,38173748100
2025-07-25,55500,0.0,28717049050
2025-07-28,55200,-0.54,34431234150
2025-07-29,55100,-0.18,41516944550
2025-07-30,56000,1.63,34540698900
2025-07-31,56100,0.18,29544383950
2025-08-01,55500,-1.07,28005865900
2025-08-04,56200,1.26,30561438650
2025-08-05,56500,0.53,31238636400
2025-08-06,56300,-0.35,26799795550
2025-08-07,55500,-1.42,50414793850
2025-08-08,56100,1.08,21472462000
2025-08-11,55900,-0.36,17207688550
2025-08-12,56100,0.36,21257905150
2025-08-13,55900,-0.36,19946628800
2025-08-14,56100,0.36,21710812900
2025-08-18,55800,-0.53,32422583950
2025-08-19,55700,-0.18,28803652900
2025-08-20,55900,0.36,35336519712
2025-08-21,55500,-0.72,30315873050
2025-08-22,55500,0.0,19922599350
2025-08-25,55200,-0.54,45816834100
2025-08-26,55100,-0.18,47599253100
2025-08-27,55400,0.54,30049662250
2025-08-28,54900,-0.9,38754315350
2025-08-29,54200,-1.28,55183001650
2025-09-01,54800,1.11,26033518950
2025-09-02,54700,-0.18,26387001700
2025-09-03,54400,-0.55,22110965650
2025-09-04,54700,0.55,15307175700
2025-09-05,54800,0.18,13398530300
2025-09-08,54100,-1.28,32907164250
2025-09-09,54200,0.18,28347934200
2025-09-10,54800,1.11,37354720450
2025-09-11,54900,0.18,34918286450
2025-09-12,55100,0.36,35960088800
2025-09-15,54500,-1.09,36590094850
2025-09-16,54500,0.0,27526986650
2025-09-17,55400,1.65,46359289900
2025-09-18,55700,0.54,24902866100
2025-09-19,55500,-0.36,55259465100
2025-09-22,55100,-0.72,20053036050
2025-09-23,55000,-0.18,25429036800
2025-09-24,55100,0.18,18160131750
2025-09-25,55200,0.18,30544897650
2025-09-26,54900,-0.54,31602548450
2025-09-29,54500,-0.73,38848510100
2025-09-30,54300,-0.37,44663839250
2025-10-01,54400,0.18,22315759100
2025-10-02,54400,0.0,58031693550
2025-10-10,54600,0.37,129831516334
2025-10-13,54300,-0.55,37363622200
2025-10-14,53600,-1.29,68824144550
2025-10-15,54100,0.93,32417904300
2025-10-16,54800,1.29,26033071000
2025-10-17,54500,-0.55,26449270650
2025-10-20,54500,0.0,30030899300
2025-10-21,54300,-0.37,39648952850
2025-10-22,54600,0.55,31343208700
2025-10-23,54200,-0.73,33895506850
2025-10-24,53800,-0.74,54928777900
2025-10-27,53800,0.0,26863609850
2025-10-28,53800,0.0,30677766750
2025-10-29,54100,0.56,58103630300
2025-10-30,52700,-2.59,109866405850
2025-10-31,52300,-0.76,77062016200
2025-11-03,52100,-0.38,66393743800
2025-11-04,52400,0.58,52017808700
2025-11-05,52700,0.57,57733731050
2025-11-06,53500,1.52,54157522700
2025-11-07,53400,-0.19,61970415510
2025-11-10,53900,0.94,52917076150
2025-11-11,54200,0.56,36853885400
2025-11-12,54100,-0.18,29091161300
2025-11-13,54100,0.0,45654781200
2025-11-14,53900,-0.37,32842591800
2025-11-17,53600,-0.56,32997753050
2025-11-18,52700,-1.68,33039861300
2025-11-19,53400,1.33,37428894050
2025-11-20,53400,0.0,34168189750
2025-11-21,53400,0.0,44752442900
2025-11-24,54100,1.31,302282824800
2025-11-25,53500,-1.11,39796253350
2025-11-26,54100,1.12,41941428950
2025-11-27,53400,-1.29,24139245550
2025-11-28,53500,0.19,18391035250
2025-12-01,53500,0.0,19544853800
2025-12-02,53400,-0.19,27838000250
2025-12-03,53900,0.94,30326416850
2025-12-04,54200,0.56,25128540650
2025-12-05,54400,0.37,24953773000
2025-12-08,53900,-0.92,21505352450
2025-12-09,54000,0.19,19397220350
2025-12-10,53600,-0.74,18633751250
2025-12-11,53400,-0.37,37327948650
2025-12-12,54000,1.12,34370295850
2025-12-15,53600,-0.74,18007917300
2025-12-16,53000,-1.12,71830509750
2025-12-17,53000,0.0,21516440000
2025-12-18,53000,0.0,21969458300
2025-12-19,53500,0.94,36931745200
2025-12-22,53200,-0.56,36108471450
2025-12-23,53400,0.38,22434644000
2025-12-24,53400,0.0,18135349550
2025-12-26,53100,-0.56,20416300750
2025-12-29,53200,0.19,19037677850
2025-12-30,53500,0.56,24065577950
2026-01-02,53300,-0.37,27079359200
2026-01-05,53000,-0.56,30716093000
2026-01-06,53200,0.38,32416062682
2026-01-07,53100,-0.19,32297419850
2026-01-08,52800,-0.56,36316808250
2026-01-09,53000,0.38,23559733300
2026-01-12,53000,0.0,27011781860
2026-01-13,54300,2.45,96495829922
2026-01-14,54900,1.1,54418734600
2026-01-15,54900,0.0,50307394550
2026-01-16,55300,0.73,48963842800
2026-01-19,59200,7.05,167956585775
2026-01-20,62200,5.07,234290089650
2026-01-21,61000,-1.93,93042792800
2026-01-22,61700,1.15,73906749850
2026-01-23,62700,1.62,70430176400
2026-01-26,61800,-1.44,72051388764
2026-01-27,69400,12.3,408119720450
2026-01-28,69000,-0.58,163708850498
2026-01-29,69500,0.72,120048180900
2026-01-30,72500,4.32,230685074350
2026-02-02,69100,-4.69,120001475500
2026-02-03,73600,6.51,116201608850
2026-02-04,77900,5.84,156846792000
2026-02-05,77500,-0.51,127302050450
2026-02-06,69200,-10.71,200472707350
2026-02-09,73400,6.07,120272335150
2026-02-10,73700,0.41,76903446000
2026-02-11,75400,2.31,95803973850
2026-02-12,78000,3.45,110098912600
2026-02-13,86500,10.9,354701925550
2026-02-19,81500,-5.78,192626811900
2026-02-20,80800,-0.86,105304120900
2026-02-23,80100,-0.87,105057742550
2026-02-24,80900,1.0,86090566000
2026-02-25,81000,0.12,78687974800
2026-02-26,82300,1.6,81376200150
2026-02-27,79800,-3.04,167379540250
2026-03-03,78200,-2.01,133148289000
2026-03-04,70300,-10.1,136688216900
2026-03-05,77900,10.81,135555177650
2026-03-06,76500,-1.8,64352560450
2026-03-09,75800,-0.92,73824973550
2026-03-10,77200,1.85,64713823350
2026-03-11,77900,0.91,84935966219
2026-03-12,76200,-2.18,47595972800
2026-03-13,75000,-1.57,31638950750
2026-03-16,76300,1.73,31877443950
2026-03-17,79700,4.46,80764637000
2026-03-18,81200,1.88,65431665550
2026-03-19,78200,-3.69,79602188800
2026-03-20,78800,0.77,103257148100
2026-03-23,74200,-5.84,42041959600
2026-03-24,76600,3.23,35920744800
2026-03-25,79800,4.18,58284461900
2026-03-26,80000,0.25,67028624150
2026-03-27,79900,-0.13,65032609950
2026-03-30,78300,-2.0,65403398050
2026-03-31,76400,-2.43,65559896850
2026-04-01,78500,2.75,52419257400
2026-04-02,77800,-0.89,62832647150
2026-04-03,80900,3.98,53500682200
2026-04-06,80400,-0.62,27531471950
2026-04-07,81600,1.49,45077496900
2026-04-08,89000,9.07,175706353150
2026-04-09,93800,5.39,237795645350
2026-04-10,93000,-0.85,128210726900
2026-04-13,92500,-0.54,118856952350
2026-04-14,95500,3.24,84250576850
2026-04-15,98100,2.72,141453870850
2026-04-16,95900,-2.24,90066357450
2026-04-17,98300,2.5,87405988650
2026-04-20,96500,-1.83,90564075900
2026-04-21,100500,4.15,108845831950
2026-04-22,100300,-0.2,84758714750
2026-04-23,98800,-1.5,105912310000
2026-04-24,100000,1.21,80609786000
2026-04-27,98000,-2.0,81263508900
2026-04-28,96800,-1.22,60075486000
2026-04-29,95600,-1.24,52159919900
2026-04-30,95100,-0.52,110253873500
2026-05-04,97400,2.42,50587293250
2026-05-06,95500,-1.95,89138748700
2026-05-07,93200,-2.41,113950630550
2026-05-08,93500,0.32,88143953550
2026-05-11,98200,5.03,102280972195
2026-05-12,103400,5.3,232244116100
2026-05-13,105800,2.32,125811396750
2026-05-14,102700,-2.93,111110197450
2026-05-15,101300,-1.36,103567291400
2026-05-18,100500,-0.79,123576376150
2026-05-19,97700,-2.79,93690190350
2026-05-20,98100,0.41,117242269048
2026-05-21,102800,4.79,105068298750
2026-05-22,102800,0.0,208865173950
2026-05-26,102100,-0.68,110295990700
2026-05-27,100400,-1.67,110170592400
2026-05-28,96900,-3.49,88200249700
2026-05-29,100600,3.82,196334573650
2026-06-01,112200,11.53,397309431650
2026-06-02,125200,11.59,1029538710250
2026-06-04,108900,-13.02,338422169350
2026-06-05,106400,-2.3,217881970900
2026-06-08,106700,0.28,496948836450
2026-06-09,108100,1.31,404053078650
2026-06-10,105700,-2.22,201058124150
2026-06-11,100000,-5.39,195901886300
2026-06-12,103000,3.0,190872004500
2026-06-15,105400,2.33,107766399200
2026-06-16,100100,-5.03,164940261700
2026-06-17,99000,-1.1,76577357300
2026-06-18,95900,-3.13,122052289000
2026-06-19,94900,-1.04,251055361250
2026-06-22,94200,-0.74,94020778500
2026-06-23,89900,-4.56,115108529700
2026-06-24,91000,1.22,95537485700
2026-06-25,91400,0.44,68715933500
2026-06-26,90600,-0.88,106084193250
2026-06-29,90200,-0.44,109867903450
2026-06-30,88400,-2.0,84987520400
2026-07-01,88600,0.23,68885101800
2026-07-02,87400,-1.35,72996572550
2026-07-03,86400,-1.14,87518176300
2026-07-06,86200,-0.23,69471117000
2026-07-07,85200,-1.16,66871502200
2026-07-08,84000,-1.41,71973755150
2026-07-09,86700,3.21,106927135350
2026-07-10,88700,2.31,58883202650
2026-07-13,85700,-3.38,54444078500
2026-07-14,83900,-2.1,61908834600
2026-07-15,85000,1.31,43630614050
2026-07-16,89700,5.53,123455098750
2026-07-20,84700,-5.57,91904905050
2026-07-21,85100,0.47,71635300150
2026-07-22,94100,10.58,160989728500
2026-07-23,99500,5.74,248172104150
2026-07-24,100000,0.5,399366551500
2026-07-27,97900,-2.1,369103610700
2026-07-28,82200,-16.04,208528077350
2026-07-29,78600,-4.38,153478288900
2026-07-30,78200,-0.51,90105726250
2026-07-31,81400,4.09,111926996550
2026-08-03,82000,0.74,119531880250
2026-08-04,91400,11.46,223915514450
2026-08-05,93000,1.75,181864365150
2026-08-06,91100,-2.04,128429340150
2026-08-07,88200,-3.18,96877892500
2026-08-10,85000,-3.63,92820551600
2026-08-11,86000,1.18,88751528850
2026-08-12,87800,2.09,117259623750
2026-08-13,91100,3.76,239633877600
2026-08-14,100500,10.32,306384937950
2026-08-18,99800,-0.7,193208195200
2026-08-19,98000,-1.8,154084749100
2026-08-20,96600,-1.43,143738883450
2026-08-21,102200,5.8,201484102500
2026-08-24,102300,0.1,175547119200
2026-08-25,98900,-3.32,129029774250
2026-08-26,99600,0.71,81317018750
2026-08-27,99100,-0.5,91637054050
2026-08-28,98600,-0.5,122110134100
2026-08-31,94200,-4.46,211640025700
2026-09-01,94600,0.42,70327565050
2026-09-02,91400,-3.38,97765990800
2026-09-03,89000,-2.63,113789157650
2026-09-04,92500,3.93,83894875450
2026-09-07,93800,1.41,56137749700
2026-09-08,92400,-1.49,73965818550
2026-09-09,91300,-1.19,65464164950
2026-09-10,90400,-0.99,95502975450
2026-09-11,90900,0.55,43977806800
2026-09-14,90100,-0.88,58896390450
2026-09-15,88000,-2.33,71192728250
2026-09-16,88100,0.11,58451321100
2026-09-17,87600,-0.57,42068273450
2026-09-18,89200,1.83,157496332350
2026-09-21,87000,-2.47,66935147750
2026-09-22,87300,0.34,69633404350
2026-09-23,87100,-0.23,49457326700
2026-09-28,88200,1.2599999904632568,41394949800
2026-09-29,86200,-2.2699999809265137,58418068850
2026-09-30,85600,-0.699999988079071,40316689650
2026-10-01,86300,0.8199999928474426,43554308000
2026-10-02,88400,2.430000066757202,50121633900
