date,close,change_pct,trading_value
2015-01-02,27050,1.1200000047683716,2523134900
2015-01-05,27900,3.140000104904175,3949091050
2015-01-06,27450,-1.6100000143051147,2208933400
2015-01-07,27850,1.4600000381469729,2779560950
2015-01-08,27800,-0.1800000071525573,1572464800
2015-01-09,27750,-0.1800000071525573,4844911800
2015-01-12,27150,-2.1600000858306885,3270207800
2015-01-13,27050,-0.3700000047683716,1967771350
2015-01-14,27000,-0.1800000071525573,1251047300
2015-01-15,27550,2.039999961853028,2137726900
2015-01-16,27000,-2.0,1578965600
2015-01-19,26200,-2.9600000381469727,2028093200
2015-01-20,26000,-0.7599999904632568,2687017550
2015-01-21,28000,7.690000057220459,7322383300
2015-01-22,27500,-1.7899999618530271,3651961050
2015-01-23,27750,0.9100000262260436,2228584700
2015-01-26,27150,-2.1600000858306885,2541986000
2015-01-27,26950,-0.7400000095367432,2228454050
2015-01-28,26950,0.0,3537650250
2015-01-29,28350,5.190000057220459,14867951700
2015-01-30,28450,0.3499999940395355,6342571500
2015-02-02,27800,-2.2799999713897705,2739778700
2015-02-03,27500,-1.0800000429153442,4592736400
2015-02-04,27250,-0.9100000262260436,2530912750
2015-02-05,26400,-3.119999885559082,4536896800
2015-02-06,26650,0.949999988079071,3353920800
2015-02-09,25250,-5.25,5723187050
2015-02-10,24050,-4.75,5911370350
2015-02-11,24450,1.659999966621399,2510966400
2015-02-12,24950,2.039999961853028,3948782500
2015-02-13,24650,-1.2000000476837158,2523781600
2015-02-16,23500,-4.670000076293945,4200175950
2015-02-17,23150,-1.4900000095367432,4413371950
2015-02-23,23350,0.8600000143051147,2744919200
2015-02-24,23500,0.6399999856948853,2535228450
2015-02-25,23550,0.209999993443489,2749881800
2015-02-26,23900,1.4900000095367432,4457404650
2015-02-27,24000,0.4199999868869781,2289872400
2015-03-02,23450,-2.289999961853028,2718170800
2015-03-03,22600,-3.619999885559082,5649528500
2015-03-04,22150,-1.9900000095367432,6376413500
2015-03-05,22500,1.5800000429153442,3703563850
2015-03-06,22500,0.0,3973479250
2015-03-09,22300,-0.8899999856948853,2081413100
2015-03-10,21300,-4.480000019073486,3102415250
2015-03-11,21600,1.409999966621399,5195009300
2015-03-12,21900,1.3899999856948853,1969941150
2015-03-13,22150,1.1399999856948853,3065044000
2015-03-16,21750,-1.809999942779541,2494545400
2015-03-17,22600,3.910000085830689,5229687850
2015-03-18,22500,-0.4399999976158142,13006713000
2015-03-19,22050,-2.0,4185633450
2015-03-20,22300,1.1299999952316284,2752771850
2015-03-23,23200,4.039999961853027,6081766850
2015-03-24,22950,-1.0800000429153442,3368022550
2015-03-25,23000,0.2199999988079071,2468121350
2015-03-26,22700,-1.2999999523162842,2192325050
2015-03-27,24100,6.170000076293945,16168749450
2015-03-30,24950,3.5299999713897705,8243746450
2015-03-31,25150,0.800000011920929,11149214850
2015-04-01,25250,0.4000000059604645,7767228850
2015-04-02,26050,3.1700000762939453,8233560050
2015-04-03,25700,-1.340000033378601,3874905300
2015-04-06,26300,2.3299999237060547,5905331150
2015-04-07,25700,-2.2799999713897705,5379721250
2015-04-08,24300,-5.449999809265137,9802446550
2015-04-09,24600,1.2300000190734863,5277862850
2015-04-10,24750,0.6100000143051147,7026109350
2015-04-13,23900,-3.430000066757202,6239400300
2015-04-14,23050,-3.559999942779541,5192887950
2015-04-15,26500,14.970000267028809,25392986150
2015-04-16,27350,3.2100000381469727,23511591950
2015-04-17,27700,1.2799999713897705,10329028350
2015-04-20,27100,-2.1700000762939453,12735981300
2015-04-21,26550,-2.0299999713897705,12544312400
2015-04-22,24600,-7.340000152587891,21059827650
2015-04-23,24000,-2.440000057220459,7952616650
2015-04-24,23950,-0.209999993443489,4737242650
2015-04-27,24600,2.7100000381469727,7848214700
2015-04-28,23600,-4.070000171661377,8810516350
2015-04-29,22850,-3.180000066757202,9247885250
2015-04-30,23950,4.809999942779541,21655792850
2015-05-04,23200,-3.130000114440918,4357875850
2015-05-06,22050,-4.960000038146973,5675261550
2015-05-07,23100,4.760000228881836,7328480650
2015-05-08,22850,-1.0800000429153442,4414839300
2015-05-11,23450,2.630000114440918,3898128700
2015-05-12,22600,-3.619999885559082,6992389850
2015-05-13,22400,-0.8799999952316284,9399190650
2015-05-14,22550,0.6700000166893005,5868342900
2015-05-15,22350,-0.8899999856948853,4324763350
2015-05-18,21550,-3.5799999237060547,5437550850
2015-05-19,21700,0.699999988079071,6345749300
2015-05-20,21400,-1.3799999952316284,5586083400
2015-05-21,20600,-3.740000009536743,7044824350
2015-05-22,20700,0.4900000095367431,5827364100
2015-05-26,20450,-1.2100000381469729,3264593550
2015-05-27,20500,0.2399999946355819,4703656900
2015-05-28,20500,0.0,3337064150
2015-05-29,20600,0.4900000095367431,4116454300
2015-06-01,21550,4.610000133514404,6695147350
2015-06-02,21850,1.3899999856948853,9569810300
2015-06-03,23350,6.860000133514404,15119636150
2015-06-04,25100,7.489999771118164,29394363800
2015-06-05,25050,-0.2000000029802322,19201776700
2015-06-08,25550,2.0,11918162650
2015-06-09,26500,3.7200000286102295,10873422400
2015-06-10,27400,3.400000095367432,16140352100
2015-06-11,26650,-2.740000009536743,8372719650
2015-06-12,29150,9.380000114440918,31537037700
2015-06-15,31300,7.380000114440918,38192865550
2015-06-16,31800,1.600000023841858,30428250500
2015-06-17,31600,-0.6299999952316284,12802563250
2015-06-18,35050,10.920000076293944,40228447550
2015-06-19,35250,0.5699999928474426,18191914300
2015-06-22,34000,-3.549999952316284,11944736600
2015-06-23,37400,10.0,71620707800
2015-06-24,38500,2.940000057220459,36095336900
2015-06-25,39100,1.559999942779541,20350839550
2015-06-26,36600,-6.389999866485596,19923706500
2015-06-29,37200,1.6399999856948853,20129355050
2015-06-30,37150,-0.1299999952316284,15485732500
2015-07-01,37300,0.4000000059604645,10367269200
2015-07-02,35500,-4.829999923706055,19534305050
2015-07-03,36000,1.409999966621399,13687540250
2015-07-06,33700,-6.389999866485596,16949009200
2015-07-07,33500,-0.5899999737739563,18496954250
2015-07-08,32000,-4.480000019073486,25868463900
2015-07-09,33500,4.690000057220459,24618461050
2015-07-10,34300,2.390000104904175,15870228550
2015-07-13,34500,0.5799999833106995,10199509200
2015-07-14,36000,4.349999904632568,19253526050
2015-07-15,37400,3.890000104904175,33971499800
2015-07-16,38300,2.4100000858306885,15215703600
2015-07-17,37300,-2.609999895095825,6965713450
2015-07-20,38000,1.8799999952316284,8489259800
2015-07-21,36800,-3.1600000858306885,9134115550
2015-07-22,37200,1.090000033378601,9551488700
2015-07-23,40650,9.270000457763672,38725701400
2015-07-24,39550,-2.7100000381469727,25869888000
2015-07-27,37850,-4.300000190734863,15469534150
2015-07-28,36600,-3.299999952316284,13709591600
2015-07-29,32300,-11.75,25450437200
2015-07-30,31000,-4.019999980926514,17096397350
2015-07-31,33300,7.420000076293945,14865857150
2015-08-03,30700,-7.809999942779541,8838306100
2015-08-04,31500,2.609999895095825,10151765300
2015-08-05,34500,9.520000457763672,14722712450
2015-08-06,33450,-3.039999961853028,7506924500
2015-08-07,33700,0.75,5860594500
2015-08-10,32900,-2.369999885559082,4780614850
2015-08-11,32700,-0.6100000143051147,6560713400
2015-08-12,31550,-3.5199999809265137,9565554700
2015-08-13,33100,4.909999847412109,8174938000
2015-08-17,32700,-1.2100000381469729,3829536900
2015-08-18,31100,-4.889999866485596,17033061900
2015-08-19,29600,-4.820000171661377,10913194850
2015-08-20,27900,-5.739999771118164,7793586850
2015-08-21,27600,-1.0800000429153442,8748545350
2015-08-24,26950,-2.359999895095825,6209141100
2015-08-25,29150,8.15999984741211,10151131950
2015-08-26,29950,2.740000009536743,7559574750
2015-08-27,31050,3.670000076293945,8416680500
2015-08-28,30950,-0.3199999928474426,5571496150
2015-08-31,29950,-3.2300000190734863,5224980400
2015-09-01,28400,-5.179999828338623,7082048350
2015-09-02,29550,4.050000190734863,5526280450
2015-09-03,28950,-2.0299999713897705,5243258200
2015-09-04,28700,-0.8600000143051147,4128492900
2015-09-07,29000,1.0499999523162842,2568630800
2015-09-08,27200,-6.210000038146973,6212186100
2015-09-09,28050,3.130000114440918,4367786200
2015-09-10,29350,4.630000114440918,6050322800
2015-09-11,29450,0.3400000035762787,4317838150
2015-09-14,28250,-4.070000171661377,3672250100
2015-09-15,30000,6.190000057220459,8122416750
2015-09-16,33600,12.0,29037482550
2015-09-17,33650,0.1500000059604644,11850900250
2015-09-18,33950,0.8899999856948853,13292245800
2015-09-21,34250,0.8799999952316284,7476614000
2015-09-22,32800,-4.230000019073486,11719076250
2015-09-23,31750,-3.200000047683716,6270742100
2015-09-24,31600,-0.4699999988079071,6511794550
2015-09-25,32050,1.4199999570846558,5412874350
2015-09-30,30600,-4.519999980926514,5798658800
2015-10-01,32350,5.71999979019165,12308347250
2015-10-02,31650,-2.1600000858306885,4185856800
2015-10-05,30900,-2.369999885559082,5605863700
2015-10-06,30450,-1.4600000381469729,6254066300
2015-10-07,29500,-3.119999885559082,7015627100
2015-10-08,29700,0.6800000071525574,8784022850
2015-10-12,30150,1.5199999809265137,3344646750
2015-10-13,29600,-1.8200000524520876,5462669300
2015-10-14,29500,-0.3400000035762787,2621683350
2015-10-15,30050,1.8600000143051147,2610648950
2015-10-16,29550,-1.659999966621399,3805414600
2015-10-19,28700,-2.880000114440918,6015272350
2015-10-20,28350,-1.2200000286102295,4485266050
2015-10-21,28000,-1.2300000190734863,4596790050
2015-10-22,26600,-5.0,5104893700
2015-10-23,27350,2.819999933242798,4178780100
2015-10-26,26900,-1.649999976158142,3579485800
2015-10-27,25800,-4.090000152587891,6679496200
2015-10-28,26500,2.7100000381469727,3946813150
2015-10-29,25900,-2.259999990463257,2865314450
2015-10-30,25400,-1.9299999475479128,3656248600
2015-11-02,27350,7.679999828338623,10161666250
2015-11-03,26250,-4.019999980926514,8339294900
2015-11-04,25500,-2.859999895095825,6172198700
2015-11-05,25950,1.7599999904632568,2908897250
2015-11-06,25050,-3.470000028610229,7228500650
2015-11-09,23350,-6.789999961853027,5618061350
2015-11-10,22300,-4.5,4655368600
2015-11-11,23150,3.809999942779541,3390072850
2015-11-12,24700,6.699999809265137,4942975800
2015-11-13,24750,0.2000000029802322,2390243300
2015-11-16,23450,-5.25,3387533100
2015-11-17,24300,3.619999885559082,3056530800
2015-11-18,24250,-0.209999993443489,3764631350
2015-11-19,24050,-0.8199999928474426,1803902900
2015-11-20,25600,6.440000057220459,6111578550
2015-11-23,26250,2.539999961853028,3917357000
2015-11-24,26550,1.1399999856948853,6716155550
2015-11-25,26300,-0.9399999976158142,4491341500
2015-11-26,26550,0.949999988079071,2295994400
2015-11-27,25750,-3.009999990463257,2480399750
2015-11-30,24750,-3.880000114440918,2735060400
2015-12-01,25750,4.039999961853027,2976074900
2015-12-02,25300,-1.75,2480581050
2015-12-03,26500,4.739999771118164,3943333600
2015-12-04,26150,-1.3200000524520874,2321372000
2015-12-07,26000,-0.5699999928474426,2149261350
2015-12-08,25650,-1.350000023841858,1787813800
2015-12-09,26650,3.900000095367432,5241398300
2015-12-10,25800,-3.190000057220459,6458085600
2015-12-11,25250,-2.130000114440918,4633388250
2015-12-14,23700,-6.139999866485596,5769090700
2015-12-15,23700,0.0,2230839800
2015-12-16,24800,4.639999866485596,3017828900
2015-12-17,26500,6.849999904632568,6162120000
2015-12-18,27300,3.0199999809265137,7356771050
2015-12-21,26950,-1.2799999713897705,4469262750
2015-12-22,26000,-3.5299999713897705,3550094250
2015-12-23,26250,0.959999978542328,4907335550
2015-12-24,26000,-0.949999988079071,1712911100
2015-12-28,25800,-0.7699999809265137,3084430550
2015-12-29,26000,0.7799999713897705,2392573700
2015-12-30,28000,7.690000057220459,8382664750
2016-01-04,27300,-2.5,4698999300
2016-01-05,27200,-0.37,4919071600
2016-01-06,26650,-2.02,4160658300
2016-01-07,26600,-0.19,4294549750
2016-01-08,25700,-3.38,5671380450
2016-01-11,24800,-3.5,3780943600
2016-01-12,24850,0.2,2469163900
2016-01-13,25450,2.41,2325468450
2016-01-14,23800,-6.48,10722765100
2016-01-15,23650,-0.63,5577067600
2016-01-18,22800,-3.59,4372020150
2016-01-19,22500,-1.32,2462592950
2016-01-20,20900,-7.11,10087456750
2016-01-21,20300,-2.87,3826779450
2016-01-22,21000,3.45,5226300550
2016-01-25,22150,5.48,4771837500
2016-01-26,21750,-1.81,1803029400
2016-01-27,21750,0.0,2129501350
2016-01-28,22550,3.68,6798912350
2016-01-29,23300,3.33,4024768000
2016-02-01,23050,-1.07,3502600050
2016-02-02,23200,0.65,4457520050
2016-02-03,23050,-0.65,2149982300
2016-02-04,22500,-2.39,3157688000
2016-02-05,22250,-1.11,1296132700
2016-02-11,20600,-7.42,4725170700
2016-02-12,19600,-4.85,6235382550
2016-02-15,20000,2.04,3538085950
2016-02-16,21650,8.25,4885052950
2016-02-17,21400,-1.15,3608813500
2016-02-18,21850,2.1,2022984050
2016-02-19,22500,2.97,2527958750
2016-02-22,22200,-1.33,1644182900
2016-02-23,22000,-0.9,2157299900
2016-02-24,24250,10.23,22435943250
2016-02-25,23800,-1.86,5724823300
2016-02-26,23250,-2.31,3304776800
2016-02-29,23350,0.43,2088410300
2016-03-02,22950,-1.71,4029405400
2016-03-03,22750,-0.87,2804822400
2016-03-04,22750,0.0,2992352150
2016-03-07,23100,1.54,2585196000
2016-03-08,23100,0.0,2597222500
2016-03-09,23200,0.43,10504966400
2016-03-10,23150,-0.22,2987684350
2016-03-11,23200,0.22,1553688750
2016-03-14,22800,-1.72,1773926350
2016-03-15,22700,-0.44,1256287850
2016-03-16,22250,-1.98,2593696750
2016-03-17,22700,2.02,2202624050
2016-03-18,22250,-1.98,1857102550
2016-03-21,22200,-0.22,1502326500
2016-03-22,22350,0.68,1321936450
2016-03-23,22600,1.12,2006331550
2016-03-24,22200,-1.77,1549618500
2016-03-25,21850,-1.58,1754876700
2016-03-28,21850,0.0,1205016900
2016-03-29,21900,0.23,1382352950
2016-03-30,22100,0.91,1309339300
2016-03-31,22000,-0.45,884401500
2016-04-01,22700,3.18,5524058950
2016-04-04,24050,5.95,8635423100
2016-04-05,24450,1.66,5669283850
2016-04-06,25650,4.91,7876256550
2016-04-07,25150,-1.95,4402155000
2016-04-08,26250,4.37,7000882300
2016-04-11,26500,0.95,5002340200
2016-04-12,27000,1.89,5538447900
2016-04-14,27000,0.0,4307360000
2016-04-15,27100,0.37,2680983800
2016-04-18,27100,0.0,2456930050
2016-04-19,27550,1.66,3242713200
2016-04-20,26150,-5.08,5188811650
2016-04-21,27000,3.25,3974056700
2016-04-22,27000,0.0,2128916050
2016-04-25,26500,-1.85,1846645650
2016-04-26,26600,0.38,1305152300
2016-04-27,26900,1.13,1990057850
2016-04-28,28400,5.58,15663880500
2016-04-29,29000,2.11,7659904200
2016-05-02,27900,-3.79,5382960200
2016-05-03,29050,4.12,10402214050
2016-05-04,29250,0.69,5066495950
2016-05-09,28600,-2.22,4164268400
2016-05-10,29600,3.5,5390999750
2016-05-11,29550,-0.17,2587584850
2016-05-12,29400,-0.51,2448301450
2016-05-13,29300,-0.34,2554902850
2016-05-16,29300,0.0,2810171800
2016-05-17,27950,-4.61,5913866050
2016-05-18,28700,2.68,5672705300
2016-05-19,27600,-3.83,3078907950
2016-05-20,28100,1.81,2195783100
2016-05-23,28000,-0.36,1431727300
2016-05-24,27850,-0.54,1259819400
2016-05-25,27600,-0.9,2626824000
2016-05-26,27550,-0.18,1606225450
2016-05-27,26500,-3.81,3563399850
2016-05-30,26500,0.0,1878207600
2016-05-31,27350,3.21,1926242850
2016-06-01,28000,2.38,3097563600
2016-06-02,27900,-0.36,2337068850
2016-06-03,28100,0.72,2183259450
2016-06-07,27250,-3.02,2715041950
2016-06-08,26900,-1.28,2516750950
2016-06-09,27300,1.49,3600603100
2016-06-10,28450,4.21,4492235550
2016-06-13,28050,-1.41,2184043700
2016-06-14,29250,4.28,4623268900
2016-06-15,29450,0.68,6102413700
2016-06-16,28900,-1.87,3430542050
2016-06-17,28800,-0.35,4379005550
2016-06-20,30400,5.56,10558260350
2016-06-21,30400,0.0,5553235350
2016-06-22,29900,-1.64,3158917950
2016-06-23,29750,-0.5,3845386650
2016-06-24,28100,-5.55,8001912250
2016-06-27,27850,-0.89,4140083500
2016-06-28,28800,3.41,5673589500
2016-06-29,29250,1.56,3872975050
2016-06-30,29400,0.51,2540019750
2016-07-01,30150,2.55,6113395400
2016-07-04,30500,1.16,3991917600
2016-07-05,30450,-0.16,1805745550
2016-07-06,30550,0.33,5415423250
2016-07-07,30800,0.82,7615307750
2016-07-08,31250,1.46,2922997800
2016-07-11,32350,3.52,4650543100
2016-07-12,31500,-2.63,4926190500
2016-07-13,31300,-0.63,2938998650
2016-07-14,32800,4.79,9774691950
2016-07-15,32800,0.0,3376946400
2016-07-18,33300,1.52,3042951950
2016-07-19,32850,-1.35,2138995500
2016-07-20,31950,-2.74,4715767750
2016-07-21,31700,-0.78,2861114950
2016-07-22,31850,0.47,3061580939
2016-07-25,31700,-0.47,2021821575
2016-07-26,32900,3.79,5968289050
2016-07-27,33250,1.06,2929056950
2016-07-28,33250,0.0,3724580350
2016-07-29,32350,-2.71,3991806100
2016-08-01,34050,5.26,7464048200
2016-08-02,33900,-0.44,3478910500
2016-08-03,32300,-4.72,4887481300
2016-08-04,32250,-0.15,2880976450
2016-08-05,30900,-4.19,6409253750
2016-08-08,30850,-0.16,2934575600
2016-08-09,31750,2.92,3304012850
2016-08-10,32350,1.89,2645303150
2016-08-11,31900,-1.39,1437199950
2016-08-12,31700,-0.63,1985251700
2016-08-16,32350,2.05,2856721500
2016-08-17,32700,1.08,1990164400
2016-08-18,32200,-1.53,3016253500
2016-08-19,32700,1.55,3700102950
2016-08-22,31250,-4.43,4987489450
2016-08-23,32100,2.72,3992558150
2016-08-24,31850,-0.78,1581201900
2016-08-25,30150,-5.34,7480165300
2016-08-26,29950,-0.66,3089576250
2016-08-29,28800,-3.84,3794364250
2016-08-30,29400,2.08,2577934650
2016-08-31,29650,0.85,2783795300
2016-09-01,30750,3.71,2708713550
2016-09-02,30750,0.0,1305735350
2016-09-05,30200,-1.79,3366507450
2016-09-06,29500,-2.32,4323936700
2016-09-07,29200,-1.02,2193009250
2016-09-08,29150,-0.17,3287704450
2016-09-09,29100,-0.17,1133164750
2016-09-12,28200,-3.09,1380424300
2016-09-13,28400,0.71,1324701200
2016-09-19,28700,1.06,1105360250
2016-09-20,28400,-1.05,979978350
2016-09-21,28550,0.53,859569450
2016-09-22,28100,-1.58,2237950600
2016-09-23,28050,-0.18,1172678400
2016-09-26,28900,3.03,2418169400
2016-09-27,28700,-0.69,1607712550
2016-09-28,28050,-2.26,3124095800
2016-09-29,28350,1.07,1522224750
2016-09-30,27850,-1.76,3252358900
2016-10-04,27600,-0.9,1819011550
2016-10-05,28650,3.8,3249769500
2016-10-06,29200,1.92,2989343300
2016-10-07,28650,-1.88,1587312350
2016-10-10,29000,1.22,1813210700
2016-10-11,28900,-0.34,921619550
2016-10-12,29250,1.21,1898563950
2016-10-13,28500,-2.56,1845038300
2016-10-14,29150,2.28,1865872650
2016-10-17,27900,-4.29,4524647050
2016-10-18,25750,-7.71,13527948550
2016-10-19,25750,0.0,4559611050
2016-10-20,24900,-3.3,4592455700
2016-10-21,25150,1.0,2248731000
2016-10-24,24900,-0.99,2686834700
2016-10-25,24900,0.0,2049872200
2016-10-26,23900,-4.02,3515461450
2016-10-27,25350,6.07,4852962550
2016-10-28,25350,0.0,2120751200
2016-10-31,25100,-0.99,1569463000
2016-11-01,25300,0.8,1508796850
2016-11-02,24900,-1.58,1726574600
2016-11-03,23100,-7.23,5588422350
2016-11-04,23550,1.95,1797262400
2016-11-07,24300,3.18,1609997700
2016-11-08,24700,1.65,1526006250
2016-11-09,24200,-2.02,4466047650
2016-11-10,25200,4.13,1873720550
2016-11-11,24650,-2.18,1924394350
2016-11-14,24900,1.01,893582500
2016-11-15,24600,-1.2,1019064800
2016-11-16,25400,3.25,1926691350
2016-11-17,24850,-2.17,2269326900
2016-11-18,24600,-1.01,858836100
2016-11-21,24200,-1.63,1263276550
2016-11-22,24550,1.45,856448638
2016-11-23,23950,-2.44,1127590300
2016-11-24,23700,-1.04,910311900
2016-11-25,24000,1.27,1077116800
2016-11-28,23050,-3.96,1338864500
2016-11-29,23300,1.08,1059971953
2016-11-30,23500,0.86,715316150
2016-12-01,23050,-1.91,674605400
2016-12-02,21950,-4.77,4320750750
2016-12-05,21800,-0.68,2282903250
2016-12-06,22150,1.61,1724643800
2016-12-07,22550,1.81,1523628400
2016-12-08,22450,-0.44,1259700900
2016-12-09,24200,7.8,2785544300
2016-12-12,24900,2.89,1292438100
2016-12-13,24900,0.0,806662900
2016-12-14,24750,-0.6,906391300
2016-12-15,24700,-0.2,1080533300
2016-12-16,23200,-6.07,8438437450
2016-12-19,23850,2.8,4047661000
2016-12-20,23650,-0.84,3260834200
2016-12-21,24250,2.54,4598014600
2016-12-22,24050,-0.82,2689849250
2016-12-23,24400,1.46,1416912150
2016-12-26,23850,-2.25,1244843550
2016-12-27,24450,2.52,1038111700
2016-12-28,24900,1.84,1152607900
2016-12-29,24650,-1.0,693664650
2017-01-02,24050,-2.43,797986950
2017-01-03,24900,3.53,1475892500
2017-01-04,24650,-1.0,1374129165
2017-01-05,24500,-0.61,915333500
2017-01-06,23450,-4.29,3021240600
2017-01-09,23250,-0.85,1060198400
2017-01-10,22600,-2.8,1652410000
2017-01-11,22900,1.33,958041300
2017-01-12,22900,0.0,604496150
2017-01-13,23050,0.66,689614200
2017-01-16,22850,-0.87,369357100
2017-01-17,22600,-1.09,797253800
2017-01-18,22450,-0.66,903302450
2017-01-19,22600,0.67,1332731150
2017-01-20,22650,0.22,596788600
2017-01-23,22200,-1.99,768904800
2017-01-24,22200,0.0,430814700
2017-01-25,22000,-0.9,790467950
2017-01-26,22350,1.59,420124800
2017-01-31,22300,-0.22,506587050
2017-02-01,22500,0.9,884262950
2017-02-02,21600,-4.0,1539448050
2017-02-03,21600,0.0,931631750
2017-02-06,21450,-0.69,844419850
2017-02-07,20700,-3.5,1886450050
2017-02-08,20350,-1.69,1314573750
2017-02-09,21750,6.88,4423312250
2017-02-10,21100,-2.99,2479004600
2017-02-13,22350,5.92,3306643850
2017-02-14,22550,0.89,4268694800
2017-02-15,22900,1.55,1929534200
2017-02-16,22900,0.0,1125980200
2017-02-17,22850,-0.22,1178918950
2017-02-20,23150,1.31,954654150
2017-02-21,23300,0.65,844922300
2017-02-22,23300,0.0,1044347400
2017-02-23,23050,-1.07,998682200
2017-02-24,22700,-1.52,1031039200
2017-02-27,22300,-1.76,791356000
2017-02-28,22150,-0.67,845389600
2017-03-02,21350,-3.61,1691019900
2017-03-03,20950,-1.87,1916905600
2017-03-06,21200,1.19,1288883700
2017-03-07,21900,3.3,1404079550
2017-03-08,21600,-1.37,776782550
2017-03-09,21900,1.39,740214400
2017-03-10,22500,2.74,1657532700
2017-03-13,22550,0.22,730903600
2017-03-14,22050,-2.22,1089431400
2017-03-15,21150,-4.08,2429835700
2017-03-16,21500,1.65,914884000
2017-03-17,21500,0.0,1080593350
2017-03-20,21400,-0.47,1008172150
2017-03-21,21300,-0.47,968367250
2017-03-22,21300,0.0,797304200
2017-03-23,21300,0.0,485999250
2017-03-24,21300,0.0,768011950
2017-03-27,21850,2.58,1322237450
2017-03-28,21850,0.0,840370400
2017-03-29,21300,-2.52,1230804700
2017-03-30,21050,-1.17,1382186450
2017-03-31,21050,0.0,743215850
2017-04-03,21600,2.61,1489836600
2017-04-04,22300,3.24,2507818100
2017-04-05,22600,1.35,2637434050
2017-04-06,22700,0.44,1281774750
2017-04-07,22650,-0.22,1285273750
2017-04-10,22100,-2.43,1612098800
2017-04-11,22200,0.45,1188950000
2017-04-12,22050,-0.68,832179400
2017-04-13,22850,3.63,2281772900
2017-04-14,22300,-2.41,3473725200
2017-04-17,23000,3.14,2049806800
2017-04-18,23200,0.87,2795060550
2017-04-19,23400,0.86,1735198750
2017-04-20,23650,1.07,10718857850
2017-04-21,23850,0.85,3217049150
2017-04-24,23600,-1.05,4395807150
2017-04-25,23550,-0.21,2111550150
2017-04-26,24150,2.55,3601639650
2017-04-27,24100,-0.21,2884470650
2017-04-28,23750,-1.45,3157484250
2017-05-02,23150,-2.53,2694853650
2017-05-04,22750,-1.73,3379073550
2017-05-08,23150,1.76,1979913350
2017-05-10,23200,0.22,1656543800
2017-05-11,23000,-0.86,1539624200
2017-05-12,22600,-1.74,2039609800
2017-05-15,22250,-1.55,2081600000
2017-05-16,21850,-1.8,2913188917
2017-05-17,21400,-2.06,3036172600
2017-05-18,21250,-0.7,2946452150
2017-05-19,21600,1.65,2151050050
2017-05-22,21800,0.93,1833720000
2017-05-23,21800,0.0,1240454850
2017-05-24,21750,-0.23,1268535200
2017-05-25,21550,-0.92,1610633850
2017-05-26,21450,-0.46,1415446000
2017-05-29,21200,-1.17,2108519100
2017-05-30,21300,0.47,1951907950
2017-05-31,21800,2.35,2748955650
2017-06-01,21550,-1.15,2347952200
2017-06-02,21600,0.23,1283071150
2017-06-05,22200,2.78,3086089900
2017-06-07,22100,-0.45,1919766900
2017-06-08,21900,-0.9,2487505000
2017-06-09,22600,3.2,4279223300
2017-06-12,23100,2.21,9763139850
2017-06-13,23600,2.16,6247072750
2017-06-14,24050,1.91,5551168550
2017-06-15,23700,-1.46,3603292450
2017-06-16,24400,2.95,5362279650
2017-06-19,24400,0.0,2463994200
2017-06-20,23900,-2.05,2554918450
2017-06-21,23950,0.21,3307232700
2017-06-22,23050,-3.76,3265574800
2017-06-23,25000,8.46,5644072000
2017-06-26,24950,-0.2,7585303300
2017-06-27,24500,-1.8,2740805200
2017-06-28,24300,-0.82,2100625550
2017-06-29,23750,-2.26,2339249750
2017-06-30,23500,-1.05,2495524200
2017-07-03,23450,-0.21,2241518650
2017-07-04,22950,-2.13,2136709800
2017-07-05,23200,1.09,1939277550
2017-07-06,23200,0.0,1809583950
2017-07-07,22750,-1.94,2319930700
2017-07-10,22200,-2.42,1852012800
2017-07-11,22700,2.25,1136582150
2017-07-12,22500,-0.88,989059150
2017-07-13,23550,4.67,3698292350
2017-07-14,23650,0.42,1367694150
2017-07-17,23700,0.21,1243617550
2017-07-18,23100,-2.53,1544349050
2017-07-19,23450,1.52,1540782550
2017-07-20,24650,5.12,6665193300
2017-07-21,24200,-1.83,3076054250
2017-07-24,23450,-3.1,3603932600
2017-07-25,24200,3.2,3788068250
2017-07-26,24150,-0.21,1857654750
2017-07-27,23800,-1.45,2053803350
2017-07-28,24050,1.05,2501431800
2017-07-31,24050,0.0,5186665650
2017-08-01,23200,-3.53,6137488100
2017-08-02,22900,-1.29,2282586650
2017-08-03,22300,-2.62,3324720800
2017-08-04,22600,1.35,2127471600
2017-08-07,22600,0.0,1049471150
2017-08-08,22400,-0.88,978449300
2017-08-09,21900,-2.23,2224712200
2017-08-10,21750,-0.68,1452603000
2017-08-11,21250,-2.3,1317433500
2017-08-14,21500,1.18,1363827050
2017-08-16,21000,-2.33,1627575500
2017-08-17,21100,0.48,1732072450
2017-08-18,20850,-1.18,1611039350
2017-08-21,20550,-1.44,1731770050
2017-08-22,20650,0.49,1057924050
2017-08-23,20650,0.0,582475700
2017-08-24,21250,2.91,1441935800
2017-08-25,21000,-1.18,1333760050
2017-08-28,21100,0.48,710942100
2017-08-29,21100,0.0,1580178450
2017-08-30,21850,3.55,3927321600
2017-08-31,22250,1.83,2300314750
2017-09-01,22450,0.9,2210979750
2017-09-04,21750,-3.12,2496614600
2017-09-05,21350,-1.84,1492608700
2017-09-06,21600,1.17,946304750
2017-09-07,21800,0.93,1162620350
2017-09-08,21400,-1.83,1717981850
2017-09-11,21250,-0.7,1532528000
2017-09-12,21300,0.24,1381929750
2017-09-13,21050,-1.17,1723704050
2017-09-14,20650,-1.9,2476321200
2017-09-15,21050,1.94,1373308600
2017-09-18,20800,-1.19,1412834350
2017-09-19,20650,-0.72,1171616100
2017-09-20,20650,0.0,1079176950
2017-09-21,20250,-1.94,1550598300
2017-09-22,20350,0.49,1535148200
2017-09-25,19800,-2.7,1945922550
2017-09-26,19850,0.25,563105650
2017-09-27,20100,1.26,408679800
2017-09-28,20100,0.0,449131450
2017-09-29,20350,1.24,430510400
2017-10-10,20300,-0.25,637648800
2017-10-11,20200,-0.49,952469400
2017-10-12,20350,0.74,668332250
2017-10-13,20050,-1.47,727867650
2017-10-16,16650,-16.96,15374970200
2017-10-17,16250,-2.4,3870135150
2017-10-18,17300,6.46,7069309600
2017-10-19,17300,0.0,2165056950
2017-10-20,17050,-1.45,1604596050
2017-10-23,17500,2.64,2157249600
2017-10-24,17850,2.0,2413668900
2017-10-25,17750,-0.56,1119401350
2017-10-26,17900,0.85,1298557050
2017-10-27,17750,-0.84,861391700
2017-10-30,17600,-0.85,955271950
2017-10-31,17850,1.42,1825638450
2017-11-01,18300,2.52,2788618850
2017-11-02,17900,-2.19,1671282300
2017-11-03,17850,-0.28,1318166800
2017-11-06,18950,6.16,3235434500
2017-11-07,19400,2.37,2937177850
2017-11-08,19200,-1.03,1150231150
2017-11-09,18800,-2.08,1210149750
2017-11-10,18750,-0.27,839340850
2017-11-13,19750,5.33,2623087350
2017-11-14,20000,1.27,2412533000
2017-11-15,20100,0.5,2510251000
2017-11-16,19750,-1.74,1084454650
2017-11-17,19400,-1.77,1043848800
2017-11-20,20350,4.9,2156423350
2017-11-21,20600,1.23,1576749950
2017-11-22,20500,-0.49,1223526900
2017-11-23,20700,0.98,914499000
2017-11-24,20100,-2.9,1857170350
2017-11-27,19800,-1.49,1077908250
2017-11-28,19200,-3.03,1505096400
2017-11-29,19700,2.6,1086264050
2017-11-30,19350,-1.78,898312500
2017-12-01,19750,2.07,709896750
2017-12-04,19600,-0.76,1137578200
2017-12-05,19500,-0.51,628669450
2017-12-06,19150,-1.79,958329100
2017-12-07,18400,-3.92,2007498800
2017-12-08,18000,-2.17,1406346150
2017-12-11,18300,1.67,644178350
2017-12-12,18100,-1.09,952655200
2017-12-13,18450,1.93,2308531000
2017-12-14,18600,0.81,3964933850
2017-12-15,18900,1.61,2337332550
2017-12-18,19400,2.65,1765419350
2017-12-19,19400,0.0,1287605050
2017-12-20,19200,-1.03,1056060750
2017-12-21,18350,-4.43,1423076050
2017-12-22,19250,4.9,1151611450
2017-12-26,18700,-2.86,1108568150
2017-12-27,19050,1.87,1016933350
2017-12-28,19200,0.79,1194357050
2018-01-02,19400,1.04,702314350
2018-01-03,19400,0.0,947444100
2018-01-04,20100,3.61,3778505950
2018-01-05,21100,4.98,6662580100
2018-01-08,21000,-0.47,3400727950
2018-01-09,20450,-2.62,2393729300
2018-01-10,20250,-0.98,1259761850
2018-01-11,19450,-3.95,4365772650
2018-01-12,19300,-0.77,1498072150
2018-01-15,19500,1.04,991110300
2018-01-16,19400,-0.51,1101004000
2018-01-17,19850,2.32,1936398000
2018-01-18,20050,1.01,1075196250
2018-01-19,20000,-0.25,612841550
2018-01-22,20350,1.75,1738939550
2018-01-23,20550,0.98,1822737100
2018-01-24,20450,-0.49,1260353650
2018-01-25,20600,0.73,1276165500
2018-01-26,20850,1.21,1371451200
2018-01-29,22200,6.47,8484115050
2018-01-30,22700,2.25,6527836950
2018-01-31,22100,-2.64,4990383150
2018-02-01,22100,0.0,2277151450
2018-02-02,21000,-4.98,3349807350
2018-02-05,20100,-4.29,1990172500
2018-02-06,20200,0.5,2680273000
2018-02-07,19850,-1.73,1807418100
2018-02-08,21000,5.79,1524388350
2018-02-09,20200,-3.81,1586576450
2018-02-12,19950,-1.24,963714850
2018-02-13,19550,-2.01,821697600
2018-02-14,19600,0.26,456059400
2018-02-19,20000,2.04,529992950
2018-02-20,21100,5.5,3262562700
2018-02-21,22500,6.64,6682995850
2018-02-22,21900,-2.67,2247857950
2018-02-23,26750,22.15,47286730500
2018-02-26,25800,-3.55,11101095500
2018-02-27,25250,-2.13,8522198500
2018-02-28,26150,3.56,76093549350
2018-03-02,25000,-4.4,12218239500
2018-03-05,26100,4.4,16347068500
2018-03-06,28000,7.28,16102125700
2018-03-07,26300,-6.07,9944428250
2018-03-08,26900,2.28,15041150350
2018-03-09,26400,-1.86,7950094000
2018-03-12,26150,-0.95,5620465600
2018-03-13,25300,-3.25,4707546600
2018-03-14,25000,-1.19,5309555500
2018-03-15,24750,-1.0,4506556850
2018-03-16,24300,-1.82,6870060550
2018-03-19,24400,0.41,5725081650
2018-03-20,25850,5.94,8956369550
2018-03-21,25950,0.39,4210526150
2018-03-22,26800,3.28,12941871350
2018-03-23,26700,-0.37,4691663850
2018-03-26,27350,2.43,5836798550
2018-03-27,27750,1.46,10574279250
2018-03-28,28000,0.9,3579548900
2018-03-29,28850,3.04,11585733150
2018-03-30,28750,-0.35,4940211500
2018-04-02,29500,2.61,11448102650
2018-04-03,28600,-3.05,9226098500
2018-04-04,27550,-3.67,11911943650
2018-04-05,27800,0.91,10994307100
2018-04-06,28600,2.88,11290903875
2018-04-09,28800,0.7,4254738400
2018-04-10,27850,-3.3,5518238950
2018-04-11,27950,0.36,3480961300
2018-04-12,30200,8.05,22944002750
2018-04-13,29350,-2.81,14453737650
2018-04-16,28950,-1.36,11159062850
2018-04-17,31250,7.94,38803821300
2018-04-18,33400,6.88,51747743650
2018-04-19,33400,0.0,17194937150
2018-04-20,34150,2.25,8967750050
2018-04-23,33300,-2.49,9289331300
2018-04-24,32950,-1.05,5720195100
2018-04-25,32200,-2.28,7828125750
2018-04-26,32200,0.0,5460072300
2018-04-27,33500,4.04,5853666150
2018-04-30,34600,3.28,9360769600
2018-05-02,33750,-2.46,7515458550
2018-05-03,36350,7.7,18858032400
2018-05-04,36950,1.65,10319251600
2018-05-08,36300,-1.76,7441791450
2018-05-09,35250,-2.89,13085545750
2018-05-10,38550,9.36,19794244700
2018-05-11,38900,0.91,9789406350
2018-05-14,38950,0.13,12929991550
2018-05-15,38450,-1.28,9147035400
2018-05-16,39000,1.43,6540369900
2018-05-17,40700,4.36,15994408450
2018-05-18,39250,-3.56,13674619400
2018-05-21,38700,-1.4,6951742500
2018-05-23,39000,0.78,9800450050
2018-05-24,40550,3.97,15168993800
2018-05-25,41800,3.08,8770821000
2018-05-28,44500,6.46,10351256950
2018-05-29,45350,1.91,15266577650
2018-05-30,44600,-1.65,11283425800
2018-05-31,46700,4.71,16659732850
2018-06-01,49300,5.57,11134437350
2018-06-04,50500,2.43,38804731600
2018-06-05,49000,-2.97,33279124950
2018-06-07,46750,-4.59,30063874150
2018-06-08,46900,0.32,24954941750
2018-06-11,49650,5.86,25850734300
2018-06-12,52500,5.74,29564371650
2018-06-14,53300,1.52,24735127600
2018-06-15,55000,3.19,29588122300
2018-06-18,48800,-11.27,41084191550
2018-06-19,45800,-6.15,45411938000
2018-06-20,48600,6.11,25427648000
2018-06-21,52000,7.0,26132446250
2018-06-22,51200,-1.54,19653820550
2018-06-25,49800,-2.73,13109595100
2018-06-26,47600,-4.42,18120204400
2018-06-27,48000,0.84,19871022900
2018-06-28,44850,-6.56,20090992550
2018-06-29,46700,4.12,14784868500
2018-07-02,45850,-1.82,6026152600
2018-07-03,45700,-0.33,15046067450
2018-07-04,47500,3.94,16733296000
2018-07-05,46350,-2.42,9474248800
2018-07-06,47450,2.37,19309648850
2018-07-09,47000,-0.95,10375818950
2018-07-10,50000,6.38,27899825650
2018-07-11,50100,0.2,16577303100
2018-07-12,55500,10.78,37569567100
2018-07-13,54600,-1.62,11263244300
2018-07-16,54600,0.0,6243610500
2018-07-17,52300,-4.21,31263727200
2018-07-18,50400,-3.63,10159357800
2018-07-19,49000,-2.78,19136113150
2018-07-20,49500,1.02,11936141850
2018-07-23,47500,-4.04,13832917700
2018-07-24,47950,0.95,9447179500
2018-07-25,45950,-4.17,35505629600
2018-07-26,47350,3.05,9202152350
2018-07-27,47950,1.27,17559872950
2018-07-30,48000,0.1,10874824600
2018-07-31,42500,-11.46,57191116650
2018-08-01,42900,0.94,25182817550
2018-08-02,41950,-2.21,20295214400
2018-08-03,40850,-2.62,17940495050
2018-08-06,39150,-4.16,16023551650
2018-08-07,40150,2.55,18946380250
2018-08-08,42450,5.73,29580692000
2018-08-09,42050,-0.94,11434606650
2018-08-10,42400,0.83,8220472200
2018-08-13,38150,-10.02,27882996800
2018-08-14,38400,0.66,13713434450
2018-08-16,39100,1.82,17007846150
2018-08-17,40150,2.69,13505129250
2018-08-20,37900,-5.6,15469726750
2018-08-21,39950,5.41,17147036250
2018-08-22,40000,0.13,11830809100
2018-08-23,41200,3.0,12333628750
2018-08-24,42950,4.25,22211023800
2018-08-27,43400,1.05,23441675850
2018-08-28,40550,-6.57,33436905700
2018-08-29,40750,0.49,9922305400
2018-08-30,38250,-6.13,35048220000
2018-08-31,37700,-1.44,14001754750
2018-09-03,37800,0.27,10781737150
2018-09-04,39300,3.97,13755047700
2018-09-05,37900,-3.56,11364054600
2018-09-06,35500,-6.33,28324561300
2018-09-07,35550,0.14,10852449600
2018-09-10,34500,-2.95,11025279450
2018-09-11,36050,4.49,10489549850
2018-09-12,35500,-1.53,9309000950
2018-09-13,34300,-3.38,10584600700
2018-09-14,34800,1.46,8875952350
2018-09-17,33950,-2.44,6917918700
2018-09-18,34250,0.88,7181329300
2018-09-19,33200,-3.07,5815076750
2018-09-20,33200,0.0,6051941950
2018-09-21,35200,6.02,13788658200
2018-09-27,35800,1.7,13771680500
2018-09-28,35800,0.0,9940384200
2018-10-01,35500,-0.84,6606770800
2018-10-02,34800,-1.97,6866838450
2018-10-04,32250,-7.33,14366766750
2018-10-05,31800,-1.4,7209303950
2018-10-08,32050,0.79,5503455750
2018-10-10,31550,-1.56,5279249550
2018-10-11,28450,-9.83,13176862750
2018-10-12,31000,8.96,11889718700
2018-10-15,32800,5.81,10939128950
2018-10-16,33200,1.22,6173892900
2018-10-17,32750,-1.36,8219955400
2018-10-18,34650,5.8,13938752500
2018-10-19,34800,0.43,7617444600
2018-10-22,35300,1.44,6279239550
2018-10-23,34250,-2.97,5626324300
2018-10-24,32600,-4.82,7662168150
2018-10-25,32850,0.77,10950811350
2018-10-26,30350,-7.61,6271870950
2018-10-29,28900,-4.78,6431385450
2018-10-30,32100,11.07,9821568450
2018-10-31,34400,7.17,20783160000
2018-11-01,36100,4.94,19867245900
2018-11-02,39200,8.59,22496515300
2018-11-05,38050,-2.93,23272651450
2018-11-06,38200,0.39,14406911100
2018-11-07,39150,2.49,27831454750
2018-11-08,40600,3.7,19629160550
2018-11-09,39850,-1.85,13172331900
2018-11-12,39400,-1.13,7425079800
2018-11-13,39250,-0.38,13878820850
2018-11-14,41850,6.62,22413269200
2018-11-15,42350,1.19,15037549700
2018-11-16,41150,-2.83,8748524550
2018-11-19,41800,1.58,9058335100
2018-11-20,40400,-3.35,10187044400
2018-11-21,41350,2.35,6822491650
2018-11-22,40850,-1.21,3789022900
2018-11-23,39000,-4.53,7833173800
2018-11-26,41400,6.15,11322177150
2018-11-27,41750,0.85,8623743750
2018-11-28,42600,2.04,8777369650
2018-11-29,39450,-7.39,16131858250
2018-11-30,41000,3.93,15720427550
2018-12-03,41600,1.46,8324377350
2018-12-04,40750,-2.04,6407936400
2018-12-05,40600,-0.37,4855944800
2018-12-06,39700,-2.22,5468811750
2018-12-07,41500,4.53,19539682300
2018-12-10,42050,1.33,9127690000
2018-12-11,41300,-1.78,10481019300
2018-12-12,42900,3.87,14128579250
2018-12-13,43000,0.23,31099718850
2018-12-14,40200,-6.51,29526904700
2018-12-17,39650,-1.37,8619628800
2018-12-18,37700,-4.92,17622638900
2018-12-19,39000,3.45,9270259750
2018-12-20,39400,1.03,8021802800
2018-12-21,41300,4.82,11581136150
2018-12-24,40150,-2.78,4844683500
2018-12-26,40300,0.37,4935596550
2018-12-27,39600,-1.74,6573162850
2018-12-28,39400,-0.51,3912399100
2019-01-02,38300,-2.79,4897028250
2019-01-03,37100,-3.13,7047075650
2019-01-04,37400,0.81,4415483900
2019-01-07,37250,-0.4,5563929750
2019-01-08,38250,2.68,6982591800
2019-01-09,41850,9.41,17614627150
2019-01-10,41800,-0.12,9673328350
2019-01-11,41100,-1.67,7461912800
2019-01-14,40400,-1.7,4829298050
2019-01-15,41000,1.49,5073655900
2019-01-16,40400,-1.46,5275811000
2019-01-17,39400,-2.48,8151052200
2019-01-18,39800,1.02,9739261150
2019-01-21,39050,-1.88,3720290400
2019-01-22,39050,0.0,3116447300
2019-01-23,39000,-0.13,3331035200
2019-01-24,39350,0.9,3864978700
2019-01-25,39600,0.64,4858508000
2019-01-28,40400,2.02,9901289200
2019-01-29,40250,-0.37,4941043950
2019-01-30,40400,0.37,6176315750
2019-01-31,41400,2.48,7142519500
2019-02-01,40600,-1.93,3810310750
2019-02-07,40400,-0.49,6915059700
2019-02-08,40900,1.24,4483218950
2019-02-11,43400,6.11,15366597650
2019-02-12,43350,-0.12,7349800250
2019-02-13,43300,-0.12,4808791200
2019-02-14,46600,7.62,28739421300
2019-02-15,49000,5.15,27627588150
2019-02-18,47450,-3.16,16009715700
2019-02-19,47850,0.84,7904359750
2019-02-20,48200,0.73,6532040450
2019-02-21,47350,-1.76,7213431775
2019-02-22,46100,-2.64,10447194650
2019-02-25,47100,2.17,8707167975
2019-02-26,47500,0.85,4294987650
2019-02-27,47150,-0.74,7975995000
2019-02-28,45750,-2.97,6973531050
2019-03-04,47450,3.72,7216846750
2019-03-05,49200,3.69,10066975950
2019-03-06,47650,-3.15,8352680300
2019-03-07,47250,-0.84,6217866850
2019-03-08,48200,2.01,4436590600
2019-03-11,47600,-1.24,3197962400
2019-03-12,49450,3.89,10014375350
2019-03-13,49150,-0.61,4284920500
2019-03-14,48900,-0.51,6168942250
2019-03-15,48350,-1.12,4484413500
2019-03-18,49000,1.34,4179879850
2019-03-19,52300,6.73,28362526450
2019-03-20,56400,7.84,24624974200
2019-03-21,53800,-4.61,16193526500
2019-03-22,54100,0.56,6571234000
2019-03-25,52900,-2.22,6666315200
2019-03-26,53500,1.13,6423035600
2019-03-27,55000,2.8,14947529600
2019-03-28,53900,-2.0,5329203900
2019-03-29,54700,1.48,14444847000
2019-04-01,53200,-2.74,11086138100
2019-04-02,53200,0.0,5196493900
2019-04-03,53100,-0.19,5836876800
2019-04-04,54400,2.45,8628062800
2019-04-05,56000,2.94,10416712200
2019-04-08,54600,-2.5,8353428600
2019-04-09,59100,8.24,20718553200
2019-04-10,58800,-0.51,7643409000
2019-04-11,60100,2.21,9578713000
2019-04-12,60600,0.83,9591810000
2019-04-15,60000,-0.99,5693164800
2019-04-16,59700,-0.5,6634057400
2019-04-17,60600,1.51,7928808200
2019-04-18,58300,-3.8,12451958200
2019-04-19,58000,-0.51,4550525800
2019-04-22,58100,0.17,5450358300
2019-04-23,57500,-1.03,3742671400
2019-04-24,58300,1.39,9903550200
2019-04-25,58400,0.17,7320903750
2019-04-26,58700,0.51,6013422800
2019-04-29,61900,5.45,12984333400
2019-04-30,63900,3.23,20030243000
2019-05-02,64500,0.94,7108353300
2019-05-03,67000,3.88,18762832500
2019-05-07,67000,0.0,13133689400
2019-05-08,69400,3.58,9783847500
2019-05-09,67700,-2.45,13701375800
2019-05-10,66300,-2.07,9475938400
2019-05-13,64600,-2.56,9021646600
2019-05-14,65000,0.62,9312208500
2019-05-15,69000,6.15,10607847100
2019-05-16,69100,0.14,11312571680
2019-05-17,67200,-2.75,9685337400
2019-05-20,68900,2.53,8853762000
2019-05-21,69000,0.15,9769191600
2019-05-22,69100,0.14,8882240100
2019-05-23,69000,-0.14,8160662200
2019-05-24,67500,-2.17,6790397000
2019-05-27,67200,-0.44,6646123800
2019-05-28,69900,4.02,27884857600
2019-05-29,68300,-2.29,8277937100
2019-05-30,64800,-5.12,17144635800
2019-05-31,65300,0.77,5832635800
2019-06-03,66000,1.07,6853615400
2019-06-04,63400,-3.94,12422284900
2019-06-05,64200,1.26,9670431300
2019-06-07,63700,-0.78,5960568900
2019-06-10,64400,1.1,5300492900
2019-06-11,66300,2.95,11116223500
2019-06-12,69200,4.37,20344107100
2019-06-13,69700,0.72,12621690000
2019-06-14,66400,-4.73,12211208100
2019-06-17,67000,0.9,6271420000
2019-06-18,65600,-2.09,6208010400
2019-06-19,65200,-0.61,7533298900
2019-06-20,65800,0.92,4487965900
2019-06-21,62600,-4.86,12077814400
2019-06-24,63500,1.44,10357577900
2019-06-25,62400,-1.73,7072229200
2019-06-26,61100,-2.08,8484922700
2019-06-27,62000,1.47,6839243700
2019-06-28,61500,-0.81,5851645300
2019-07-01,59800,-2.76,6766293300
2019-07-02,60500,1.17,5996029100
2019-07-03,60600,0.17,3610667000
2019-07-04,62600,3.3,8086986300
2019-07-05,62100,-0.8,4697999000
2019-07-08,61300,-1.29,6026586600
2019-07-09,61600,0.49,8119819800
2019-07-10,63700,3.41,8936841900
2019-07-11,64800,1.73,7001473400
2019-07-12,64400,-0.62,7575582800
2019-07-15,62400,-3.11,6658141800
2019-07-16,63400,1.6,6705095300
2019-07-17,63800,0.63,5969602900
2019-07-18,64400,0.94,5300765200
2019-07-19,64300,-0.16,4438802500
2019-07-22,62100,-3.42,6539263200
2019-07-23,63000,1.45,4939347200
2019-07-24,60400,-4.13,8019737200
2019-07-25,60700,0.5,5551157800
2019-07-26,59900,-1.32,6035324200
2019-07-29,58000,-3.17,7134833700
2019-07-30,58600,1.03,4770023900
2019-07-31,58200,-0.68,15529677500
2019-08-01,60000,3.09,10777998400
2019-08-02,58000,-3.33,8179690200
2019-08-05,55100,-5.0,9954540112
2019-08-06,54800,-0.54,10744593100
2019-08-07,56800,3.65,8311924500
2019-08-08,58500,2.99,7220404200
2019-08-09,59900,2.39,7881237300
2019-08-12,59100,-1.34,4030239700
2019-08-13,57400,-2.88,4858720800
2019-08-14,59600,3.83,6214306300
2019-08-16,60200,1.01,7066073900
2019-08-19,60100,-0.17,4704493500
2019-08-20,61300,2.0,3061754000
2019-08-21,60800,-0.82,3317084700
2019-08-22,61000,0.33,5229095300
2019-08-23,61600,0.98,4940651500
2019-08-26,57600,-6.49,6704169200
2019-08-27,59200,2.78,6341862100
2019-08-28,61600,4.05,4591174800
2019-08-29,62300,1.14,9640287000
2019-08-30,60800,-2.41,9470267900
2019-09-02,61800,1.64,4752150200
2019-09-03,61100,-1.13,4214585000
2019-09-04,62000,1.47,5364293000
2019-09-05,62200,0.32,5180886300
2019-09-06,60800,-2.25,4234531500
2019-09-09,63100,3.78,9146381000
2019-09-10,61300,-2.85,8823919500
2019-09-11,61200,-0.16,3973329800
2019-09-16,60700,-0.82,6033561300
2019-09-17,61600,1.48,4229337400
2019-09-18,62800,1.95,5788675700
2019-09-19,63900,1.75,4623445300
2019-09-20,64500,0.94,16032625000
2019-09-23,64500,0.0,3596812300
2019-09-24,66200,2.64,8734979100
2019-09-25,66100,-0.15,4233866000
2019-09-26,63800,-3.48,11454984100
2019-09-27,65100,2.04,4010532500
2019-09-30,64200,-1.38,3578835500
2019-10-01,66200,3.12,4650866500
2019-10-02,65500,-1.06,2125702900
2019-10-04,65200,-0.46,5370338700
2019-10-07,67000,2.76,9614184900
2019-10-08,67000,0.0,2664630000
2019-10-10,66000,-1.49,3760290500
2019-10-11,66900,1.36,2803019300
2019-10-14,66100,-1.2,3528604300
2019-10-15,66300,0.3,2673892700
2019-10-16,65800,-0.75,3081289800
2019-10-17,66300,0.76,2840748900
2019-10-18,67500,1.81,7969700648
2019-10-21,66000,-2.22,4491876900
2019-10-22,66800,1.21,4125782000
2019-10-23,67200,0.6,3705924100
2019-10-24,66600,-0.89,5366055100
2019-10-25,66200,-0.6,3839350800
2019-10-28,68700,3.78,6390919500
2019-10-29,69700,1.46,6704575300
2019-10-30,69800,0.14,5924833700
2019-10-31,73900,5.87,19316023000
2019-11-01,76200,3.11,28057477800
2019-11-04,76200,0.0,13118944600
2019-11-05,76200,0.0,7521564300
2019-11-06,77800,2.1,7968191800
2019-11-07,78400,0.77,5622913100
2019-11-08,80000,2.04,9068309200
2019-11-11,78500,-1.88,13657428350
2019-11-12,80100,2.04,8095941200
2019-11-13,82700,3.25,13053024000
2019-11-14,76500,-7.5,22119583800
2019-11-15,77700,1.57,10755841628
2019-11-18,78100,0.51,5503177700
2019-11-19,74300,-4.87,15035020000
2019-11-20,74100,-0.27,7713329400
2019-11-21,74100,0.0,10284030900
2019-11-22,71900,-2.97,4065475400
2019-11-25,73800,2.64,5624272400
2019-11-26,74400,0.81,4176389500
2019-11-27,71100,-4.44,9461772800
2019-11-28,68600,-3.52,11015853500
2019-11-29,67800,-1.17,9496837800
2019-12-02,67600,-0.29,5144697400
2019-12-03,69500,2.81,10326089200
2019-12-04,68300,-1.73,5377733400
2019-12-05,68800,0.73,5643693800
2019-12-06,70700,2.76,6400812400
2019-12-09,69800,-1.27,5769692900
2019-12-10,71100,1.86,5637022800
2019-12-11,70400,-0.98,3692494600
2019-12-12,71800,1.99,9319487400
2019-12-13,70000,-2.51,9549349600
2019-12-16,69700,-0.43,2751619200
2019-12-17,69400,-0.43,10998023800
2019-12-18,68400,-1.44,4637170700
2019-12-19,69900,2.19,4623792300
2019-12-20,70200,0.43,4075369600
2019-12-23,72200,2.85,5414279900
2019-12-24,68900,-4.57,9392471500
2019-12-26,68700,-0.29,6872316200
2019-12-27,69200,0.73,4063199300
2019-12-30,68900,-0.43,3312638100
2020-01-02,65700,-4.64,14811171200
2020-01-03,60500,-7.91,42378019400
2020-01-06,55400,-8.43,41873617900
2020-01-07,54500,-1.62,30208240800
2020-01-08,53700,-1.47,24875314500
2020-01-09,56000,4.28,20185925500
2020-01-10,55600,-0.71,18523801500
2020-01-13,58700,5.58,21721086800
2020-01-14,58700,0.0,12814182900
2020-01-15,58300,-0.68,8656903500
2020-01-16,57000,-2.23,11556423400
2020-01-17,58000,1.75,8799114500
2020-01-20,56900,-1.9,9250986500
2020-01-21,56900,0.0,6835444200
2020-01-22,58100,2.11,9834144800
2020-01-23,57200,-1.55,8330826800
2020-01-28,57500,0.52,14486659500
2020-01-29,57400,-0.17,3922693600
2020-01-30,56000,-2.44,6630931700
2020-01-31,54000,-3.57,7950025900
2020-02-03,59500,10.19,21384203100
2020-02-04,61100,2.69,22845858900
2020-02-05,59100,-3.27,13105069700
2020-02-06,59900,1.35,9443538800
2020-02-07,59100,-1.34,4373859900
2020-02-10,60000,1.52,6821692700
2020-02-11,59500,-0.83,6710918000
2020-02-12,61400,3.19,16382979700
2020-02-13,61900,0.81,22408279200
2020-02-14,62300,0.65,8567183700
2020-02-17,61200,-1.77,6734982400
2020-02-18,61300,0.16,5067095700
2020-02-19,63000,2.77,7573926900
2020-02-20,60900,-3.33,8736076300
2020-02-21,61200,0.49,7031704800
2020-02-24,60300,-1.47,13086697300
2020-02-25,59900,-0.66,7983814000
2020-02-26,58500,-2.34,6649874200
2020-02-27,56500,-3.42,8549750800
2020-02-28,54500,-3.54,6864028100
2020-03-02,58700,7.71,9794980400
2020-03-03,56800,-3.24,8047554600
2020-03-04,59800,5.28,5540015600
2020-03-05,58400,-2.34,8980503800
2020-03-06,57400,-1.71,6429665700
2020-03-09,54900,-4.36,5436135100
2020-03-10,55900,1.82,6694663000
2020-03-11,53900,-3.58,5098943700
2020-03-12,48450,-10.11,19431231950
2020-03-13,48250,-0.41,16080104600
2020-03-16,46500,-3.63,6662304600
2020-03-17,47900,3.01,9307906050
2020-03-18,44000,-8.14,9142113750
2020-03-19,40200,-8.64,13115879150
2020-03-20,43000,6.97,8249169650
2020-03-23,40850,-5.0,4948991450
2020-03-24,47850,17.14,11542922000
2020-03-25,51500,7.63,13131707050
2020-03-26,49050,-4.76,10781319950
2020-03-27,48250,-1.63,10398362150
2020-03-30,53100,10.05,17608629150
2020-03-31,52500,-1.13,10081351200
2020-04-01,50000,-4.76,9700883300
2020-04-02,56500,13.0,30047837550
2020-04-03,56800,0.53,11242949000
2020-04-06,61000,7.39,19564488600
2020-04-07,58900,-3.44,11414799600
2020-04-08,58800,-0.17,9815887100
2020-04-09,57800,-1.7,9492533200
2020-04-10,57400,-0.69,6980162700
2020-04-13,57100,-0.52,6916415400
2020-04-14,59000,3.33,8485692400
2020-04-16,60000,1.69,6589428800
2020-04-17,60300,0.5,13291981300
2020-04-20,64200,6.47,27082432500
2020-04-21,63300,-1.4,21332645900
2020-04-22,65700,3.79,18175820700
2020-04-23,65100,-0.91,12786107200
2020-04-24,65600,0.77,19205007600
2020-04-27,65700,0.15,8459934500
2020-04-28,64900,-1.22,11206520700
2020-04-29,60300,-7.09,35893203300
2020-05-04,59300,-1.66,10168839800
2020-05-06,59000,-0.51,11749643100
2020-05-07,59200,0.34,6395933900
2020-05-08,60000,1.35,10171898000
2020-05-11,59200,-1.33,8580586700
2020-05-12,60700,2.53,11818731100
2020-05-13,59900,-1.32,8948252700
2020-05-14,58400,-2.5,7462609600
2020-05-15,58300,-0.17,8978592000
2020-05-18,57800,-0.86,5944854000
2020-05-19,57300,-0.87,12195359700
2020-05-20,57700,0.7,7505482500
2020-05-21,57800,0.17,6260097700
2020-05-22,56500,-2.25,9171731700
2020-05-25,60000,6.19,35323335500
2020-05-26,63000,5.0,56234631700
2020-05-27,60600,-3.81,24495061500
2020-05-28,59100,-2.48,15726247200
2020-05-29,58900,-0.34,6642800100
2020-06-01,61400,4.24,14366086700
2020-06-02,61500,0.16,11022357700
2020-06-03,60900,-0.98,16637911100
2020-06-04,59600,-2.13,9057230500
2020-06-05,60000,0.67,6019950400
2020-06-08,60600,1.0,7182520000
2020-06-09,60900,0.5,15618267900
2020-06-10,61000,0.16,7933731000
2020-06-11,58900,-3.44,12980983100
2020-06-12,58100,-1.36,8217926800
2020-06-15,54800,-5.68,9994398400
2020-06-16,57200,4.38,7088074400
2020-06-17,57400,0.35,5062489400
2020-06-18,60800,5.92,15116855600
2020-06-19,57500,-5.43,12115406800
2020-06-22,60400,5.04,12873171800
2020-06-23,64800,7.28,53541207600
2020-06-24,67800,4.63,49971551500
2020-06-25,65300,-3.69,40036986600
2020-06-26,66000,1.07,14576394000
2020-06-29,63400,-3.94,7859273100
2020-06-30,63200,-0.32,11965508600
2020-07-01,62900,-0.47,8061183400
2020-07-02,62000,-1.43,10582874900
2020-07-03,62100,0.16,6044555700
2020-07-06,67400,8.53,27138115700
2020-07-07,67500,0.15,12269025600
2020-07-08,68500,1.48,12520794300
2020-07-09,66400,-3.07,14136569300
2020-07-10,65600,-1.2,14495362800
2020-07-13,64700,-1.37,7878309800
2020-07-14,65300,0.93,12837857700
2020-07-15,64200,-1.68,8722130200
2020-07-16,63400,-1.25,9999235200
2020-07-17,64700,2.05,7653962000
2020-07-20,65000,0.46,6087590600
2020-07-21,64500,-0.77,5439460500
2020-07-22,62800,-2.64,8361984800
2020-07-23,63100,0.48,4626823300
2020-07-24,62900,-0.32,4799107900
2020-07-27,63700,1.27,3922013500
2020-07-28,63900,0.31,5306527000
2020-07-29,64100,0.31,5411045000
2020-07-30,64900,1.25,6078880700
2020-07-31,62900,-3.08,14816135000
2020-08-03,65600,4.29,19685095700
2020-08-04,64700,-1.37,9561281400
2020-08-05,64500,-0.31,6084878200
2020-08-06,64600,0.16,7510311800
2020-08-07,63600,-1.55,6607241200
2020-08-10,62500,-1.73,7957463400
2020-08-11,61600,-1.44,7956866100
2020-08-12,60100,-2.44,11907552900
2020-08-13,60900,1.33,7374977200
2020-08-14,61300,0.66,4753328900
2020-08-18,58600,-4.4,9855872550
2020-08-19,59100,0.85,5659967500
2020-08-20,56600,-4.23,10975351000
2020-08-21,56800,0.35,5927871100
2020-08-24,58200,2.46,4231395700
2020-08-25,58900,1.2,4347140200
2020-08-26,58900,0.0,4790865700
2020-08-27,59200,0.51,6254781200
2020-08-28,58900,-0.51,4884202700
2020-08-31,58000,-1.53,5051284900
2020-09-01,57400,-1.03,3738588600
2020-09-02,57800,0.7,6462326200
2020-09-03,57500,-0.52,6691393200
2020-09-04,59900,4.17,21119446500
2020-09-07,60200,0.5,17998736700
2020-09-08,58500,-2.82,9382983600
2020-09-09,57900,-1.03,4982263500
2020-09-10,57900,0.0,6093550900
2020-09-11,57700,-0.35,4989226200
2020-09-14,57500,-0.35,6314514600
2020-09-15,59900,4.17,10652041500
2020-09-16,58300,-2.67,8055507000
2020-09-17,57400,-1.54,7882074200
2020-09-18,58000,1.05,4644039600
2020-09-21,57100,-1.55,5019740900
2020-09-22,56200,-1.58,7052129400
2020-09-23,55300,-1.6,6741465200
2020-09-24,51800,-6.33,10399989400
2020-09-25,52000,0.39,6471943100
2020-09-28,54500,4.81,7698909400
2020-09-29,58700,7.71,26258877800
2020-10-05,58500,-0.34,7068824600
2020-10-06,58700,0.34,5070948900
2020-10-07,59100,0.68,4950569800
2020-10-08,59700,1.02,9984354600
2020-10-12,60500,1.34,6955020600
2020-10-13,60000,-0.83,4215147300
2020-10-14,58300,-2.83,5917441500
2020-10-15,58800,0.86,4085878400
2020-10-16,60100,2.21,10375608200
2020-10-19,59300,-1.33,5033287900
2020-10-20,60400,1.85,7782819300
2020-10-21,59700,-1.16,6437290500
2020-10-22,59000,-1.17,5067131100
2020-10-23,59700,1.19,3731945700
2020-10-26,57400,-3.85,5209243000
2020-10-27,58300,1.57,8707894600
2020-10-28,61100,4.8,11997912900
2020-10-29,61000,-0.16,10180609900
2020-10-30,59800,-1.97,29042438200
2020-11-02,63500,6.19,19476700400
2020-11-03,64000,0.79,11408985400
2020-11-04,62900,-1.72,10290475100
2020-11-05,62200,-1.11,6145772900
2020-11-06,61200,-1.61,6423441500
2020-11-09,61900,1.14,5744399800
2020-11-10,59100,-4.52,9269912700
2020-11-11,60900,3.05,5468541800
2020-11-12,60200,-1.15,5983070500
2020-11-13,60200,0.0,2057068200
2020-11-16,59600,-1.0,3398564200
2020-11-17,59000,-1.01,5909731300
2020-11-18,59700,1.19,4795305900
2020-11-19,58600,-1.84,7389822800
2020-11-20,59400,1.37,3521813100
2020-11-23,59800,0.67,3775532000
2020-11-24,59100,-1.17,5880601500
2020-11-25,58200,-1.52,6164110300
2020-11-26,58000,-0.34,4854403100
2020-11-27,58600,1.03,3352098700
2020-11-30,57800,-1.37,3090460300
2020-12-01,57200,-1.04,6798848100
2020-12-02,56400,-1.4,11060451600
2020-12-03,56600,0.35,5902795200
2020-12-04,56600,0.0,5287686400
2020-12-07,55700,-1.59,6995903000
2020-12-08,56900,2.15,8241647800
2020-12-09,57000,0.18,10740238520
2020-12-10,58800,3.16,12366823000
2020-12-11,58800,0.0,6290765100
2020-12-14,58200,-1.02,4558551600
2020-12-15,58300,0.17,4227975900
2020-12-16,58300,0.0,4262762100
2020-12-17,58500,0.34,5198359700
2020-12-18,58400,-0.17,5371874300
2020-12-21,59100,1.2,8249564600
2020-12-22,60200,1.86,17359165500
2020-12-23,59500,-1.16,6519342600
2020-12-24,59800,0.5,6182422100
2020-12-28,60800,1.67,8942438800
2020-12-29,60000,-1.32,7545187800
2020-12-30,60500,0.83,9311286300
2021-01-04,61700,1.98,9826957700
2021-01-05,61000,-1.13,8943406800
2021-01-06,60700,-0.49,7119085600
2021-01-07,60000,-1.15,7250628900
2021-01-08,61500,2.5,14165575500
2021-01-11,61100,-0.65,11913969000
2021-01-12,65700,7.53,35642072700
2021-01-13,67900,3.35,43986304800
2021-01-14,67800,-0.15,9508493100
2021-01-15,66700,-1.62,11692063200
2021-01-18,67100,0.6,10897231400
2021-01-19,67800,1.04,44386869200
2021-01-20,69500,2.51,16416998500
2021-01-21,67900,-2.3,9961543700
2021-01-22,66300,-2.36,7530144700
2021-01-25,65500,-1.21,8267837300
2021-01-26,66700,1.83,9660282300
2021-01-27,66000,-1.05,5742210100
2021-01-28,63800,-3.33,9112643700
2021-01-29,61800,-3.13,9098675900
2021-02-01,62900,1.78,8902000900
2021-02-02,64700,2.86,7962664900
2021-02-03,65900,1.85,6665170300
2021-02-04,65500,-0.61,5744904400
2021-02-05,68400,4.43,16736302000
2021-02-08,74200,8.48,69761272800
2021-02-09,84800,14.29,92902118600
2021-02-10,82700,-2.48,26982868200
2021-02-15,80000,-3.26,20373499500
2021-02-16,85400,6.75,22058185400
2021-02-17,81200,-4.92,12968349400
2021-02-18,82000,0.99,7919051900
2021-02-19,77900,-5.0,16277666850
2021-02-22,76500,-1.8,9995407500
2021-02-23,76100,-0.52,7336016000
2021-02-24,74500,-2.1,9066409100
2021-02-25,77400,3.89,6898414900
2021-02-26,72900,-5.81,11228380200
2021-03-02,77800,6.72,13939681600
2021-03-03,80900,3.98,14896879200
2021-03-04,79700,-1.48,8969226300
2021-03-05,77400,-2.89,7262036100
2021-03-08,76700,-0.9,5654771500
2021-03-09,75500,-1.56,5501157700
2021-03-10,76700,1.59,5345591700
2021-03-11,76500,-0.26,5765665000
2021-03-12,76600,0.13,3572280500
2021-03-15,77400,1.04,3775968900
2021-03-16,76800,-0.78,3119738600
2021-03-17,75900,-1.17,11566311200
2021-03-18,80000,5.4,17360852700
2021-03-19,77000,-3.75,9416851000
2021-03-22,76400,-0.78,4844595100
2021-03-23,76800,0.52,6784184500
2021-03-24,79600,3.65,8976957400
2021-03-25,78700,-1.13,4771279400
2021-03-26,79700,1.27,16778969600
2021-03-29,78800,-1.13,6850311700
2021-03-30,80400,2.03,7578182900
2021-03-31,78500,-2.36,5627979300
2021-04-01,79200,0.89,4907869600
2021-04-02,79500,0.38,6923342700
2021-04-05,78300,-1.51,7339668291
2021-04-06,80000,2.17,7007929100
2021-04-07,79800,-0.25,5507631400
2021-04-08,83200,4.26,21874426200
2021-04-09,81700,-1.8,6643633100
2021-04-12,85500,4.65,13405540100
2021-04-13,86100,0.7,13644237000
2021-04-14,86100,0.0,4189236100
2021-04-15,89900,4.41,15563512300
2021-04-16,87300,-2.89,6912796500
2021-04-19,86000,-1.49,7903439400
2021-04-20,84700,-1.51,8048599800
2021-04-21,89500,5.67,21518122800
2021-04-22,93500,4.47,49083215100
2021-04-23,90900,-2.78,18963896000
2021-04-26,92500,1.76,15301945900
2021-04-27,90000,-2.7,12345652400
2021-04-28,86700,-3.67,10443292300
2021-04-29,87700,1.15,16462884700
2021-04-30,89300,1.82,43275186100
2021-05-03,89500,0.22,20178607800
2021-05-04,90500,1.12,18362500600
2021-05-06,97500,7.73,36810667200
2021-05-07,98500,1.03,18687636100
2021-05-10,97000,-1.52,30979243000
2021-05-11,95000,-2.06,13158148100
2021-05-12,93800,-1.26,12839300500
2021-05-13,91900,-2.03,9365399200
2021-05-14,92100,0.22,8902401500
2021-05-17,91100,-1.09,6735269200
2021-05-18,91700,0.66,3779447400
2021-05-20,95900,4.58,8004411800
2021-05-21,91500,-4.59,7812717300
2021-05-24,93500,2.19,4806961700
2021-05-25,98400,5.24,31017573900
2021-05-26,96600,-1.83,6782114500
2021-05-27,96100,-0.52,8699121100
2021-05-28,95600,-0.52,4275632100
2021-05-31,98400,2.93,8453695500
2021-06-01,97700,-0.71,5308282600
2021-06-02,101300,3.68,15630554000
2021-06-03,110700,9.28,31277993800
2021-06-04,102100,-7.77,25447239800
2021-06-07,99900,-2.15,10139710700
2021-06-08,100500,0.6,6680408900
2021-06-09,103800,3.28,14567066600
2021-06-10,108200,4.24,23775653400
2021-06-11,103800,-4.07,11962055000
2021-06-14,103600,-0.19,6050754400
2021-06-15,104000,0.39,7582913300
2021-06-16,103500,-0.48,6381775800
2021-06-17,105100,1.55,7108133400
2021-06-18,108700,3.43,21970659700
2021-06-21,111600,2.67,14458008000
2021-06-22,109100,-2.24,10864808500
2021-06-23,110700,1.47,22798322700
2021-06-24,115000,3.88,22894807100
2021-06-25,117600,2.26,18275117900
2021-06-28,111600,-5.1,63995656100
2021-06-29,112500,0.81,28849652500
2021-06-30,119000,5.78,29507077600
2021-07-01,122300,2.77,15089787600
2021-07-02,119800,-2.04,11815333600
2021-07-05,120800,0.83,9624345400
2021-07-06,118300,-2.07,13180461500
2021-07-07,118300,0.0,16996931700
2021-07-08,118900,0.51,17653503200
2021-07-09,118100,-0.67,12914081900
2021-07-12,118700,0.51,10436547200
2021-07-13,123200,3.79,14327485800
2021-07-14,123500,0.24,9276763700
2021-07-15,124900,1.13,11560387100
2021-07-16,127200,1.84,9969279500
2021-07-19,126400,-0.63,11479480200
2021-07-20,125500,-0.71,6095587000
2021-07-21,117600,-6.29,22816251000
2021-07-22,118600,0.85,12905569800
2021-07-23,116300,-1.94,11306722300
2021-07-26,127800,9.89,50694607100
2021-07-27,136600,6.89,124101981900
2021-07-28,130600,-4.39,24600601100
2021-07-29,130600,0.0,24589230400
2021-07-30,132400,1.38,26225555600
2021-08-02,132000,-0.3,11710901600
2021-08-03,128400,-2.73,13862320600
2021-08-04,134800,4.98,21853759700
2021-08-05,137100,1.71,19723147200
2021-08-06,138000,0.66,10006056000
2021-08-09,146000,5.8,23880891200
2021-08-10,142700,-2.26,24887173200
2021-08-11,139800,-2.03,13645975500
2021-08-12,144900,3.65,23125943500
2021-08-13,145500,0.41,14624980200
2021-08-17,142100,-2.34,16266029900
2021-08-18,145600,2.46,13193612400
2021-08-19,141900,-2.54,16195070500
2021-08-20,141200,-0.49,18447980300
2021-08-23,144100,2.05,12663458000
2021-08-24,157000,8.95,60508468400
2021-08-25,148700,-5.29,28313749200
2021-08-26,150100,0.94,16110535200
2021-08-27,150000,-0.07,11256791700
2021-08-30,152000,1.33,10631990300
2021-08-31,153300,0.86,10423395700
2021-09-01,154100,0.52,10005960000
2021-09-02,161500,4.8,34458168200
2021-09-03,160600,-0.56,17563926800
2021-09-06,166300,3.55,16333294900
2021-09-07,167200,0.54,15840307800
2021-09-08,163500,-2.21,20357006900
2021-09-09,169500,3.67,16094487900
2021-09-10,165500,-2.36,15796953700
2021-09-13,156500,-5.44,34264717700
2021-09-14,154500,-1.28,25403914500
2021-09-15,153400,-0.71,30525055100
2021-09-16,153100,-0.2,19184079300
2021-09-17,148100,-3.27,18415701000
2021-09-23,149800,1.15,15816782300
2021-09-24,156600,4.54,31788892500
2021-09-27,151000,-3.58,20663874200
2021-09-28,148900,-1.39,13637272100
2021-09-29,146700,-1.48,24061305300
2021-09-30,150600,2.66,13667266700
2021-10-01,144400,-4.12,11498214500
2021-10-05,146100,1.18,13102196400
2021-10-06,142100,-2.74,24553935100
2021-10-07,150500,5.91,21901779800
2021-10-08,147000,-2.33,15508197200
2021-10-12,148600,1.09,9606297900
2021-10-13,149200,0.4,14482731800
2021-10-14,154800,3.75,13800946200
2021-10-15,156000,0.78,10906528800
2021-10-18,161800,3.72,20517137300
2021-10-19,170900,5.62,28293875700
2021-10-20,169800,-0.64,20903148400
2021-10-21,165900,-2.3,18116890600
2021-10-22,163900,-1.21,9292793700
2021-10-25,164900,0.61,8363356300
2021-10-26,172200,4.43,18600582300
2021-10-27,176500,2.5,21330177400
2021-10-28,176000,-0.28,21907552600
2021-10-29,193000,9.66,78543425500
2021-11-01,206900,7.2,82874305300
2021-11-02,213700,3.29,75746189000
2021-11-03,216600,1.36,67777301900
2021-11-04,221000,2.03,50374048386
2021-11-05,225200,1.9,31275675000
2021-11-08,228500,1.47,26938916500
2021-11-09,237000,3.72,48202646100
2021-11-10,226000,-4.64,38963334000
2021-11-11,220500,-2.43,74372939900
2021-11-12,220100,-0.18,39250443300
2021-11-15,223400,1.5,31634081000
2021-11-16,235600,5.46,37322493300
2021-11-17,229400,-2.63,34481198300
2021-11-18,227800,-0.7,17552253600
2021-11-19,221000,-2.99,21414163400
2021-11-22,218200,-1.27,25793484200
2021-11-23,209600,-3.94,32290440600
2021-11-24,210600,0.48,22705710000
2021-11-25,203900,-3.18,17084004000
2021-11-26,208400,2.21,15054074700
2021-11-29,203500,-2.35,10857726400
2021-11-30,204100,0.29,18437082000
2021-12-01,195100,-4.41,23744475100
2021-12-02,196000,0.46,24991203500
2021-12-03,200500,2.3,15098781000
2021-12-06,189000,-5.74,29069290100
2021-12-07,198200,4.87,22245734100
2021-12-08,204100,2.98,31323770200
2021-12-09,214400,5.05,37188647700
2021-12-10,206000,-3.92,20649545500
2021-12-13,201400,-2.23,16380510800
2021-12-14,201400,0.0,12971971800
2021-12-15,199100,-1.14,11512387200
2021-12-16,200500,0.7,20733318800
2021-12-17,191800,-4.34,29454209300
2021-12-20,194800,1.56,15508577300
2021-12-21,200900,3.13,24009403800
2021-12-22,201000,0.05,11309594100
2021-12-23,203600,1.29,10288790600
2021-12-24,201400,-1.08,9382752100
2021-12-27,205000,1.79,10889719700
2021-12-28,209100,2.0,20033523300
2021-12-29,200800,-3.97,21494785600
2021-12-30,202700,0.95,9159533700
2022-01-03,202900,0.1,5511674600
2022-01-04,190100,-6.31,22634064500
2022-01-05,182000,-4.26,21891299100
2022-01-06,170100,-6.54,31885177100
2022-01-07,170400,0.18,15410917200
2022-01-10,165900,-2.64,21229013200
2022-01-11,164200,-1.02,16989975400
2022-01-12,168300,2.5,18429991000
2022-01-13,161200,-4.22,15706474500
2022-01-14,151300,-6.14,40508286400
2022-01-17,161900,7.01,35173643700
2022-01-18,162300,0.25,15670515000
2022-01-19,162800,0.31,14755044400
2022-01-20,167100,2.64,31735788900
2022-01-21,167000,-0.06,35944683100
2022-01-24,159000,-4.79,17167621300
2022-01-25,158500,-0.31,18409296000
2022-01-26,151500,-4.42,16551872000
2022-01-27,155500,2.64,24132483400
2022-01-28,153000,-1.61,20198016700
2022-02-03,145500,-4.9,43597900600
2022-02-04,147500,1.37,33635090400
2022-02-07,153100,3.8,26755811800
2022-02-08,148300,-3.14,16136168100
2022-02-09,152400,2.76,16246630000
2022-02-10,151300,-0.72,53137157600
2022-02-11,142200,-6.01,35367658600
2022-02-14,143000,0.56,18977903500
2022-02-15,139600,-2.38,13669653600
2022-02-16,143300,2.65,13829552900
2022-02-17,145300,1.4,24657376800
2022-02-18,140600,-3.23,25034008500
2022-02-21,142300,1.21,14534921900
2022-02-22,136000,-4.43,29075962900
2022-02-23,136600,0.44,16274008000
2022-02-24,136300,-0.22,17065599300
2022-02-25,137800,1.1,17266688200
2022-02-28,139200,1.02,8955205900
2022-03-02,135200,-2.87,31612839800
2022-03-03,151000,11.69,57705107900
2022-03-04,145200,-3.84,31087684800
2022-03-07,144300,-0.62,25606213800
2022-03-08,146300,1.39,31397073300
2022-03-10,148100,1.23,51989612800
2022-03-11,157000,6.01,51145081500
2022-03-14,156100,-0.57,24311186800
2022-03-15,145500,-6.79,47176520700
2022-03-16,149100,2.47,26880137000
2022-03-17,158300,6.17,43186340000
2022-03-18,156300,-1.26,15753472600
2022-03-21,154800,-0.96,13701696800
2022-03-22,153500,-0.84,13112695000
2022-03-23,154300,0.52,25416943600
2022-03-24,153400,-0.58,12178966200
2022-03-25,148200,-3.39,27184058500
2022-03-28,142900,-3.58,33846689800
2022-03-29,143200,0.21,16977020200
2022-03-30,150000,4.75,39098663800
2022-03-31,148000,-1.33,15389097200
2022-04-01,149500,1.01,13781733300
2022-04-04,153600,2.74,18885452100
2022-04-05,152000,-1.04,12944351900
2022-04-06,146500,-3.62,24147869300
2022-04-07,141400,-3.48,19004265700
2022-04-08,146000,3.25,11851108900
2022-04-11,142400,-2.47,11931190000
2022-04-12,140900,-1.05,8426157100
2022-04-13,140000,-0.64,10406039300
2022-04-14,148000,5.71,32639008900
2022-04-15,145000,-2.03,9236816900
2022-04-18,141800,-2.21,8666165300
2022-04-19,141700,-0.07,8608245800
2022-04-20,140600,-0.78,10686406500
2022-04-21,135900,-3.34,25261242700
2022-04-22,134700,-0.88,24019260300
2022-04-25,130500,-3.12,9753669800
2022-04-26,130000,-0.38,9389997100
2022-04-27,123900,-4.69,24538142900
2022-04-28,124200,0.24,12136759100
2022-04-29,110000,-11.43,84084808900
2022-05-02,107800,-2.0,42775409400
2022-05-03,108300,0.46,19382539900
2022-05-04,107200,-1.02,12602074600
2022-05-06,103500,-3.45,23945065400
2022-05-09,102000,-1.45,10937414200
2022-05-10,102000,0.0,18790670500
2022-05-11,101900,-0.1,9505928200
2022-05-12,97400,-4.42,19421809900
2022-05-13,98700,1.33,11523831000
2022-05-16,99000,0.3,15782090000
2022-05-17,101500,2.53,14579041900
2022-05-18,101400,-0.1,11092991300
2022-05-19,99300,-2.07,11566636700
2022-05-20,102900,3.63,10690050400
2022-05-23,102500,-0.39,7319990600
2022-05-24,98200,-4.2,12274686500
2022-05-25,101200,3.05,12292057100
2022-05-26,105300,4.05,36969300900
2022-05-27,104000,-1.23,21172808400
2022-05-30,108000,3.85,19843944900
2022-05-31,107300,-0.65,14118978500
2022-06-02,107000,-0.28,9067112300
2022-06-03,111100,3.83,23033843100
2022-06-07,108000,-2.79,11395302700
2022-06-08,110300,2.13,10409052000
2022-06-09,109400,-0.82,7626038900
2022-06-10,109000,-0.37,7584026800
2022-06-13,105100,-3.58,18382207600
2022-06-14,103200,-1.81,15889713600
2022-06-15,98200,-4.84,26146932900
2022-06-16,98100,-0.1,8650149200
2022-06-17,97600,-0.51,13252346200
2022-06-20,94300,-3.38,11364404200
2022-06-21,94100,-0.21,4862825300
2022-06-22,87000,-7.55,20769894300
2022-06-23,84800,-2.53,14057245600
2022-06-24,88500,4.36,12931400000
2022-06-27,89100,0.68,12825610500
2022-06-28,87000,-2.36,12462191200
2022-06-29,82000,-5.75,25685199800
2022-06-30,80100,-2.32,11999661400
2022-07-01,79000,-1.37,12002334100
2022-07-04,77900,-1.39,8548803000
2022-07-05,80400,3.21,9486674500
2022-07-06,82500,2.61,18501727300
2022-07-07,82200,-0.36,7715054400
2022-07-08,83400,1.46,8760777800
2022-07-11,81500,-2.28,6921681100
2022-07-12,79200,-2.82,8463866100
2022-07-13,82400,4.04,8672279700
2022-07-14,82800,0.49,7849323600
2022-07-15,82100,-0.85,7293144800
2022-07-18,85500,4.14,10395722700
2022-07-19,84400,-1.29,6959609000
2022-07-20,85200,0.95,27580748100
2022-07-21,89600,5.16,33359644100
2022-07-22,87400,-2.46,16662280100
2022-07-25,87200,-0.23,10321597100
2022-07-26,82000,-5.96,25873429600
2022-07-27,80900,-1.34,11061438800
2022-07-28,81100,0.25,13786937100
2022-07-29,87100,7.4,37600856700
2022-08-01,86300,-0.92,17499237100
2022-08-02,82800,-4.06,16392491800
2022-08-03,86300,4.23,20276313200
2022-08-04,91700,6.26,36045834600
2022-08-05,92700,1.09,19348755300
2022-08-08,88700,-4.31,14579350500
2022-08-09,88600,-0.11,10929257600
2022-08-10,83400,-5.87,25466418200
2022-08-11,83500,0.12,24596338700
2022-08-12,84000,0.6,14449218000
2022-08-16,83600,-0.48,11805520100
2022-08-17,84000,0.48,9399484000
2022-08-18,83700,-0.36,22140771400
2022-08-19,81400,-2.75,10662173200
2022-08-22,79200,-2.7,10839217100
2022-08-23,77800,-1.77,9883866900
2022-08-24,77700,-0.13,11102216100
2022-08-25,80300,3.35,7858105600
2022-08-26,78400,-2.37,9684116100
2022-08-29,75700,-3.44,14081808400
2022-08-30,76000,0.4,13223701500
2022-08-31,76900,1.18,11255962600
2022-09-01,74100,-3.64,13101098100
2022-09-02,74200,0.13,8252131800
2022-09-05,73000,-1.62,7828647300
2022-09-06,73900,1.23,4821546600
2022-09-07,70600,-4.47,12044741300
2022-09-08,70800,0.28,20604299800
2022-09-13,75300,6.36,21015566800
2022-09-14,71800,-4.65,10286206400
2022-09-15,71100,-0.97,6283439300
2022-09-16,70800,-0.42,4688642900
2022-09-19,68300,-3.53,8165718400
2022-09-20,69100,1.17,5187511600
2022-09-21,68900,-0.29,5590344400
2022-09-22,65700,-4.64,15801732600
2022-09-23,64800,-1.37,7757715900
2022-09-26,62400,-3.7,11504091600
2022-09-27,63600,1.92,8927721300
2022-09-28,61500,-3.3,7858628300
2022-09-29,63500,3.25,14373091400
2022-09-30,63600,0.16,10731695100
2022-10-04,70400,10.69,27042523800
2022-10-05,72600,3.13,54525764700
2022-10-06,75700,4.27,34249661500
2022-10-07,75500,-0.26,35080686200
2022-10-11,72400,-4.11,22144406000
2022-10-12,72200,-0.28,18267779100
2022-10-13,71300,-1.25,20094602500
2022-10-14,76700,7.57,32532117900
2022-10-17,74000,-3.52,19338314300
2022-10-18,79900,7.97,42025867800
2022-10-19,77600,-2.88,26933942600
2022-10-20,73000,-5.93,26435927700
2022-10-21,73400,0.55,10401104500
2022-10-24,76900,4.77,13465847800
2022-10-25,76000,-1.17,15750924900
2022-10-26,76200,0.26,14305272900
2022-10-27,78900,3.54,17771952000
2022-10-28,81400,3.17,52022322000
2022-10-31,79600,-2.21,35852009200
2022-11-01,77000,-3.27,28080290400
2022-11-02,70900,-7.92,47450769100
2022-11-03,71000,0.14,17667283500
2022-11-04,68700,-3.24,33028291300
2022-11-07,72800,5.97,26912301300
2022-11-08,74700,2.61,22933878300
2022-11-09,74300,-0.54,15144683400
2022-11-10,87400,17.63,277001871300
2022-11-11,93000,6.41,189753894600
2022-11-14,96000,3.23,147838182900
2022-11-15,94300,-1.77,49691269900
2022-11-16,93900,-0.42,43413584000
2022-11-17,90200,-3.94,40091618300
2022-11-18,88900,-1.44,27868579000
2022-11-21,86400,-2.81,36054677200
2022-11-22,86600,0.23,32755468700
2022-11-23,93500,7.97,57089741800
2022-11-24,92800,-0.75,38480443400
2022-11-25,90800,-2.16,28030059000
2022-11-28,87700,-3.41,22133748800
2022-11-29,87100,-0.68,22999004900
2022-11-30,86000,-1.26,18371228400
2022-12-01,89000,3.49,28595293900
2022-12-02,88200,-0.9,13712454300
2022-12-05,88200,0.0,23409749200
2022-12-06,83800,-4.99,33814584500
2022-12-07,87800,4.77,38526164200
2022-12-08,88200,0.46,23184762700
2022-12-09,87100,-1.25,29654971500
2022-12-12,86700,-0.46,14686203500
2022-12-13,81500,-6.0,34222782100
2022-12-14,81900,0.49,17682674100
2022-12-15,78600,-4.03,25360008000
2022-12-16,78100,-0.64,11329489500
2022-12-19,79500,1.79,11971664400
2022-12-20,77300,-2.77,10471942100
2022-12-21,76200,-1.42,12379578300
2022-12-22,76200,0.0,12185554900
2022-12-23,73400,-3.67,21931186600
2022-12-26,73400,0.0,9440382400
2022-12-27,73400,0.0,9768035900
2022-12-28,73900,0.68,11259048700
2022-12-29,71100,-3.79,9894407700
2023-01-02,67700,-4.78,11408561600
2023-01-03,73000,7.83,19816975200
2023-01-04,75000,2.74,12591417600
2023-01-05,77000,2.67,32751000600
2023-01-06,74400,-3.38,12211113700
2023-01-09,74500,0.13,18416100900
2023-01-10,75800,1.74,16191987200
2023-01-11,77200,1.85,11287147100
2023-01-12,78400,1.55,11407121200
2023-01-13,77100,-1.66,8110605700
2023-01-16,78200,1.43,11485480400
2023-01-17,76200,-2.56,8890996300
2023-01-18,76600,0.52,7945861300
2023-01-19,76900,0.39,7576681000
2023-01-20,75700,-1.56,5703541400
2023-01-25,76900,1.59,11168842400
2023-01-26,80200,4.29,23905407500
2023-01-27,79700,-0.62,10808283600
2023-01-30,79300,-0.5,12086586400
2023-01-31,79400,0.13,9929849100
2023-02-01,83300,4.91,36510205700
2023-02-02,89400,7.32,46699750100
2023-02-03,88500,-1.01,21000465200
2023-02-06,88500,0.0,19935910100
2023-02-07,89400,1.02,24553953800
2023-02-08,95200,6.49,50838358400
2023-02-09,91000,-4.41,42749262800
2023-02-10,93500,2.75,43133726000
2023-02-13,90500,-3.21,17216119500
2023-02-14,91600,1.22,12850262600
2023-02-15,90700,-0.98,14375492300
2023-02-16,93300,2.87,18203474500
2023-02-17,90400,-3.11,15618967200
2023-02-20,91600,1.33,11279339400
2023-02-21,90400,-1.31,12139815400
2023-02-22,88800,-1.77,10298331300
2023-02-23,88800,0.0,16645695800
2023-02-24,88700,-0.11,11900812100
2023-02-27,88200,-0.56,12553840800
2023-02-28,89300,1.25,12833444400
2023-03-02,87000,-2.58,16565251800
2023-03-03,86700,-0.34,11073470500
2023-03-06,89000,2.65,10733068000
2023-03-07,86000,-3.37,11194592600
2023-03-08,86000,0.0,15315008500
2023-03-09,85400,-0.7,11105037800
2023-03-10,82300,-3.63,12198159300
2023-03-13,83700,1.7,8904691500
2023-03-14,80100,-4.3,11212259800
2023-03-15,78500,-2.0,11133687900
2023-03-16,80700,2.8,9900509200
2023-03-17,81400,0.87,7835232900
2023-03-20,81000,-0.49,5389945700
2023-03-21,80600,-0.49,4633192900
2023-03-22,81100,0.62,7547035900
2023-03-23,78200,-3.58,15954313100
2023-03-24,79600,1.79,10756843000
2023-03-27,77700,-2.39,10015639400
2023-03-28,77100,-0.77,11896515600
2023-03-29,76800,-0.39,7324088700
2023-03-30,78300,1.95,9763601100
2023-03-31,84800,8.3,76922673200
2023-04-03,87500,3.18,60515494000
2023-04-04,86100,-1.6,19812260500
2023-04-05,86400,0.35,18945591700
2023-04-06,81000,-6.25,23511770700
2023-04-07,80800,-0.25,13239521900
2023-04-10,79700,-1.36,12384860000
2023-04-11,79800,0.13,14308731100
2023-04-12,78700,-1.38,10092636800
2023-04-13,78600,-0.13,11397198000
2023-04-14,79000,0.51,23286479700
2023-04-17,77900,-1.39,17560617200
2023-04-18,77200,-0.9,13757892200
2023-04-19,76800,-0.52,10631084800
2023-04-20,75100,-2.21,14474144300
2023-04-21,74800,-0.4,11661457100
2023-04-24,73200,-2.14,6867724600
2023-04-25,72800,-0.55,6544046000
2023-04-26,76100,4.53,15141135800
2023-04-27,77800,2.23,22020353500
2023-04-28,77500,-0.39,26981482800
2023-05-02,78400,1.16,12317782300
2023-05-03,78400,0.0,6958048400
2023-05-04,78100,-0.38,6914496200
2023-05-08,78100,0.0,6270129000
2023-05-09,77700,-0.51,4927654700
2023-05-10,76700,-1.29,6908526100
2023-05-11,77400,0.91,5445072500
2023-05-12,80300,3.75,23186889100
2023-05-15,78000,-2.86,8502119800
2023-05-16,75700,-2.95,8788310500
2023-05-17,78500,3.7,8173162800
2023-05-18,77600,-1.15,3719343900
2023-05-19,79400,2.32,9554548600
2023-05-22,78600,-1.01,6344875900
2023-05-23,78800,0.25,5042712200
2023-05-24,77000,-2.28,7713209300
2023-05-25,77600,0.78,6019449500
2023-05-26,75400,-2.84,8106067700
2023-05-30,75900,0.66,4125707300
2023-05-31,75200,-0.92,4800369500
2023-06-01,75400,0.27,3469127300
2023-06-02,75300,-0.13,4648142300
2023-06-05,75300,0.0,5837465800
2023-06-07,83000,10.23,56031040800
2023-06-08,81600,-1.69,18367772300
2023-06-09,79600,-2.45,15955687200
2023-06-12,80600,1.26,7727237800
2023-06-13,80400,-0.25,8301217300
2023-06-14,78600,-2.24,10980753900
2023-06-15,76800,-2.29,9984841400
2023-06-16,77100,0.39,6843932300
2023-06-19,77500,0.52,4717340900
2023-06-20,75900,-2.06,11464181000
2023-06-21,74100,-2.37,11359985400
2023-06-22,73500,-0.81,5793544300
2023-06-23,72900,-0.82,7758287300
2023-06-26,72900,0.0,7521092900
2023-06-27,72900,0.0,8251666600
2023-06-28,73600,0.96,6554775700
2023-06-29,73700,0.14,6036609900
2023-06-30,73200,-0.68,7473634400
2023-07-03,74800,2.19,7917098500
2023-07-04,75700,1.2,12569848500
2023-07-05,74200,-1.98,7949258000
2023-07-06,73800,-0.54,9073111500
2023-07-07,71000,-3.79,18663771400
2023-07-10,69100,-2.68,9146285600
2023-07-11,70600,2.17,5456365600
2023-07-12,71200,0.85,4833015600
2023-07-13,72000,1.12,14127773200
2023-07-14,71700,-0.42,6777934900
2023-07-17,70400,-1.81,10578419700
2023-07-18,69100,-1.85,19054305400
2023-07-19,67900,-1.74,15510414300
2023-07-20,68900,1.47,7055885900
2023-07-21,68300,-0.87,6499967800
2023-07-24,65400,-4.25,15359705800
2023-07-25,64200,-1.83,13436762000
2023-07-26,62200,-3.12,16964518800
2023-07-27,66500,6.91,14174201500
2023-07-28,70100,5.41,18725639900
2023-07-31,73000,4.14,36977868200
2023-08-01,85400,16.99,116384502800
2023-08-02,82400,-3.51,43070968900
2023-08-03,83600,1.46,43282656800
2023-08-04,81300,-2.75,23624054300
2023-08-07,82000,0.86,25011221100
2023-08-08,84500,3.05,36758219300
2023-08-09,84200,-0.36,15839338000
2023-08-10,84200,0.0,10442972800
2023-08-11,82900,-1.54,9865677900
2023-08-14,82300,-0.72,9204278900
2023-08-16,83000,0.85,11441877600
2023-08-17,83900,1.08,16402731900
2023-08-18,80200,-4.41,18648134300
2023-08-21,78400,-2.24,9563691000
2023-08-22,80700,2.93,10836482400
2023-08-23,81900,1.49,10368804100
2023-08-24,82700,0.98,6217709000
2023-08-25,78800,-4.72,10428470200
2023-08-28,79300,0.63,3789704900
2023-08-29,81100,2.27,4999165100
2023-08-30,80800,-0.37,5337159700
2023-08-31,81700,1.11,8756864300
2023-09-01,82200,0.61,8692767600
2023-09-04,83200,1.22,5958214800
2023-09-05,90400,8.65,51001605300
2023-09-06,88400,-2.21,17451509100
2023-09-07,88800,0.45,20894524100
2023-09-08,90400,1.8,25165477200
2023-09-11,88800,-1.77,9520712800
2023-09-12,90100,1.46,15433726000
2023-09-13,93900,4.22,31482580600
2023-09-14,92200,-1.81,24994825000
2023-09-15,90900,-1.41,11952855600
2023-09-18,90200,-0.77,8093823800
2023-09-19,88900,-1.44,7230590000
2023-09-20,88300,-0.67,5483986300
2023-09-21,85800,-2.83,8572745200
2023-09-22,85100,-0.82,7317482700
2023-09-25,84900,-0.24,5036313800
2023-09-26,85300,0.47,8485490900
2023-09-27,84100,-1.41,5603881900
2023-10-04,81500,-3.09,8743469800
2023-10-05,80300,-1.47,6442153900
2023-10-06,79900,-0.5,5358925000
2023-10-10,77400,-3.13,8317767500
2023-10-11,77200,-0.26,5222293300
2023-10-12,74500,-3.5,21614590400
2023-10-13,75100,0.81,8241667900
2023-10-16,72800,-3.06,10347615400
2023-10-17,75600,3.85,14709166500
2023-10-18,74100,-1.98,10390429800
2023-10-19,72200,-2.56,9835216600
2023-10-20,72900,0.97,10097988200
2023-10-23,72600,-0.41,5712940600
2023-10-24,75000,3.31,7285217100
2023-10-25,75500,0.67,8834374600
2023-10-26,74100,-1.85,6595342300
2023-10-27,74900,1.08,7654749800
2023-10-30,78000,4.14,10793852900
2023-10-31,66900,-14.23,51817864000
2023-11-01,63300,-5.38,30613940100
2023-11-02,63700,0.63,20201379700
2023-11-03,64800,1.73,18757309700
2023-11-06,67500,4.17,24780118700
2023-11-07,64900,-3.85,13776009300
2023-11-08,64400,-0.77,10282704900
2023-11-09,65200,1.24,8121559600
2023-11-10,66000,1.23,7541017600
2023-11-13,65600,-0.61,8514143100
2023-11-14,65600,0.0,9921100300
2023-11-15,66100,0.76,8734121400
2023-11-16,64800,-1.97,13119001100
2023-11-17,64900,0.15,6804636000
2023-11-20,66600,2.62,7306684100
2023-11-21,65000,-2.4,15047880400
2023-11-22,64200,-1.23,15749002000
2023-11-23,64300,0.16,6611969300
2023-11-24,64200,-0.16,5945185700
2023-11-27,63400,-1.25,6590262300
2023-11-28,63800,0.63,5292820500
2023-11-29,66900,4.86,45754178700
2023-11-30,66700,-0.3,28758634400
2023-12-01,65500,-1.8,14877247300
2023-12-04,65300,-0.31,15797359200
2023-12-05,64200,-1.68,16927884900
2023-12-06,83400,29.91,390342525900
2023-12-07,76600,-8.15,189197005400
2023-12-08,75500,-1.44,76081007900
2023-12-11,76300,1.06,73691952600
2023-12-12,74300,-2.62,35592383100
2023-12-13,72600,-2.29,26734755200
2023-12-14,73700,1.52,24787679300
2023-12-15,72800,-1.22,29257150700
2023-12-18,77000,5.77,43590497200
2023-12-19,78800,2.34,107304856600
2023-12-20,81500,3.43,82286899100
2023-12-21,80400,-1.35,25936438200
2023-12-22,77200,-3.98,26338578100
2023-12-26,82600,6.99,127061923100
2023-12-27,87000,5.33,78961601400
2023-12-28,85600,-1.61,32001353000
2024-01-02,84700,-1.05,18141058800
2024-01-03,86000,1.53,26333482500
2024-01-04,85900,-0.12,23138644200
2024-01-05,85200,-0.81,13423935600
2024-01-08,98800,15.96,420647481400
2024-01-09,106800,8.1,248530280100
2024-01-10,100600,-5.81,59459898500
2024-01-11,101100,0.5,44141472700
2024-01-12,99600,-1.48,34347588000
2024-01-15,104200,4.62,60379321200
2024-01-16,100700,-3.36,32689644300
2024-01-17,105000,4.27,148138169400
2024-01-18,104800,-0.19,73081257300
2024-01-19,108000,3.05,41280855800
2024-01-22,103400,-4.26,43775757400
2024-01-23,105000,1.55,25834276100
2024-01-24,106600,1.52,19035925800
2024-01-25,112400,5.44,88971425100
2024-01-26,111800,-0.53,23010846100
2024-01-29,103500,-7.42,41499390000
2024-01-30,104600,1.06,28468486200
2024-01-31,104100,-0.48,19651288900
2024-02-01,100800,-3.17,26652836600
2024-02-02,107100,6.25,31938748400
2024-02-05,111900,4.48,56979186000
2024-02-06,108100,-3.4,27439820300
2024-02-07,105300,-2.59,20126073800
2024-02-08,110700,5.13,26139351200
2024-02-13,114500,3.43,31364876400
2024-02-14,118000,3.06,51500640400
2024-02-15,121500,2.97,83451653100
2024-02-16,121600,0.08,32036362500
2024-02-19,120500,-0.9,20176968600
2024-02-20,118500,-1.66,31784228300
2024-02-21,117400,-0.93,21939092400
2024-02-22,125000,6.47,36956144200
2024-02-23,126000,0.8,29486827300
2024-02-26,122900,-2.46,23169784142
2024-02-27,129300,5.21,48350833300
2024-02-28,129900,0.46,85487664400
2024-02-29,128400,-1.15,25035524600
2024-03-04,120200,-6.39,39573792700
2024-03-05,121500,1.08,29019966200
2024-03-06,118700,-2.3,21451995000
2024-03-07,111500,-6.07,48963499200
2024-03-08,116000,4.04,23723956800
2024-03-11,121900,5.09,27799656700
2024-03-12,122100,0.16,15282701100
2024-03-13,127500,4.42,21441371800
2024-03-14,125000,-1.96,21470545600
2024-03-15,124000,-0.8,16267657300
2024-03-18,125800,1.45,14957811600
2024-03-19,121600,-3.34,8534630500
2024-03-20,123400,1.48,9439785400
2024-03-21,126000,2.11,16612872200
2024-03-22,126300,0.24,14758900250
2024-03-25,125100,-0.95,11054688700
2024-03-26,125500,0.32,9687777100
2024-03-27,125300,-0.16,14155208500
2024-03-28,123100,-1.76,9976182773
2024-03-29,117700,-4.39,18356950200
2024-04-01,122700,4.25,11854691500
2024-04-02,117900,-3.91,17784823200
2024-04-03,117100,-0.68,12926537800
2024-04-04,114900,-1.88,10032140900
2024-04-05,109300,-4.87,21561811100
2024-04-08,112600,3.02,14888385600
2024-04-09,116100,3.11,12891180100
2024-04-11,111200,-4.22,9107432500
2024-04-12,110300,-0.81,12308419400
2024-04-15,110300,0.0,7920779800
2024-04-16,112500,1.99,9876225800
2024-04-17,109900,-2.31,10011459100
2024-04-18,113900,3.64,8614664400
2024-04-19,112600,-1.14,9803437500
2024-04-22,115000,2.13,8593110500
2024-04-23,119600,4.0,21257147700
2024-04-24,119000,-0.5,10199411700
2024-04-25,119000,0.0,8025991100
2024-04-26,122200,2.69,16398986128
2024-04-29,118300,-3.19,35337132300
2024-04-30,112800,-4.65,23122824200
2024-05-02,109400,-3.01,16510138500
2024-05-03,111200,1.65,10512312500
2024-05-07,111700,0.45,7810009900
2024-05-08,112800,0.98,11116060900
2024-05-09,107500,-4.7,12655701900
2024-05-10,107000,-0.47,9450944700
2024-05-13,104600,-2.24,8522454400
2024-05-14,109100,4.3,8256704200
2024-05-16,110000,0.82,4574068600
2024-05-17,110000,0.0,6774680400
2024-05-20,109200,-0.73,3721054800
2024-05-21,110400,1.1,5949434300
2024-05-22,111200,0.72,19271344800
2024-05-23,114700,3.15,9684397700
2024-05-24,112600,-1.83,10689542900
2024-05-27,116200,3.2,11242546500
2024-05-28,114000,-1.89,6639301700
2024-05-29,115100,0.96,9577836600
2024-05-30,114300,-0.7,5139563900
2024-05-31,111200,-2.71,11724787900
2024-06-03,106400,-4.32,9196101300
2024-06-04,113000,6.2,19522878500
2024-06-05,108300,-4.16,9753480700
2024-06-07,115900,7.02,15880159500
2024-06-10,110500,-4.66,16130301100
2024-06-11,110200,-0.27,5164709200
2024-06-12,111600,1.27,5318341900
2024-06-13,109800,-1.61,9334219000
2024-06-14,108500,-1.18,6142548300
2024-06-17,105900,-2.4,11277139100
2024-06-18,104800,-1.04,9126092000
2024-06-19,105800,0.95,7138527600
2024-06-20,117000,10.59,40829840600
2024-06-21,116000,-0.85,12232433500
2024-06-24,116700,0.6,17602824600
2024-06-25,110500,-5.31,9470944000
2024-06-26,117200,6.06,12391753100
2024-06-27,120600,2.9,21090224000
2024-06-28,131300,8.87,83284694600
2024-07-01,137000,4.34,56223309500
2024-07-02,131100,-4.31,21889907900
2024-07-03,127000,-3.13,15862610100
2024-07-04,123800,-2.52,16001912200
2024-07-05,126200,1.94,12959614100
2024-07-08,132800,5.23,18927513300
2024-07-09,129600,-2.41,13593808200
2024-07-10,136200,5.09,16816722400
2024-07-11,134600,-1.17,22527112800
2024-07-12,136700,1.56,20869920700
2024-07-15,129600,-5.19,17087099900
2024-07-16,127700,-1.47,9785787500
2024-07-17,127500,-0.16,13430528500
2024-07-18,124400,-2.43,9716668300
2024-07-19,124600,0.16,9016152600
2024-07-22,123900,-0.56,5297451400
2024-07-23,121000,-2.34,7461797600
2024-07-24,123700,2.23,9786426000
2024-07-25,121600,-1.7,9218297400
2024-07-26,118100,-2.88,10406004900
2024-07-29,125800,6.52,15069575700
2024-07-30,119100,-5.33,13409124400
2024-07-31,103500,-13.1,67423255500
2024-08-01,98700,-4.64,62969905100
2024-08-02,98100,-0.61,29476175900
2024-08-05,89600,-8.66,21760843000
2024-08-06,98200,9.6,16888325900
2024-08-07,101900,3.77,16131354700
2024-08-08,100200,-1.67,8156449700
2024-08-09,103900,3.69,12967387500
2024-08-12,104500,0.58,11146389900
2024-08-13,103300,-1.15,6343339800
2024-08-14,101000,-2.23,10015797000
2024-08-16,102600,1.58,11368581100
2024-08-19,102000,-0.58,8081199600
2024-08-20,109500,7.35,38745093000
2024-08-21,111200,1.55,14441952700
2024-08-22,107400,-3.42,12591940800
2024-08-23,104000,-3.17,9355407300
2024-08-26,105600,1.54,12846794700
2024-08-27,103600,-1.89,7566589800
2024-08-28,101200,-2.32,7627910100
2024-08-29,99600,-1.58,4715225000
2024-08-30,102600,3.01,7892014200
2024-09-02,104700,2.05,9443413100
2024-09-03,102900,-1.72,6825605300
2024-09-04,100100,-2.72,6220061300
2024-09-05,100300,0.2,4318551100
2024-09-06,97800,-2.49,5661726000
2024-09-09,102300,4.6,6880970600
2024-09-10,98800,-3.42,6024051800
2024-09-11,100600,1.82,8824994600
2024-09-12,98700,-1.89,7646694400
2024-09-13,98800,0.1,5470120700
2024-09-19,100100,1.32,7404838800
2024-09-20,102000,1.9,7158177700
2024-09-23,103800,1.76,3875124900
2024-09-24,102700,-1.06,8867526800
2024-09-25,103600,0.88,8238376800
2024-09-26,105800,2.12,5617053100
2024-09-27,102000,-3.59,14966689500
2024-09-30,100300,-1.67,5585953400
2024-10-02,99100,-1.2,5277414700
2024-10-04,100400,1.31,2674149600
2024-10-07,99100,-1.29,5672744000
2024-10-08,97000,-2.12,6276326900
2024-10-10,94300,-2.78,8236981500
2024-10-11,96200,2.01,6647070200
2024-10-14,96900,0.73,5079945300
2024-10-15,96900,0.0,6416478700
2024-10-16,95300,-1.65,4925261200
2024-10-17,93700,-1.68,3975371800
2024-10-18,90600,-3.31,10703477400
2024-10-21,91900,1.43,4134630800
2024-10-22,90700,-1.31,6179818200
2024-10-23,90700,0.0,4006205700
2024-10-24,89700,-1.1,4038100800
2024-10-25,88900,-0.89,4348065900
2024-10-28,90500,1.8,4100608000
2024-10-29,88300,-2.43,6050288300
2024-10-30,90000,1.93,5211760800
2024-10-31,96000,6.67,15520211400
2024-11-01,94500,-1.56,10097752700
2024-11-04,99400,5.19,9924268600
2024-11-05,94500,-4.93,9909490700
2024-11-06,93900,-0.63,5418920100
2024-11-07,94000,0.11,4139403200
2024-11-08,93100,-0.96,2908309500
2024-11-11,90400,-2.9,4707839400
2024-11-12,95800,5.97,11912673700
2024-11-13,96300,0.52,6691606500
2024-11-14,97700,1.45,9438434300
2024-11-15,98100,0.41,6092962000
2024-11-18,98400,0.31,4191443400
2024-11-19,96800,-1.63,3030043500
2024-11-20,96600,-0.21,3837266400
2024-11-21,96600,0.0,5175045800
2024-11-22,96500,-0.1,3714579700
2024-11-25,98100,1.66,4331060300
2024-11-26,106900,8.97,23643582800
2024-11-27,107800,0.84,17007477400
2024-11-28,107000,-0.74,8852618600
2024-11-29,110300,3.08,13522220200
2024-12-02,108200,-1.9,8309387800
2024-12-03,105200,-2.77,12365577200
2024-12-04,105000,-0.19,9626930500
2024-12-05,106100,1.05,12584773600
2024-12-06,107000,0.85,13964367300
2024-12-09,102200,-4.49,8671486000
2024-12-10,101200,-0.98,8422666500
2024-12-11,98200,-2.96,18344222900
2024-12-12,99400,1.22,11944559300
2024-12-13,102900,3.52,9512751300
2024-12-16,98200,-4.57,10674924200
2024-12-17,99800,1.63,6507870200
2024-12-18,98500,-1.3,12561343000
2024-12-19,95600,-2.94,6563259300
2024-12-20,91600,-4.18,9137944200
2024-12-23,93100,1.64,3790037200
2024-12-24,92700,-0.43,4165798000
2024-12-26,92500,-0.22,4144231600
2024-12-27,91700,-0.86,3246445500
2024-12-30,90900,-0.87,3526963300
2025-01-02,90200,-0.77,4324257900
2025-01-03,93000,3.1,5161398900
2025-01-06,93000,0.0,3118996400
2025-01-07,92500,-0.54,4930723800
2025-01-08,93900,1.51,4415182600
2025-01-09,95000,1.17,5331478000
2025-01-10,94300,-0.74,3950750400
2025-01-13,93100,-1.27,2704081500
2025-01-14,92800,-0.32,2134412800
2025-01-15,92500,-0.32,5623453400
2025-01-16,91700,-0.86,6828906300
2025-01-17,90900,-0.87,4438056700
2025-01-20,90800,-0.11,3076789000
2025-01-21,86400,-4.85,15036836700
2025-01-22,82200,-4.86,16687994600
2025-01-23,82500,0.36,7562427500
2025-01-24,80000,-3.03,15127162100
2025-01-31,80300,0.38,10442459700
2025-02-03,84300,4.98,11706821800
2025-02-04,90800,7.71,33395212100
2025-02-05,115600,27.31,208640652400
2025-02-06,127900,10.64,242417632900
2025-02-07,126200,-1.33,75333140900
2025-02-10,124100,-1.66,73602346500
2025-02-11,120300,-3.06,127301353100
2025-02-12,123500,2.66,106831384200
2025-02-13,109300,-11.5,68349054100
2025-02-14,107500,-1.65,29076545600
2025-02-17,109000,1.4,18564629300
2025-02-18,108700,-0.28,15849110500
2025-02-19,106100,-2.39,20640977600
2025-02-20,109000,2.73,22390964200
2025-02-21,106800,-2.02,13196049700
2025-02-24,108100,1.22,9415897100
2025-02-25,106000,-1.94,9614637700
2025-02-26,107400,1.32,19141870800
2025-02-27,101300,-5.68,19392817500
2025-02-28,99400,-1.88,11853863100
2025-03-04,96600,-2.82,10725982350
2025-03-05,93000,-3.73,19887520850
2025-03-06,84000,-9.68,52360221850
2025-03-07,83700,-0.36,13820846650
2025-03-10,83600,-0.12,11044623250
2025-03-11,84300,0.84,9310240700
2025-03-12,85200,1.07,15084792700
2025-03-13,83400,-2.11,10122424700
2025-03-14,84300,1.08,5352523150
2025-03-17,84800,0.59,5267396850
2025-03-18,84300,-0.59,3056574200
2025-03-19,86400,2.49,9347919400
2025-03-20,84400,-2.31,9352554450
2025-03-21,83800,-0.71,4734110400
2025-03-24,84000,0.24,3861297200
2025-03-25,84200,0.24,3120951250
2025-03-26,83600,-0.71,3099365850
2025-03-27,82800,-0.96,5809127300
2025-03-28,81300,-1.81,3364945800
2025-03-31,81300,0.0,6688903600
2025-04-01,86700,6.64,15132928000
2025-04-02,85000,-1.96,7866626800
2025-04-03,87000,2.35,10830052200
2025-04-04,85600,-1.61,6929909900
2025-04-07,81800,-4.44,7318627250
2025-04-08,80600,-1.47,5132687250
2025-04-09,78600,-2.48,5334691550
2025-04-10,82000,4.33,5759984900
2025-04-11,80800,-1.46,5346885800
2025-04-14,81200,0.5,3197788500
2025-04-15,80500,-0.86,4990250800
2025-04-16,78800,-2.11,4527254200
2025-04-17,81800,3.81,3898839600
2025-04-18,81500,-0.37,2835280900
2025-04-21,81000,-0.61,2407427470
2025-04-22,80600,-0.49,2122221050
2025-04-23,81100,0.62,3105780800
2025-04-24,81300,0.25,2445819350
2025-04-25,81500,0.25,2982819450
2025-04-28,84100,3.19,10532424050
2025-04-29,84800,0.83,18590835950
2025-04-30,82100,-3.18,10289368650
2025-05-02,84100,2.44,7356318150
2025-05-07,83300,-0.95,7060774200
2025-05-08,84100,0.96,6567429250
2025-05-09,83400,-0.83,3747083100
2025-05-12,84800,1.68,3217576600
2025-05-13,85900,1.3,4448098600
2025-05-14,85700,-0.23,2262155000
2025-05-15,83900,-2.1,4425689350
2025-05-16,83600,-0.36,4265479800
2025-05-19,83400,-0.24,2865056400
2025-05-20,85300,2.28,3992314250
2025-05-21,84700,-0.7,3650866750
2025-05-22,83200,-1.77,3911500250
2025-05-23,83700,0.6,2359461400
2025-05-26,86200,2.99,6944636200
2025-05-27,86900,0.81,4592563600
2025-05-28,86800,-0.12,5444225600
2025-05-29,84400,-2.76,8072691100
2025-05-30,84700,0.36,3533097300
2025-06-02,85800,1.3,3930181100
2025-06-04,86400,0.7,6726270250
2025-06-05,86700,0.35,5407375750
2025-06-09,85000,-1.96,10263561150
2025-06-10,89500,5.29,13649380250
2025-06-11,90900,1.56,11346139700
2025-06-12,91400,0.55,6843829100
2025-06-13,89400,-2.19,10020511800
2025-06-16,89300,-0.11,5755293300
2025-06-17,91700,2.69,6753723400
2025-06-18,94900,3.49,20640939000
2025-06-19,94300,-0.63,8648596700
2025-06-20,93200,-1.17,9580456950
2025-06-23,92000,-1.29,5674583300
2025-06-24,94600,2.83,8555489900
2025-06-25,91900,-2.85,6592113600
2025-06-26,90500,-1.52,6245613000
2025-06-27,90800,0.33,3685069150
2025-06-30,91200,0.44,3232449050
2025-07-01,90700,-0.55,5369995300
2025-07-02,90700,0.0,4202963200
2025-07-03,90800,0.11,7458402650
2025-07-04,89400,-1.54,5549587700
2025-07-07,90000,0.67,5220520550
2025-07-08,91100,1.22,9106695150
2025-07-09,90500,-0.66,6618054750
2025-07-10,91500,1.1,7106090150
2025-07-11,90900,-0.66,2449490800
2025-07-14,90600,-0.33,3143158150
2025-07-15,95400,5.3,24978771300
2025-07-16,93300,-2.2,7762779800
2025-07-17,93200,-0.11,6176665250
2025-07-18,92400,-0.86,3077326400
2025-07-21,93000,0.65,2885135400
2025-07-22,92300,-0.75,2666198150
2025-07-23,91200,-1.19,2926391000
2025-07-24,89600,-1.75,3439945650
2025-07-25,89800,0.22,2650401500
2025-07-28,90500,0.78,3185577250
2025-07-29,91000,0.55,3301923450
2025-07-30,82400,-9.45,31529115150
2025-07-31,79500,-3.52,14284523250
2025-08-01,78300,-1.51,12450411450
2025-08-04,77000,-1.66,8330529950
2025-08-05,77400,0.52,4232068100
2025-08-06,78800,1.81,4929254450
2025-08-07,78300,-0.63,6645150100
2025-08-08,78500,0.26,3444364750
2025-08-11,78700,0.25,3329720550
2025-08-12,78100,-0.76,3465123900
2025-08-13,80500,3.07,6260655281
2025-08-14,78500,-2.48,8418498900
2025-08-18,79200,0.89,3673915900
2025-08-19,78600,-0.76,2764434250
2025-08-20,78400,-0.25,2851728300
2025-08-21,78800,0.51,3912805050
2025-08-22,79000,0.25,4625997800
2025-08-25,79200,0.25,1866733250
2025-08-26,79100,-0.13,2292881900
2025-08-27,78400,-0.88,1924867750
2025-08-28,78800,0.51,1202378000
2025-08-29,77900,-1.14,1476295650
2025-09-01,77200,-0.9,1369046500
2025-09-02,76700,-0.65,2555092150
2025-09-03,75300,-1.83,4447059000
2025-09-04,76600,1.73,1868092300
2025-09-05,77300,0.91,1426750950
2025-09-08,78300,1.29,2317071650
2025-09-09,77300,-1.28,3181085950
2025-09-10,78300,1.29,3802349650
2025-09-11,78500,0.26,5530421200
2025-09-12,78700,0.25,2816249800
2025-09-15,77900,-1.02,2041435050
2025-09-16,77600,-0.39,1889854400
2025-09-17,76500,-1.42,7266482650
2025-09-18,77100,0.78,3279765800
2025-09-19,77300,0.26,3123252650
2025-09-22,76100,-1.55,4138928150
2025-09-23,75200,-1.18,4733856000
2025-09-24,74500,-0.93,3746779500
2025-09-25,76100,2.15,3068445350
2025-09-26,75000,-1.45,2570733000
2025-09-29,75100,0.13,2734522500
2025-09-30,75000,-0.13,1443745100
2025-10-01,74700,-0.4,2130953450
2025-10-02,73600,-1.47,7367793400
2025-10-10,74200,0.82,3401583450
2025-10-13,73600,-0.81,2946711400
2025-10-14,71600,-2.72,5066318150
2025-10-15,73300,2.37,2024430250
2025-10-16,72800,-0.68,3128816100
2025-10-17,73000,0.27,2295218400
2025-10-20,73100,0.14,2237577750
2025-10-21,73900,1.09,2168408900
2025-10-22,73300,-0.81,1990747000
2025-10-23,72000,-1.77,2388410950
2025-10-24,72500,0.69,1573952050
2025-10-27,72800,0.41,2847905250
2025-10-28,73600,1.1,2314571350
2025-10-29,72200,-1.9,4545909800
2025-10-30,70600,-2.22,3669929850
2025-10-31,72700,2.97,12802080050
2025-11-03,71600,-1.51,7899723500
2025-11-04,72300,0.98,5165329450
2025-11-05,72400,0.14,4344312000
2025-11-06,71900,-0.69,1857298800
2025-11-07,70900,-1.39,3585996300
2025-11-10,72200,1.83,3224605050
2025-11-11,72000,-0.28,2645905900
2025-11-12,72300,0.42,2366566950
2025-11-13,72200,-0.14,3105971300
2025-11-14,70100,-2.91,3613582100
2025-11-17,70100,0.0,2796529800
2025-11-18,68400,-2.43,2620166250
2025-11-19,70200,2.63,3088071850
2025-11-20,69900,-0.43,1867108300
2025-11-21,68900,-1.43,1798983000
2025-11-24,68300,-0.87,2514905600
2025-11-25,67600,-1.02,1639517600
2025-11-26,68500,1.33,1655683050
2025-11-27,67600,-1.31,3383791200
2025-11-28,69100,2.22,4657594850
2025-12-01,70100,1.45,3116751750
2025-12-02,71200,1.57,1967750200
2025-12-03,72000,1.12,2029615300
2025-12-04,71300,-0.97,1859430950
2025-12-05,72100,1.12,2054954500
2025-12-08,72000,-0.14,2273269300
2025-12-09,70500,-2.08,2832476550
2025-12-10,70100,-0.57,1996647500
2025-12-11,70100,0.0,5774040750
2025-12-12,69800,-0.43,2434762670
2025-12-15,69300,-0.72,2274573050
2025-12-16,68500,-1.15,2882390000
2025-12-17,70000,2.19,3309220750
2025-12-18,69400,-0.86,2567551650
2025-12-19,69500,0.14,5201846950
2025-12-22,69800,0.43,2651329500
2025-12-23,69900,0.14,1382001050
2025-12-24,68800,-1.57,1879313700
2025-12-26,68600,-0.29,2270905150
2025-12-29,67400,-1.75,2315752750
2025-12-30,67800,0.59,1648668400
2026-01-02,68900,1.62,2952306500
2026-01-05,67300,-2.32,4738735100
2026-01-06,67000,-0.45,4117537350
2026-01-07,65200,-2.69,4161303600
2026-01-08,64400,-1.23,5885993850
2026-01-09,66700,3.57,2753673200
2026-01-12,65300,-2.1,2418798000
2026-01-13,65700,0.61,2757379650
2026-01-14,65700,0.0,3805305400
2026-01-15,66500,1.22,4374339150
2026-01-16,65000,-2.26,3153381200
2026-01-19,64600,-0.62,2899030000
2026-01-20,65500,1.39,3018407750
2026-01-21,64700,-1.22,2945856100
2026-01-22,64900,0.31,2986391650
2026-01-23,67200,3.54,5117342300
2026-01-26,69700,3.72,11470090100
2026-01-27,71700,2.87,11639405100
2026-01-28,73600,2.65,12290485400
2026-01-29,75400,2.45,14559448200
2026-01-30,73900,-1.99,14152408850
2026-02-02,70300,-4.87,7096083200
2026-02-03,72000,2.42,4374640000
2026-02-04,71000,-1.39,3247383700
2026-02-05,69300,-2.39,4199210150
2026-02-06,66600,-3.9,5513752100
2026-02-09,70500,5.86,4652944000
2026-02-10,70100,-0.57,2995626250
2026-02-11,71500,2.0,2176217250
2026-02-12,70400,-1.54,2851018950
2026-02-13,68400,-2.84,5249053950
2026-02-19,70700,3.36,6698123350
2026-02-20,70000,-0.99,4757514400
2026-02-23,71800,2.57,7199327050
2026-02-24,70900,-1.25,13432108600
2026-02-25,71000,0.14,6609221100
2026-02-26,70500,-0.7,6227135500
2026-02-27,70900,0.57,8119608850
2026-03-03,68300,-3.67,7711940950
2026-03-04,60900,-10.83,10053752750
2026-03-05,64500,5.91,6664557550
2026-03-06,65200,1.09,4890299800
2026-03-09,65200,0.0,5332145700
2026-03-10,65500,0.46,6493247850
2026-03-11,64200,-1.98,4044437600
2026-03-12,63100,-1.71,4435992150
2026-03-13,64400,2.06,3752406200
2026-03-16,64100,-0.47,2641018800
2026-03-17,63700,-0.62,1945567150
2026-03-18,63900,0.31,2136431300
2026-03-19,62600,-2.03,2896084050
2026-03-20,62700,0.16,2624166350
2026-03-23,60100,-4.15,3352465550
2026-03-24,61400,2.16,2550250150
2026-03-25,61200,-0.33,2189933500
2026-03-26,60200,-1.63,2209918550
2026-03-27,61200,1.66,2368887150
2026-03-30,58900,-3.76,3312227600
2026-03-31,58900,0.0,3245904150
2026-04-01,60800,3.23,3179442550
2026-04-02,58700,-3.45,3361332000
2026-04-03,58400,-0.51,929927700
2026-04-06,57500,-1.54,1248920900
2026-04-07,57200,-0.52,1597501200
2026-04-08,58200,1.75,4271240000
2026-04-09,60000,3.09,2888808800
2026-04-10,59500,-0.83,1578394600
2026-04-13,58800,-1.18,1590539450
2026-04-14,59600,1.36,2061270500
2026-04-15,60100,0.84,2352349550
2026-04-16,60600,0.83,2502730300
2026-04-17,60100,-0.83,2227439550
2026-04-20,60100,0.0,3348894300
2026-04-21,60100,0.0,1675269600
2026-04-22,60400,0.5,2010567900
2026-04-23,60000,-0.66,2046391950
2026-04-24,60200,0.33,1470945100
2026-04-27,60000,-0.33,1690344550
2026-04-28,60100,0.17,1803487650
2026-04-29,60100,0.0,1659187850
2026-04-30,58400,-2.83,2948545200
2026-05-04,55500,-4.97,8890930750
2026-05-06,54100,-2.52,3676836550
2026-05-07,54300,0.37,3164716600
2026-05-08,55300,1.84,4735800550
2026-05-11,53600,-3.07,2649141950
2026-05-12,52700,-1.68,4284326850
2026-05-13,52800,0.19,3361540150
2026-05-14,54700,3.6,3843208800
2026-05-15,52600,-3.84,3421448700
2026-05-18,51000,-3.04,3757003000
2026-05-19,51100,0.2,4839217450
2026-05-20,50300,-1.57,2986016750
2026-05-21,49300,-1.99,3095567200
2026-05-22,53200,7.91,5904417450
2026-05-26,50900,-4.32,2493105550
2026-05-27,51100,0.39,5169822450
2026-05-28,49450,-3.23,3075060275
2026-05-29,50400,1.92,12652051900
2026-06-01,49550,-1.69,4173259500
2026-06-02,49750,0.4,4064207775
2026-06-04,49250,-1.01,2245233050
2026-06-05,48250,-2.03,1751252550
2026-06-08,46650,-3.32,2522048475
2026-06-09,46500,-0.32,3537399825
2026-06-10,46050,-0.97,2372554475
2026-06-11,45500,-1.19,6065062500
2026-06-12,47500,4.4,5412715250
2026-06-15,50700,6.74,10749837450
2026-06-16,48300,-4.73,4090330650
2026-06-17,48500,0.41,2051318550
2026-06-18,47850,-1.34,2938662650
2026-06-19,46800,-2.19,2644061900
2026-06-22,46350,-0.96,1939948650
2026-06-23,45750,-1.29,3482929625
2026-06-24,45750,0.0,3329125725
2026-06-25,46550,1.75,3718972375
2026-06-26,46250,-0.64,3782095900
2026-06-29,50200,8.54,3245796500
2026-06-30,49200,-1.99,2256141850
2026-07-01,49450,0.51,2308932175
2026-07-02,48600,-1.72,1510771500
2026-07-03,48750,0.31,1734540925
2026-07-06,48650,-0.21,1227611200
2026-07-07,49300,1.34,2329118450
2026-07-08,48150,-2.33,1860612775
2026-07-09,47300,-1.77,3348873125
2026-07-10,48700,2.96,2273512100
2026-07-13,47950,-1.54,2474333075
2026-07-14,47600,-0.73,2679866350
2026-07-15,47100,-1.05,2091409125
2026-07-16,47300,0.42,2390197775
2026-07-20,45200,-4.44,2060953925
2026-07-21,45650,1.0,3539509550
2026-07-22,46450,1.75,2412017650
2026-07-23,47750,2.8,2233139025
2026-07-24,47450,-0.63,2598191350
2026-07-27,49750,4.85,3549955075
2026-07-28,47900,-3.72,1867631900
2026-07-29,46950,-1.98,4159313450
2026-07-30,48250,2.77,3929721275
2026-07-31,48000,-0.52,1712341300
2026-08-03,42100,-12.29,7327076750
2026-08-04,43000,2.14,4146530375
2026-08-05,42700,-0.7,2040513200
2026-08-06,43050,0.82,1703528100
2026-08-07,43300,0.58,2322292375
2026-08-10,43900,1.39,3244879475
2026-08-11,44900,2.28,3565452600
2026-08-12,44250,-1.45,2737412100
2026-08-13,42400,-4.18,5153459975
2026-08-14,41500,-2.12,2547758375
2026-08-18,39350,-5.18,3529693550
2026-08-19,38200,-2.92,2196643825
2026-08-20,37700,-1.31,2244486100
2026-08-21,37650,-0.13,1692505050
2026-08-24,38250,1.59,1633409675
2026-08-25,38750,1.31,1177265000
2026-08-26,38650,-0.26,925449075
2026-08-27,38300,-0.91,1073429425
2026-08-28,39500,3.13,1149171750
2026-08-31,38350,-2.91,1291577850
2026-09-01,38650,0.78,1212451375
2026-09-02,37850,-2.07,990334650
2026-09-03,37700,-0.4,1531017175
2026-09-04,38050,0.93,812461250
2026-09-07,38250,0.53,926098550
2026-09-08,38150,-0.26,795418975
2026-09-09,37350,-2.1,1296383325
2026-09-10,37100,-0.67,2368210600
2026-09-11,37100,0.0,789048150
2026-09-14,37100,0.0,663755650
2026-09-15,37050,-0.13,931761350
2026-09-16,36850,-0.54,894019750
2026-09-17,37300,1.22,864902150
2026-09-18,36700,-1.61,2076868976
2026-09-21,36800,0.270000010728836,795391275
2026-09-22,36400,-1.090000033378601,968182325
2026-09-23,36500,0.270000010728836,1131245200
2026-09-28,37250,2.049999952316284,1542265375
2026-09-29,36850,-1.0700000524520874,1626609675
2026-09-30,36350,-1.3600000143051147,969396850
2026-10-01,36500,0.4099999964237213,1458250700
2026-10-02,36300,-0.550000011920929,916504550
